
================================== Settings ==============================
Stark Settings
     Output
         simulation_name: "mechanical_eval"
         output_directory: "/Users/wikios/.codex/worktrees/2c13/sim/examples/rotary_transmission/runs/candidate_021_contract_1_7_0/vtk"
         codegen_directory: "/Users/wikios/.codex/worktrees/2c13/sim/examples/rotary_transmission/runs/candidate_021_contract_1_7_0/codegen"
         time_stamp: "2026-08-17__20-15-01"
         fps: 30
         console_verbosity: Summary
         file_verbosity: Full
         enable_frame_writes: true
         enable_output: true
     Simulation
         gravity: (0.000000, 0.000000, -9.810000)
         init_frictional_contact: true
         max_time_step_size: 2.5000e-04
         use_adaptive_time_step: false
         time_step_size_success_multiplier: 1.05
         time_step_size_lower_bound: 1.0e-06
     Newton's Method
         Iteration limits
             max_iterations: 2147483647
             min_iterations: 0
         Convergence
             residual_tolerance_abs: 1.0e-06
             residual_tolerance_rel: 0.0e+00
             step_tolerance: 1.0e-03
             max_iterations_as_success: false
         Line search
             step_cap: inf
             enable_armijo_backtracking: true
             armijo_beta: 1.0e-04
             max_armijo_iterations: 20
             max_invalid_state_iterations: 8
             print_line_search_upon_failure: false
         Hessian projection
             projection_mode: Progressive
             projection_eps: 1.0e-10
             use_mirroring: false
             on_demand_countdown: 4
             ppn_tightening_factor: 0.50
             ppn_release_factor: 2.00
         Linear solver
             solver: BDPCG
             cg_max_iterations: 10000
             cg_abs_tolerance: 1.0e-12
             cg_rel_tolerance: 1.0e-04
             cg_stop_on_indefiniteness: true
             bailout_residual: 1.0e-10
     Execution
         allowed_execution_time: 1.8e+308
         end_simulation_time: 1.8e+308
         end_frame: 2147483647
         n_threads: 5

==================================== SymX ================================
Second Order Potentials:
    EnergyLumpedInertia.............................queued for compilation
    EnergyPrescribedPositions.......................queued for compilation
    rb_constraint_global_directions.................queued for compilation
    EnergyAttachments_d_d_e_e.......................queued for compilation
    EnergySegmentStrain.............................queued for compilation
    friction_d_d_pt_C0..............................queued for compilation
    EnergySegmentStrain_Elasticity_Only.............queued for compilation
    friction_d_d_ee_C0..............................queued for compilation
    EnergyAttachments_rb_d..........................queued for compilation
    rb_constraint_points............................queued for compilation
    contact_d_d_pt_pp_cubic.........................queued for compilation
    EnergyTriangleStrain............................queued for compilation
    contact_rb_rb_ee_ee_cubic.......................queued for compilation
    contact_d_d_pt_pe_cubic.........................queued for compilation
    friction_rb_rb_pp_C0............................queued for compilation
    contact_rb_d_pt_pp_cubic........................queued for compilation
    EnergyTriangleStrain_Elasticity_Only............queued for compilation
    rb_constraint_point_on_axis.....................queued for compilation
    contact_rb_d_pt_pe_cubic........................queued for compilation
    contact_d_d_pt_pt_cubic.........................queued for compilation
    rb_constraint_distances.........................queued for compilation
    friction_rb_rb_pe_C0............................queued for compilation
    EnergyDiscreteShells............................queued for compilation
    EnergyBendingFlat...............................queued for compilation
    contact_rb_d_pt_pt_cubic........................queued for compilation
    contact_d_d_ee_pp_cubic.........................queued for compilation
    rb_constraint_distance_limits...................queued for compilation
    friction_rb_rb_pt_C0............................queued for compilation
    contact_rb_d_pt_ep_cubic........................queued for compilation
    rb_constraint_directions........................queued for compilation
    contact_rb_d_pt_tp_cubic........................queued for compilation
    rb_constraint_angle_limits......................queued for compilation
    contact_d_d_ee_pe_cubic.........................queued for compilation
    friction_rb_rb_ee_C0............................queued for compilation
    EnergyTetStrain.................................queued for compilation
    rb_constraint_damped_spring.....................queued for compilation
    friction_rb_d_pp_C0.............................queued for compilation
    contact_d_d_ee_ee_cubic.........................queued for compilation
    rb_constraint_linear_velocity...................queued for compilation
    EnergyTetStrain_Elasticity_Only.................queued for compilation
    contact_rb_d_ee_pp_cubic........................queued for compilation
    EnergyRigidBodyInertia_Linear...................queued for compilation
    friction_rb_d_pe_C0.............................queued for compilation
    rb_constraint_angular_velocity..................queued for compilation
    EnergyRigidBodyInertia_Angular..................queued for compilation
    EnergyAttachments_d_d_p_p.......................queued for compilation
    EnergyAttachments_d_d_p_e.......................queued for compilation
    rb_constraint_global_points.....................queued for compilation
    EnergyAttachments_d_d_p_t.......................queued for compilation
    contact_rb_rb_pt_pp_cubic.......................queued for compilation
    friction_rb_d_pt_C0.............................queued for compilation
    friction_rb_d_ee_C0.............................queued for compilation
    contact_rb_rb_pt_pe_cubic.......................queued for compilation
    friction_rb_d_ep_C0.............................queued for compilation
    contact_rb_rb_ee_pe_cubic.......................queued for compilation
    friction_rb_d_tp_C0.............................queued for compilation
    friction_d_d_pp_C0..............................queued for compilation
    friction_d_d_pe_C0..............................queued for compilation
    contact_rb_rb_pt_pt_cubic.......................queued for compilation
    contact_rb_d_ee_pe_cubic........................queued for compilation
    contact_rb_rb_ee_pp_cubic.......................queued for compilation
    contact_rb_d_ee_ep_cubic........................queued for compilation
    contact_rb_d_ee_ee_cubic........................queued for compilation
Compiling... done.
Total time: 22.409688 s

Degrees of freedom:
soft.v1: 72369
rigid.v1: 21
rigid.w1: 21
Total: 72411

==================================== STARK ===============================
[Frame: 0] Time: 0.000 s
    0. dt:  0.25 ms | #newton:  0 | ph:  0.0% | #CG/newton:    0 | ls (cap|max|inv|bt):  0| 0| 0| 0| runtime:  135.3 ms | cr:  541.1
    1. dt:  0.25 ms | #newton:  0 | ph:  0.0% | #CG/newton:    0 | ls (cap|max|inv|bt):  0| 0| 0| 0| runtime:  113.5 ms | cr:  454.0
    2. dt:  0.25 ms | #newton:  0 | ph:  0.0% | #CG/newton:    0 | ls (cap|max|inv|bt):  0| 0| 0| 0| runtime:  112.7 ms | cr:  450.6
    3. dt:  0.25 ms | #newton:  0 | ph:  0.0% | #CG/newton:    0 | ls (cap|max|inv|bt):  0| 0| 0| 0| runtime:  114.3 ms | cr:  457.3
    4. dt:  0.25 ms | #newton:  0 | ph:  0.0% | #CG/newton:    0 | ls (cap|max|inv|bt):  0| 0| 0| 0| runtime:  113.6 ms | cr:  454.5
    5. dt:  0.25 ms | #newton:  0 | ph:  0.0% | #CG/newton:    0 | ls (cap|max|inv|bt):  0| 0| 0| 0| runtime:  112.2 ms | cr:  449.0
    6. dt:  0.25 ms | #newton:  0 | ph:  0.0% | #CG/newton:    0 | ls (cap|max|inv|bt):  0| 0| 0| 0| runtime:  111.6 ms | cr:  446.3
    7. dt:  0.25 ms | #newton:  0 | ph:  0.0% | #CG/newton:    0 | ls (cap|max|inv|bt):  0| 0| 0| 0| runtime:  110.5 ms | cr:  442.2
    8. dt:  0.25 ms | #newton:  0 | ph:  0.0% | #CG/newton:    0 | ls (cap|max|inv|bt):  0| 0| 0| 0| runtime:  114.7 ms | cr:  458.9
    9. dt:  0.25 ms | #newton:  0 | ph:  0.0% | #CG/newton:    0 | ls (cap|max|inv|bt):  0| 0| 0| 0| runtime:  112.5 ms | cr:  449.9
    10. dt:  0.25 ms | #newton:  0 | ph:  0.0% | #CG/newton:    0 | ls (cap|max|inv|bt):  0| 0| 0| 0| runtime:  113.8 ms | cr:  455.1
    11. dt:  0.25 ms | #newton:  0 | ph:  0.0% | #CG/newton:    0 | ls (cap|max|inv|bt):  0| 0| 0| 0| runtime:  108.1 ms | cr:  432.6
    12. dt:  0.25 ms | #newton:  0 | ph:  0.0% | #CG/newton:    0 | ls (cap|max|inv|bt):  0| 0| 0| 0| runtime:  113.0 ms | cr:  452.1
    13. dt:  0.25 ms | #newton:  0 | ph:  0.0% | #CG/newton:    0 | ls (cap|max|inv|bt):  0| 0| 0| 0| runtime:  111.1 ms | cr:  444.3
    14. dt:  0.25 ms | #newton:  0 | ph:  0.0% | #CG/newton:    0 | ls (cap|max|inv|bt):  0| 0| 0| 0| runtime:  113.4 ms | cr:  453.5
    15. dt:  0.25 ms | #newton:  0 | ph:  0.0% | #CG/newton:    0 | ls (cap|max|inv|bt):  0| 0| 0| 0| runtime:  110.6 ms | cr:  442.3
    16. dt:  0.25 ms | #newton:  0 | ph:  0.0% | #CG/newton:    0 | ls (cap|max|inv|bt):  0| 0| 0| 0| runtime:  110.1 ms | cr:  440.3
    17. dt:  0.25 ms | #newton:  0 | ph:  0.0% | #CG/newton:    0 | ls (cap|max|inv|bt):  0| 0| 0| 0| runtime:  111.1 ms | cr:  444.4
    18. dt:  0.25 ms | #newton:  0 | ph:  0.0% | #CG/newton:    0 | ls (cap|max|inv|bt):  0| 0| 0| 0| runtime:  112.8 ms | cr:  451.2
    19. dt:  0.25 ms | #newton:  0 | ph:  0.0% | #CG/newton:    0 | ls (cap|max|inv|bt):  0| 0| 0| 0| runtime:  112.5 ms | cr:  450.1
    20. dt:  0.25 ms | #newton:  0 | ph:  0.0% | #CG/newton:    0 | ls (cap|max|inv|bt):  0| 0| 0| 0| runtime:  109.3 ms | cr:  437.3
    21. dt:  0.25 ms | #newton:  0 | ph:  0.0% | #CG/newton:    0 | ls (cap|max|inv|bt):  0| 0| 0| 0| runtime:  112.3 ms | cr:  449.1
    22. dt:  0.25 ms | #newton:  0 | ph:  0.0% | #CG/newton:    0 | ls (cap|max|inv|bt):  0| 0| 0| 0| runtime:  113.2 ms | cr:  452.9
    23. dt:  0.25 ms | #newton:  0 | ph:  0.0% | #CG/newton:    0 | ls (cap|max|inv|bt):  0| 0| 0| 0| runtime:  111.7 ms | cr:  446.7
    24. dt:  0.25 ms | #newton:  0 | ph:  0.0% | #CG/newton:    0 | ls (cap|max|inv|bt):  0| 0| 0| 0| runtime:  112.6 ms | cr:  450.4
    25. dt:  0.25 ms | #newton:  0 | ph:  0.0% | #CG/newton:    0 | ls (cap|max|inv|bt):  0| 0| 0| 0| runtime:  114.0 ms | cr:  456.2
    26. dt:  0.25 ms | #newton:  0 | ph:  0.0% | #CG/newton:    0 | ls (cap|max|inv|bt):  0| 0| 0| 0| runtime:  113.4 ms | cr:  453.7
    27. dt:  0.25 ms | #newton:  0 | ph:  0.0% | #CG/newton:    0 | ls (cap|max|inv|bt):  0| 0| 0| 0| runtime:  117.3 ms | cr:  469.1
    28. dt:  0.25 ms | #newton:  0 | ph:  0.0% | #CG/newton:    0 | ls (cap|max|inv|bt):  0| 0| 0| 0| runtime:  114.0 ms | cr:  456.0
    29. dt:  0.25 ms | #newton:  0 | ph:  0.0% | #CG/newton:    0 | ls (cap|max|inv|bt):  0| 0| 0| 0| runtime:  111.4 ms | cr:  445.8
    30. dt:  0.25 ms | #newton:  0 | ph:  0.0% | #CG/newton:    0 | ls (cap|max|inv|bt):  0| 0| 0| 0| runtime:  111.6 ms | cr:  446.2
    31. dt:  0.25 ms | #newton:  0 | ph:  0.0% | #CG/newton:    0 | ls (cap|max|inv|bt):  0| 0| 0| 0| runtime:  111.2 ms | cr:  444.9
    32. dt:  0.25 ms | #newton:  0 | ph:  0.0% | #CG/newton:    0 | ls (cap|max|inv|bt):  0| 0| 0| 0| runtime:  112.9 ms | cr:  451.5
    33. dt:  0.25 ms | #newton:  0 | ph:  0.0% | #CG/newton:    0 | ls (cap|max|inv|bt):  0| 0| 0| 0| runtime:  110.0 ms | cr:  439.9
    34. dt:  0.25 ms | #newton:  0 | ph:  0.0% | #CG/newton:    0 | ls (cap|max|inv|bt):  0| 0| 0| 0| runtime:  112.4 ms | cr:  449.7
    35. dt:  0.25 ms | #newton:  0 | ph:  0.0% | #CG/newton:    0 | ls (cap|max|inv|bt):  0| 0| 0| 0| runtime:  113.3 ms | cr:  453.3
    36. dt:  0.25 ms | #newton:  0 | ph:  0.0% | #CG/newton:    0 | ls (cap|max|inv|bt):  0| 0| 0| 0| runtime:  116.3 ms | cr:  465.0
    37. dt:  0.25 ms | #newton:  0 | ph:  0.0% | #CG/newton:    0 | ls (cap|max|inv|bt):  0| 0| 0| 0| runtime:  110.5 ms | cr:  442.0
    38. dt:  0.25 ms | #newton:  0 | ph:  0.0% | #CG/newton:    0 | ls (cap|max|inv|bt):  0| 0| 0| 0| runtime:  113.3 ms | cr:  453.3
    39. dt:  0.25 ms | #newton:  0 | ph:  0.0% | #CG/newton:    0 | ls (cap|max|inv|bt):  0| 0| 0| 0| runtime:  110.6 ms | cr:  442.5
    40. dt:  0.25 ms | #newton:  0 | ph:  0.0% | #CG/newton:    0 | ls (cap|max|inv|bt):  0| 0| 0| 0| runtime:  111.3 ms | cr:  445.1
    41. dt:  0.25 ms | #newton:  0 | ph:  0.0% | #CG/newton:    0 | ls (cap|max|inv|bt):  0| 0| 0| 0| runtime:  110.0 ms | cr:  440.1
    42. dt:  0.25 ms | #newton:  0 | ph:  0.0% | #CG/newton:    0 | ls (cap|max|inv|bt):  0| 0| 0| 0| runtime:  113.2 ms | cr:  452.9
    43. dt:  0.25 ms | #newton:  0 | ph:  0.0% | #CG/newton:    0 | ls (cap|max|inv|bt):  0| 0| 0| 0| runtime:  114.3 ms | cr:  457.0
    44. dt:  0.25 ms | #newton:  0 | ph:  0.0% | #CG/newton:    0 | ls (cap|max|inv|bt):  0| 0| 0| 0| runtime:  113.1 ms | cr:  452.6
    45. dt:  0.25 ms | #newton:  0 | ph:  0.0% | #CG/newton:    0 | ls (cap|max|inv|bt):  0| 0| 0| 0| runtime:  110.4 ms | cr:  441.5
    46. dt:  0.25 ms | #newton:  1 | ph:  0.0% | #CG/newton:  101 | ls (cap|max|inv|bt):  0| 0| 0| 0| runtime:  175.5 ms | cr:  702.0
    47. dt:  0.25 ms | #newton:  0 | ph:  0.0% | #CG/newton:    0 | ls (cap|max|inv|bt):  0| 0| 0| 0| runtime:   60.8 ms | cr:  243.2
    48. dt:  0.25 ms | #newton:  0 | ph:  0.0% | #CG/newton:    0 | ls (cap|max|inv|bt):  0| 0| 0| 0| runtime:   56.6 ms | cr:  226.5
    49. dt:  0.25 ms | #newton:  0 | ph:  0.0% | #CG/newton:    0 | ls (cap|max|inv|bt):  0| 0| 0| 0| runtime:   57.8 ms | cr:  231.1
    50. dt:  0.25 ms | #newton:  0 | ph:  0.0% | #CG/newton:    0 | ls (cap|max|inv|bt):  0| 0| 0| 0| runtime:   60.9 ms | cr:  243.7
    51. dt:  0.25 ms | #newton:  0 | ph:  0.0% | #CG/newton:    0 | ls (cap|max|inv|bt):  0| 0| 0| 0| runtime:   60.9 ms | cr:  243.4
    52. dt:  0.25 ms | #newton:  0 | ph:  0.0% | #CG/newton:    0 | ls (cap|max|inv|bt):  0| 0| 0| 0| runtime:   61.6 ms | cr:  246.3
    53. dt:  0.25 ms | #newton:  0 | ph:  0.0% | #CG/newton:    0 | ls (cap|max|inv|bt):  0| 0| 0| 0| runtime:   57.1 ms | cr:  228.3
    54. dt:  0.25 ms | #newton:  0 | ph:  0.0% | #CG/newton:    0 | ls (cap|max|inv|bt):  0| 0| 0| 0| runtime:   59.8 ms | cr:  239.4
    55. dt:  0.25 ms | #newton:  0 | ph:  0.0% | #CG/newton:    0 | ls (cap|max|inv|bt):  0| 0| 0| 0| runtime:   58.9 ms | cr:  235.5
    56. dt:  0.25 ms | #newton:  0 | ph:  0.0% | #CG/newton:    0 | ls (cap|max|inv|bt):  0| 0| 0| 0| runtime:   59.9 ms | cr:  239.6
    57. dt:  0.25 ms | #newton:  0 | ph:  0.0% | #CG/newton:    0 | ls (cap|max|inv|bt):  0| 0| 0| 0| runtime:   60.6 ms | cr:  242.4
    58. dt:  0.25 ms | #newton:  0 | ph:  0.0% | #CG/newton:    0 | ls (cap|max|inv|bt):  0| 0| 0| 0| runtime:   59.4 ms | cr:  237.6
    59. dt:  0.25 ms | #newton:  0 | ph:  0.0% | #CG/newton:    0 | ls (cap|max|inv|bt):  0| 0| 0| 0| runtime:   59.7 ms | cr:  238.6
    60. dt:  0.25 ms | #newton:  0 | ph:  0.0% | #CG/newton:    0 | ls (cap|max|inv|bt):  0| 0| 0| 0| runtime:   61.6 ms | cr:  246.2
    61. dt:  0.25 ms | #newton:  0 | ph:  0.0% | #CG/newton:    0 | ls (cap|max|inv|bt):  0| 0| 0| 0| runtime:   59.5 ms | cr:  237.9
    62. dt:  0.25 ms | #newton:  0 | ph:  0.0% | #CG/newton:    0 | ls (cap|max|inv|bt):  0| 0| 0| 0| runtime:   57.6 ms | cr:  230.3
    63. dt:  0.25 ms | #newton:  0 | ph:  0.0% | #CG/newton:    0 | ls (cap|max|inv|bt):  0| 0| 0| 0| runtime:   58.9 ms | cr:  235.5
    64. dt:  0.25 ms | #newton:  0 | ph:  0.0% | #CG/newton:    0 | ls (cap|max|inv|bt):  0| 0| 0| 0| runtime:   58.2 ms | cr:  232.9
    65. dt:  0.25 ms | #newton:  0 | ph:  0.0% | #CG/newton:    0 | ls (cap|max|inv|bt):  0| 0| 0| 0| runtime:   56.0 ms | cr:  224.0
    66. dt:  0.25 ms | #newton:  0 | ph:  0.0% | #CG/newton:    0 | ls (cap|max|inv|bt):  0| 0| 0| 0| runtime:   58.0 ms | cr:  231.9
    67. dt:  0.25 ms | #newton:  1 | ph:  0.0% | #CG/newton:  392 | ls (cap|max|inv|bt):  0| 0| 0| 0| runtime:  298.9 ms | cr: 1195.8
    68. dt:  0.25 ms | #newton:  1 | ph:  0.0% | #CG/newton:    1 | ls (cap|max|inv|bt):  0| 0| 0| 0| runtime:  147.7 ms | cr:  590.8
    69. dt:  0.25 ms | #newton:  1 | ph:  0.0% | #CG/newton:    1 | ls (cap|max|inv|bt):  0| 0| 0| 0| runtime:  140.9 ms | cr:  563.6
    70. dt:  0.25 ms | #newton:  1 | ph:  0.0% | #CG/newton:    1 | ls (cap|max|inv|bt):  0| 0| 0| 0| runtime:  155.6 ms | cr:  622.6
    71. dt:  0.25 ms | #newton:  1 | ph:  0.0% | #CG/newton:    2 | ls (cap|max|inv|bt):  0| 0| 0| 0| runtime:  139.0 ms | cr:  555.9
    72. dt:  0.25 ms | #newton:  1 | ph:  0.0% | #CG/newton:    1 | ls (cap|max|inv|bt):  0| 0| 0| 0| runtime:  138.8 ms | cr:  555.3
    73. dt:  0.25 ms | #newton:  1 | ph:  0.0% | #CG/newton:    1 | ls (cap|max|inv|bt):  0| 0| 0| 0| runtime:  133.1 ms | cr:  532.5
    74. dt:  0.25 ms | #newton:  1 | ph:  0.0% | #CG/newton:    1 | ls (cap|max|inv|bt):  0| 0| 0| 0| runtime:  136.7 ms | cr:  546.7
    75. dt:  0.25 ms | #newton:  1 | ph:  0.0% | #CG/newton:    1 | ls (cap|max|inv|bt):  0| 0| 0| 0| runtime:  135.8 ms | cr:  543.2
    76. dt:  0.25 ms | #newton:  1 | ph:  0.0% | #CG/newton:    1 | ls (cap|max|inv|bt):  0| 0| 0| 0| runtime:  151.3 ms | cr:  605.1
    77. dt:  0.25 ms | #newton:  1 | ph:  0.0% | #CG/newton:    1 | ls (cap|max|inv|bt):  0| 0| 0| 0| runtime:  136.5 ms | cr:  545.9
    78. dt:  0.25 ms | #newton:  1 | ph:  0.0% | #CG/newton:    2 | ls (cap|max|inv|bt):  0| 0| 0| 0| runtime:  136.6 ms | cr:  546.6
    79. dt:  0.25 ms | #newton:  1 | ph:  0.0% | #CG/newton:    1 | ls (cap|max|inv|bt):  0| 0| 0| 0| runtime:  136.3 ms | cr:  545.1
    80. dt:  0.25 ms | #newton:  1 | ph:  0.0% | #CG/newton:    1 | ls (cap|max|inv|bt):  0| 0| 0| 0| runtime:  131.7 ms | cr:  526.8
    81. dt:  0.25 ms | #newton:  1 | ph:  0.0% | #CG/newton:    1 | ls (cap|max|inv|bt):  0| 0| 0| 0| runtime:  133.8 ms | cr:  535.3
    82. dt:  0.25 ms | #newton:  1 | ph:  0.0% | #CG/newton:    1 | ls (cap|max|inv|bt):  0| 0| 0| 0| runtime:  133.7 ms | cr:  534.8
    83. dt:  0.25 ms | #newton:  1 | ph:  0.0% | #CG/newton:    1 | ls (cap|max|inv|bt):  0| 0| 0| 0| runtime:  138.5 ms | cr:  554.2
    84. dt:  0.25 ms | #newton:  1 | ph:  0.0% | #CG/newton:    1 | ls (cap|max|inv|bt):  0| 0| 0| 0| runtime:  137.8 ms | cr:  551.1
    85. dt:  0.25 ms | #newton:  1 | ph:  0.0% | #CG/newton:    2 | ls (cap|max|inv|bt):  0| 0| 0| 0| runtime:  133.9 ms | cr:  535.5
    86. dt:  0.25 ms | #newton:  1 | ph:  0.0% | #CG/newton:    1 | ls (cap|max|inv|bt):  0| 0| 0| 0| runtime:  135.6 ms | cr:  542.4
    87. dt:  0.25 ms | #newton:  1 | ph:  0.0% | #CG/newton:    1 | ls (cap|max|inv|bt):  0| 0| 0| 0| runtime:  137.6 ms | cr:  550.4
    88. dt:  0.25 ms | #newton:  1 | ph:  0.0% | #CG/newton:    1 | ls (cap|max|inv|bt):  0| 0| 0| 0| runtime:  136.1 ms | cr:  544.5
    89. dt:  0.25 ms | #newton:  1 | ph:  0.0% | #CG/newton:    1 | ls (cap|max|inv|bt):  0| 0| 0| 0| runtime:  137.0 ms | cr:  547.8
    90. dt:  0.25 ms | #newton:  1 | ph:  0.0% | #CG/newton:    1 | ls (cap|max|inv|bt):  0| 0| 0| 0| runtime:  134.1 ms | cr:  536.5
    91. dt:  0.25 ms | #newton:  1 | ph:  0.0% | #CG/newton:    2 | ls (cap|max|inv|bt):  0| 0| 0| 0| runtime:  133.8 ms | cr:  535.3
    92. dt:  0.25 ms | #newton:  1 | ph:  0.0% | #CG/newton:    1 | ls (cap|max|inv|bt):  0| 0| 0| 0| runtime:  133.8 ms | cr:  535.3
    93. dt:  0.25 ms | #newton:  1 | ph:  0.0% | #CG/newton:    1 | ls (cap|max|inv|bt):  0| 0| 0| 0| runtime:  137.0 ms | cr:  548.1
    94. dt:  0.25 ms | #newton:  1 | ph:  0.0% | #CG/newton:    1 | ls (cap|max|inv|bt):  0| 0| 0| 0| runtime:  135.6 ms | cr:  542.3
    95. dt:  0.25 ms | #newton:  1 | ph:  0.0% | #CG/newton:    1 | ls (cap|max|inv|bt):  0| 0| 0| 0| runtime:  135.6 ms | cr:  542.3
    96. dt:  0.25 ms | #newton:  1 | ph:  0.0% | #CG/newton:    1 | ls (cap|max|inv|bt):  0| 0| 0| 0| runtime:  133.6 ms | cr:  534.3
    97. dt:  0.25 ms | #newton:  1 | ph:  0.0% | #CG/newton:    2 | ls (cap|max|inv|bt):  0| 0| 0| 0| runtime:  136.4 ms | cr:  545.8
    98. dt:  0.25 ms | #newton:  1 | ph:  0.0% | #CG/newton:    1 | ls (cap|max|inv|bt):  0| 0| 0| 0| runtime:  135.8 ms | cr:  543.2
    99. dt:  0.25 ms | #newton:  1 | ph:  0.0% | #CG/newton:    1 | ls (cap|max|inv|bt):  0| 0| 0| 0| runtime:  138.8 ms | cr:  555.1
    100. dt:  0.25 ms | #newton:  1 | ph:  0.0% | #CG/newton:    1 | ls (cap|max|inv|bt):  0| 0| 0| 0| runtime:  138.3 ms | cr:  553.3
    101. dt:  0.25 ms | #newton:  1 | ph:  0.0% | #CG/newton:    1 | ls (cap|max|inv|bt):  0| 0| 0| 0| runtime:  134.5 ms | cr:  537.9
    102. dt:  0.25 ms | #newton:  1 | ph:  0.0% | #CG/newton:    1 | ls (cap|max|inv|bt):  0| 0| 0| 0| runtime:  137.5 ms | cr:  549.9
    103. dt:  0.25 ms | #newton:  1 | ph:  0.0% | #CG/newton:    2 | ls (cap|max|inv|bt):  0| 0| 0| 0| runtime:  135.4 ms | cr:  541.5
    104. dt:  0.25 ms | #newton:  1 | ph:  0.0% | #CG/newton:    1 | ls (cap|max|inv|bt):  0| 0| 0| 0| runtime:  137.5 ms | cr:  550.1
    105. dt:  0.25 ms | #newton:  1 | ph:  0.0% | #CG/newton:    1 | ls (cap|max|inv|bt):  0| 0| 0| 0| runtime:  132.9 ms | cr:  531.4
    106. dt:  0.25 ms | #newton:  1 | ph:  0.0% | #CG/newton:    1 | ls (cap|max|inv|bt):  0| 0| 0| 0| runtime:  134.7 ms | cr:  538.9
    107. dt:  0.25 ms | #newton:  1 | ph:  0.0% | #CG/newton:    1 | ls (cap|max|inv|bt):  0| 0| 0| 0| runtime:  135.7 ms | cr:  542.9
    108. dt:  0.25 ms | #newton:  1 | ph:  0.0% | #CG/newton:    2 | ls (cap|max|inv|bt):  0| 0| 0| 0| runtime:  139.0 ms | cr:  556.1
    109. dt:  0.25 ms | #newton:  1 | ph:  0.0% | #CG/newton:    1 | ls (cap|max|inv|bt):  0| 0| 0| 0| runtime:  133.0 ms | cr:  532.2
    110. dt:  0.25 ms | #newton:  1 | ph:  0.0% | #CG/newton:    1 | ls (cap|max|inv|bt):  0| 0| 0| 0| runtime:  135.6 ms | cr:  542.3
    111. dt:  0.25 ms | #newton:  1 | ph:  0.0% | #CG/newton:    1 | ls (cap|max|inv|bt):  0| 0| 0| 0| runtime:  132.1 ms | cr:  528.5
    112. dt:  0.25 ms | #newton:  1 | ph:  0.0% | #CG/newton:    1 | ls (cap|max|inv|bt):  0| 0| 0| 0| runtime:  133.9 ms | cr:  535.5
    113. dt:  0.25 ms | #newton:  1 | ph:  0.0% | #CG/newton:    2 | ls (cap|max|inv|bt):  0| 0| 0| 0| runtime:  134.2 ms | cr:  537.0
    114. dt:  0.25 ms | #newton:  1 | ph:  0.0% | #CG/newton:    1 | ls (cap|max|inv|bt):  0| 0| 0| 0| runtime:  133.4 ms | cr:  533.5
    115. dt:  0.25 ms | #newton:  1 | ph:  0.0% | #CG/newton:    1 | ls (cap|max|inv|bt):  0| 0| 0| 0| runtime:  136.2 ms | cr:  544.6
    116. dt:  0.25 ms | #newton:  1 | ph:  0.0% | #CG/newton:    1 | ls (cap|max|inv|bt):  0| 0| 0| 0| runtime:  138.6 ms | cr:  554.5
    117. dt:  0.25 ms | #newton:  1 | ph:  0.0% | #CG/newton:    1 | ls (cap|max|inv|bt):  0| 0| 0| 0| runtime:  143.7 ms | cr:  574.8
    118. dt:  0.25 ms | #newton:  1 | ph:  0.0% | #CG/newton:    1 | ls (cap|max|inv|bt):  0| 0| 0| 0| runtime:  134.2 ms | cr:  536.6
    119. dt:  0.25 ms | #newton:  1 | ph:  0.0% | #CG/newton:    2 | ls (cap|max|inv|bt):  0| 0| 0| 0| runtime:  136.9 ms | cr:  547.5
    120. dt:  0.25 ms | #newton:  1 | ph:  0.0% | #CG/newton:    1 | ls (cap|max|inv|bt):  0| 0| 0| 0| runtime:  138.8 ms | cr:  555.0
    121. dt:  0.25 ms | #newton:  1 | ph:  0.0% | #CG/newton:    1 | ls (cap|max|inv|bt):  0| 0| 0| 0| runtime:  138.6 ms | cr:  554.4
    122. dt:  0.25 ms | #newton:  1 | ph:  0.0% | #CG/newton:    1 | ls (cap|max|inv|bt):  0| 0| 0| 0| runtime:  135.0 ms | cr:  540.0
    123. dt:  0.25 ms | #newton:  1 | ph:  0.0% | #CG/newton:    1 | ls (cap|max|inv|bt):  0| 0| 0| 0| runtime:  139.6 ms | cr:  558.5
    124. dt:  0.25 ms | #newton:  1 | ph:  0.0% | #CG/newton:    1 | ls (cap|max|inv|bt):  0| 0| 0| 0| runtime:  140.3 ms | cr:  561.3
    125. dt:  0.25 ms | #newton:  1 | ph:  0.0% | #CG/newton:    2 | ls (cap|max|inv|bt):  0| 0| 0| 0| runtime:  139.8 ms | cr:  559.2
    126. dt:  0.25 ms | #newton:  1 | ph:  0.0% | #CG/newton:    1 | ls (cap|max|inv|bt):  0| 0| 0| 0| runtime:  140.3 ms | cr:  561.1
    127. dt:  0.25 ms | #newton:  1 | ph:  0.0% | #CG/newton:    1 | ls (cap|max|inv|bt):  0| 0| 0| 0| runtime:  133.5 ms | cr:  534.1
    128. dt:  0.25 ms | #newton:  1 | ph:  0.0% | #CG/newton:    1 | ls (cap|max|inv|bt):  0| 0| 0| 0| runtime:  135.0 ms | cr:  540.0
    129. dt:  0.25 ms | #newton:  1 | ph:  0.0% | #CG/newton:    1 | ls (cap|max|inv|bt):  0| 0| 0| 0| runtime:  139.3 ms | cr:  557.3
    130. dt:  0.25 ms | #newton:  1 | ph:  0.0% | #CG/newton:    2 | ls (cap|max|inv|bt):  0| 0| 0| 0| runtime:  137.6 ms | cr:  550.3
    131. dt:  0.25 ms | #newton:  1 | ph:  0.0% | #CG/newton:    1 | ls (cap|max|inv|bt):  0| 0| 0| 0| runtime:  137.6 ms | cr:  550.2
    132. dt:  0.25 ms | #newton:  1 | ph:  0.0% | #CG/newton:    1 | ls (cap|max|inv|bt):  0| 0| 0| 0| runtime:  133.2 ms | cr:  532.9
    133. dt:  0.25 ms | #newton:  1 | ph:  0.0% | #CG/newton:    1 | ls (cap|max|inv|bt):  0| 0| 0| 0| runtime:  135.3 ms | cr:  541.3
[Frame: 1] Time: 0.034 s
    134. dt:  0.25 ms | #newton:  1 | ph:  0.0% | #CG/newton:    1 | ls (cap|max|inv|bt):  0| 0| 0| 0| runtime:  138.5 ms | cr:  553.8
    135. dt:  0.25 ms | #newton:  1 | ph:  0.0% | #CG/newton:    2 | ls (cap|max|inv|bt):  0| 0| 0| 0| runtime:  138.5 ms | cr:  554.1
    136. dt:  0.25 ms | #newton:  1 | ph:  0.0% | #CG/newton:    1 | ls (cap|max|inv|bt):  0| 0| 0| 0| runtime:  132.0 ms | cr:  528.0
    137. dt:  0.25 ms | #newton:  1 | ph:  0.0% | #CG/newton:    1 | ls (cap|max|inv|bt):  0| 0| 0| 0| runtime:  135.5 ms | cr:  541.9
    138. dt:  0.25 ms | #newton:  1 | ph:  0.0% | #CG/newton:    1 | ls (cap|max|inv|bt):  0| 0| 0| 0| runtime:  139.6 ms | cr:  558.4
    139. dt:  0.25 ms | #newton:  1 | ph:  0.0% | #CG/newton:    1 | ls (cap|max|inv|bt):  0| 0| 0| 0| runtime:  137.1 ms | cr:  548.3
    140. dt:  0.25 ms | #newton:  1 | ph:  0.0% | #CG/newton:    2 | ls (cap|max|inv|bt):  0| 0| 0| 0| runtime:  138.4 ms | cr:  553.4
    141. dt:  0.25 ms | #newton:  1 | ph:  0.0% | #CG/newton:    1 | ls (cap|max|inv|bt):  0| 0| 0| 0| runtime:  140.1 ms | cr:  560.2
    142. dt:  0.25 ms | #newton:  1 | ph:  0.0% | #CG/newton:    1 | ls (cap|max|inv|bt):  0| 0| 0| 0| runtime:  138.3 ms | cr:  553.1
    143. dt:  0.25 ms | #newton:  1 | ph:  0.0% | #CG/newton:    1 | ls (cap|max|inv|bt):  0| 0| 0| 0| runtime:  140.9 ms | cr:  563.8
    144. dt:  0.25 ms | #newton:  1 | ph:  0.0% | #CG/newton:    1 | ls (cap|max|inv|bt):  0| 0| 0| 0| runtime:  136.2 ms | cr:  544.9
    145. dt:  0.25 ms | #newton:  1 | ph:  0.0% | #CG/newton:    2 | ls (cap|max|inv|bt):  0| 0| 0| 0| runtime:  138.0 ms | cr:  551.9
    146. dt:  0.25 ms | #newton:  1 | ph:  0.0% | #CG/newton:    1 | ls (cap|max|inv|bt):  0| 0| 0| 0| runtime:  139.3 ms | cr:  557.3
    147. dt:  0.25 ms | #newton:  1 | ph:  0.0% | #CG/newton:    1 | ls (cap|max|inv|bt):  0| 0| 0| 0| runtime:  138.3 ms | cr:  553.1
    148. dt:  0.25 ms | #newton:  1 | ph:  0.0% | #CG/newton:    1 | ls (cap|max|inv|bt):  0| 0| 0| 0| runtime:  138.2 ms | cr:  552.6
    149. dt:  0.25 ms | #newton:  1 | ph:  0.0% | #CG/newton:    1 | ls (cap|max|inv|bt):  0| 0| 0| 0| runtime:  138.0 ms | cr:  552.0
    150. dt:  0.25 ms | #newton:  1 | ph:  0.0% | #CG/newton:    1 | ls (cap|max|inv|bt):  0| 0| 0| 0| runtime:  149.3 ms | cr:  597.0
    151. dt:  0.25 ms | #newton:  1 | ph:  0.0% | #CG/newton:    2 | ls (cap|max|inv|bt):  0| 0| 0| 0| runtime:  174.0 ms | cr:  695.9
    152. dt:  0.25 ms | #newton:  1 | ph:  0.0% | #CG/newton:    1 | ls (cap|max|inv|bt):  0| 0| 0| 0| runtime:  154.6 ms | cr:  618.3
    153. dt:  0.25 ms | #newton:  1 | ph:  0.0% | #CG/newton:    1 | ls (cap|max|inv|bt):  0| 0| 0| 0| runtime:  140.9 ms | cr:  563.6
    154. dt:  0.25 ms | #newton:  1 | ph:  0.0% | #CG/newton:    1 | ls (cap|max|inv|bt):  0| 0| 0| 0| runtime:  140.9 ms | cr:  563.6
    155. dt:  0.25 ms | #newton:  1 | ph:  0.0% | #CG/newton:    1 | ls (cap|max|inv|bt):  0| 0| 0| 0| runtime:  136.3 ms | cr:  545.2
    156. dt:  0.25 ms | #newton:  1 | ph:  0.0% | #CG/newton:    2 | ls (cap|max|inv|bt):  0| 0| 0| 0| runtime:  136.8 ms | cr:  547.2
    157. dt:  0.25 ms | #newton:  1 | ph:  0.0% | #CG/newton:    1 | ls (cap|max|inv|bt):  0| 0| 0| 0| runtime:  137.5 ms | cr:  550.1
    158. dt:  0.25 ms | #newton:  1 | ph:  0.0% | #CG/newton:    1 | ls (cap|max|inv|bt):  0| 0| 0| 0| runtime:  137.7 ms | cr:  550.7
    159. dt:  0.25 ms | #newton:  1 | ph:  0.0% | #CG/newton:    1 | ls (cap|max|inv|bt):  0| 0| 0| 0| runtime:  141.8 ms | cr:  567.2
    160. dt:  0.25 ms | #newton:  1 | ph:  0.0% | #CG/newton:    1 | ls (cap|max|inv|bt):  0| 0| 0| 0| runtime:  140.9 ms | cr:  563.6
    161. dt:  0.25 ms | #newton:  1 | ph:  0.0% | #CG/newton:    2 | ls (cap|max|inv|bt):  0| 0| 0| 0| runtime:  133.9 ms | cr:  535.8
    162. dt:  0.25 ms | #newton:  1 | ph:  0.0% | #CG/newton:    1 | ls (cap|max|inv|bt):  0| 0| 0| 0| runtime:  138.0 ms | cr:  552.1
    163. dt:  0.25 ms | #newton:  1 | ph:  0.0% | #CG/newton:    1 | ls (cap|max|inv|bt):  0| 0| 0| 0| runtime:  139.1 ms | cr:  556.5
    164. dt:  0.25 ms | #newton:  1 | ph:  0.0% | #CG/newton:    1 | ls (cap|max|inv|bt):  0| 0| 0| 0| runtime:  141.3 ms | cr:  565.2
    165. dt:  0.25 ms | #newton:  1 | ph:  0.0% | #CG/newton:    1 | ls (cap|max|inv|bt):  0| 0| 0| 0| runtime:  137.7 ms | cr:  550.7
    166. dt:  0.25 ms | #newton:  1 | ph:  0.0% | #CG/newton:    2 | ls (cap|max|inv|bt):  0| 0| 0| 0| runtime:  137.7 ms | cr:  550.9
    167. dt:  0.25 ms | #newton:  1 | ph:  0.0% | #CG/newton:    1 | ls (cap|max|inv|bt):  0| 0| 0| 0| runtime:  136.3 ms | cr:  545.1
    168. dt:  0.25 ms | #newton:  1 | ph:  0.0% | #CG/newton:    1 | ls (cap|max|inv|bt):  0| 0| 0| 0| runtime:  137.2 ms | cr:  548.7
    169. dt:  0.25 ms | #newton:  1 | ph:  0.0% | #CG/newton:    1 | ls (cap|max|inv|bt):  0| 0| 0| 0| runtime:  136.4 ms | cr:  545.6
    170. dt:  0.25 ms | #newton:  1 | ph:  0.0% | #CG/newton:    1 | ls (cap|max|inv|bt):  0| 0| 0| 0| runtime:  141.1 ms | cr:  564.4
    171. dt:  0.25 ms | #newton:  1 | ph:  0.0% | #CG/newton:    2 | ls (cap|max|inv|bt):  0| 0| 0| 0| runtime:  135.1 ms | cr:  540.6
    172. dt:  0.25 ms | #newton:  1 | ph:  0.0% | #CG/newton:    1 | ls (cap|max|inv|bt):  0| 0| 0| 0| runtime:  142.8 ms | cr:  571.4
    173. dt:  0.25 ms | #newton:  1 | ph:  0.0% | #CG/newton:    1 | ls (cap|max|inv|bt):  0| 0| 0| 0| runtime:  142.1 ms | cr:  568.3
    174. dt:  0.25 ms | #newton:  1 | ph:  0.0% | #CG/newton:    1 | ls (cap|max|inv|bt):  0| 0| 0| 0| runtime:  139.8 ms | cr:  559.1
    175. dt:  0.25 ms | #newton:  1 | ph:  0.0% | #CG/newton:    1 | ls (cap|max|inv|bt):  0| 0| 0| 0| runtime:  135.8 ms | cr:  543.3
    176. dt:  0.25 ms | #newton:  1 | ph:  0.0% | #CG/newton:    2 | ls (cap|max|inv|bt):  0| 0| 0| 0| runtime:  139.5 ms | cr:  557.9
    177. dt:  0.25 ms | #newton:  1 | ph:  0.0% | #CG/newton:    1 | ls (cap|max|inv|bt):  0| 0| 0| 0| runtime:  141.5 ms | cr:  565.8
    178. dt:  0.25 ms | #newton:  1 | ph:  0.0% | #CG/newton:    1 | ls (cap|max|inv|bt):  0| 0| 0| 0| runtime:  142.1 ms | cr:  568.3
    179. dt:  0.25 ms | #newton:  1 | ph:  0.0% | #CG/newton:    1 | ls (cap|max|inv|bt):  0| 0| 0| 0| runtime:  135.5 ms | cr:  541.8
    180. dt:  0.25 ms | #newton:  1 | ph:  0.0% | #CG/newton:    1 | ls (cap|max|inv|bt):  0| 0| 0| 0| runtime:  136.6 ms | cr:  546.4
    181. dt:  0.25 ms | #newton:  1 | ph:  0.0% | #CG/newton:    2 | ls (cap|max|inv|bt):  0| 0| 0| 0| runtime:  138.5 ms | cr:  554.1
    182. dt:  0.25 ms | #newton:  1 | ph:  0.0% | #CG/newton:    1 | ls (cap|max|inv|bt):  0| 0| 0| 0| runtime:  139.5 ms | cr:  558.0
    183. dt:  0.25 ms | #newton:  1 | ph:  0.0% | #CG/newton:    1 | ls (cap|max|inv|bt):  0| 0| 0| 0| runtime:  138.4 ms | cr:  553.7
    184. dt:  0.25 ms | #newton:  1 | ph:  0.0% | #CG/newton:    1 | ls (cap|max|inv|bt):  0| 0| 0| 0| runtime:  140.3 ms | cr:  561.4
    185. dt:  0.25 ms | #newton:  1 | ph:  0.0% | #CG/newton:    1 | ls (cap|max|inv|bt):  0| 0| 0| 0| runtime:  137.3 ms | cr:  549.4
    186. dt:  0.25 ms | #newton:  1 | ph:  0.0% | #CG/newton:    2 | ls (cap|max|inv|bt):  0| 0| 0| 0| runtime:  144.4 ms | cr:  577.5
    187. dt:  0.25 ms | #newton:  1 | ph:  0.0% | #CG/newton:    1 | ls (cap|max|inv|bt):  0| 0| 0| 0| runtime:  137.1 ms | cr:  548.3
    188. dt:  0.25 ms | #newton:  1 | ph:  0.0% | #CG/newton:    1 | ls (cap|max|inv|bt):  0| 0| 0| 0| runtime:  139.7 ms | cr:  558.7
    189. dt:  0.25 ms | #newton:  1 | ph:  0.0% | #CG/newton:    1 | ls (cap|max|inv|bt):  0| 0| 0| 0| runtime:  136.5 ms | cr:  545.9
    190. dt:  0.25 ms | #newton:  1 | ph:  0.0% | #CG/newton:    1 | ls (cap|max|inv|bt):  0| 0| 0| 0| runtime:  135.5 ms | cr:  541.9
    191. dt:  0.25 ms | #newton:  1 | ph:  0.0% | #CG/newton:    2 | ls (cap|max|inv|bt):  0| 0| 0| 0| runtime:  139.8 ms | cr:  559.0
    192. dt:  0.25 ms | #newton:  1 | ph:  0.0% | #CG/newton:    1 | ls (cap|max|inv|bt):  0| 0| 0| 0| runtime:  138.6 ms | cr:  554.5
    193. dt:  0.25 ms | #newton:  1 | ph:  0.0% | #CG/newton:    1 | ls (cap|max|inv|bt):  0| 0| 0| 0| runtime:  138.5 ms | cr:  554.1
    194. dt:  0.25 ms | #newton:  1 | ph:  0.0% | #CG/newton:    1 | ls (cap|max|inv|bt):  0| 0| 0| 0| runtime:  138.7 ms | cr:  555.0
    195. dt:  0.25 ms | #newton:  1 | ph:  0.0% | #CG/newton:    1 | ls (cap|max|inv|bt):  0| 0| 0| 0| runtime:  142.6 ms | cr:  570.4
    196. dt:  0.25 ms | #newton:  1 | ph:  0.0% | #CG/newton:    2 | ls (cap|max|inv|bt):  0| 0| 0| 0| runtime:  140.1 ms | cr:  560.4
    197. dt:  0.25 ms | #newton:  1 | ph:  0.0% | #CG/newton:    1 | ls (cap|max|inv|bt):  0| 0| 0| 0| runtime:  140.0 ms | cr:  560.0
    198. dt:  0.25 ms | #newton:  1 | ph:  0.0% | #CG/newton:    1 | ls (cap|max|inv|bt):  0| 0| 0| 0| runtime:  140.0 ms | cr:  560.0
    199. dt:  0.25 ms | #newton:  1 | ph:  0.0% | #CG/newton:    1 | ls (cap|max|inv|bt):  0| 0| 0| 0| runtime:  146.1 ms | cr:  584.4
    200. dt:  0.25 ms | #newton:  1 | ph:  0.0% | #CG/newton:    1 | ls (cap|max|inv|bt):  0| 0| 0| 0| runtime:  139.4 ms | cr:  557.7
    201. dt:  0.25 ms | #newton:  1 | ph:  0.0% | #CG/newton:    2 | ls (cap|max|inv|bt):  0| 0| 0| 0| runtime:  140.4 ms | cr:  561.4
    202. dt:  0.25 ms | #newton:  1 | ph:  0.0% | #CG/newton:    1 | ls (cap|max|inv|bt):  0| 0| 0| 0| runtime:  143.3 ms | cr:  573.1
    203. dt:  0.25 ms | #newton:  1 | ph:  0.0% | #CG/newton:    1 | ls (cap|max|inv|bt):  0| 0| 0| 0| runtime:  142.6 ms | cr:  570.5
    204. dt:  0.25 ms | #newton:  1 | ph:  0.0% | #CG/newton:    1 | ls (cap|max|inv|bt):  0| 0| 0| 0| runtime:  140.8 ms | cr:  563.2
    205. dt:  0.25 ms | #newton:  1 | ph:  0.0% | #CG/newton:    1 | ls (cap|max|inv|bt):  0| 0| 0| 0| runtime:  141.6 ms | cr:  566.6
    206. dt:  0.25 ms | #newton:  1 | ph:  0.0% | #CG/newton:    2 | ls (cap|max|inv|bt):  0| 0| 0| 0| runtime:  142.8 ms | cr:  571.3
    207. dt:  0.25 ms | #newton:  1 | ph:  0.0% | #CG/newton:    1 | ls (cap|max|inv|bt):  0| 0| 0| 0| runtime:  144.9 ms | cr:  579.6
    208. dt:  0.25 ms | #newton:  1 | ph:  0.0% | #CG/newton:    1 | ls (cap|max|inv|bt):  0| 0| 0| 0| runtime:  139.7 ms | cr:  558.7
    209. dt:  0.25 ms | #newton:  1 | ph:  0.0% | #CG/newton:    1 | ls (cap|max|inv|bt):  0| 0| 0| 0| runtime:  137.8 ms | cr:  551.2
    210. dt:  0.25 ms | #newton:  1 | ph:  0.0% | #CG/newton:    1 | ls (cap|max|inv|bt):  0| 0| 0| 0| runtime:  136.9 ms | cr:  547.7
    211. dt:  0.25 ms | #newton:  1 | ph:  0.0% | #CG/newton:    2 | ls (cap|max|inv|bt):  0| 0| 0| 0| runtime:  140.0 ms | cr:  560.2
    212. dt:  0.25 ms | #newton:  1 | ph:  0.0% | #CG/newton:    1 | ls (cap|max|inv|bt):  0| 0| 0| 0| runtime:  139.6 ms | cr:  558.3
    213. dt:  0.25 ms | #newton:  1 | ph:  0.0% | #CG/newton:    1 | ls (cap|max|inv|bt):  0| 0| 0| 0| runtime:  138.5 ms | cr:  554.0
    214. dt:  0.25 ms | #newton:  1 | ph:  0.0% | #CG/newton:    1 | ls (cap|max|inv|bt):  0| 0| 0| 0| runtime:  138.6 ms | cr:  554.3
    215. dt:  0.25 ms | #newton:  1 | ph:  0.0% | #CG/newton:    1 | ls (cap|max|inv|bt):  0| 0| 0| 0| runtime:  144.9 ms | cr:  579.7
    216. dt:  0.25 ms | #newton:  1 | ph:  0.0% | #CG/newton:    2 | ls (cap|max|inv|bt):  0| 0| 0| 0| runtime:  148.9 ms | cr:  595.7
    217. dt:  0.25 ms | #newton:  1 | ph:  0.0% | #CG/newton:    1 | ls (cap|max|inv|bt):  0| 0| 0| 0| runtime:  144.5 ms | cr:  578.1
    218. dt:  0.25 ms | #newton:  1 | ph:  0.0% | #CG/newton:    1 | ls (cap|max|inv|bt):  0| 0| 0| 0| runtime:  144.3 ms | cr:  577.2
    219. dt:  0.25 ms | #newton:  1 | ph:  0.0% | #CG/newton:    1 | ls (cap|max|inv|bt):  0| 0| 0| 0| runtime:  143.0 ms | cr:  572.2
    220. dt:  0.25 ms | #newton:  1 | ph:  0.0% | #CG/newton:    1 | ls (cap|max|inv|bt):  0| 0| 0| 0| runtime:  143.3 ms | cr:  573.4
    221. dt:  0.25 ms | #newton:  1 | ph:  0.0% | #CG/newton:    2 | ls (cap|max|inv|bt):  0| 0| 0| 0| runtime:  145.7 ms | cr:  582.7
    222. dt:  0.25 ms | #newton:  1 | ph:  0.0% | #CG/newton:    1 | ls (cap|max|inv|bt):  0| 0| 0| 0| runtime:  149.5 ms | cr:  597.8
    223. dt:  0.25 ms | #newton:  1 | ph:  0.0% | #CG/newton:    1 | ls (cap|max|inv|bt):  0| 0| 0| 0| runtime:  137.2 ms | cr:  548.7
    224. dt:  0.25 ms | #newton:  1 | ph:  0.0% | #CG/newton:    1 | ls (cap|max|inv|bt):  0| 0| 0| 0| runtime:  142.1 ms | cr:  568.2
    225. dt:  0.25 ms | #newton:  1 | ph:  0.0% | #CG/newton:    1 | ls (cap|max|inv|bt):  0| 0| 0| 0| runtime:  140.8 ms | cr:  563.1
    226. dt:  0.25 ms | #newton:  1 | ph:  0.0% | #CG/newton:    2 | ls (cap|max|inv|bt):  0| 0| 0| 0| runtime:  140.7 ms | cr:  562.8
    227. dt:  0.25 ms | #newton:  1 | ph:  0.0% | #CG/newton:    1 | ls (cap|max|inv|bt):  0| 0| 0| 0| runtime:  138.5 ms | cr:  553.9
    228. dt:  0.25 ms | #newton:  1 | ph:  0.0% | #CG/newton:    1 | ls (cap|max|inv|bt):  0| 0| 0| 0| runtime:  143.2 ms | cr:  572.9
    229. dt:  0.25 ms | #newton:  1 | ph:  0.0% | #CG/newton:    1 | ls (cap|max|inv|bt):  0| 0| 0| 0| runtime:  135.7 ms | cr:  542.7
    230. dt:  0.25 ms | #newton:  1 | ph:  0.0% | #CG/newton:    1 | ls (cap|max|inv|bt):  0| 0| 0| 0| runtime:  143.4 ms | cr:  573.6
    231. dt:  0.25 ms | #newton:  1 | ph:  0.0% | #CG/newton:    2 | ls (cap|max|inv|bt):  0| 0| 0| 0| runtime:  141.0 ms | cr:  564.0
    232. dt:  0.25 ms | #newton:  1 | ph:  0.0% | #CG/newton:    1 | ls (cap|max|inv|bt):  0| 0| 0| 0| runtime:  139.9 ms | cr:  559.6
    233. dt:  0.25 ms | #newton:  1 | ph:  0.0% | #CG/newton:    1 | ls (cap|max|inv|bt):  0| 0| 0| 0| runtime:  143.2 ms | cr:  572.9
    234. dt:  0.25 ms | #newton:  1 | ph:  0.0% | #CG/newton:    1 | ls (cap|max|inv|bt):  0| 0| 0| 0| runtime:  141.2 ms | cr:  564.9
    235. dt:  0.25 ms | #newton:  1 | ph:  0.0% | #CG/newton:    1 | ls (cap|max|inv|bt):  0| 0| 0| 0| runtime:  137.1 ms | cr:  548.2
    236. dt:  0.25 ms | #newton:  1 | ph:  0.0% | #CG/newton:    2 | ls (cap|max|inv|bt):  0| 0| 0| 0| runtime:  137.4 ms | cr:  549.4
    237. dt:  0.25 ms | #newton:  1 | ph:  0.0% | #CG/newton:    1 | ls (cap|max|inv|bt):  0| 0| 0| 0| runtime:  138.1 ms | cr:  552.4
    238. dt:  0.25 ms | #newton:  1 | ph:  0.0% | #CG/newton:    1 | ls (cap|max|inv|bt):  0| 0| 0| 0| runtime:  139.7 ms | cr:  558.8
    239. dt:  0.25 ms | #newton:  1 | ph:  0.0% | #CG/newton:    1 | ls (cap|max|inv|bt):  0| 0| 0| 0| runtime:  143.2 ms | cr:  572.7
    240. dt:  0.25 ms | #newton:  1 | ph:  0.0% | #CG/newton:    1 | ls (cap|max|inv|bt):  0| 0| 0| 0| runtime:  137.9 ms | cr:  551.8
    241. dt:  0.25 ms | #newton:  1 | ph:  0.0% | #CG/newton:    2 | ls (cap|max|inv|bt):  0| 0| 0| 0| runtime:  156.1 ms | cr:  624.3
    242. dt:  0.25 ms | #newton:  1 | ph:  0.0% | #CG/newton:    1 | ls (cap|max|inv|bt):  0| 0| 0| 0| runtime:  153.3 ms | cr:  613.0
    243. dt:  0.25 ms | #newton:  1 | ph:  0.0% | #CG/newton:    1 | ls (cap|max|inv|bt):  0| 0| 0| 0| runtime:  152.4 ms | cr:  609.7
    244. dt:  0.25 ms | #newton:  1 | ph:  0.0% | #CG/newton:    1 | ls (cap|max|inv|bt):  0| 0| 0| 0| runtime:  154.3 ms | cr:  617.3
    245. dt:  0.25 ms | #newton:  1 | ph:  0.0% | #CG/newton:    1 | ls (cap|max|inv|bt):  0| 0| 0| 0| runtime:  151.7 ms | cr:  606.9
    246. dt:  0.25 ms | #newton:  1 | ph:  0.0% | #CG/newton:    2 | ls (cap|max|inv|bt):  0| 0| 0| 0| runtime:  149.1 ms | cr:  596.3
    247. dt:  0.25 ms | #newton:  1 | ph:  0.0% | #CG/newton:    1 | ls (cap|max|inv|bt):  0| 0| 0| 0| runtime:  158.0 ms | cr:  631.9
    248. dt:  0.25 ms | #newton:  1 | ph:  0.0% | #CG/newton:    1 | ls (cap|max|inv|bt):  0| 0| 0| 0| runtime:  159.8 ms | cr:  639.2
    249. dt:  0.25 ms | #newton:  1 | ph:  0.0% | #CG/newton:    1 | ls (cap|max|inv|bt):  0| 0| 0| 0| runtime:  149.1 ms | cr:  596.2
    250. dt:  0.25 ms | #newton:  1 | ph:  0.0% | #CG/newton:    1 | ls (cap|max|inv|bt):  0| 0| 0| 0| runtime:  152.0 ms | cr:  608.1
    251. dt:  0.25 ms | #newton:  1 | ph:  0.0% | #CG/newton:    2 | ls (cap|max|inv|bt):  0| 0| 0| 0| runtime:  154.7 ms | cr:  618.9
    252. dt:  0.25 ms | #newton:  1 | ph:  0.0% | #CG/newton:    1 | ls (cap|max|inv|bt):  0| 0| 0| 0| runtime:  152.3 ms | cr:  609.0
    253. dt:  0.25 ms | #newton:  1 | ph:  0.0% | #CG/newton:    1 | ls (cap|max|inv|bt):  0| 0| 0| 0| runtime:  152.5 ms | cr:  609.9
    254. dt:  0.25 ms | #newton:  1 | ph:  0.0% | #CG/newton:    1 | ls (cap|max|inv|bt):  0| 0| 0| 0| runtime:  153.1 ms | cr:  612.5
    255. dt:  0.25 ms | #newton:  1 | ph:  0.0% | #CG/newton:    1 | ls (cap|max|inv|bt):  0| 0| 0| 0| runtime:  153.5 ms | cr:  614.0
    256. dt:  0.25 ms | #newton:  1 | ph:  0.0% | #CG/newton:    2 | ls (cap|max|inv|bt):  0| 0| 0| 0| runtime:  157.3 ms | cr:  629.1
    257. dt:  0.25 ms | #newton:  1 | ph:  0.0% | #CG/newton:    1 | ls (cap|max|inv|bt):  0| 0| 0| 0| runtime:  154.0 ms | cr:  615.9
    258. dt:  0.25 ms | #newton:  1 | ph:  0.0% | #CG/newton:    1 | ls (cap|max|inv|bt):  0| 0| 0| 0| runtime:  155.1 ms | cr:  620.3
    259. dt:  0.25 ms | #newton:  1 | ph:  0.0% | #CG/newton:    1 | ls (cap|max|inv|bt):  0| 0| 0| 0| runtime:  148.7 ms | cr:  594.7
    260. dt:  0.25 ms | #newton:  1 | ph:  0.0% | #CG/newton:    1 | ls (cap|max|inv|bt):  0| 0| 0| 0| runtime:  151.8 ms | cr:  607.1
    261. dt:  0.25 ms | #newton:  1 | ph:  0.0% | #CG/newton:    2 | ls (cap|max|inv|bt):  0| 0| 0| 0| runtime:  154.9 ms | cr:  619.8
    262. dt:  0.25 ms | #newton:  1 | ph:  0.0% | #CG/newton:    1 | ls (cap|max|inv|bt):  0| 0| 0| 0| runtime:  152.2 ms | cr:  608.9
    263. dt:  0.25 ms | #newton:  1 | ph:  0.0% | #CG/newton:    1 | ls (cap|max|inv|bt):  0| 0| 0| 0| runtime:  152.5 ms | cr:  610.1
    264. dt:  0.25 ms | #newton:  1 | ph:  0.0% | #CG/newton:    1 | ls (cap|max|inv|bt):  0| 0| 0| 0| runtime:  154.3 ms | cr:  617.1
    265. dt:  0.25 ms | #newton:  1 | ph:  0.0% | #CG/newton:    1 | ls (cap|max|inv|bt):  0| 0| 0| 0| runtime:  155.1 ms | cr:  620.5
    266. dt:  0.25 ms | #newton:  1 | ph:  0.0% | #CG/newton:    2 | ls (cap|max|inv|bt):  0| 0| 0| 0| runtime:  150.7 ms | cr:  603.0
[Frame: 2] Time: 0.067 s
    267. dt:  0.25 ms | #newton:  1 | ph:  0.0% | #CG/newton:    1 | ls (cap|max|inv|bt):  0| 0| 0| 0| runtime:  151.1 ms | cr:  604.5
    268. dt:  0.25 ms | #newton:  1 | ph:  0.0% | #CG/newton:    1 | ls (cap|max|inv|bt):  0| 0| 0| 0| runtime:  155.9 ms | cr:  623.8
    269. dt:  0.25 ms | #newton:  1 | ph:  0.0% | #CG/newton:    1 | ls (cap|max|inv|bt):  0| 0| 0| 0| runtime:  154.8 ms | cr:  619.3
    270. dt:  0.25 ms | #newton:  1 | ph:  0.0% | #CG/newton:    1 | ls (cap|max|inv|bt):  0| 0| 0| 0| runtime:  154.8 ms | cr:  619.1
    271. dt:  0.25 ms | #newton:  1 | ph:  0.0% | #CG/newton:    2 | ls (cap|max|inv|bt):  0| 0| 0| 0| runtime:  153.6 ms | cr:  614.6
    272. dt:  0.25 ms | #newton:  1 | ph:  0.0% | #CG/newton:    1 | ls (cap|max|inv|bt):  0| 0| 0| 0| runtime:  157.6 ms | cr:  630.2
    273. dt:  0.25 ms | #newton:  1 | ph:  0.0% | #CG/newton:    1 | ls (cap|max|inv|bt):  0| 0| 0| 0| runtime:  159.3 ms | cr:  637.2
    274. dt:  0.25 ms | #newton:  1 | ph:  0.0% | #CG/newton:    1 | ls (cap|max|inv|bt):  0| 0| 0| 0| runtime:  157.4 ms | cr:  629.7
    275. dt:  0.25 ms | #newton:  1 | ph:  0.0% | #CG/newton:    1 | ls (cap|max|inv|bt):  0| 0| 0| 0| runtime:  151.3 ms | cr:  605.1
    276. dt:  0.25 ms | #newton:  1 | ph:  0.0% | #CG/newton:    2 | ls (cap|max|inv|bt):  0| 0| 0| 0| runtime:  154.9 ms | cr:  619.5
    277. dt:  0.25 ms | #newton:  1 | ph:  0.0% | #CG/newton:    1 | ls (cap|max|inv|bt):  0| 0| 0| 0| runtime:  153.2 ms | cr:  612.7
    278. dt:  0.25 ms | #newton:  1 | ph:  0.0% | #CG/newton:    1 | ls (cap|max|inv|bt):  0| 0| 0| 0| runtime:  158.2 ms | cr:  632.6
    279. dt:  0.25 ms | #newton:  1 | ph:  0.0% | #CG/newton:    1 | ls (cap|max|inv|bt):  0| 0| 0| 0| runtime:  150.9 ms | cr:  603.5
    280. dt:  0.25 ms | #newton:  1 | ph:  0.0% | #CG/newton:    1 | ls (cap|max|inv|bt):  0| 0| 0| 0| runtime:  151.7 ms | cr:  606.9
    281. dt:  0.25 ms | #newton:  1 | ph:  0.0% | #CG/newton:    2 | ls (cap|max|inv|bt):  0| 0| 0| 0| runtime:  154.2 ms | cr:  616.6
    282. dt:  0.25 ms | #newton:  1 | ph:  0.0% | #CG/newton:    1 | ls (cap|max|inv|bt):  0| 0| 0| 0| runtime:  149.1 ms | cr:  596.3
    283. dt:  0.25 ms | #newton:  1 | ph:  0.0% | #CG/newton:    1 | ls (cap|max|inv|bt):  0| 0| 0| 0| runtime:  150.8 ms | cr:  603.2
    284. dt:  0.25 ms | #newton:  1 | ph:  0.0% | #CG/newton:    1 | ls (cap|max|inv|bt):  0| 0| 0| 0| runtime:  164.4 ms | cr:  657.5
    285. dt:  0.25 ms | #newton:  1 | ph:  0.0% | #CG/newton:    1 | ls (cap|max|inv|bt):  0| 0| 0| 0| runtime:  154.1 ms | cr:  616.4
    286. dt:  0.25 ms | #newton:  1 | ph:  0.0% | #CG/newton:    2 | ls (cap|max|inv|bt):  0| 0| 0| 0| runtime:  152.5 ms | cr:  610.1
    287. dt:  0.25 ms | #newton:  1 | ph:  0.0% | #CG/newton:    1 | ls (cap|max|inv|bt):  0| 0| 0| 0| runtime:  151.6 ms | cr:  606.4
    288. dt:  0.25 ms | #newton:  1 | ph:  0.0% | #CG/newton:    1 | ls (cap|max|inv|bt):  0| 0| 0| 0| runtime:  146.9 ms | cr:  587.4
    289. dt:  0.25 ms | #newton:  1 | ph:  0.0% | #CG/newton:    1 | ls (cap|max|inv|bt):  0| 0| 0| 0| runtime:  143.2 ms | cr:  572.9
    290. dt:  0.25 ms | #newton:  1 | ph:  0.0% | #CG/newton:    1 | ls (cap|max|inv|bt):  0| 0| 0| 0| runtime:  138.7 ms | cr:  555.0
    291. dt:  0.25 ms | #newton:  1 | ph:  0.0% | #CG/newton:    2 | ls (cap|max|inv|bt):  0| 0| 0| 0| runtime:  143.0 ms | cr:  572.0
    292. dt:  0.25 ms | #newton:  1 | ph:  0.0% | #CG/newton:    1 | ls (cap|max|inv|bt):  0| 0| 0| 0| runtime:  141.6 ms | cr:  566.3
    293. dt:  0.25 ms | #newton:  1 | ph:  0.0% | #CG/newton:    1 | ls (cap|max|inv|bt):  0| 0| 0| 0| runtime:  143.5 ms | cr:  574.0
    294. dt:  0.25 ms | #newton:  1 | ph:  0.0% | #CG/newton:    1 | ls (cap|max|inv|bt):  0| 0| 0| 0| runtime:  142.4 ms | cr:  569.4
    295. dt:  0.25 ms | #newton:  1 | ph:  0.0% | #CG/newton:    1 | ls (cap|max|inv|bt):  0| 0| 0| 0| runtime:  139.9 ms | cr:  559.4
    296. dt:  0.25 ms | #newton:  1 | ph:  0.0% | #CG/newton:    2 | ls (cap|max|inv|bt):  0| 0| 0| 0| runtime:  141.9 ms | cr:  567.5
    297. dt:  0.25 ms | #newton:  1 | ph:  0.0% | #CG/newton:    1 | ls (cap|max|inv|bt):  0| 0| 0| 0| runtime:  139.5 ms | cr:  558.0
    298. dt:  0.25 ms | #newton:  1 | ph:  0.0% | #CG/newton:    1 | ls (cap|max|inv|bt):  0| 0| 0| 0| runtime:  143.8 ms | cr:  575.1
    299. dt:  0.25 ms | #newton:  1 | ph:  0.0% | #CG/newton:    1 | ls (cap|max|inv|bt):  0| 0| 0| 0| runtime:  143.6 ms | cr:  574.5
    300. dt:  0.25 ms | #newton:  1 | ph:  0.0% | #CG/newton:    1 | ls (cap|max|inv|bt):  0| 0| 0| 0| runtime:  146.3 ms | cr:  585.2
    301. dt:  0.25 ms | #newton:  1 | ph:  0.0% | #CG/newton:    2 | ls (cap|max|inv|bt):  0| 0| 0| 0| runtime:  139.8 ms | cr:  559.1
    302. dt:  0.25 ms | #newton:  1 | ph:  0.0% | #CG/newton:    1 | ls (cap|max|inv|bt):  0| 0| 0| 0| runtime:  139.8 ms | cr:  559.2
    303. dt:  0.25 ms | #newton:  1 | ph:  0.0% | #CG/newton:    1 | ls (cap|max|inv|bt):  0| 0| 0| 0| runtime:  144.3 ms | cr:  577.1
    304. dt:  0.25 ms | #newton:  1 | ph:  0.0% | #CG/newton:    1 | ls (cap|max|inv|bt):  0| 0| 0| 0| runtime:  142.1 ms | cr:  568.5
    305. dt:  0.25 ms | #newton:  1 | ph:  0.0% | #CG/newton:    1 | ls (cap|max|inv|bt):  0| 0| 0| 0| runtime:  138.1 ms | cr:  552.3
    306. dt:  0.25 ms | #newton:  1 | ph:  0.0% | #CG/newton:    2 | ls (cap|max|inv|bt):  0| 0| 0| 0| runtime:  144.9 ms | cr:  579.7
    307. dt:  0.25 ms | #newton:  1 | ph:  0.0% | #CG/newton:    1 | ls (cap|max|inv|bt):  0| 0| 0| 0| runtime:  138.3 ms | cr:  553.3
    308. dt:  0.25 ms | #newton:  1 | ph:  0.0% | #CG/newton:    1 | ls (cap|max|inv|bt):  0| 0| 0| 0| runtime:  138.1 ms | cr:  552.4
    309. dt:  0.25 ms | #newton:  1 | ph:  0.0% | #CG/newton:    1 | ls (cap|max|inv|bt):  0| 0| 0| 0| runtime:  142.2 ms | cr:  568.7
    310. dt:  0.25 ms | #newton:  1 | ph:  0.0% | #CG/newton:    1 | ls (cap|max|inv|bt):  0| 0| 0| 0| runtime:  140.2 ms | cr:  560.9
    311. dt:  0.25 ms | #newton:  1 | ph:  0.0% | #CG/newton:    2 | ls (cap|max|inv|bt):  0| 0| 0| 0| runtime:  140.9 ms | cr:  563.8
    312. dt:  0.25 ms | #newton:  1 | ph:  0.0% | #CG/newton:    1 | ls (cap|max|inv|bt):  0| 0| 0| 0| runtime:  142.0 ms | cr:  568.0
    313. dt:  0.25 ms | #newton:  1 | ph:  0.0% | #CG/newton:    1 | ls (cap|max|inv|bt):  0| 0| 0| 0| runtime:  140.8 ms | cr:  563.1
    314. dt:  0.25 ms | #newton:  1 | ph:  0.0% | #CG/newton:    1 | ls (cap|max|inv|bt):  0| 0| 0| 0| runtime:  142.1 ms | cr:  568.4
    315. dt:  0.25 ms | #newton:  1 | ph:  0.0% | #CG/newton:    1 | ls (cap|max|inv|bt):  0| 0| 0| 0| runtime:  140.8 ms | cr:  563.3
    316. dt:  0.25 ms | #newton:  1 | ph:  0.0% | #CG/newton:    2 | ls (cap|max|inv|bt):  0| 0| 0| 0| runtime:  142.9 ms | cr:  571.4
    317. dt:  0.25 ms | #newton:  1 | ph:  0.0% | #CG/newton:    1 | ls (cap|max|inv|bt):  0| 0| 0| 0| runtime:  139.7 ms | cr:  558.9
    318. dt:  0.25 ms | #newton:  1 | ph:  0.0% | #CG/newton:  261 | ls (cap|max|inv|bt):  0| 0| 0| 0| runtime:  242.3 ms | cr:  969.1
    319. dt:  0.25 ms | #newton:  1 | ph:  0.0% | #CG/newton:  458 | ls (cap|max|inv|bt):  0| 0| 0| 0| runtime:  313.1 ms | cr: 1252.3
    320. dt:  0.25 ms | #newton:  1 | ph:  0.0% | #CG/newton:  443 | ls (cap|max|inv|bt):  0| 0| 0| 0| runtime:  311.2 ms | cr: 1244.9
    321. dt:  0.25 ms | #newton:  1 | ph:  0.0% | #CG/newton:  504 | ls (cap|max|inv|bt):  0| 0| 0| 0| runtime:  335.8 ms | cr: 1343.3
    322. dt:  0.25 ms | #newton:  1 | ph:  0.0% | #CG/newton:  747 | ls (cap|max|inv|bt):  0| 0| 0| 0| runtime:  421.6 ms | cr: 1686.2
    323. dt:  0.25 ms | #newton:  1 | ph:  0.0% | #CG/newton:  466 | ls (cap|max|inv|bt):  0| 0| 0| 0| runtime:  318.0 ms | cr: 1272.1
    324. dt:  0.25 ms | #newton:  1 | ph:  0.0% | #CG/newton:  503 | ls (cap|max|inv|bt):  0| 0| 0| 0| runtime:  342.7 ms | cr: 1370.6
    325. dt:  0.25 ms | #newton:  1 | ph:  0.0% | #CG/newton:  498 | ls (cap|max|inv|bt):  0| 0| 0| 0| runtime:  341.3 ms | cr: 1365.1
    326. dt:  0.25 ms | #newton:  1 | ph:  0.0% | #CG/newton:  498 | ls (cap|max|inv|bt):  0| 0| 0| 0| runtime:  344.9 ms | cr: 1379.4
    327. dt:  0.25 ms | #newton:  1 | ph:  0.0% | #CG/newton:  539 | ls (cap|max|inv|bt):  0| 0| 0| 0| runtime:  361.9 ms | cr: 1447.7
    328. dt:  0.25 ms | #newton:  1 | ph:  0.0% | #CG/newton:  490 | ls (cap|max|inv|bt):  0| 0| 0| 0| runtime:  345.1 ms | cr: 1380.4
    329. dt:  0.25 ms | #newton:  1 | ph:  0.0% | #CG/newton:  449 | ls (cap|max|inv|bt):  0| 0| 0| 0| runtime:  326.8 ms | cr: 1307.2
    330. dt:  0.25 ms | #newton:  1 | ph:  0.0% | #CG/newton:  489 | ls (cap|max|inv|bt):  0| 0| 0| 0| runtime:  342.7 ms | cr: 1370.6
    331. dt:  0.25 ms | #newton:  1 | ph:  0.0% | #CG/newton:  445 | ls (cap|max|inv|bt):  0| 0| 0| 0| runtime:  342.2 ms | cr: 1368.8
    332. dt:  0.25 ms | #newton:  1 | ph:  0.0% | #CG/newton:  338 | ls (cap|max|inv|bt):  0| 0| 0| 0| runtime:  288.0 ms | cr: 1151.8
    333. dt:  0.25 ms | #newton:  1 | ph:  0.0% | #CG/newton:  435 | ls (cap|max|inv|bt):  0| 0| 0| 0| runtime:  320.8 ms | cr: 1283.1
    334. dt:  0.25 ms | #newton:  1 | ph:  0.0% | #CG/newton:  464 | ls (cap|max|inv|bt):  0| 0| 0| 0| runtime:  337.4 ms | cr: 1349.7
    335. dt:  0.25 ms | #newton:  1 | ph:  0.0% | #CG/newton:  436 | ls (cap|max|inv|bt):  0| 0| 0| 0| runtime:  329.2 ms | cr: 1316.8
    336. dt:  0.25 ms | #newton:  1 | ph:  0.0% | #CG/newton:  487 | ls (cap|max|inv|bt):  0| 0| 0| 0| runtime:  347.8 ms | cr: 1391.2
    337. dt:  0.25 ms | #newton:  1 | ph:  0.0% | #CG/newton:  369 | ls (cap|max|inv|bt):  0| 0| 0| 0| runtime:  301.2 ms | cr: 1204.6
    338. dt:  0.25 ms | #newton:  1 | ph:  0.0% | #CG/newton:  460 | ls (cap|max|inv|bt):  0| 0| 0| 0| runtime:  328.8 ms | cr: 1315.1
    339. dt:  0.25 ms | #newton:  1 | ph:  0.0% | #CG/newton:  495 | ls (cap|max|inv|bt):  0| 0| 0| 0| runtime:  337.8 ms | cr: 1351.2
    340. dt:  0.25 ms | #newton:  1 | ph:  0.0% | #CG/newton:  377 | ls (cap|max|inv|bt):  0| 0| 0| 0| runtime:  281.8 ms | cr: 1127.2
    341. dt:  0.25 ms | #newton:  1 | ph:  0.0% | #CG/newton:  501 | ls (cap|max|inv|bt):  0| 0| 0| 0| runtime:  330.8 ms | cr: 1323.1
    342. dt:  0.25 ms | #newton:  1 | ph:  0.0% | #CG/newton:  466 | ls (cap|max|inv|bt):  0| 0| 0| 0| runtime:  319.3 ms | cr: 1277.2
    343. dt:  0.25 ms | #newton:  1 | ph:  0.0% | #CG/newton:  538 | ls (cap|max|inv|bt):  0| 0| 0| 0| runtime:  344.5 ms | cr: 1377.9
    344. dt:  0.25 ms | #newton:  1 | ph:  0.0% | #CG/newton:  501 | ls (cap|max|inv|bt):  0| 0| 0| 0| runtime:  332.1 ms | cr: 1328.5
    345. dt:  0.25 ms | #newton:  1 | ph:  0.0% | #CG/newton:  779 | ls (cap|max|inv|bt):  0| 0| 0| 0| runtime:  430.4 ms | cr: 1721.6
    346. dt:  0.25 ms | #newton:  1 | ph:  0.0% | #CG/newton:  779 | ls (cap|max|inv|bt):  0| 0| 0| 0| runtime:  435.4 ms | cr: 1741.7
    347. dt:  0.25 ms | #newton:  1 | ph:  0.0% | #CG/newton:  792 | ls (cap|max|inv|bt):  0| 0| 0| 0| runtime:  444.3 ms | cr: 1777.3
    348. dt:  0.25 ms | #newton:  1 | ph:  0.0% | #CG/newton:  758 | ls (cap|max|inv|bt):  0| 0| 0| 0| runtime:  431.2 ms | cr: 1724.9
    349. dt:  0.25 ms | #newton:  1 | ph:  0.0% | #CG/newton:  785 | ls (cap|max|inv|bt):  0| 0| 0| 0| runtime:  437.9 ms | cr: 1751.7
    350. dt:  0.25 ms | #newton:  1 | ph:  0.0% | #CG/newton:  456 | ls (cap|max|inv|bt):  0| 0| 0| 0| runtime:  318.4 ms | cr: 1273.5
    351. dt:  0.25 ms | #newton:  1 | ph:  0.0% | #CG/newton:  742 | ls (cap|max|inv|bt):  0| 0| 0| 0| runtime:  415.9 ms | cr: 1663.8
    352. dt:  0.25 ms | #newton:  1 | ph:  0.0% | #CG/newton:  787 | ls (cap|max|inv|bt):  0| 0| 0| 0| runtime:  441.1 ms | cr: 1764.4
    353. dt:  0.25 ms | #newton:  1 | ph:  0.0% | #CG/newton:  868 | ls (cap|max|inv|bt):  0| 0| 0| 0| runtime:  474.4 ms | cr: 1897.6
    354. dt:  0.25 ms | #newton:  1 | ph:  0.0% | #CG/newton:  783 | ls (cap|max|inv|bt):  0| 0| 0| 0| runtime:  441.7 ms | cr: 1766.7
    355. dt:  0.25 ms | #newton:  1 | ph:  0.0% | #CG/newton:  797 | ls (cap|max|inv|bt):  0| 0| 0| 0| runtime:  448.1 ms | cr: 1792.5
    356. dt:  0.25 ms | #newton:  1 | ph:  0.0% | #CG/newton:  866 | ls (cap|max|inv|bt):  0| 0| 0| 0| runtime:  472.3 ms | cr: 1889.1
    357. dt:  0.25 ms | #newton:  1 | ph:  0.0% | #CG/newton:  735 | ls (cap|max|inv|bt):  0| 0| 0| 0| runtime:  423.8 ms | cr: 1695.4
    358. dt:  0.25 ms | #newton:  1 | ph:  0.0% | #CG/newton:  776 | ls (cap|max|inv|bt):  0| 0| 0| 0| runtime:  438.7 ms | cr: 1754.8
    359. dt:  0.25 ms | #newton:  1 | ph:  0.0% | #CG/newton:  783 | ls (cap|max|inv|bt):  0| 0| 0| 0| runtime:  437.3 ms | cr: 1749.3
    360. dt:  0.25 ms | #newton:  1 | ph:  0.0% | #CG/newton:  790 | ls (cap|max|inv|bt):  0| 0| 0| 0| runtime:  441.7 ms | cr: 1767.0
    361. dt:  0.25 ms | #newton:  1 | ph:  0.0% | #CG/newton:  758 | ls (cap|max|inv|bt):  0| 0| 0| 0| runtime:  427.4 ms | cr: 1709.5
    362. dt:  0.25 ms | #newton:  1 | ph:  0.0% | #CG/newton:  795 | ls (cap|max|inv|bt):  0| 0| 0| 0| runtime:  455.6 ms | cr: 1822.6
    363. dt:  0.25 ms | #newton:  1 | ph:  0.0% | #CG/newton:  732 | ls (cap|max|inv|bt):  0| 0| 0| 0| runtime:  426.6 ms | cr: 1706.2
    364. dt:  0.25 ms | #newton:  1 | ph:  0.0% | #CG/newton:  789 | ls (cap|max|inv|bt):  0| 0| 0| 0| runtime:  456.1 ms | cr: 1824.5
    365. dt:  0.25 ms | #newton:  1 | ph:  0.0% | #CG/newton:  447 | ls (cap|max|inv|bt):  0| 0| 0| 0| runtime:  325.1 ms | cr: 1300.5
    366. dt:  0.25 ms | #newton:  1 | ph:  0.0% | #CG/newton:  774 | ls (cap|max|inv|bt):  0| 0| 0| 0| runtime:  455.2 ms | cr: 1820.8
    367. dt:  0.25 ms | #newton:  1 | ph:  0.0% | #CG/newton:  460 | ls (cap|max|inv|bt):  0| 0| 0| 0| runtime:  328.0 ms | cr: 1312.0
    368. dt:  0.25 ms | #newton:  1 | ph:  0.0% | #CG/newton:  492 | ls (cap|max|inv|bt):  0| 0| 0| 0| runtime:  353.2 ms | cr: 1412.9
    369. dt:  0.25 ms | #newton:  1 | ph:  0.0% | #CG/newton:  495 | ls (cap|max|inv|bt):  0| 0| 0| 0| runtime:  348.2 ms | cr: 1393.0
    370. dt:  0.25 ms | #newton:  1 | ph:  0.0% | #CG/newton:  442 | ls (cap|max|inv|bt):  0| 0| 0| 0| runtime:  319.4 ms | cr: 1277.7
    371. dt:  0.25 ms | #newton:  1 | ph:  0.0% | #CG/newton:  349 | ls (cap|max|inv|bt):  0| 0| 0| 0| runtime:  292.7 ms | cr: 1170.7
    372. dt:  0.25 ms | #newton:  1 | ph:  0.0% | #CG/newton:  458 | ls (cap|max|inv|bt):  0| 0| 0| 0| runtime:  334.6 ms | cr: 1338.4
    373. dt:  0.25 ms | #newton:  1 | ph:  0.0% | #CG/newton:  369 | ls (cap|max|inv|bt):  0| 0| 0| 0| runtime:  291.8 ms | cr: 1167.3
    374. dt:  0.25 ms | #newton:  1 | ph:  0.0% | #CG/newton:  463 | ls (cap|max|inv|bt):  0| 0| 0| 0| runtime:  348.2 ms | cr: 1392.9
    375. dt:  0.25 ms | #newton:  1 | ph:  0.0% | #CG/newton:  507 | ls (cap|max|inv|bt):  0| 0| 0| 0| runtime:  403.9 ms | cr: 1615.7
    376. dt:  0.25 ms | #newton:  1 | ph:  0.0% | #CG/newton:  460 | ls (cap|max|inv|bt):  0| 0| 0| 0| runtime:  318.2 ms | cr: 1272.7
    377. dt:  0.25 ms | #newton:  1 | ph:  0.0% | #CG/newton:  781 | ls (cap|max|inv|bt):  0| 0| 0| 0| runtime:  430.3 ms | cr: 1721.3
    378. dt:  0.25 ms | #newton:  1 | ph:  0.0% | #CG/newton:  814 | ls (cap|max|inv|bt):  0| 0| 0| 0| runtime:  442.7 ms | cr: 1771.0
    379. dt:  0.25 ms | #newton:  1 | ph:  0.0% | #CG/newton:  804 | ls (cap|max|inv|bt):  0| 0| 0| 0| runtime:  447.8 ms | cr: 1791.3
    380. dt:  0.25 ms | #newton:  1 | ph:  0.0% | #CG/newton:  892 | ls (cap|max|inv|bt):  0| 0| 0| 0| runtime:  487.2 ms | cr: 1948.8
    381. dt:  0.25 ms | #newton:  1 | ph:  0.0% | #CG/newton:  809 | ls (cap|max|inv|bt):  0| 0| 0| 0| runtime:  466.2 ms | cr: 1864.7
    382. dt:  0.25 ms | #newton:  1 | ph:  0.0% | #CG/newton:  757 | ls (cap|max|inv|bt):  0| 0| 0| 0| runtime:  450.0 ms | cr: 1800.2
    383. dt:  0.25 ms | #newton:  1 | ph:  0.0% | #CG/newton:  808 | ls (cap|max|inv|bt):  0| 0| 0| 0| runtime:  464.9 ms | cr: 1859.8
    384. dt:  0.25 ms | #newton:  1 | ph:  0.0% | #CG/newton:  817 | ls (cap|max|inv|bt):  0| 0| 0| 0| runtime:  464.7 ms | cr: 1859.0
    385. dt:  0.25 ms | #newton:  1 | ph:  0.0% | #CG/newton:  801 | ls (cap|max|inv|bt):  0| 0| 0| 0| runtime:  459.6 ms | cr: 1838.2
    386. dt:  0.25 ms | #newton:  1 | ph:  0.0% | #CG/newton:  816 | ls (cap|max|inv|bt):  0| 0| 0| 0| runtime:  464.6 ms | cr: 1858.3
    387. dt:  0.25 ms | #newton:  1 | ph:  0.0% | #CG/newton:  807 | ls (cap|max|inv|bt):  0| 0| 0| 0| runtime:  476.4 ms | cr: 1905.8
    388. dt:  0.25 ms | #newton:  1 | ph:  0.0% | #CG/newton:  781 | ls (cap|max|inv|bt):  0| 0| 0| 0| runtime:  456.6 ms | cr: 1826.4
    389. dt:  0.25 ms | #newton:  1 | ph:  0.0% | #CG/newton:  817 | ls (cap|max|inv|bt):  0| 0| 0| 0| runtime:  460.9 ms | cr: 1843.8
    390. dt:  0.25 ms | #newton:  1 | ph:  0.0% | #CG/newton: 1188 | ls (cap|max|inv|bt):  0| 0| 0| 0| runtime:  608.8 ms | cr: 2435.3
    391. dt:  0.25 ms | #newton:  1 | ph:  0.0% | #CG/newton: 1200 | ls (cap|max|inv|bt):  0| 0| 0| 0| runtime:  591.5 ms | cr: 2366.2
    392. dt:  0.25 ms | #newton:  1 | ph:  0.0% | #CG/newton: 1191 | ls (cap|max|inv|bt):  0| 0| 0| 0| runtime:  585.3 ms | cr: 2341.3
    393. dt:  0.25 ms | #newton:  1 | ph:  0.0% | #CG/newton: 1209 | ls (cap|max|inv|bt):  0| 0| 0| 0| runtime:  602.0 ms | cr: 2407.9
    394. dt:  0.25 ms | #newton:  1 | ph:  0.0% | #CG/newton: 1059 | ls (cap|max|inv|bt):  0| 0| 0| 0| runtime:  533.1 ms | cr: 2132.3
    395. dt:  0.25 ms | #newton:  1 | ph:  0.0% | #CG/newton: 1201 | ls (cap|max|inv|bt):  0| 0| 0| 0| runtime:  602.2 ms | cr: 2408.8
    396. dt:  0.25 ms | #newton:  1 | ph:  0.0% | #CG/newton: 1195 | ls (cap|max|inv|bt):  0| 0| 0| 0| runtime:  612.6 ms | cr: 2450.4
    397. dt:  0.25 ms | #newton:  1 | ph:  0.0% | #CG/newton: 1220 | ls (cap|max|inv|bt):  0| 0| 0| 0| runtime:  635.6 ms | cr: 2542.5
    398. dt:  0.25 ms | #newton:  1 | ph:  0.0% | #CG/newton: 1076 | ls (cap|max|inv|bt):  0| 0| 0| 0| runtime:  578.0 ms | cr: 2311.8
    399. dt:  0.25 ms | #newton:  1 | ph:  0.0% | #CG/newton: 1141 | ls (cap|max|inv|bt):  0| 0| 0| 0| runtime:  587.4 ms | cr: 2349.6
    400. dt:  0.25 ms | #newton:  1 | ph:  0.0% | #CG/newton: 1064 | ls (cap|max|inv|bt):  0| 0| 0| 0| runtime:  562.2 ms | cr: 2248.8
[Frame: 3] Time: 0.100 s
    401. dt:  0.25 ms | #newton:  1 | ph:  0.0% | #CG/newton: 1201 | ls (cap|max|inv|bt):  0| 0| 0| 0| runtime:  621.1 ms | cr: 2484.2
    402. dt:  0.25 ms | #newton:  1 | ph:  0.0% | #CG/newton: 1185 | ls (cap|max|inv|bt):  0| 0| 0| 0| runtime:  612.6 ms | cr: 2450.3
    403. dt:  0.25 ms | #newton:  1 | ph:  0.0% | #CG/newton: 1237 | ls (cap|max|inv|bt):  0| 0| 0| 0| runtime:  616.8 ms | cr: 2467.1
    404. dt:  0.25 ms | #newton:  1 | ph:  0.0% | #CG/newton: 1074 | ls (cap|max|inv|bt):  0| 0| 0| 0| runtime:  549.0 ms | cr: 2195.9
    405. dt:  0.25 ms | #newton:  1 | ph:  0.0% | #CG/newton: 1182 | ls (cap|max|inv|bt):  0| 0| 0| 0| runtime:  589.0 ms | cr: 2356.0
    406. dt:  0.25 ms | #newton:  1 | ph:  0.0% | #CG/newton: 1071 | ls (cap|max|inv|bt):  0| 0| 0| 0| runtime:  536.4 ms | cr: 2145.4
    407. dt:  0.25 ms | #newton:  1 | ph:  0.0% | #CG/newton: 1203 | ls (cap|max|inv|bt):  0| 0| 0| 0| runtime:  592.8 ms | cr: 2371.2
    408. dt:  0.25 ms | #newton:  1 | ph:  0.0% | #CG/newton: 1217 | ls (cap|max|inv|bt):  0| 0| 0| 0| runtime:  597.0 ms | cr: 2387.9
    409. dt:  0.25 ms | #newton:  1 | ph:  0.0% | #CG/newton: 1210 | ls (cap|max|inv|bt):  0| 0| 0| 0| runtime:  597.3 ms | cr: 2389.4
    410. dt:  0.25 ms | #newton:  1 | ph:  0.0% | #CG/newton: 1219 | ls (cap|max|inv|bt):  0| 0| 0| 0| runtime:  593.5 ms | cr: 2374.1
    411. dt:  0.25 ms | #newton:  1 | ph:  0.0% | #CG/newton: 1204 | ls (cap|max|inv|bt):  0| 0| 0| 0| runtime:  589.7 ms | cr: 2358.6
    412. dt:  0.25 ms | #newton:  1 | ph:  0.0% | #CG/newton: 1219 | ls (cap|max|inv|bt):  0| 0| 0| 0| runtime:  604.7 ms | cr: 2418.8
    413. dt:  0.25 ms | #newton:  1 | ph:  0.0% | #CG/newton: 1187 | ls (cap|max|inv|bt):  0| 0| 0| 0| runtime:  586.3 ms | cr: 2345.2
    414. dt:  0.25 ms | #newton:  1 | ph:  0.0% | #CG/newton: 1219 | ls (cap|max|inv|bt):  0| 0| 0| 0| runtime:  609.1 ms | cr: 2436.5
    415. dt:  0.25 ms | #newton:  1 | ph:  0.0% | #CG/newton:  834 | ls (cap|max|inv|bt):  0| 0| 0| 0| runtime:  460.1 ms | cr: 1840.5
    416. dt:  0.25 ms | #newton:  1 | ph:  0.0% | #CG/newton:  838 | ls (cap|max|inv|bt):  0| 0| 0| 0| runtime:  474.3 ms | cr: 1897.2
    417. dt:  0.25 ms | #newton:  1 | ph:  0.0% | #CG/newton:  837 | ls (cap|max|inv|bt):  0| 0| 0| 0| runtime:  460.8 ms | cr: 1843.4
    418. dt:  0.25 ms | #newton:  1 | ph:  0.0% | #CG/newton:  810 | ls (cap|max|inv|bt):  0| 0| 0| 0| runtime:  451.5 ms | cr: 1805.8
    419. dt:  0.25 ms | #newton:  1 | ph:  0.0% | #CG/newton:  839 | ls (cap|max|inv|bt):  0| 0| 0| 0| runtime:  472.6 ms | cr: 1890.4
    420. dt:  0.25 ms | #newton:  1 | ph:  0.0% | #CG/newton:  804 | ls (cap|max|inv|bt):  0| 0| 0| 0| runtime:  454.5 ms | cr: 1818.1
    421. dt:  0.25 ms | #newton:  1 | ph:  0.0% | #CG/newton:  837 | ls (cap|max|inv|bt):  0| 0| 0| 0| runtime:  466.9 ms | cr: 1867.6
    422. dt:  0.25 ms | #newton:  1 | ph:  0.0% | #CG/newton:  839 | ls (cap|max|inv|bt):  0| 0| 0| 0| runtime:  466.3 ms | cr: 1865.0
    423. dt:  0.25 ms | #newton:  1 | ph:  0.0% | #CG/newton:  809 | ls (cap|max|inv|bt):  0| 0| 0| 0| runtime:  457.5 ms | cr: 1830.0
    424. dt:  0.25 ms | #newton:  1 | ph:  0.0% | #CG/newton:  921 | ls (cap|max|inv|bt):  0| 0| 0| 0| runtime:  509.4 ms | cr: 2037.6
    425. dt:  0.25 ms | #newton:  1 | ph:  0.0% | #CG/newton:  837 | ls (cap|max|inv|bt):  0| 0| 0| 0| runtime:  475.1 ms | cr: 1900.5
    426. dt:  0.25 ms | #newton:  1 | ph:  0.0% | #CG/newton:  785 | ls (cap|max|inv|bt):  0| 0| 0| 0| runtime:  464.0 ms | cr: 1856.2
    427. dt:  0.25 ms | #newton:  1 | ph:  0.0% | #CG/newton:  916 | ls (cap|max|inv|bt):  0| 0| 0| 0| runtime:  509.7 ms | cr: 2038.8
    428. dt:  0.25 ms | #newton:  1 | ph:  0.0% | #CG/newton:  836 | ls (cap|max|inv|bt):  0| 0| 0| 0| runtime:  474.0 ms | cr: 1896.0
    429. dt:  0.25 ms | #newton:  1 | ph:  0.0% | #CG/newton:  780 | ls (cap|max|inv|bt):  0| 0| 0| 0| runtime:  458.6 ms | cr: 1834.3
    430. dt:  0.25 ms | #newton:  1 | ph:  0.0% | #CG/newton:  837 | ls (cap|max|inv|bt):  0| 0| 0| 0| runtime:  481.7 ms | cr: 1926.8
    431. dt:  0.25 ms | #newton:  1 | ph:  0.0% | #CG/newton:  914 | ls (cap|max|inv|bt):  0| 0| 0| 0| runtime:  505.8 ms | cr: 2023.3
    432. dt:  0.25 ms | #newton:  1 | ph:  0.0% | #CG/newton:  835 | ls (cap|max|inv|bt):  0| 0| 0| 0| runtime:  473.2 ms | cr: 1892.9
    433. dt:  0.25 ms | #newton:  1 | ph:  0.0% | #CG/newton:  786 | ls (cap|max|inv|bt):  0| 0| 0| 0| runtime:  446.4 ms | cr: 1785.4
    434. dt:  0.25 ms | #newton:  1 | ph:  0.0% | #CG/newton:  838 | ls (cap|max|inv|bt):  0| 0| 0| 0| runtime:  464.9 ms | cr: 1859.5
    435. dt:  0.25 ms | #newton:  1 | ph:  0.0% | #CG/newton:  930 | ls (cap|max|inv|bt):  0| 0| 0| 0| runtime:  508.6 ms | cr: 2034.3
    436. dt:  0.25 ms | #newton:  1 | ph:  0.0% | #CG/newton:  835 | ls (cap|max|inv|bt):  0| 0| 0| 0| runtime:  469.3 ms | cr: 1877.2
    437. dt:  0.25 ms | #newton:  1 | ph:  0.0% | #CG/newton:  836 | ls (cap|max|inv|bt):  0| 0| 0| 0| runtime:  470.2 ms | cr: 1880.7
    438. dt:  0.25 ms | #newton:  1 | ph:  0.0% | #CG/newton:  837 | ls (cap|max|inv|bt):  0| 0| 0| 0| runtime:  469.9 ms | cr: 1879.4
    439. dt:  0.25 ms | #newton:  1 | ph:  0.0% | #CG/newton:  837 | ls (cap|max|inv|bt):  0| 0| 0| 0| runtime:  469.7 ms | cr: 1878.8
    440. dt:  0.25 ms | #newton:  1 | ph:  0.0% | #CG/newton:  927 | ls (cap|max|inv|bt):  0| 0| 0| 0| runtime:  503.4 ms | cr: 2013.4
    441. dt:  0.25 ms | #newton:  1 | ph:  0.0% | #CG/newton:  835 | ls (cap|max|inv|bt):  0| 0| 0| 0| runtime:  466.0 ms | cr: 1864.1
    442. dt:  0.25 ms | #newton:  1 | ph:  0.0% | #CG/newton:  841 | ls (cap|max|inv|bt):  0| 0| 0| 0| runtime:  460.4 ms | cr: 1841.6
    443. dt:  0.25 ms | #newton:  1 | ph:  0.0% | #CG/newton:  922 | ls (cap|max|inv|bt):  0| 0| 0| 0| runtime:  502.3 ms | cr: 2009.1
    444. dt:  0.25 ms | #newton:  1 | ph:  0.0% | #CG/newton:  784 | ls (cap|max|inv|bt):  0| 0| 0| 0| runtime:  446.7 ms | cr: 1786.8
    445. dt:  0.25 ms | #newton:  1 | ph:  0.0% | #CG/newton:  834 | ls (cap|max|inv|bt):  0| 0| 0| 0| runtime:  464.9 ms | cr: 1859.6
    446. dt:  0.25 ms | #newton:  1 | ph:  0.0% | #CG/newton:  905 | ls (cap|max|inv|bt):  0| 0| 0| 0| runtime:  498.7 ms | cr: 1994.9
    447. dt:  0.25 ms | #newton:  1 | ph:  0.0% | #CG/newton:  834 | ls (cap|max|inv|bt):  0| 0| 0| 0| runtime:  460.6 ms | cr: 1842.3
    448. dt:  0.25 ms | #newton:  1 | ph:  0.0% | #CG/newton:  837 | ls (cap|max|inv|bt):  0| 0| 0| 0| runtime:  465.5 ms | cr: 1862.0
    449. dt:  0.25 ms | #newton:  1 | ph:  0.0% | #CG/newton:  921 | ls (cap|max|inv|bt):  0| 0| 0| 0| runtime:  495.8 ms | cr: 1983.0
    450. dt:  0.25 ms | #newton:  1 | ph:  0.0% | #CG/newton:  835 | ls (cap|max|inv|bt):  0| 0| 0| 0| runtime:  462.4 ms | cr: 1849.8
    451. dt:  0.25 ms | #newton:  1 | ph:  0.0% | #CG/newton:  837 | ls (cap|max|inv|bt):  0| 0| 0| 0| runtime:  463.4 ms | cr: 1853.8
    452. dt:  0.25 ms | #newton:  1 | ph:  0.0% | #CG/newton:  926 | ls (cap|max|inv|bt):  0| 0| 0| 0| runtime:  497.2 ms | cr: 1988.9
    453. dt:  0.25 ms | #newton:  1 | ph:  0.0% | #CG/newton:  836 | ls (cap|max|inv|bt):  0| 0| 0| 0| runtime:  474.1 ms | cr: 1896.5
    454. dt:  0.25 ms | #newton:  1 | ph:  0.0% | #CG/newton:  884 | ls (cap|max|inv|bt):  0| 0| 0| 0| runtime:  498.5 ms | cr: 1994.0
    455. dt:  0.25 ms | #newton:  1 | ph:  0.0% | #CG/newton:  925 | ls (cap|max|inv|bt):  0| 0| 0| 0| runtime:  518.8 ms | cr: 2075.2
    456. dt:  0.25 ms | #newton:  1 | ph:  0.0% | #CG/newton:  806 | ls (cap|max|inv|bt):  0| 0| 0| 0| runtime:  476.1 ms | cr: 1904.3
    457. dt:  0.25 ms | #newton:  1 | ph:  0.0% | #CG/newton:  836 | ls (cap|max|inv|bt):  0| 0| 0| 0| runtime:  484.6 ms | cr: 1938.5
    458. dt:  0.25 ms | #newton:  1 | ph:  0.0% | #CG/newton:  861 | ls (cap|max|inv|bt):  0| 0| 0| 0| runtime:  489.2 ms | cr: 1956.7
    459. dt:  0.25 ms | #newton:  1 | ph:  0.0% | #CG/newton:  839 | ls (cap|max|inv|bt):  0| 0| 0| 0| runtime:  487.5 ms | cr: 1950.0
    460. dt:  0.25 ms | #newton:  1 | ph:  0.0% | #CG/newton:  932 | ls (cap|max|inv|bt):  0| 0| 0| 0| runtime:  516.6 ms | cr: 2066.6
    461. dt:  0.25 ms | #newton:  1 | ph:  0.0% | #CG/newton:  834 | ls (cap|max|inv|bt):  0| 0| 0| 0| runtime:  481.1 ms | cr: 1924.2
    462. dt:  0.25 ms | #newton:  1 | ph:  0.0% | #CG/newton:  833 | ls (cap|max|inv|bt):  0| 0| 0| 0| runtime:  473.5 ms | cr: 1894.1
    463. dt:  0.25 ms | #newton:  1 | ph:  0.0% | #CG/newton:  840 | ls (cap|max|inv|bt):  0| 0| 0| 0| runtime:  464.4 ms | cr: 1857.5
    464. dt:  0.25 ms | #newton:  1 | ph:  0.0% | #CG/newton:  922 | ls (cap|max|inv|bt):  0| 0| 0| 0| runtime:  492.4 ms | cr: 1969.5
    465. dt:  0.25 ms | #newton:  1 | ph:  0.0% | #CG/newton:  835 | ls (cap|max|inv|bt):  0| 0| 0| 0| runtime:  456.1 ms | cr: 1824.3
    466. dt:  0.25 ms | #newton:  1 | ph:  0.0% | #CG/newton:  833 | ls (cap|max|inv|bt):  0| 0| 0| 0| runtime:  452.6 ms | cr: 1810.5
    467. dt:  0.25 ms | #newton:  1 | ph:  0.0% | #CG/newton:  834 | ls (cap|max|inv|bt):  0| 0| 0| 0| runtime:  457.3 ms | cr: 1829.2
    468. dt:  0.25 ms | #newton:  1 | ph:  0.0% | #CG/newton:  832 | ls (cap|max|inv|bt):  0| 0| 0| 0| runtime:  459.2 ms | cr: 1836.8
    469. dt:  0.25 ms | #newton:  1 | ph:  0.0% | #CG/newton:  833 | ls (cap|max|inv|bt):  0| 0| 0| 0| runtime:  464.1 ms | cr: 1856.4
    470. dt:  0.25 ms | #newton:  1 | ph:  0.0% | #CG/newton:  834 | ls (cap|max|inv|bt):  0| 0| 0| 0| runtime:  469.8 ms | cr: 1879.4
    471. dt:  0.25 ms | #newton:  1 | ph:  0.0% | #CG/newton:  836 | ls (cap|max|inv|bt):  0| 0| 0| 0| runtime:  471.2 ms | cr: 1884.7
    472. dt:  0.25 ms | #newton:  1 | ph:  0.0% | #CG/newton:  833 | ls (cap|max|inv|bt):  0| 0| 0| 0| runtime:  471.5 ms | cr: 1886.1
    473. dt:  0.25 ms | #newton:  1 | ph:  0.0% | #CG/newton:  836 | ls (cap|max|inv|bt):  0| 0| 0| 0| runtime:  470.5 ms | cr: 1881.9
    474. dt:  0.25 ms | #newton:  1 | ph:  0.0% | #CG/newton:  833 | ls (cap|max|inv|bt):  0| 0| 0| 0| runtime:  471.7 ms | cr: 1887.0
    475. dt:  0.25 ms | #newton:  1 | ph:  0.0% | #CG/newton:  835 | ls (cap|max|inv|bt):  0| 0| 0| 0| runtime:  470.3 ms | cr: 1881.2
    476. dt:  0.25 ms | #newton:  1 | ph:  0.0% | #CG/newton:  835 | ls (cap|max|inv|bt):  0| 0| 0| 0| runtime:  475.5 ms | cr: 1902.1
    477. dt:  0.25 ms | #newton:  1 | ph:  0.0% | #CG/newton:  845 | ls (cap|max|inv|bt):  0| 0| 0| 0| runtime:  486.4 ms | cr: 1945.8
    478. dt:  0.25 ms | #newton:  2 | ph:  0.0% | #CG/newton: 1358 | ls (cap|max|inv|bt):  0| 0| 0| 0| runtime: 1258.4 ms | cr: 5033.7
    479. dt:  0.25 ms | #newton:  1 | ph:  0.0% | #CG/newton: 1214 | ls (cap|max|inv|bt):  0| 0| 0| 0| runtime:  589.2 ms | cr: 2356.7
    480. dt:  0.25 ms | #newton:  1 | ph:  0.0% | #CG/newton: 2629 | ls (cap|max|inv|bt):  0| 0| 0| 0| runtime: 1144.9 ms | cr: 4579.8
    481. dt:  0.25 ms | #newton:  1 | ph:  0.0% | #CG/newton: 1270 | ls (cap|max|inv|bt):  0| 0| 0| 0| runtime:  627.8 ms | cr: 2511.2
    482. dt:  0.25 ms | #newton:  1 | ph:  0.0% | #CG/newton: 1274 | ls (cap|max|inv|bt):  0| 0| 0| 0| runtime:  636.6 ms | cr: 2546.5
    483. dt:  0.25 ms | #newton:  1 | ph:  0.0% | #CG/newton: 1214 | ls (cap|max|inv|bt):  0| 0| 0| 0| runtime:  613.5 ms | cr: 2454.1
    484. dt:  0.25 ms | #newton:  1 | ph:  0.0% | #CG/newton: 1242 | ls (cap|max|inv|bt):  0| 0| 0| 0| runtime:  646.4 ms | cr: 2585.6
    485. dt:  0.25 ms | #newton:  1 | ph:  0.0% | #CG/newton: 1254 | ls (cap|max|inv|bt):  0| 0| 0| 0| runtime:  637.1 ms | cr: 2548.5
    486. dt:  0.25 ms | #newton:  1 | ph:  0.0% | #CG/newton: 1256 | ls (cap|max|inv|bt):  0| 0| 0| 0| runtime:  625.5 ms | cr: 2502.2
    487. dt:  0.25 ms | #newton:  1 | ph:  0.0% | #CG/newton:  859 | ls (cap|max|inv|bt):  0| 0| 0| 0| runtime:  480.2 ms | cr: 1921.0
    488. dt:  0.25 ms | #newton:  1 | ph:  0.0% | #CG/newton:  963 | ls (cap|max|inv|bt):  0| 0| 0| 0| runtime:  518.0 ms | cr: 2072.2
    489. dt:  0.25 ms | #newton:  1 | ph:  0.0% | #CG/newton:  841 | ls (cap|max|inv|bt):  0| 0| 0| 0| runtime:  463.3 ms | cr: 1853.2
    490. dt:  0.25 ms | #newton:  1 | ph:  0.0% | #CG/newton:  853 | ls (cap|max|inv|bt):  0| 0| 0| 0| runtime:  465.5 ms | cr: 1861.9
    491. dt:  0.25 ms | #newton:  1 | ph:  0.0% | #CG/newton:  967 | ls (cap|max|inv|bt):  0| 0| 0| 0| runtime:  499.1 ms | cr: 1996.3
    492. dt:  0.25 ms | #newton:  1 | ph:  0.0% | #CG/newton: 1234 | ls (cap|max|inv|bt):  0| 0| 0| 0| runtime:  606.3 ms | cr: 2425.3
    493. dt:  0.25 ms | #newton:  1 | ph:  0.0% | #CG/newton:  843 | ls (cap|max|inv|bt):  0| 0| 0| 0| runtime:  463.4 ms | cr: 1853.8
    494. dt:  0.25 ms | #newton:  1 | ph:  0.0% | #CG/newton: 1242 | ls (cap|max|inv|bt):  0| 0| 0| 0| runtime:  615.3 ms | cr: 2461.3
    495. dt:  0.25 ms | #newton:  1 | ph:  0.0% | #CG/newton:  842 | ls (cap|max|inv|bt):  0| 0| 0| 0| runtime:  464.3 ms | cr: 1857.2
    496. dt:  0.25 ms | #newton:  1 | ph:  0.0% | #CG/newton: 1242 | ls (cap|max|inv|bt):  0| 0| 0| 0| runtime:  610.9 ms | cr: 2443.6
    497. dt:  0.25 ms | #newton:  1 | ph:  0.0% | #CG/newton:  841 | ls (cap|max|inv|bt):  0| 0| 0| 0| runtime:  457.3 ms | cr: 1829.2
    498. dt:  0.25 ms | #newton:  1 | ph:  0.0% | #CG/newton: 1252 | ls (cap|max|inv|bt):  0| 0| 0| 0| runtime:  613.7 ms | cr: 2454.8
    499. dt:  0.25 ms | #newton:  1 | ph:  0.0% | #CG/newton: 1248 | ls (cap|max|inv|bt):  0| 0| 0| 0| runtime:  611.0 ms | cr: 2444.0
    500. dt:  0.25 ms | #newton:  1 | ph:  0.0% | #CG/newton: 1238 | ls (cap|max|inv|bt):  0| 0| 0| 0| runtime:  602.8 ms | cr: 2411.3
    501. dt:  0.25 ms | #newton:  1 | ph:  0.0% | #CG/newton: 1229 | ls (cap|max|inv|bt):  0| 0| 0| 0| runtime:  605.6 ms | cr: 2422.4
    502. dt:  0.25 ms | #newton:  1 | ph:  0.0% | #CG/newton: 1270 | ls (cap|max|inv|bt):  0| 0| 0| 0| runtime:  621.7 ms | cr: 2486.6
    503. dt:  0.25 ms | #newton:  1 | ph:  0.0% | #CG/newton: 1244 | ls (cap|max|inv|bt):  0| 0| 0| 0| runtime:  605.6 ms | cr: 2422.5
    504. dt:  0.25 ms | #newton:  1 | ph:  0.0% | #CG/newton: 1270 | ls (cap|max|inv|bt):  0| 0| 0| 0| runtime:  621.9 ms | cr: 2487.6
    505. dt:  0.25 ms | #newton:  1 | ph:  0.0% | #CG/newton:  852 | ls (cap|max|inv|bt):  0| 0| 0| 0| runtime:  461.6 ms | cr: 1846.4
    506. dt:  0.25 ms | #newton:  1 | ph:  0.0% | #CG/newton: 1265 | ls (cap|max|inv|bt):  0| 0| 0| 0| runtime:  618.9 ms | cr: 2475.6
    507. dt:  0.25 ms | #newton:  1 | ph:  0.0% | #CG/newton: 1267 | ls (cap|max|inv|bt):  0| 0| 0| 0| runtime:  640.6 ms | cr: 2562.6
    508. dt:  0.25 ms | #newton:  1 | ph:  0.0% | #CG/newton: 1249 | ls (cap|max|inv|bt):  0| 0| 0| 0| runtime:  707.6 ms | cr: 2830.3
    509. dt:  0.25 ms | #newton:  1 | ph:  0.0% | #CG/newton: 1258 | ls (cap|max|inv|bt):  0| 0| 0| 0| runtime:  655.5 ms | cr: 2622.2
    510. dt:  0.25 ms | #newton:  1 | ph:  0.0% | #CG/newton: 1253 | ls (cap|max|inv|bt):  0| 0| 0| 0| runtime:  634.7 ms | cr: 2538.7
    511. dt:  0.25 ms | #newton:  1 | ph:  0.0% | #CG/newton: 1268 | ls (cap|max|inv|bt):  0| 0| 0| 0| runtime:  631.0 ms | cr: 2523.9
    512. dt:  0.25 ms | #newton:  1 | ph:  0.0% | #CG/newton: 1261 | ls (cap|max|inv|bt):  0| 0| 0| 0| runtime:  633.7 ms | cr: 2534.9
    513. dt:  0.25 ms | #newton:  1 | ph:  0.0% | #CG/newton: 1255 | ls (cap|max|inv|bt):  0| 0| 0| 0| runtime:  632.1 ms | cr: 2528.3
    514. dt:  0.25 ms | #newton:  1 | ph:  0.0% | #CG/newton: 1264 | ls (cap|max|inv|bt):  0| 0| 0| 0| runtime:  622.5 ms | cr: 2489.9
    515. dt:  0.25 ms | #newton:  1 | ph:  0.0% | #CG/newton:  859 | ls (cap|max|inv|bt):  0| 0| 0| 0| runtime:  456.1 ms | cr: 1824.2
    516. dt:  0.25 ms | #newton:  1 | ph:  0.0% | #CG/newton: 1249 | ls (cap|max|inv|bt):  0| 0| 0| 0| runtime:  597.5 ms | cr: 2389.9
    517. dt:  0.25 ms | #newton:  1 | ph:  0.0% | #CG/newton: 1253 | ls (cap|max|inv|bt):  0| 0| 0| 0| runtime:  599.8 ms | cr: 2399.1
    518. dt:  0.25 ms | #newton:  1 | ph:  0.0% | #CG/newton: 1248 | ls (cap|max|inv|bt):  0| 0| 0| 0| runtime:  601.1 ms | cr: 2404.2
    519. dt:  0.25 ms | #newton:  1 | ph:  0.0% | #CG/newton: 1251 | ls (cap|max|inv|bt):  0| 0| 0| 0| runtime:  605.9 ms | cr: 2423.5
    520. dt:  0.25 ms | #newton:  1 | ph:  0.0% | #CG/newton: 1253 | ls (cap|max|inv|bt):  0| 0| 0| 0| runtime:  608.8 ms | cr: 2435.1
    521. dt:  0.25 ms | #newton:  1 | ph:  0.0% | #CG/newton: 1208 | ls (cap|max|inv|bt):  0| 0| 0| 0| runtime:  585.3 ms | cr: 2341.3
    522. dt:  0.25 ms | #newton:  1 | ph:  0.0% | #CG/newton: 1269 | ls (cap|max|inv|bt):  0| 0| 0| 0| runtime:  607.6 ms | cr: 2430.5
    523. dt:  0.25 ms | #newton:  1 | ph:  0.0% | #CG/newton: 1208 | ls (cap|max|inv|bt):  0| 0| 0| 0| runtime:  581.9 ms | cr: 2327.4
    524. dt:  0.25 ms | #newton:  1 | ph:  0.0% | #CG/newton: 1270 | ls (cap|max|inv|bt):  0| 0| 0| 0| runtime:  608.4 ms | cr: 2433.6
    525. dt:  0.25 ms | #newton:  1 | ph:  0.0% | #CG/newton: 1211 | ls (cap|max|inv|bt):  0| 0| 0| 0| runtime:  598.5 ms | cr: 2394.0
    526. dt:  0.25 ms | #newton:  1 | ph:  0.0% | #CG/newton: 1269 | ls (cap|max|inv|bt):  0| 0| 0| 0| runtime:  606.2 ms | cr: 2424.9
    527. dt:  0.25 ms | #newton:  1 | ph:  0.0% | #CG/newton: 1210 | ls (cap|max|inv|bt):  0| 0| 0| 0| runtime:  585.1 ms | cr: 2340.3
    528. dt:  0.25 ms | #newton:  1 | ph:  0.0% | #CG/newton: 1271 | ls (cap|max|inv|bt):  0| 0| 0| 0| runtime:  612.9 ms | cr: 2451.4
    529. dt:  0.25 ms | #newton:  1 | ph:  0.0% | #CG/newton: 1218 | ls (cap|max|inv|bt):  0| 0| 0| 0| runtime:  586.2 ms | cr: 2344.9
    530. dt:  0.25 ms | #newton:  1 | ph:  0.0% | #CG/newton: 1270 | ls (cap|max|inv|bt):  0| 0| 0| 0| runtime:  614.4 ms | cr: 2457.8
    531. dt:  0.25 ms | #newton:  1 | ph:  0.0% | #CG/newton: 1233 | ls (cap|max|inv|bt):  0| 0| 0| 0| runtime:  604.4 ms | cr: 2417.8
    532. dt:  0.25 ms | #newton:  1 | ph:  0.0% | #CG/newton: 1249 | ls (cap|max|inv|bt):  0| 0| 0| 0| runtime:  625.7 ms | cr: 2503.0
    533. dt:  0.25 ms | #newton:  1 | ph:  0.0% | #CG/newton: 1251 | ls (cap|max|inv|bt):  0| 0| 0| 0| runtime:  632.4 ms | cr: 2529.6
[Frame: 4] Time: 0.134 s
    534. dt:  0.25 ms | #newton:  1 | ph:  0.0% | #CG/newton: 1239 | ls (cap|max|inv|bt):  0| 0| 0| 0| runtime:  626.1 ms | cr: 2504.3
    535. dt:  0.25 ms | #newton:  1 | ph:  0.0% | #CG/newton: 1245 | ls (cap|max|inv|bt):  0| 0| 0| 0| runtime:  638.9 ms | cr: 2555.4
    536. dt:  0.25 ms | #newton:  1 | ph:  0.0% | #CG/newton: 1253 | ls (cap|max|inv|bt):  0| 0| 0| 0| runtime:  634.6 ms | cr: 2538.5
    537. dt:  0.25 ms | #newton:  1 | ph:  0.0% | #CG/newton: 1241 | ls (cap|max|inv|bt):  0| 0| 0| 0| runtime:  624.4 ms | cr: 2497.7
    538. dt:  0.25 ms | #newton:  1 | ph:  0.0% | #CG/newton: 1246 | ls (cap|max|inv|bt):  0| 0| 0| 0| runtime:  623.9 ms | cr: 2495.6
    539. dt:  0.25 ms | #newton:  1 | ph:  0.0% | #CG/newton: 1248 | ls (cap|max|inv|bt):  0| 0| 0| 0| runtime:  613.4 ms | cr: 2453.4
    540. dt:  0.25 ms | #newton:  1 | ph:  0.0% | #CG/newton: 1247 | ls (cap|max|inv|bt):  0| 0| 0| 0| runtime:  614.3 ms | cr: 2457.1
    541. dt:  0.25 ms | #newton:  1 | ph:  0.0% | #CG/newton: 1246 | ls (cap|max|inv|bt):  0| 0| 0| 0| runtime:  610.7 ms | cr: 2442.8
    542. dt:  0.25 ms | #newton:  1 | ph:  0.0% | #CG/newton: 1247 | ls (cap|max|inv|bt):  0| 0| 0| 0| runtime:  603.1 ms | cr: 2412.5
    543. dt:  0.25 ms | #newton:  1 | ph:  0.0% | #CG/newton: 1248 | ls (cap|max|inv|bt):  0| 0| 0| 0| runtime:  596.7 ms | cr: 2386.9
    544. dt:  0.25 ms | #newton:  1 | ph:  0.0% | #CG/newton: 1249 | ls (cap|max|inv|bt):  0| 0| 0| 0| runtime:  600.5 ms | cr: 2402.0
    545. dt:  0.25 ms | #newton:  1 | ph:  0.0% | #CG/newton: 1509 | ls (cap|max|inv|bt):  0| 0| 0| 0| runtime:  710.2 ms | cr: 2841.0
    546. dt:  0.25 ms | #newton:  1 | ph:  0.0% | #CG/newton: 1502 | ls (cap|max|inv|bt):  0| 0| 0| 0| runtime:  715.0 ms | cr: 2860.0
    547. dt:  0.25 ms | #newton:  1 | ph:  0.0% | #CG/newton: 1489 | ls (cap|max|inv|bt):  0| 0| 0| 0| runtime:  737.5 ms | cr: 2950.1
    548. dt:  0.25 ms | #newton:  1 | ph:  0.0% | #CG/newton: 1512 | ls (cap|max|inv|bt):  0| 0| 0| 0| runtime:  723.4 ms | cr: 2893.4
    549. dt:  0.25 ms | #newton:  1 | ph:  0.0% | #CG/newton: 1510 | ls (cap|max|inv|bt):  0| 0| 0| 0| runtime:  694.3 ms | cr: 2777.0
    550. dt:  0.25 ms | #newton:  1 | ph:  0.0% | #CG/newton: 1499 | ls (cap|max|inv|bt):  0| 0| 0| 0| runtime:  689.5 ms | cr: 2758.1
    551. dt:  0.25 ms | #newton:  1 | ph:  0.0% | #CG/newton: 1501 | ls (cap|max|inv|bt):  0| 0| 0| 0| runtime:  690.4 ms | cr: 2761.7
    552. dt:  0.25 ms | #newton:  1 | ph:  0.0% | #CG/newton: 1460 | ls (cap|max|inv|bt):  0| 0| 0| 0| runtime:  680.2 ms | cr: 2720.8
    553. dt:  0.25 ms | #newton:  1 | ph:  0.0% | #CG/newton: 1476 | ls (cap|max|inv|bt):  0| 0| 0| 0| runtime:  685.3 ms | cr: 2741.4
    554. dt:  0.25 ms | #newton:  1 | ph:  0.0% | #CG/newton: 1453 | ls (cap|max|inv|bt):  0| 0| 0| 0| runtime:  691.4 ms | cr: 2765.7
    555. dt:  0.25 ms | #newton:  1 | ph:  0.0% | #CG/newton: 1392 | ls (cap|max|inv|bt):  0| 0| 0| 0| runtime:  672.5 ms | cr: 2689.8
    556. dt:  0.25 ms | #newton:  1 | ph:  0.0% | #CG/newton: 1738 | ls (cap|max|inv|bt):  0| 0| 0| 0| runtime:  830.5 ms | cr: 3322.1
    557. dt:  0.25 ms | #newton:  1 | ph:  0.0% | #CG/newton: 1732 | ls (cap|max|inv|bt):  0| 0| 0| 0| runtime:  829.9 ms | cr: 3319.7
    558. dt:  0.25 ms | #newton:  1 | ph:  0.0% | #CG/newton: 1722 | ls (cap|max|inv|bt):  0| 0| 0| 0| runtime:  806.0 ms | cr: 3223.9
    559. dt:  0.25 ms | #newton:  1 | ph:  0.0% | #CG/newton: 1722 | ls (cap|max|inv|bt):  0| 0| 0| 0| runtime:  816.0 ms | cr: 3264.0
    560. dt:  0.25 ms | #newton:  1 | ph:  0.0% | #CG/newton: 1722 | ls (cap|max|inv|bt):  0| 0| 0| 0| runtime:  829.0 ms | cr: 3315.8
    561. dt:  0.25 ms | #newton:  1 | ph:  0.0% | #CG/newton: 1719 | ls (cap|max|inv|bt):  0| 0| 0| 0| runtime:  786.6 ms | cr: 3146.4
    562. dt:  0.25 ms | #newton:  1 | ph:  0.0% | #CG/newton: 1701 | ls (cap|max|inv|bt):  0| 0| 0| 0| runtime:  777.3 ms | cr: 3109.0
    563. dt:  0.25 ms | #newton:  1 | ph:  0.0% | #CG/newton: 1701 | ls (cap|max|inv|bt):  0| 0| 0| 0| runtime:  775.2 ms | cr: 3100.7
    564. dt:  0.25 ms | #newton:  1 | ph:  0.0% | #CG/newton: 1709 | ls (cap|max|inv|bt):  0| 0| 0| 0| runtime:  781.6 ms | cr: 3126.5
    565. dt:  0.25 ms | #newton:  1 | ph:  0.0% | #CG/newton: 1706 | ls (cap|max|inv|bt):  0| 0| 0| 0| runtime:  784.7 ms | cr: 3138.9
    566. dt:  0.25 ms | #newton:  1 | ph:  0.0% | #CG/newton: 1741 | ls (cap|max|inv|bt):  0| 0| 0| 0| runtime:  792.0 ms | cr: 3168.0
    567. dt:  0.25 ms | #newton:  1 | ph:  0.0% | #CG/newton: 1499 | ls (cap|max|inv|bt):  0| 0| 0| 0| runtime:  705.0 ms | cr: 2820.1
    568. dt:  0.25 ms | #newton:  1 | ph:  0.0% | #CG/newton: 1530 | ls (cap|max|inv|bt):  0| 0| 0| 0| runtime:  716.4 ms | cr: 2865.7
    569. dt:  0.25 ms | #newton:  1 | ph:  0.0% | #CG/newton: 1523 | ls (cap|max|inv|bt):  0| 0| 0| 0| runtime:  701.2 ms | cr: 2805.0
    570. dt:  0.25 ms | #newton:  1 | ph:  0.0% | #CG/newton: 1529 | ls (cap|max|inv|bt):  0| 0| 0| 0| runtime:  704.6 ms | cr: 2818.3
    571. dt:  0.25 ms | #newton:  1 | ph:  0.0% | #CG/newton: 1523 | ls (cap|max|inv|bt):  0| 0| 0| 0| runtime:  704.6 ms | cr: 2818.3
    572. dt:  0.25 ms | #newton:  1 | ph:  0.0% | #CG/newton: 1523 | ls (cap|max|inv|bt):  0| 0| 0| 0| runtime:  696.6 ms | cr: 2786.6
    573. dt:  0.25 ms | #newton:  1 | ph:  0.0% | #CG/newton: 1500 | ls (cap|max|inv|bt):  0| 0| 0| 0| runtime:  708.2 ms | cr: 2832.9
    574. dt:  0.25 ms | #newton:  1 | ph:  0.0% | #CG/newton: 1497 | ls (cap|max|inv|bt):  0| 0| 0| 0| runtime:  703.7 ms | cr: 2814.9
    575. dt:  0.25 ms | #newton:  1 | ph:  0.0% | #CG/newton: 1498 | ls (cap|max|inv|bt):  0| 0| 0| 0| runtime:  742.7 ms | cr: 2970.8
    576. dt:  0.25 ms | #newton:  1 | ph:  0.0% | #CG/newton: 1493 | ls (cap|max|inv|bt):  0| 0| 0| 0| runtime:  737.3 ms | cr: 2949.2
    577. dt:  0.25 ms | #newton:  1 | ph:  0.0% | #CG/newton: 1500 | ls (cap|max|inv|bt):  0| 0| 0| 0| runtime:  784.8 ms | cr: 3139.0
    578. dt:  0.25 ms | #newton:  1 | ph:  0.0% | #CG/newton: 1502 | ls (cap|max|inv|bt):  0| 0| 0| 0| runtime:  722.9 ms | cr: 2891.5
    579. dt:  0.25 ms | #newton:  1 | ph:  0.0% | #CG/newton: 1510 | ls (cap|max|inv|bt):  0| 0| 0| 0| runtime:  731.1 ms | cr: 2924.3
    580. dt:  0.25 ms | #newton:  1 | ph:  0.0% | #CG/newton: 1506 | ls (cap|max|inv|bt):  0| 0| 0| 0| runtime:  731.1 ms | cr: 2924.3
    581. dt:  0.25 ms | #newton:  1 | ph:  0.0% | #CG/newton: 1508 | ls (cap|max|inv|bt):  0| 0| 0| 0| runtime:  728.5 ms | cr: 2914.1
    582. dt:  0.25 ms | #newton:  1 | ph:  0.0% | #CG/newton: 1517 | ls (cap|max|inv|bt):  0| 0| 0| 0| runtime:  711.1 ms | cr: 2844.3
    583. dt:  0.25 ms | #newton:  1 | ph:  0.0% | #CG/newton: 1548 | ls (cap|max|inv|bt):  0| 0| 0| 0| runtime:  730.5 ms | cr: 2921.9
    584. dt:  0.25 ms | #newton:  1 | ph:  0.0% | #CG/newton: 1525 | ls (cap|max|inv|bt):  0| 0| 0| 0| runtime:  719.4 ms | cr: 2877.5
    585. dt:  0.25 ms | #newton:  1 | ph:  0.0% | #CG/newton: 1548 | ls (cap|max|inv|bt):  0| 0| 0| 0| runtime:  721.5 ms | cr: 2885.9
    586. dt:  0.25 ms | #newton:  1 | ph:  0.0% | #CG/newton: 1509 | ls (cap|max|inv|bt):  0| 0| 0| 0| runtime:  701.2 ms | cr: 2804.8
    587. dt:  0.25 ms | #newton:  1 | ph:  0.0% | #CG/newton: 1309 | ls (cap|max|inv|bt):  0| 0| 0| 0| runtime:  628.2 ms | cr: 2512.9
    588. dt:  0.25 ms | #newton:  1 | ph:  0.0% | #CG/newton: 1295 | ls (cap|max|inv|bt):  0| 0| 0| 0| runtime:  629.6 ms | cr: 2518.3
    589. dt:  0.25 ms | #newton:  1 | ph:  0.0% | #CG/newton: 1529 | ls (cap|max|inv|bt):  0| 0| 0| 0| runtime:  717.0 ms | cr: 2868.2
    590. dt:  0.25 ms | #newton:  1 | ph:  0.0% | #CG/newton: 1521 | ls (cap|max|inv|bt):  0| 0| 0| 0| runtime:  701.8 ms | cr: 2807.3
    591. dt:  0.25 ms | #newton:  1 | ph:  0.0% | #CG/newton: 1299 | ls (cap|max|inv|bt):  0| 0| 0| 0| runtime:  628.6 ms | cr: 2514.4
    592. dt:  0.25 ms | #newton:  1 | ph:  0.0% | #CG/newton: 1235 | ls (cap|max|inv|bt):  0| 0| 0| 0| runtime:  598.5 ms | cr: 2394.0
    593. dt:  0.25 ms | #newton:  1 | ph:  0.0% | #CG/newton: 1291 | ls (cap|max|inv|bt):  0| 0| 0| 0| runtime:  609.9 ms | cr: 2439.5
    594. dt:  0.25 ms | #newton:  1 | ph:  0.0% | #CG/newton: 1256 | ls (cap|max|inv|bt):  0| 0| 0| 0| runtime:  602.6 ms | cr: 2410.3
    595. dt:  0.25 ms | #newton:  1 | ph:  0.0% | #CG/newton: 1294 | ls (cap|max|inv|bt):  0| 0| 0| 0| runtime:  624.6 ms | cr: 2498.5
    596. dt:  0.25 ms | #newton:  1 | ph:  0.0% | #CG/newton: 1257 | ls (cap|max|inv|bt):  0| 0| 0| 0| runtime:  620.0 ms | cr: 2479.9
    597. dt:  0.25 ms | #newton:  1 | ph:  0.0% | #CG/newton: 1246 | ls (cap|max|inv|bt):  0| 0| 0| 0| runtime:  627.2 ms | cr: 2508.9
    598. dt:  0.25 ms | #newton:  1 | ph:  0.0% | #CG/newton:  886 | ls (cap|max|inv|bt):  0| 0| 0| 0| runtime:  499.8 ms | cr: 1999.3
    599. dt:  0.25 ms | #newton:  1 | ph:  0.0% | #CG/newton: 1293 | ls (cap|max|inv|bt):  0| 0| 0| 0| runtime:  641.5 ms | cr: 2565.9
    600. dt:  0.25 ms | #newton:  1 | ph:  0.0% | #CG/newton:  882 | ls (cap|max|inv|bt):  0| 0| 0| 0| runtime:  482.7 ms | cr: 1930.8
    601. dt:  0.25 ms | #newton:  1 | ph:  0.0% | #CG/newton: 1290 | ls (cap|max|inv|bt):  0| 0| 0| 0| runtime:  642.5 ms | cr: 2570.1
    602. dt:  0.25 ms | #newton:  1 | ph:  0.0% | #CG/newton: 1272 | ls (cap|max|inv|bt):  0| 0| 0| 0| runtime:  628.5 ms | cr: 2514.0
    603. dt:  0.25 ms | #newton:  1 | ph:  0.0% | #CG/newton: 1238 | ls (cap|max|inv|bt):  0| 0| 0| 0| runtime:  621.7 ms | cr: 2486.8
    604. dt:  0.25 ms | #newton:  1 | ph:  0.0% | #CG/newton: 1269 | ls (cap|max|inv|bt):  0| 0| 0| 0| runtime:  619.6 ms | cr: 2478.5
    605. dt:  0.25 ms | #newton:  1 | ph:  0.0% | #CG/newton: 1291 | ls (cap|max|inv|bt):  0| 0| 0| 0| runtime:  619.3 ms | cr: 2477.2
    606. dt:  0.25 ms | #newton:  1 | ph:  0.0% | #CG/newton: 1289 | ls (cap|max|inv|bt):  0| 0| 0| 0| runtime:  616.6 ms | cr: 2466.2
    607. dt:  0.25 ms | #newton:  1 | ph:  0.0% | #CG/newton: 1291 | ls (cap|max|inv|bt):  0| 0| 0| 0| runtime:  623.4 ms | cr: 2493.5
    608. dt:  0.25 ms | #newton:  1 | ph:  0.0% | #CG/newton: 1294 | ls (cap|max|inv|bt):  0| 0| 0| 0| runtime:  622.3 ms | cr: 2489.3
    609. dt:  0.25 ms | #newton:  1 | ph:  0.0% | #CG/newton: 1295 | ls (cap|max|inv|bt):  0| 0| 0| 0| runtime:  632.0 ms | cr: 2527.8
    610. dt:  0.25 ms | #newton:  1 | ph:  0.0% | #CG/newton: 1291 | ls (cap|max|inv|bt):  0| 0| 0| 0| runtime:  613.7 ms | cr: 2454.8
    611. dt:  0.25 ms | #newton:  1 | ph:  0.0% | #CG/newton: 1297 | ls (cap|max|inv|bt):  0| 0| 0| 0| runtime:  620.0 ms | cr: 2480.0
    612. dt:  0.25 ms | #newton:  1 | ph:  0.0% | #CG/newton: 1260 | ls (cap|max|inv|bt):  0| 0| 0| 0| runtime:  602.3 ms | cr: 2409.1
    613. dt:  0.25 ms | #newton:  1 | ph:  0.0% | #CG/newton: 1300 | ls (cap|max|inv|bt):  0| 0| 0| 0| runtime:  621.6 ms | cr: 2486.6
    614. dt:  0.25 ms | #newton:  1 | ph:  0.0% | #CG/newton:  882 | ls (cap|max|inv|bt):  0| 0| 0| 0| runtime:  469.9 ms | cr: 1879.8
    615. dt:  0.25 ms | #newton:  1 | ph:  0.0% | #CG/newton: 1262 | ls (cap|max|inv|bt):  0| 0| 0| 0| runtime:  620.7 ms | cr: 2482.6
    616. dt:  0.25 ms | #newton:  1 | ph:  0.0% | #CG/newton:  880 | ls (cap|max|inv|bt):  0| 0| 0| 0| runtime:  466.5 ms | cr: 1865.9
    617. dt:  0.25 ms | #newton:  1 | ph:  0.0% | #CG/newton:  883 | ls (cap|max|inv|bt):  0| 0| 0| 0| runtime:  464.2 ms | cr: 1857.0
    618. dt:  0.25 ms | #newton:  1 | ph:  0.0% | #CG/newton:  969 | ls (cap|max|inv|bt):  0| 0| 0| 0| runtime:  504.2 ms | cr: 2016.9
    619. dt:  0.25 ms | #newton:  1 | ph:  0.0% | #CG/newton:  990 | ls (cap|max|inv|bt):  0| 0| 0| 0| runtime:  507.9 ms | cr: 2031.7
    620. dt:  0.25 ms | #newton:  1 | ph:  0.0% | #CG/newton:  986 | ls (cap|max|inv|bt):  0| 0| 0| 0| runtime:  504.3 ms | cr: 2017.1
    621. dt:  0.25 ms | #newton:  1 | ph:  0.0% | #CG/newton:  882 | ls (cap|max|inv|bt):  0| 0| 0| 0| runtime:  480.8 ms | cr: 1923.3
    622. dt:  0.25 ms | #newton:  1 | ph:  0.0% | #CG/newton:  967 | ls (cap|max|inv|bt):  0| 0| 0| 0| runtime:  506.2 ms | cr: 2024.7
    623. dt:  0.25 ms | #newton:  1 | ph:  0.0% | #CG/newton:  968 | ls (cap|max|inv|bt):  0| 0| 0| 0| runtime:  523.9 ms | cr: 2095.6
    624. dt:  0.25 ms | #newton:  1 | ph:  0.0% | #CG/newton:  966 | ls (cap|max|inv|bt):  0| 0| 0| 0| runtime:  524.8 ms | cr: 2099.0
    625. dt:  0.25 ms | #newton:  1 | ph:  0.0% | #CG/newton:  971 | ls (cap|max|inv|bt):  0| 0| 0| 0| runtime:  532.6 ms | cr: 2130.5
    626. dt:  0.25 ms | #newton:  1 | ph:  0.0% | #CG/newton:  967 | ls (cap|max|inv|bt):  0| 0| 0| 0| runtime:  518.9 ms | cr: 2075.5
    627. dt:  0.25 ms | #newton:  1 | ph:  0.0% | #CG/newton:  985 | ls (cap|max|inv|bt):  0| 0| 0| 0| runtime:  527.1 ms | cr: 2108.4
    628. dt:  0.25 ms | #newton:  1 | ph:  0.0% | #CG/newton:  967 | ls (cap|max|inv|bt):  0| 0| 0| 0| runtime:  533.2 ms | cr: 2132.8
    629. dt:  0.25 ms | #newton:  1 | ph:  0.0% | #CG/newton:  880 | ls (cap|max|inv|bt):  0| 0| 0| 0| runtime:  492.0 ms | cr: 1968.0
    630. dt:  0.25 ms | #newton:  1 | ph:  0.0% | #CG/newton:  965 | ls (cap|max|inv|bt):  0| 0| 0| 0| runtime:  519.5 ms | cr: 2077.8
    631. dt:  0.25 ms | #newton:  1 | ph:  0.0% | #CG/newton:  877 | ls (cap|max|inv|bt):  0| 0| 0| 0| runtime:  471.5 ms | cr: 1886.0
    632. dt:  0.25 ms | #newton:  1 | ph:  0.0% | #CG/newton:  966 | ls (cap|max|inv|bt):  0| 0| 0| 0| runtime:  501.7 ms | cr: 2006.8
    633. dt:  0.25 ms | #newton:  1 | ph:  0.0% | #CG/newton:  876 | ls (cap|max|inv|bt):  0| 0| 0| 0| runtime:  461.7 ms | cr: 1846.6
    634. dt:  0.25 ms | #newton:  1 | ph:  0.0% | #CG/newton:  963 | ls (cap|max|inv|bt):  0| 0| 0| 0| runtime:  504.5 ms | cr: 2017.8
    635. dt:  0.25 ms | #newton:  1 | ph:  0.0% | #CG/newton:  876 | ls (cap|max|inv|bt):  0| 0| 0| 0| runtime:  453.2 ms | cr: 1812.9
    636. dt:  0.25 ms | #newton:  1 | ph:  0.0% | #CG/newton:  963 | ls (cap|max|inv|bt):  0| 0| 0| 0| runtime:  500.3 ms | cr: 2001.2
    637. dt:  0.25 ms | #newton:  1 | ph:  0.0% | #CG/newton:  876 | ls (cap|max|inv|bt):  0| 0| 0| 0| runtime:  457.8 ms | cr: 1831.0
    638. dt:  0.25 ms | #newton:  1 | ph:  0.0% | #CG/newton:  963 | ls (cap|max|inv|bt):  0| 0| 0| 0| runtime:  498.1 ms | cr: 1992.3
    639. dt:  0.25 ms | #newton:  1 | ph:  0.0% | #CG/newton:  877 | ls (cap|max|inv|bt):  0| 0| 0| 0| runtime:  456.4 ms | cr: 1825.5
    640. dt:  0.25 ms | #newton:  1 | ph:  0.0% | #CG/newton:  964 | ls (cap|max|inv|bt):  0| 0| 0| 0| runtime:  489.1 ms | cr: 1956.3
    641. dt:  0.25 ms | #newton:  1 | ph:  0.0% | #CG/newton:  877 | ls (cap|max|inv|bt):  0| 0| 0| 0| runtime:  453.4 ms | cr: 1813.5
    642. dt:  0.25 ms | #newton:  1 | ph:  0.0% | #CG/newton:  965 | ls (cap|max|inv|bt):  0| 0| 0| 0| runtime:  490.0 ms | cr: 1960.1
    643. dt:  0.25 ms | #newton:  1 | ph:  0.0% | #CG/newton:  882 | ls (cap|max|inv|bt):  0| 0| 0| 0| runtime:  461.4 ms | cr: 1845.8
    644. dt:  0.25 ms | #newton:  1 | ph:  0.0% | #CG/newton:  964 | ls (cap|max|inv|bt):  0| 0| 0| 0| runtime:  492.9 ms | cr: 1971.7
    645. dt:  0.25 ms | #newton:  1 | ph:  0.0% | #CG/newton: 1257 | ls (cap|max|inv|bt):  0| 0| 0| 0| runtime:  601.7 ms | cr: 2407.0
    646. dt:  0.25 ms | #newton:  1 | ph:  0.0% | #CG/newton:  879 | ls (cap|max|inv|bt):  0| 0| 0| 0| runtime:  462.2 ms | cr: 1848.9
    647. dt:  0.25 ms | #newton:  1 | ph:  0.0% | #CG/newton: 1277 | ls (cap|max|inv|bt):  0| 0| 0| 0| runtime:  602.5 ms | cr: 2410.1
    648. dt:  0.25 ms | #newton:  1 | ph:  0.0% | #CG/newton:  886 | ls (cap|max|inv|bt):  0| 0| 0| 0| runtime:  473.3 ms | cr: 1893.3
    649. dt:  0.25 ms | #newton:  1 | ph:  0.0% | #CG/newton: 1262 | ls (cap|max|inv|bt):  0| 0| 0| 0| runtime:  607.3 ms | cr: 2429.1
    650. dt:  0.25 ms | #newton:  1 | ph:  0.0% | #CG/newton:  881 | ls (cap|max|inv|bt):  0| 0| 0| 0| runtime:  467.5 ms | cr: 1870.1
    651. dt:  0.25 ms | #newton:  1 | ph:  0.0% | #CG/newton: 1270 | ls (cap|max|inv|bt):  0| 0| 0| 0| runtime:  635.2 ms | cr: 2540.7
    652. dt:  0.25 ms | #newton:  1 | ph:  0.0% | #CG/newton: 1295 | ls (cap|max|inv|bt):  0| 0| 0| 0| runtime:  650.7 ms | cr: 2602.7
    653. dt:  0.25 ms | #newton:  1 | ph:  0.0% | #CG/newton: 1261 | ls (cap|max|inv|bt):  0| 0| 0| 0| runtime:  656.4 ms | cr: 2625.4
    654. dt:  0.25 ms | #newton:  1 | ph:  0.0% | #CG/newton: 1251 | ls (cap|max|inv|bt):  0| 0| 0| 0| runtime:  645.0 ms | cr: 2580.1
    655. dt:  0.25 ms | #newton:  1 | ph:  0.0% | #CG/newton: 1262 | ls (cap|max|inv|bt):  0| 0| 0| 0| runtime:  642.2 ms | cr: 2568.6
    656. dt:  0.25 ms | #newton:  1 | ph:  0.0% | #CG/newton: 1243 | ls (cap|max|inv|bt):  0| 0| 0| 0| runtime:  634.1 ms | cr: 2536.5
    657. dt:  0.25 ms | #newton:  1 | ph:  0.0% | #CG/newton: 1252 | ls (cap|max|inv|bt):  0| 0| 0| 0| runtime:  630.5 ms | cr: 2522.1
    658. dt:  0.25 ms | #newton:  1 | ph:  0.0% | #CG/newton: 1271 | ls (cap|max|inv|bt):  0| 0| 0| 0| runtime:  623.3 ms | cr: 2493.3
    659. dt:  0.25 ms | #newton:  1 | ph:  0.0% | #CG/newton: 1300 | ls (cap|max|inv|bt):  0| 0| 0| 0| runtime:  621.7 ms | cr: 2486.8
    660. dt:  0.25 ms | #newton:  1 | ph:  0.0% | #CG/newton: 1286 | ls (cap|max|inv|bt):  0| 0| 0| 0| runtime:  613.0 ms | cr: 2452.1
    661. dt:  0.25 ms | #newton:  1 | ph:  0.0% | #CG/newton: 1290 | ls (cap|max|inv|bt):  0| 0| 0| 0| runtime:  648.7 ms | cr: 2594.9
    662. dt:  0.25 ms | #newton:  1 | ph:  0.0% | #CG/newton: 1295 | ls (cap|max|inv|bt):  0| 0| 0| 0| runtime:  627.1 ms | cr: 2508.5
    663. dt:  0.25 ms | #newton:  1 | ph:  0.0% | #CG/newton: 1265 | ls (cap|max|inv|bt):  0| 0| 0| 0| runtime:  610.1 ms | cr: 2440.6
    664. dt:  0.25 ms | #newton:  1 | ph:  0.0% | #CG/newton: 1298 | ls (cap|max|inv|bt):  0| 0| 0| 0| runtime:  635.5 ms | cr: 2542.1
    665. dt:  0.25 ms | #newton:  1 | ph:  0.0% | #CG/newton: 1243 | ls (cap|max|inv|bt):  0| 0| 0| 0| runtime:  618.7 ms | cr: 2474.8
    666. dt:  0.25 ms | #newton:  1 | ph:  0.0% | #CG/newton: 1285 | ls (cap|max|inv|bt):  0| 0| 0| 0| runtime:  640.9 ms | cr: 2563.8
[Frame: 5] Time: 0.167 s
    667. dt:  0.25 ms | #newton:  1 | ph:  0.0% | #CG/newton: 1243 | ls (cap|max|inv|bt):  0| 0| 0| 0| runtime:  614.4 ms | cr: 2457.8
    668. dt:  0.25 ms | #newton:  1 | ph:  0.0% | #CG/newton: 1257 | ls (cap|max|inv|bt):  0| 0| 0| 0| runtime:  634.9 ms | cr: 2539.5
    669. dt:  0.25 ms | #newton:  1 | ph:  0.0% | #CG/newton: 1290 | ls (cap|max|inv|bt):  0| 0| 0| 0| runtime:  641.3 ms | cr: 2565.1
    670. dt:  0.25 ms | #newton:  1 | ph:  0.0% | #CG/newton: 1256 | ls (cap|max|inv|bt):  0| 0| 0| 0| runtime:  618.6 ms | cr: 2474.2
    671. dt:  0.25 ms | #newton:  1 | ph:  0.0% | #CG/newton: 1297 | ls (cap|max|inv|bt):  0| 0| 0| 0| runtime:  629.9 ms | cr: 2519.5
    672. dt:  0.25 ms | #newton:  1 | ph:  0.0% | #CG/newton: 1244 | ls (cap|max|inv|bt):  0| 0| 0| 0| runtime:  601.4 ms | cr: 2405.7
    673. dt:  0.25 ms | #newton:  1 | ph:  0.0% | #CG/newton: 1290 | ls (cap|max|inv|bt):  0| 0| 0| 0| runtime:  611.6 ms | cr: 2446.5
    674. dt:  0.25 ms | #newton:  1 | ph:  0.0% | #CG/newton: 1265 | ls (cap|max|inv|bt):  0| 0| 0| 0| runtime:  601.9 ms | cr: 2407.8
    675. dt:  0.25 ms | #newton:  1 | ph:  0.0% | #CG/newton: 1299 | ls (cap|max|inv|bt):  0| 0| 0| 0| runtime:  621.9 ms | cr: 2487.6
    676. dt:  0.25 ms | #newton:  1 | ph:  0.0% | #CG/newton: 1262 | ls (cap|max|inv|bt):  0| 0| 0| 0| runtime:  635.2 ms | cr: 2540.8
    677. dt:  0.25 ms | #newton:  1 | ph:  0.0% | #CG/newton: 1295 | ls (cap|max|inv|bt):  0| 0| 0| 0| runtime:  648.4 ms | cr: 2593.4
    678. dt:  0.25 ms | #newton:  1 | ph:  0.0% | #CG/newton: 1255 | ls (cap|max|inv|bt):  0| 0| 0| 0| runtime:  628.3 ms | cr: 2513.2
    679. dt:  0.25 ms | #newton:  1 | ph:  0.0% | #CG/newton: 1259 | ls (cap|max|inv|bt):  0| 0| 0| 0| runtime:  634.0 ms | cr: 2535.9
    680. dt:  0.25 ms | #newton:  1 | ph:  0.0% | #CG/newton: 1250 | ls (cap|max|inv|bt):  0| 0| 0| 0| runtime:  640.0 ms | cr: 2559.9
    681. dt:  0.25 ms | #newton:  1 | ph:  0.0% | #CG/newton: 1273 | ls (cap|max|inv|bt):  0| 0| 0| 0| runtime:  647.7 ms | cr: 2590.8
    682. dt:  0.25 ms | #newton:  1 | ph:  0.0% | #CG/newton: 1294 | ls (cap|max|inv|bt):  0| 0| 0| 0| runtime:  644.9 ms | cr: 2579.4
    683. dt:  0.25 ms | #newton:  1 | ph:  0.0% | #CG/newton: 1268 | ls (cap|max|inv|bt):  0| 0| 0| 0| runtime:  605.9 ms | cr: 2423.5
    684. dt:  0.25 ms | #newton:  1 | ph:  0.0% | #CG/newton: 1294 | ls (cap|max|inv|bt):  0| 0| 0| 0| runtime:  620.2 ms | cr: 2481.0
    685. dt:  0.25 ms | #newton:  1 | ph:  0.0% | #CG/newton: 1269 | ls (cap|max|inv|bt):  0| 0| 0| 0| runtime:  610.6 ms | cr: 2442.6
    686. dt:  0.25 ms | #newton:  1 | ph:  0.0% | #CG/newton: 1296 | ls (cap|max|inv|bt):  0| 0| 0| 0| runtime:  627.2 ms | cr: 2508.8
    687. dt:  0.25 ms | #newton:  1 | ph:  0.0% | #CG/newton: 1272 | ls (cap|max|inv|bt):  0| 0| 0| 0| runtime:  637.4 ms | cr: 2549.6
    688. dt:  0.25 ms | #newton:  1 | ph:  0.0% | #CG/newton: 1293 | ls (cap|max|inv|bt):  0| 0| 0| 0| runtime:  618.5 ms | cr: 2473.8
    689. dt:  0.25 ms | #newton:  1 | ph:  0.0% | #CG/newton: 1294 | ls (cap|max|inv|bt):  0| 0| 0| 0| runtime:  634.1 ms | cr: 2536.3
    690. dt:  0.25 ms | #newton:  1 | ph:  0.0% | #CG/newton: 1288 | ls (cap|max|inv|bt):  0| 0| 0| 0| runtime:  641.5 ms | cr: 2565.9
    691. dt:  0.25 ms | #newton:  1 | ph:  0.0% | #CG/newton: 1243 | ls (cap|max|inv|bt):  0| 0| 0| 0| runtime:  630.1 ms | cr: 2520.6
    692. dt:  0.25 ms | #newton:  1 | ph:  0.0% | #CG/newton: 1286 | ls (cap|max|inv|bt):  0| 0| 0| 0| runtime:  648.2 ms | cr: 2592.9
    693. dt:  0.25 ms | #newton:  1 | ph:  0.0% | #CG/newton: 1277 | ls (cap|max|inv|bt):  0| 0| 0| 0| runtime:  626.9 ms | cr: 2507.5
    694. dt:  0.25 ms | #newton:  1 | ph:  0.0% | #CG/newton: 1282 | ls (cap|max|inv|bt):  0| 0| 0| 0| runtime:  639.3 ms | cr: 2557.4
    695. dt:  0.25 ms | #newton:  1 | ph:  0.0% | #CG/newton: 1286 | ls (cap|max|inv|bt):  0| 0| 0| 0| runtime:  641.9 ms | cr: 2567.7
    696. dt:  0.25 ms | #newton:  1 | ph:  0.0% | #CG/newton: 1274 | ls (cap|max|inv|bt):  0| 0| 0| 0| runtime:  626.1 ms | cr: 2504.5
    697. dt:  0.25 ms | #newton:  1 | ph:  0.0% | #CG/newton: 1289 | ls (cap|max|inv|bt):  0| 0| 0| 0| runtime:  674.0 ms | cr: 2696.0
    698. dt:  0.25 ms | #newton:  1 | ph:  0.0% | #CG/newton: 1286 | ls (cap|max|inv|bt):  0| 0| 0| 0| runtime:  639.1 ms | cr: 2556.2
    699. dt:  0.25 ms | #newton:  1 | ph:  0.0% | #CG/newton: 1286 | ls (cap|max|inv|bt):  0| 0| 0| 0| runtime:  648.6 ms | cr: 2594.4
    700. dt:  0.25 ms | #newton:  1 | ph:  0.0% | #CG/newton: 1247 | ls (cap|max|inv|bt):  0| 0| 0| 0| runtime:  633.9 ms | cr: 2535.5
    701. dt:  0.25 ms | #newton:  1 | ph:  0.0% | #CG/newton: 1272 | ls (cap|max|inv|bt):  0| 0| 0| 0| runtime:  653.6 ms | cr: 2614.5
    702. dt:  0.25 ms | #newton:  1 | ph:  0.0% | #CG/newton: 1289 | ls (cap|max|inv|bt):  0| 0| 0| 0| runtime:  629.8 ms | cr: 2519.2
    703. dt:  0.25 ms | #newton:  1 | ph:  0.0% | #CG/newton: 1283 | ls (cap|max|inv|bt):  0| 0| 0| 0| runtime:  639.3 ms | cr: 2557.3
    704. dt:  0.25 ms | #newton:  1 | ph:  0.0% | #CG/newton: 1240 | ls (cap|max|inv|bt):  0| 0| 0| 0| runtime:  624.2 ms | cr: 2496.8
    705. dt:  0.25 ms | #newton:  1 | ph:  0.0% | #CG/newton: 1287 | ls (cap|max|inv|bt):  0| 0| 0| 0| runtime:  642.2 ms | cr: 2568.8
    706. dt:  0.25 ms | #newton:  1 | ph:  0.0% | #CG/newton: 1257 | ls (cap|max|inv|bt):  0| 0| 0| 0| runtime:  598.2 ms | cr: 2392.9
    707. dt:  0.25 ms | #newton:  1 | ph:  0.0% | #CG/newton: 1288 | ls (cap|max|inv|bt):  0| 0| 0| 0| runtime:  614.0 ms | cr: 2455.9
    708. dt:  0.25 ms | #newton:  1 | ph:  0.0% | #CG/newton: 1238 | ls (cap|max|inv|bt):  0| 0| 0| 0| runtime:  592.8 ms | cr: 2371.4
    709. dt:  0.25 ms | #newton:  1 | ph:  0.0% | #CG/newton: 1259 | ls (cap|max|inv|bt):  0| 0| 0| 0| runtime:  606.2 ms | cr: 2424.8
    710. dt:  0.25 ms | #newton:  1 | ph:  0.0% | #CG/newton: 1285 | ls (cap|max|inv|bt):  0| 0| 0| 0| runtime:  616.5 ms | cr: 2466.1
    711. dt:  0.25 ms | #newton:  1 | ph:  0.0% | #CG/newton: 1251 | ls (cap|max|inv|bt):  0| 0| 0| 0| runtime:  605.7 ms | cr: 2422.9
    712. dt:  0.25 ms | #newton:  1 | ph:  0.0% | #CG/newton: 1289 | ls (cap|max|inv|bt):  0| 0| 0| 0| runtime:  618.9 ms | cr: 2475.8
    713. dt:  0.25 ms | #newton:  1 | ph:  0.0% | #CG/newton: 1253 | ls (cap|max|inv|bt):  0| 0| 0| 0| runtime:  606.2 ms | cr: 2424.9
    714. dt:  0.25 ms | #newton:  1 | ph:  0.0% | #CG/newton: 1269 | ls (cap|max|inv|bt):  0| 0| 0| 0| runtime:  603.1 ms | cr: 2412.2
    715. dt:  0.25 ms | #newton:  1 | ph:  0.0% | #CG/newton: 1289 | ls (cap|max|inv|bt):  0| 0| 0| 0| runtime:  619.0 ms | cr: 2475.8
    716. dt:  0.25 ms | #newton:  1 | ph:  0.0% | #CG/newton: 1253 | ls (cap|max|inv|bt):  0| 0| 0| 0| runtime:  617.0 ms | cr: 2468.1
    717. dt:  0.25 ms | #newton:  1 | ph:  0.0% | #CG/newton: 1292 | ls (cap|max|inv|bt):  0| 0| 0| 0| runtime:  613.9 ms | cr: 2455.5
    718. dt:  0.25 ms | #newton:  1 | ph:  0.0% | #CG/newton: 1253 | ls (cap|max|inv|bt):  0| 0| 0| 0| runtime:  602.9 ms | cr: 2411.4
    719. dt:  0.25 ms | #newton:  1 | ph:  0.0% | #CG/newton: 1223 | ls (cap|max|inv|bt):  0| 0| 0| 0| runtime:  588.3 ms | cr: 2353.1
    720. dt:  0.25 ms | #newton:  1 | ph:  0.0% | #CG/newton: 1232 | ls (cap|max|inv|bt):  0| 0| 0| 0| runtime:  598.5 ms | cr: 2393.8
    721. dt:  0.25 ms | #newton:  1 | ph:  0.0% | #CG/newton: 1226 | ls (cap|max|inv|bt):  0| 0| 0| 0| runtime:  593.3 ms | cr: 2373.1
    722. dt:  0.25 ms | #newton:  1 | ph:  0.0% | #CG/newton: 1257 | ls (cap|max|inv|bt):  0| 0| 0| 0| runtime:  603.1 ms | cr: 2412.3
    723. dt:  0.25 ms | #newton:  1 | ph:  0.0% | #CG/newton: 1223 | ls (cap|max|inv|bt):  0| 0| 0| 0| runtime:  597.6 ms | cr: 2390.5
    724. dt:  0.25 ms | #newton:  1 | ph:  0.0% | #CG/newton: 1232 | ls (cap|max|inv|bt):  0| 0| 0| 0| runtime:  624.0 ms | cr: 2496.1
    725. dt:  0.25 ms | #newton:  1 | ph:  0.0% | #CG/newton: 1255 | ls (cap|max|inv|bt):  0| 0| 0| 0| runtime:  639.5 ms | cr: 2558.1
    726. dt:  0.25 ms | #newton:  1 | ph:  0.0% | #CG/newton: 1123 | ls (cap|max|inv|bt):  0| 0| 0| 0| runtime:  593.6 ms | cr: 2374.5
    727. dt:  0.25 ms | #newton:  1 | ph:  0.0% | #CG/newton: 1224 | ls (cap|max|inv|bt):  0| 0| 0| 0| runtime:  627.4 ms | cr: 2509.4
    728. dt:  0.25 ms | #newton:  1 | ph:  0.0% | #CG/newton: 1257 | ls (cap|max|inv|bt):  0| 0| 0| 0| runtime:  635.7 ms | cr: 2542.7
    729. dt:  0.25 ms | #newton:  1 | ph:  0.0% | #CG/newton:  839 | ls (cap|max|inv|bt):  0| 0| 0| 0| runtime:  467.6 ms | cr: 1870.4
    730. dt:  0.25 ms | #newton:  1 | ph:  0.0% | #CG/newton:  829 | ls (cap|max|inv|bt):  0| 0| 0| 0| runtime:  463.5 ms | cr: 1853.9
    731. dt:  0.25 ms | #newton:  2 | ph:  0.0% | #CG/newton: 1286 | ls (cap|max|inv|bt):  0| 0| 0| 0| runtime: 1210.5 ms | cr: 4841.8
    732. dt:  0.25 ms | #newton:  1 | ph:  0.0% | #CG/newton: 1179 | ls (cap|max|inv|bt):  0| 0| 0| 0| runtime:  599.9 ms | cr: 2399.5
    733. dt:  0.25 ms | #newton:  1 | ph:  0.0% | #CG/newton: 2794 | ls (cap|max|inv|bt):  0| 0| 0| 0| runtime: 1245.4 ms | cr: 4981.4
    734. dt:  0.25 ms | #newton:  1 | ph:  0.0% | #CG/newton: 1098 | ls (cap|max|inv|bt):  0| 0| 0| 0| runtime:  548.9 ms | cr: 2195.6
    735. dt:  0.25 ms | #newton:  1 | ph:  0.0% | #CG/newton: 1187 | ls (cap|max|inv|bt):  0| 0| 0| 0| runtime:  581.8 ms | cr: 2327.2
    736. dt:  0.25 ms | #newton:  1 | ph:  0.0% | #CG/newton: 3033 | ls (cap|max|inv|bt):  0| 0| 0| 0| runtime: 1275.1 ms | cr: 5100.2
    737. dt:  0.25 ms | #newton:  1 | ph:  0.0% | #CG/newton: 2981 | ls (cap|max|inv|bt):  0| 0| 0| 0| runtime: 1269.7 ms | cr: 5078.9
    738. dt:  0.25 ms | #newton:  1 | ph:  0.0% | #CG/newton: 1210 | ls (cap|max|inv|bt):  0| 0| 0| 0| runtime:  587.8 ms | cr: 2351.3
    739. dt:  0.25 ms | #newton:  1 | ph:  0.0% | #CG/newton: 1168 | ls (cap|max|inv|bt):  0| 0| 0| 0| runtime:  566.9 ms | cr: 2267.7
    740. dt:  0.25 ms | #newton:  1 | ph:  0.0% | #CG/newton: 1043 | ls (cap|max|inv|bt):  0| 0| 0| 0| runtime:  528.5 ms | cr: 2114.0
    741. dt:  0.25 ms | #newton:  1 | ph:  0.0% | #CG/newton: 1442 | ls (cap|max|inv|bt):  0| 0| 0| 0| runtime:  677.5 ms | cr: 2709.9
    742. dt:  0.25 ms | #newton:  1 | ph:  0.0% | #CG/newton: 1416 | ls (cap|max|inv|bt):  0| 0| 0| 0| runtime:  659.0 ms | cr: 2635.9
    743. dt:  0.25 ms | #newton:  1 | ph:  0.0% | #CG/newton: 1427 | ls (cap|max|inv|bt):  0| 0| 0| 0| runtime:  668.0 ms | cr: 2671.8
    744. dt:  0.25 ms | #newton:  1 | ph:  0.0% | #CG/newton: 1459 | ls (cap|max|inv|bt):  0| 0| 0| 0| runtime:  675.4 ms | cr: 2701.7
    745. dt:  0.25 ms | #newton:  1 | ph:  0.0% | #CG/newton: 1424 | ls (cap|max|inv|bt):  0| 0| 0| 0| runtime:  677.5 ms | cr: 2709.9
    746. dt:  0.25 ms | #newton:  1 | ph:  0.0% | #CG/newton: 3224 | ls (cap|max|inv|bt):  0| 0| 0| 0| runtime: 1410.6 ms | cr: 5642.5
    747. dt:  0.25 ms | #newton:  1 | ph:  0.0% | #CG/newton: 3193 | ls (cap|max|inv|bt):  0| 0| 0| 0| runtime: 1401.5 ms | cr: 5605.8
    748. dt:  0.25 ms | #newton:  1 | ph:  0.0% | #CG/newton: 1458 | ls (cap|max|inv|bt):  0| 0| 0| 0| runtime:  714.1 ms | cr: 2856.6
    749. dt:  0.25 ms | #newton:  1 | ph:  0.0% | #CG/newton: 1665 | ls (cap|max|inv|bt):  0| 0| 0| 0| runtime:  802.8 ms | cr: 3211.4
    750. dt:  0.25 ms | #newton:  1 | ph:  0.0% | #CG/newton: 1675 | ls (cap|max|inv|bt):  0| 0| 0| 0| runtime:  804.6 ms | cr: 3218.5
    751. dt:  0.25 ms | #newton:  1 | ph:  0.0% | #CG/newton: 1664 | ls (cap|max|inv|bt):  0| 0| 0| 0| runtime:  821.4 ms | cr: 3285.7
    752. dt:  0.25 ms | #newton:  1 | ph:  0.0% | #CG/newton: 1657 | ls (cap|max|inv|bt):  0| 0| 0| 0| runtime:  807.0 ms | cr: 3227.9
    753. dt:  0.25 ms | #newton:  1 | ph:  0.0% | #CG/newton: 1660 | ls (cap|max|inv|bt):  0| 0| 0| 0| runtime:  781.6 ms | cr: 3126.4
    754. dt:  0.25 ms | #newton:  1 | ph:  0.0% | #CG/newton: 1659 | ls (cap|max|inv|bt):  0| 0| 0| 0| runtime:  786.3 ms | cr: 3145.2
    755. dt:  0.25 ms | #newton:  1 | ph:  0.0% | #CG/newton: 1658 | ls (cap|max|inv|bt):  0| 0| 0| 0| runtime:  746.8 ms | cr: 2987.2
    756. dt:  0.25 ms | #newton:  1 | ph:  0.0% | #CG/newton: 1641 | ls (cap|max|inv|bt):  0| 0| 0| 0| runtime:  741.6 ms | cr: 2966.3
    757. dt:  0.25 ms | #newton:  1 | ph:  0.0% | #CG/newton: 1660 | ls (cap|max|inv|bt):  0| 0| 0| 0| runtime:  865.0 ms | cr: 3459.9
    758. dt:  0.25 ms | #newton:  1 | ph:  0.0% | #CG/newton: 1658 | ls (cap|max|inv|bt):  0| 0| 0| 0| runtime:  766.9 ms | cr: 3067.7
    759. dt:  0.25 ms | #newton:  1 | ph:  0.0% | #CG/newton: 1655 | ls (cap|max|inv|bt):  0| 0| 0| 0| runtime:  757.0 ms | cr: 3028.0
    760. dt:  0.25 ms | #newton:  1 | ph:  0.0% | #CG/newton: 1658 | ls (cap|max|inv|bt):  0| 0| 0| 0| runtime:  750.0 ms | cr: 3000.1
    761. dt:  0.25 ms | #newton:  1 | ph:  0.0% | #CG/newton: 1657 | ls (cap|max|inv|bt):  0| 0| 0| 0| runtime:  751.0 ms | cr: 3004.1
    762. dt:  0.25 ms | #newton:  1 | ph:  0.0% | #CG/newton: 1662 | ls (cap|max|inv|bt):  0| 0| 0| 0| runtime:  761.0 ms | cr: 3044.2
    763. dt:  0.25 ms | #newton:  1 | ph:  0.0% | #CG/newton: 1668 | ls (cap|max|inv|bt):  0| 0| 0| 0| runtime:  785.1 ms | cr: 3140.5
    764. dt:  0.25 ms | #newton:  1 | ph:  0.0% | #CG/newton: 1670 | ls (cap|max|inv|bt):  0| 0| 0| 0| runtime:  799.6 ms | cr: 3198.2
    765. dt:  0.25 ms | #newton:  1 | ph:  0.0% | #CG/newton: 1674 | ls (cap|max|inv|bt):  0| 0| 0| 0| runtime:  845.3 ms | cr: 3381.2
    766. dt:  0.25 ms | #newton:  1 | ph:  0.0% | #CG/newton: 1674 | ls (cap|max|inv|bt):  0| 0| 0| 0| runtime:  799.6 ms | cr: 3198.4
    767. dt:  0.25 ms | #newton:  1 | ph:  0.0% | #CG/newton: 1675 | ls (cap|max|inv|bt):  0| 0| 0| 0| runtime:  794.9 ms | cr: 3179.6
    768. dt:  0.25 ms | #newton:  1 | ph:  0.0% | #CG/newton: 1676 | ls (cap|max|inv|bt):  0| 0| 0| 0| runtime:  779.8 ms | cr: 3119.2
    769. dt:  0.25 ms | #newton:  1 | ph:  0.0% | #CG/newton: 1676 | ls (cap|max|inv|bt):  0| 0| 0| 0| runtime:  800.5 ms | cr: 3202.2
    770. dt:  0.25 ms | #newton:  1 | ph:  0.0% | #CG/newton: 1677 | ls (cap|max|inv|bt):  0| 0| 0| 0| runtime:  788.1 ms | cr: 3152.2
    771. dt:  0.25 ms | #newton:  1 | ph:  0.0% | #CG/newton: 1677 | ls (cap|max|inv|bt):  0| 0| 0| 0| runtime:  792.9 ms | cr: 3171.8
    772. dt:  0.25 ms | #newton:  1 | ph:  0.0% | #CG/newton: 1677 | ls (cap|max|inv|bt):  0| 0| 0| 0| runtime:  770.4 ms | cr: 3081.6
    773. dt:  0.25 ms | #newton:  1 | ph:  0.0% | #CG/newton: 1675 | ls (cap|max|inv|bt):  0| 0| 0| 0| runtime:  759.9 ms | cr: 3039.4
    774. dt:  0.25 ms | #newton:  1 | ph:  0.0% | #CG/newton: 1675 | ls (cap|max|inv|bt):  0| 0| 0| 0| runtime:  762.6 ms | cr: 3050.3
    775. dt:  0.25 ms | #newton:  1 | ph:  0.0% | #CG/newton: 1662 | ls (cap|max|inv|bt):  0| 0| 0| 0| runtime:  751.6 ms | cr: 3006.6
    776. dt:  0.25 ms | #newton:  1 | ph:  0.0% | #CG/newton: 1653 | ls (cap|max|inv|bt):  0| 0| 0| 0| runtime:  755.4 ms | cr: 3021.8
    777. dt:  0.25 ms | #newton:  1 | ph:  0.0% | #CG/newton: 1644 | ls (cap|max|inv|bt):  0| 0| 0| 0| runtime:  746.7 ms | cr: 2986.7
    778. dt:  0.25 ms | #newton:  1 | ph:  0.0% | #CG/newton: 1657 | ls (cap|max|inv|bt):  0| 0| 0| 0| runtime:  754.6 ms | cr: 3018.2
    779. dt:  0.25 ms | #newton:  1 | ph:  0.0% | #CG/newton: 1672 | ls (cap|max|inv|bt):  0| 0| 0| 0| runtime:  766.0 ms | cr: 3064.0
    780. dt:  0.25 ms | #newton:  1 | ph:  0.0% | #CG/newton: 1667 | ls (cap|max|inv|bt):  0| 0| 0| 0| runtime:  756.6 ms | cr: 3026.6
    781. dt:  0.25 ms | #newton:  1 | ph:  0.0% | #CG/newton: 1664 | ls (cap|max|inv|bt):  0| 0| 0| 0| runtime:  768.3 ms | cr: 3073.3
    782. dt:  0.25 ms | #newton:  1 | ph:  0.0% | #CG/newton: 1659 | ls (cap|max|inv|bt):  0| 0| 0| 0| runtime:  770.5 ms | cr: 3081.9
    783. dt:  0.25 ms | #newton:  1 | ph:  0.0% | #CG/newton: 1644 | ls (cap|max|inv|bt):  0| 0| 0| 0| runtime:  784.7 ms | cr: 3138.6
    784. dt:  0.25 ms | #newton:  1 | ph:  0.0% | #CG/newton: 1635 | ls (cap|max|inv|bt):  0| 0| 0| 0| runtime:  792.0 ms | cr: 3167.8
    785. dt:  0.25 ms | #newton:  1 | ph:  0.0% | #CG/newton: 1628 | ls (cap|max|inv|bt):  0| 0| 0| 0| runtime:  782.3 ms | cr: 3129.2
    786. dt:  0.25 ms | #newton:  1 | ph:  0.0% | #CG/newton: 1623 | ls (cap|max|inv|bt):  0| 0| 0| 0| runtime:  776.5 ms | cr: 3106.2
    787. dt:  0.25 ms | #newton:  1 | ph:  0.0% | #CG/newton: 1609 | ls (cap|max|inv|bt):  0| 0| 0| 0| runtime:  763.2 ms | cr: 3052.8
    788. dt:  0.25 ms | #newton:  1 | ph:  0.0% | #CG/newton: 1608 | ls (cap|max|inv|bt):  0| 0| 0| 0| runtime:  766.3 ms | cr: 3065.3
    789. dt:  0.25 ms | #newton:  1 | ph:  0.0% | #CG/newton: 1609 | ls (cap|max|inv|bt):  0| 0| 0| 0| runtime:  763.0 ms | cr: 3052.1
    790. dt:  0.25 ms | #newton:  1 | ph:  0.0% | #CG/newton: 1601 | ls (cap|max|inv|bt):  0| 0| 0| 0| runtime:  753.0 ms | cr: 3012.0
    791. dt:  0.25 ms | #newton:  1 | ph:  0.0% | #CG/newton: 1603 | ls (cap|max|inv|bt):  0| 0| 0| 0| runtime:  729.7 ms | cr: 2918.8
    792. dt:  0.25 ms | #newton:  1 | ph:  0.0% | #CG/newton: 1600 | ls (cap|max|inv|bt):  0| 0| 0| 0| runtime:  738.0 ms | cr: 2952.2
    793. dt:  0.25 ms | #newton:  1 | ph:  0.0% | #CG/newton: 1604 | ls (cap|max|inv|bt):  0| 0| 0| 0| runtime:  777.0 ms | cr: 3108.2
    794. dt:  0.25 ms | #newton:  1 | ph:  0.0% | #CG/newton: 1601 | ls (cap|max|inv|bt):  0| 0| 0| 0| runtime:  729.6 ms | cr: 2918.6
    795. dt:  0.25 ms | #newton:  1 | ph:  0.0% | #CG/newton: 1599 | ls (cap|max|inv|bt):  0| 0| 0| 0| runtime:  739.6 ms | cr: 2958.4
    796. dt:  0.25 ms | #newton:  1 | ph:  0.0% | #CG/newton: 1508 | ls (cap|max|inv|bt):  0| 0| 0| 0| runtime:  705.5 ms | cr: 2822.2
    797. dt:  0.25 ms | #newton:  1 | ph:  0.0% | #CG/newton: 1600 | ls (cap|max|inv|bt):  0| 0| 0| 0| runtime:  743.9 ms | cr: 2975.7
    798. dt:  0.25 ms | #newton:  1 | ph:  0.0% | #CG/newton: 1598 | ls (cap|max|inv|bt):  0| 0| 0| 0| runtime:  745.9 ms | cr: 2983.7
    799. dt:  0.25 ms | #newton:  1 | ph:  0.0% | #CG/newton: 1598 | ls (cap|max|inv|bt):  0| 0| 0| 0| runtime:  744.1 ms | cr: 2976.3
    800. dt:  0.25 ms | #newton:  1 | ph:  0.0% | #CG/newton: 1600 | ls (cap|max|inv|bt):  0| 0| 0| 0| runtime:  729.7 ms | cr: 2918.7
[Frame: 6] Time: 0.200 s
    801. dt:  0.25 ms | #newton:  1 | ph:  0.0% | #CG/newton: 1600 | ls (cap|max|inv|bt):  0| 0| 0| 0| runtime:  751.2 ms | cr: 3005.0
    802. dt:  0.25 ms | #newton:  1 | ph:  0.0% | #CG/newton: 1601 | ls (cap|max|inv|bt):  0| 0| 0| 0| runtime:  777.1 ms | cr: 3108.3
    803. dt:  0.25 ms | #newton:  1 | ph:  0.0% | #CG/newton: 1601 | ls (cap|max|inv|bt):  0| 0| 0| 0| runtime:  783.3 ms | cr: 3133.4
    804. dt:  0.25 ms | #newton:  1 | ph:  0.0% | #CG/newton: 1602 | ls (cap|max|inv|bt):  0| 0| 0| 0| runtime:  782.1 ms | cr: 3128.6
    805. dt:  0.25 ms | #newton:  1 | ph:  0.0% | #CG/newton: 1602 | ls (cap|max|inv|bt):  0| 0| 0| 0| runtime:  763.5 ms | cr: 3054.1
    806. dt:  0.25 ms | #newton:  1 | ph:  0.0% | #CG/newton: 1603 | ls (cap|max|inv|bt):  0| 0| 0| 0| runtime:  755.7 ms | cr: 3022.8
    807. dt:  0.25 ms | #newton:  1 | ph:  0.0% | #CG/newton: 1604 | ls (cap|max|inv|bt):  0| 0| 0| 0| runtime:  752.1 ms | cr: 3008.3
    808. dt:  0.25 ms | #newton:  1 | ph:  0.0% | #CG/newton: 1604 | ls (cap|max|inv|bt):  0| 0| 0| 0| runtime:  768.4 ms | cr: 3073.5
    809. dt:  0.25 ms | #newton:  1 | ph:  0.0% | #CG/newton: 1604 | ls (cap|max|inv|bt):  0| 0| 0| 0| runtime:  768.3 ms | cr: 3073.1
    810. dt:  0.25 ms | #newton:  1 | ph:  0.0% | #CG/newton: 1605 | ls (cap|max|inv|bt):  0| 0| 0| 0| runtime:  769.4 ms | cr: 3077.6
    811. dt:  0.25 ms | #newton:  1 | ph:  0.0% | #CG/newton: 1605 | ls (cap|max|inv|bt):  0| 0| 0| 0| runtime:  742.3 ms | cr: 2969.4
    812. dt:  0.25 ms | #newton:  1 | ph:  0.0% | #CG/newton: 1605 | ls (cap|max|inv|bt):  0| 0| 0| 0| runtime:  742.8 ms | cr: 2971.0
    813. dt:  0.25 ms | #newton:  1 | ph:  0.0% | #CG/newton: 1605 | ls (cap|max|inv|bt):  0| 0| 0| 0| runtime:  739.8 ms | cr: 2959.4
    814. dt:  0.25 ms | #newton:  1 | ph:  0.0% | #CG/newton: 1605 | ls (cap|max|inv|bt):  0| 0| 0| 0| runtime:  743.3 ms | cr: 2973.1
    815. dt:  0.25 ms | #newton:  1 | ph:  0.0% | #CG/newton: 1605 | ls (cap|max|inv|bt):  0| 0| 0| 0| runtime:  736.9 ms | cr: 2947.7
    816. dt:  0.25 ms | #newton:  1 | ph:  0.0% | #CG/newton: 1816 | ls (cap|max|inv|bt):  0| 0| 0| 0| runtime:  817.5 ms | cr: 3270.1
    817. dt:  0.25 ms | #newton:  1 | ph:  0.0% | #CG/newton: 1605 | ls (cap|max|inv|bt):  0| 0| 0| 0| runtime:  732.6 ms | cr: 2930.5
    818. dt:  0.25 ms | #newton:  1 | ph:  0.0% | #CG/newton: 1605 | ls (cap|max|inv|bt):  0| 0| 0| 0| runtime:  737.5 ms | cr: 2950.1
    819. dt:  0.25 ms | #newton:  1 | ph:  0.0% | #CG/newton: 1606 | ls (cap|max|inv|bt):  0| 0| 0| 0| runtime:  733.4 ms | cr: 2933.4
    820. dt:  0.25 ms | #newton:  1 | ph:  0.0% | #CG/newton: 1815 | ls (cap|max|inv|bt):  0| 0| 0| 0| runtime:  826.1 ms | cr: 3304.3
    821. dt:  0.25 ms | #newton:  1 | ph:  0.0% | #CG/newton: 1813 | ls (cap|max|inv|bt):  0| 0| 0| 0| runtime:  839.6 ms | cr: 3358.6
    822. dt:  0.25 ms | #newton:  1 | ph:  0.0% | #CG/newton: 1811 | ls (cap|max|inv|bt):  0| 0| 0| 0| runtime:  844.9 ms | cr: 3379.7
    823. dt:  0.25 ms | #newton:  1 | ph:  0.0% | #CG/newton: 1810 | ls (cap|max|inv|bt):  0| 0| 0| 0| runtime:  858.0 ms | cr: 3431.9
    824. dt:  0.25 ms | #newton:  1 | ph:  0.0% | #CG/newton: 1810 | ls (cap|max|inv|bt):  0| 0| 0| 0| runtime:  836.1 ms | cr: 3344.6
    825. dt:  0.25 ms | #newton:  1 | ph:  0.0% | #CG/newton: 1810 | ls (cap|max|inv|bt):  0| 0| 0| 0| runtime:  853.3 ms | cr: 3413.1
    826. dt:  0.25 ms | #newton:  1 | ph:  0.0% | #CG/newton: 1810 | ls (cap|max|inv|bt):  0| 0| 0| 0| runtime:  846.6 ms | cr: 3386.2
    827. dt:  0.25 ms | #newton:  1 | ph:  0.0% | #CG/newton: 1810 | ls (cap|max|inv|bt):  0| 0| 0| 0| runtime:  820.1 ms | cr: 3280.3
    828. dt:  0.25 ms | #newton:  1 | ph:  0.0% | #CG/newton: 1811 | ls (cap|max|inv|bt):  0| 0| 0| 0| runtime:  813.0 ms | cr: 3251.9
    829. dt:  0.25 ms | #newton:  1 | ph:  0.0% | #CG/newton: 1812 | ls (cap|max|inv|bt):  0| 0| 0| 0| runtime:  830.1 ms | cr: 3320.3
    830. dt:  0.25 ms | #newton:  1 | ph:  0.0% | #CG/newton: 1811 | ls (cap|max|inv|bt):  0| 0| 0| 0| runtime:  844.1 ms | cr: 3376.5
    831. dt:  0.25 ms | #newton:  1 | ph:  0.0% | #CG/newton: 1812 | ls (cap|max|inv|bt):  0| 0| 0| 0| runtime:  850.1 ms | cr: 3400.5
    832. dt:  0.25 ms | #newton:  1 | ph:  0.0% | #CG/newton: 1811 | ls (cap|max|inv|bt):  0| 0| 0| 0| runtime:  874.8 ms | cr: 3499.1
    833. dt:  0.25 ms | #newton:  1 | ph:  0.0% | #CG/newton: 1812 | ls (cap|max|inv|bt):  0| 0| 0| 0| runtime:  838.0 ms | cr: 3352.0
    834. dt:  0.25 ms | #newton:  1 | ph:  0.0% | #CG/newton: 1813 | ls (cap|max|inv|bt):  0| 0| 0| 0| runtime:  846.6 ms | cr: 3386.3
    835. dt:  0.25 ms | #newton:  1 | ph:  0.0% | #CG/newton: 1813 | ls (cap|max|inv|bt):  0| 0| 0| 0| runtime:  843.6 ms | cr: 3374.2
    836. dt:  0.25 ms | #newton:  1 | ph:  0.0% | #CG/newton: 1813 | ls (cap|max|inv|bt):  0| 0| 0| 0| runtime:  806.9 ms | cr: 3227.7
    837. dt:  0.25 ms | #newton:  1 | ph:  0.0% | #CG/newton: 1813 | ls (cap|max|inv|bt):  0| 0| 0| 0| runtime:  811.8 ms | cr: 3247.1
    838. dt:  0.25 ms | #newton:  1 | ph:  0.0% | #CG/newton: 1814 | ls (cap|max|inv|bt):  0| 0| 0| 0| runtime:  822.4 ms | cr: 3289.5
    839. dt:  0.25 ms | #newton:  1 | ph:  0.0% | #CG/newton: 1813 | ls (cap|max|inv|bt):  0| 0| 0| 0| runtime:  861.6 ms | cr: 3446.5
    840. dt:  0.25 ms | #newton:  1 | ph:  0.0% | #CG/newton: 1814 | ls (cap|max|inv|bt):  0| 0| 0| 0| runtime:  852.5 ms | cr: 3410.2
    841. dt:  0.25 ms | #newton:  1 | ph:  0.0% | #CG/newton: 1813 | ls (cap|max|inv|bt):  0| 0| 0| 0| runtime:  845.0 ms | cr: 3380.2
    842. dt:  0.25 ms | #newton:  1 | ph:  0.0% | #CG/newton: 1813 | ls (cap|max|inv|bt):  0| 0| 0| 0| runtime:  841.8 ms | cr: 3367.3
    843. dt:  0.25 ms | #newton:  1 | ph:  0.0% | #CG/newton: 1812 | ls (cap|max|inv|bt):  0| 0| 0| 0| runtime:  849.1 ms | cr: 3396.5
    844. dt:  0.25 ms | #newton:  1 | ph:  0.0% | #CG/newton: 1813 | ls (cap|max|inv|bt):  0| 0| 0| 0| runtime:  834.7 ms | cr: 3339.0
    845. dt:  0.25 ms | #newton:  1 | ph:  0.0% | #CG/newton: 1813 | ls (cap|max|inv|bt):  0| 0| 0| 0| runtime:  803.9 ms | cr: 3215.6
    846. dt:  0.25 ms | #newton:  1 | ph:  0.0% | #CG/newton: 1813 | ls (cap|max|inv|bt):  0| 0| 0| 0| runtime:  815.4 ms | cr: 3261.4
    847. dt:  0.25 ms | #newton:  1 | ph:  0.0% | #CG/newton: 1814 | ls (cap|max|inv|bt):  0| 0| 0| 0| runtime:  819.7 ms | cr: 3278.9
    848. dt:  0.25 ms | #newton:  1 | ph:  0.0% | #CG/newton: 1813 | ls (cap|max|inv|bt):  0| 0| 0| 0| runtime:  815.9 ms | cr: 3263.6
    849. dt:  0.25 ms | #newton:  1 | ph:  0.0% | #CG/newton: 1813 | ls (cap|max|inv|bt):  0| 0| 0| 0| runtime:  816.1 ms | cr: 3264.2
    850. dt:  0.25 ms | #newton:  1 | ph:  0.0% | #CG/newton: 1813 | ls (cap|max|inv|bt):  0| 0| 0| 0| runtime:  827.6 ms | cr: 3310.4
    851. dt:  0.25 ms | #newton:  1 | ph:  0.0% | #CG/newton: 1814 | ls (cap|max|inv|bt):  0| 0| 0| 0| runtime:  827.2 ms | cr: 3309.0
    852. dt:  0.25 ms | #newton:  1 | ph:  0.0% | #CG/newton: 1811 | ls (cap|max|inv|bt):  0| 0| 0| 0| runtime:  830.2 ms | cr: 3320.9
    853. dt:  0.25 ms | #newton:  1 | ph:  0.0% | #CG/newton: 1810 | ls (cap|max|inv|bt):  0| 0| 0| 0| runtime:  818.0 ms | cr: 3271.8
    854. dt:  0.25 ms | #newton:  1 | ph:  0.0% | #CG/newton: 1808 | ls (cap|max|inv|bt):  0| 0| 0| 0| runtime:  869.1 ms | cr: 3476.6
    855. dt:  0.25 ms | #newton:  1 | ph:  0.0% | #CG/newton: 1803 | ls (cap|max|inv|bt):  0| 0| 0| 0| runtime:  819.1 ms | cr: 3276.2
    856. dt:  0.25 ms | #newton:  1 | ph:  0.0% | #CG/newton: 1781 | ls (cap|max|inv|bt):  0| 0| 0| 0| runtime:  809.4 ms | cr: 3237.7
    857. dt:  0.25 ms | #newton:  1 | ph:  0.0% | #CG/newton: 1803 | ls (cap|max|inv|bt):  0| 0| 0| 0| runtime:  839.7 ms | cr: 3358.9
    858. dt:  0.25 ms | #newton:  1 | ph:  0.0% | #CG/newton: 1803 | ls (cap|max|inv|bt):  0| 0| 0| 0| runtime:  862.9 ms | cr: 3451.7
    859. dt:  0.25 ms | #newton:  1 | ph:  0.0% | #CG/newton: 1807 | ls (cap|max|inv|bt):  0| 0| 0| 0| runtime:  854.4 ms | cr: 3417.6
    860. dt:  0.25 ms | #newton:  1 | ph:  0.0% | #CG/newton: 1806 | ls (cap|max|inv|bt):  0| 0| 0| 0| runtime:  850.6 ms | cr: 3402.3
    861. dt:  0.25 ms | #newton:  1 | ph:  0.0% | #CG/newton: 1803 | ls (cap|max|inv|bt):  0| 0| 0| 0| runtime:  834.5 ms | cr: 3338.1
    862. dt:  0.25 ms | #newton:  1 | ph:  0.0% | #CG/newton: 1809 | ls (cap|max|inv|bt):  0| 0| 0| 0| runtime:  836.7 ms | cr: 3346.9
    863. dt:  0.25 ms | #newton:  1 | ph:  0.0% | #CG/newton: 1806 | ls (cap|max|inv|bt):  0| 0| 0| 0| runtime:  818.6 ms | cr: 3274.3
    864. dt:  0.25 ms | #newton:  1 | ph:  0.0% | #CG/newton: 1803 | ls (cap|max|inv|bt):  0| 0| 0| 0| runtime:  801.9 ms | cr: 3207.5
    865. dt:  0.25 ms | #newton:  1 | ph:  0.0% | #CG/newton: 1808 | ls (cap|max|inv|bt):  0| 0| 0| 0| runtime:  824.0 ms | cr: 3296.0
    866. dt:  0.25 ms | #newton:  1 | ph:  0.0% | #CG/newton: 1806 | ls (cap|max|inv|bt):  0| 0| 0| 0| runtime:  812.7 ms | cr: 3250.9
    867. dt:  0.25 ms | #newton:  1 | ph:  0.0% | #CG/newton: 1805 | ls (cap|max|inv|bt):  0| 0| 0| 0| runtime:  805.8 ms | cr: 3223.4
    868. dt:  0.25 ms | #newton:  1 | ph:  0.0% | #CG/newton: 1805 | ls (cap|max|inv|bt):  0| 0| 0| 0| runtime:  839.2 ms | cr: 3356.8
    869. dt:  0.25 ms | #newton:  1 | ph:  0.0% | #CG/newton: 1805 | ls (cap|max|inv|bt):  0| 0| 0| 0| runtime:  849.8 ms | cr: 3399.2
    870. dt:  0.25 ms | #newton:  1 | ph:  0.0% | #CG/newton: 1802 | ls (cap|max|inv|bt):  0| 0| 0| 0| runtime:  848.0 ms | cr: 3392.0
    871. dt:  0.25 ms | #newton:  1 | ph:  0.0% | #CG/newton: 1801 | ls (cap|max|inv|bt):  0| 0| 0| 0| runtime:  846.6 ms | cr: 3386.5
    872. dt:  0.25 ms | #newton:  1 | ph:  0.0% | #CG/newton: 1797 | ls (cap|max|inv|bt):  0| 0| 0| 0| runtime:  842.0 ms | cr: 3368.1
    873. dt:  0.25 ms | #newton:  1 | ph:  0.0% | #CG/newton: 1801 | ls (cap|max|inv|bt):  0| 0| 0| 0| runtime:  853.7 ms | cr: 3414.8
    874. dt:  0.25 ms | #newton:  1 | ph:  0.0% | #CG/newton: 1777 | ls (cap|max|inv|bt):  0| 0| 0| 0| runtime:  807.1 ms | cr: 3228.5
    875. dt:  0.25 ms | #newton:  1 | ph:  0.0% | #CG/newton: 1802 | ls (cap|max|inv|bt):  0| 0| 0| 0| runtime:  812.6 ms | cr: 3250.2
    876. dt:  0.25 ms | #newton:  1 | ph:  0.0% | #CG/newton: 1804 | ls (cap|max|inv|bt):  0| 0| 0| 0| runtime:  820.8 ms | cr: 3283.2
    877. dt:  0.25 ms | #newton:  1 | ph:  0.0% | #CG/newton: 1805 | ls (cap|max|inv|bt):  0| 0| 0| 0| runtime:  833.7 ms | cr: 3334.9
    878. dt:  0.25 ms | #newton:  1 | ph:  0.0% | #CG/newton: 1809 | ls (cap|max|inv|bt):  0| 0| 0| 0| runtime:  848.2 ms | cr: 3393.0
    879. dt:  0.25 ms | #newton:  1 | ph:  0.0% | #CG/newton: 1804 | ls (cap|max|inv|bt):  0| 0| 0| 0| runtime:  854.6 ms | cr: 3418.5
    880. dt:  0.25 ms | #newton:  1 | ph:  0.0% | #CG/newton: 1806 | ls (cap|max|inv|bt):  0| 0| 0| 0| runtime:  833.7 ms | cr: 3335.0
    881. dt:  0.25 ms | #newton:  1 | ph:  0.0% | #CG/newton: 1806 | ls (cap|max|inv|bt):  0| 0| 0| 0| runtime:  851.5 ms | cr: 3406.1
    882. dt:  0.25 ms | #newton:  1 | ph:  0.0% | #CG/newton: 1805 | ls (cap|max|inv|bt):  0| 0| 0| 0| runtime:  853.0 ms | cr: 3412.1
    883. dt:  0.25 ms | #newton:  1 | ph:  0.0% | #CG/newton: 1805 | ls (cap|max|inv|bt):  0| 0| 0| 0| runtime:  820.8 ms | cr: 3283.2
    884. dt:  0.25 ms | #newton:  1 | ph:  0.0% | #CG/newton: 1805 | ls (cap|max|inv|bt):  0| 0| 0| 0| runtime:  811.3 ms | cr: 3245.0
    885. dt:  0.25 ms | #newton:  1 | ph:  0.0% | #CG/newton: 1807 | ls (cap|max|inv|bt):  0| 0| 0| 0| runtime:  820.3 ms | cr: 3281.1
    886. dt:  0.25 ms | #newton:  1 | ph:  0.0% | #CG/newton: 1807 | ls (cap|max|inv|bt):  0| 0| 0| 0| runtime:  818.4 ms | cr: 3273.8
    887. dt:  0.25 ms | #newton:  1 | ph:  0.0% | #CG/newton: 1951 | ls (cap|max|inv|bt):  0| 0| 0| 0| runtime:  890.5 ms | cr: 3562.1
    888. dt:  0.25 ms | #newton:  1 | ph:  0.0% | #CG/newton: 1953 | ls (cap|max|inv|bt):  0| 0| 0| 0| runtime:  900.5 ms | cr: 3601.9
    889. dt:  0.25 ms | #newton:  1 | ph:  0.0% | #CG/newton: 1953 | ls (cap|max|inv|bt):  0| 0| 0| 0| runtime:  913.7 ms | cr: 3654.6
    890. dt:  0.25 ms | #newton:  1 | ph:  0.0% | #CG/newton: 1956 | ls (cap|max|inv|bt):  0| 0| 0| 0| runtime:  904.7 ms | cr: 3618.8
    891. dt:  0.25 ms | #newton:  1 | ph:  0.0% | #CG/newton: 1955 | ls (cap|max|inv|bt):  0| 0| 0| 0| runtime:  903.7 ms | cr: 3614.8
    892. dt:  0.25 ms | #newton:  1 | ph:  0.0% | #CG/newton: 1955 | ls (cap|max|inv|bt):  0| 0| 0| 0| runtime:  915.2 ms | cr: 3660.9
    893. dt:  0.25 ms | #newton:  1 | ph:  0.0% | #CG/newton: 1955 | ls (cap|max|inv|bt):  0| 0| 0| 0| runtime:  885.4 ms | cr: 3541.5
    894. dt:  0.25 ms | #newton:  1 | ph:  0.0% | #CG/newton: 1956 | ls (cap|max|inv|bt):  0| 0| 0| 0| runtime:  873.5 ms | cr: 3493.9
    895. dt:  0.25 ms | #newton:  1 | ph:  0.0% | #CG/newton: 1955 | ls (cap|max|inv|bt):  0| 0| 0| 0| runtime:  884.6 ms | cr: 3538.4
    896. dt:  0.25 ms | #newton:  1 | ph:  0.0% | #CG/newton: 1956 | ls (cap|max|inv|bt):  0| 0| 0| 0| runtime:  884.4 ms | cr: 3537.7
    897. dt:  0.25 ms | #newton:  1 | ph:  0.0% | #CG/newton: 1956 | ls (cap|max|inv|bt):  0| 0| 0| 0| runtime:  929.7 ms | cr: 3718.7
    898. dt:  0.25 ms | #newton:  1 | ph:  0.0% | #CG/newton: 1957 | ls (cap|max|inv|bt):  0| 0| 0| 0| runtime:  888.4 ms | cr: 3553.8
    899. dt:  0.25 ms | #newton:  1 | ph:  0.0% | #CG/newton: 1957 | ls (cap|max|inv|bt):  0| 0| 0| 0| runtime:  886.6 ms | cr: 3546.2
    900. dt:  0.25 ms | #newton:  1 | ph:  0.0% | #CG/newton: 1958 | ls (cap|max|inv|bt):  0| 0| 0| 0| runtime:  885.9 ms | cr: 3543.6
    901. dt:  0.25 ms | #newton:  1 | ph:  0.0% | #CG/newton: 1959 | ls (cap|max|inv|bt):  0| 0| 0| 0| runtime:  875.7 ms | cr: 3502.8
    902. dt:  0.25 ms | #newton:  1 | ph:  0.0% | #CG/newton: 1961 | ls (cap|max|inv|bt):  0| 0| 0| 0| runtime:  880.3 ms | cr: 3521.2
    903. dt:  0.25 ms | #newton:  1 | ph:  0.0% | #CG/newton: 1961 | ls (cap|max|inv|bt):  0| 0| 0| 0| runtime:  883.6 ms | cr: 3534.6
    904. dt:  0.25 ms | #newton:  1 | ph:  0.0% | #CG/newton: 1961 | ls (cap|max|inv|bt):  0| 0| 0| 0| runtime:  875.1 ms | cr: 3500.3
    905. dt:  0.25 ms | #newton:  1 | ph:  0.0% | #CG/newton: 1961 | ls (cap|max|inv|bt):  0| 0| 0| 0| runtime:  890.4 ms | cr: 3561.5
    906. dt:  0.25 ms | #newton:  1 | ph:  0.0% | #CG/newton: 1962 | ls (cap|max|inv|bt):  0| 0| 0| 0| runtime:  872.3 ms | cr: 3489.1
    907. dt:  0.25 ms | #newton:  1 | ph:  0.0% | #CG/newton: 1964 | ls (cap|max|inv|bt):  0| 0| 0| 0| runtime:  880.7 ms | cr: 3523.0
    908. dt:  0.25 ms | #newton:  1 | ph:  0.0% | #CG/newton: 1813 | ls (cap|max|inv|bt):  0| 0| 0| 0| runtime:  847.6 ms | cr: 3390.5
    909. dt:  0.25 ms | #newton:  1 | ph:  0.0% | #CG/newton: 1806 | ls (cap|max|inv|bt):  0| 0| 0| 0| runtime:  853.3 ms | cr: 3413.3
    910. dt:  0.25 ms | #newton:  1 | ph:  0.0% | #CG/newton: 1805 | ls (cap|max|inv|bt):  0| 0| 0| 0| runtime:  862.5 ms | cr: 3450.2
    911. dt:  0.25 ms | #newton:  1 | ph:  0.0% | #CG/newton: 1804 | ls (cap|max|inv|bt):  0| 0| 0| 0| runtime:  849.3 ms | cr: 3397.1
    912. dt:  0.25 ms | #newton:  1 | ph:  0.0% | #CG/newton: 1770 | ls (cap|max|inv|bt):  0| 0| 0| 0| runtime:  843.4 ms | cr: 3373.8
    913. dt:  0.25 ms | #newton:  1 | ph:  0.0% | #CG/newton: 1806 | ls (cap|max|inv|bt):  0| 0| 0| 0| runtime:  868.4 ms | cr: 3473.8
    914. dt:  0.25 ms | #newton:  1 | ph:  0.0% | #CG/newton: 1963 | ls (cap|max|inv|bt):  0| 0| 0| 0| runtime:  899.0 ms | cr: 3596.2
    915. dt:  0.25 ms | #newton:  1 | ph:  0.0% | #CG/newton: 1964 | ls (cap|max|inv|bt):  0| 0| 0| 0| runtime:  875.1 ms | cr: 3500.4
    916. dt:  0.25 ms | #newton:  1 | ph:  0.0% | #CG/newton: 1964 | ls (cap|max|inv|bt):  0| 0| 0| 0| runtime:  877.4 ms | cr: 3509.7
    917. dt:  0.25 ms | #newton:  1 | ph:  0.0% | #CG/newton: 1965 | ls (cap|max|inv|bt):  0| 0| 0| 0| runtime:  879.0 ms | cr: 3516.0
    918. dt:  0.25 ms | #newton:  1 | ph:  0.0% | #CG/newton: 1965 | ls (cap|max|inv|bt):  0| 0| 0| 0| runtime:  877.0 ms | cr: 3508.2
    919. dt:  0.25 ms | #newton:  1 | ph:  0.0% | #CG/newton: 1965 | ls (cap|max|inv|bt):  0| 0| 0| 0| runtime:  881.9 ms | cr: 3527.4
    920. dt:  0.25 ms | #newton:  1 | ph:  0.0% | #CG/newton: 1965 | ls (cap|max|inv|bt):  0| 0| 0| 0| runtime:  879.4 ms | cr: 3517.6
    921. dt:  0.25 ms | #newton:  1 | ph:  0.0% | #CG/newton: 1964 | ls (cap|max|inv|bt):  0| 0| 0| 0| runtime:  898.0 ms | cr: 3592.1
    922. dt:  0.25 ms | #newton:  1 | ph:  0.0% | #CG/newton: 1965 | ls (cap|max|inv|bt):  0| 0| 0| 0| runtime:  911.4 ms | cr: 3645.7
    923. dt:  0.25 ms | #newton:  1 | ph:  0.0% | #CG/newton: 1965 | ls (cap|max|inv|bt):  0| 0| 0| 0| runtime:  921.5 ms | cr: 3686.1
    924. dt:  0.25 ms | #newton:  1 | ph:  0.0% | #CG/newton: 1965 | ls (cap|max|inv|bt):  0| 0| 0| 0| runtime:  918.9 ms | cr: 3675.5
    925. dt:  0.25 ms | #newton:  1 | ph:  0.0% | #CG/newton: 1965 | ls (cap|max|inv|bt):  0| 0| 0| 0| runtime:  911.4 ms | cr: 3645.7
    926. dt:  0.25 ms | #newton:  1 | ph:  0.0% | #CG/newton: 1965 | ls (cap|max|inv|bt):  0| 0| 0| 0| runtime:  898.1 ms | cr: 3592.6
    927. dt:  0.25 ms | #newton:  1 | ph:  0.0% | #CG/newton: 1966 | ls (cap|max|inv|bt):  0| 0| 0| 0| runtime:  885.9 ms | cr: 3543.4
    928. dt:  0.25 ms | #newton:  1 | ph:  0.0% | #CG/newton: 1965 | ls (cap|max|inv|bt):  0| 0| 0| 0| runtime:  873.0 ms | cr: 3492.1
    929. dt:  0.25 ms | #newton:  1 | ph:  0.0% | #CG/newton: 1965 | ls (cap|max|inv|bt):  0| 0| 0| 0| runtime:  875.8 ms | cr: 3503.3
    930. dt:  0.25 ms | #newton:  1 | ph:  0.0% | #CG/newton: 1810 | ls (cap|max|inv|bt):  0| 0| 0| 0| runtime:  818.9 ms | cr: 3275.6
    931. dt:  0.25 ms | #newton:  1 | ph:  0.0% | #CG/newton: 1811 | ls (cap|max|inv|bt):  0| 0| 0| 0| runtime:  829.2 ms | cr: 3316.9
    932. dt:  0.25 ms | #newton:  1 | ph:  0.0% | #CG/newton: 1775 | ls (cap|max|inv|bt):  0| 0| 0| 0| runtime:  822.5 ms | cr: 3289.9
    933. dt:  0.25 ms | #newton:  1 | ph:  0.0% | #CG/newton: 1811 | ls (cap|max|inv|bt):  0| 0| 0| 0| runtime:  834.3 ms | cr: 3337.1
[Frame: 7] Time: 0.234 s
    934. dt:  0.25 ms | #newton:  1 | ph:  0.0% | #CG/newton: 1772 | ls (cap|max|inv|bt):  0| 0| 0| 0| runtime:  819.8 ms | cr: 3279.1
    935. dt:  0.25 ms | #newton:  1 | ph:  0.0% | #CG/newton: 1805 | ls (cap|max|inv|bt):  0| 0| 0| 0| runtime:  822.9 ms | cr: 3291.5
    936. dt:  0.25 ms | #newton:  1 | ph:  0.0% | #CG/newton: 1806 | ls (cap|max|inv|bt):  0| 0| 0| 0| runtime:  819.4 ms | cr: 3277.6
    937. dt:  0.25 ms | #newton:  1 | ph:  0.0% | #CG/newton: 1807 | ls (cap|max|inv|bt):  0| 0| 0| 0| runtime:  823.3 ms | cr: 3293.3
    938. dt:  0.25 ms | #newton:  1 | ph:  0.0% | #CG/newton: 1806 | ls (cap|max|inv|bt):  0| 0| 0| 0| runtime:  818.9 ms | cr: 3275.6
    939. dt:  0.25 ms | #newton:  1 | ph:  0.0% | #CG/newton: 1806 | ls (cap|max|inv|bt):  0| 0| 0| 0| runtime:  811.6 ms | cr: 3246.6
    940. dt:  0.25 ms | #newton:  1 | ph:  0.0% | #CG/newton: 1806 | ls (cap|max|inv|bt):  0| 0| 0| 0| runtime:  834.5 ms | cr: 3338.1
    941. dt:  0.25 ms | #newton:  1 | ph:  0.0% | #CG/newton: 1809 | ls (cap|max|inv|bt):  0| 0| 0| 0| runtime:  835.6 ms | cr: 3342.3
    942. dt:  0.25 ms | #newton:  1 | ph:  0.0% | #CG/newton: 1807 | ls (cap|max|inv|bt):  0| 0| 0| 0| runtime:  827.5 ms | cr: 3310.1
    943. dt:  0.25 ms | #newton:  1 | ph:  0.0% | #CG/newton: 1808 | ls (cap|max|inv|bt):  0| 0| 0| 0| runtime:  838.8 ms | cr: 3355.2
    944. dt:  0.25 ms | #newton:  1 | ph:  0.0% | #CG/newton: 1809 | ls (cap|max|inv|bt):  0| 0| 0| 0| runtime:  831.7 ms | cr: 3326.9
    945. dt:  0.25 ms | #newton:  1 | ph:  0.0% | #CG/newton: 1808 | ls (cap|max|inv|bt):  0| 0| 0| 0| runtime:  844.5 ms | cr: 3378.2
    946. dt:  0.25 ms | #newton:  1 | ph:  0.0% | #CG/newton: 1808 | ls (cap|max|inv|bt):  0| 0| 0| 0| runtime:  857.3 ms | cr: 3429.4
    947. dt:  0.25 ms | #newton:  1 | ph:  0.0% | #CG/newton: 1808 | ls (cap|max|inv|bt):  0| 0| 0| 0| runtime:  836.8 ms | cr: 3347.0
    948. dt:  0.25 ms | #newton:  1 | ph:  0.0% | #CG/newton: 1809 | ls (cap|max|inv|bt):  0| 0| 0| 0| runtime:  848.5 ms | cr: 3393.8
    949. dt:  0.25 ms | #newton:  1 | ph:  0.0% | #CG/newton: 1809 | ls (cap|max|inv|bt):  0| 0| 0| 0| runtime:  845.9 ms | cr: 3383.5
    950. dt:  0.25 ms | #newton:  1 | ph:  0.0% | #CG/newton: 1810 | ls (cap|max|inv|bt):  0| 0| 0| 0| runtime:  824.3 ms | cr: 3297.4
    951. dt:  0.25 ms | #newton:  1 | ph:  0.0% | #CG/newton: 1810 | ls (cap|max|inv|bt):  0| 0| 0| 0| runtime:  823.2 ms | cr: 3292.9
    952. dt:  0.25 ms | #newton:  1 | ph:  0.0% | #CG/newton: 1809 | ls (cap|max|inv|bt):  0| 0| 0| 0| runtime:  813.9 ms | cr: 3255.8
    953. dt:  0.25 ms | #newton:  1 | ph:  0.0% | #CG/newton: 1810 | ls (cap|max|inv|bt):  0| 0| 0| 0| runtime:  805.6 ms | cr: 3222.4
    954. dt:  0.25 ms | #newton:  1 | ph:  0.0% | #CG/newton: 1809 | ls (cap|max|inv|bt):  0| 0| 0| 0| runtime:  818.5 ms | cr: 3274.2
    955. dt:  0.25 ms | #newton:  1 | ph:  0.0% | #CG/newton: 1811 | ls (cap|max|inv|bt):  0| 0| 0| 0| runtime:  825.9 ms | cr: 3303.8
    956. dt:  0.25 ms | #newton:  1 | ph:  0.0% | #CG/newton: 1809 | ls (cap|max|inv|bt):  0| 0| 0| 0| runtime:  821.8 ms | cr: 3287.3
    957. dt:  0.25 ms | #newton:  1 | ph:  0.0% | #CG/newton: 1810 | ls (cap|max|inv|bt):  0| 0| 0| 0| runtime:  821.1 ms | cr: 3284.6
    958. dt:  0.25 ms | #newton:  1 | ph:  0.0% | #CG/newton: 1810 | ls (cap|max|inv|bt):  0| 0| 0| 0| runtime:  819.8 ms | cr: 3279.0
    959. dt:  0.25 ms | #newton:  1 | ph:  0.0% | #CG/newton: 1810 | ls (cap|max|inv|bt):  0| 0| 0| 0| runtime:  825.0 ms | cr: 3299.9
    960. dt:  0.25 ms | #newton:  1 | ph:  0.0% | #CG/newton: 1810 | ls (cap|max|inv|bt):  0| 0| 0| 0| runtime:  846.4 ms | cr: 3385.5
    961. dt:  0.25 ms | #newton:  1 | ph:  0.0% | #CG/newton: 1811 | ls (cap|max|inv|bt):  0| 0| 0| 0| runtime:  850.1 ms | cr: 3400.3
    962. dt:  0.25 ms | #newton:  1 | ph:  0.0% | #CG/newton: 1810 | ls (cap|max|inv|bt):  0| 0| 0| 0| runtime:  909.7 ms | cr: 3638.7
    963. dt:  0.25 ms | #newton:  1 | ph:  0.0% | #CG/newton: 1810 | ls (cap|max|inv|bt):  0| 0| 0| 0| runtime:  852.1 ms | cr: 3408.3
    964. dt:  0.25 ms | #newton:  1 | ph:  0.0% | #CG/newton: 1809 | ls (cap|max|inv|bt):  0| 0| 0| 0| runtime:  855.4 ms | cr: 3421.6
    965. dt:  0.25 ms | #newton:  1 | ph:  0.0% | #CG/newton: 1810 | ls (cap|max|inv|bt):  0| 0| 0| 0| runtime:  835.7 ms | cr: 3342.8
    966. dt:  0.25 ms | #newton:  1 | ph:  0.0% | #CG/newton: 1811 | ls (cap|max|inv|bt):  0| 0| 0| 0| runtime:  822.5 ms | cr: 3290.2
    967. dt:  0.25 ms | #newton:  1 | ph:  0.0% | #CG/newton: 1811 | ls (cap|max|inv|bt):  0| 0| 0| 0| runtime:  816.3 ms | cr: 3265.2
    968. dt:  0.25 ms | #newton:  1 | ph:  0.0% | #CG/newton: 1810 | ls (cap|max|inv|bt):  0| 0| 0| 0| runtime:  823.0 ms | cr: 3291.9
    969. dt:  0.25 ms | #newton:  1 | ph:  0.0% | #CG/newton: 1810 | ls (cap|max|inv|bt):  0| 0| 0| 0| runtime:  830.4 ms | cr: 3321.5
    970. dt:  0.25 ms | #newton:  1 | ph:  0.0% | #CG/newton: 1810 | ls (cap|max|inv|bt):  0| 0| 0| 0| runtime:  820.8 ms | cr: 3283.3
    971. dt:  0.25 ms | #newton:  1 | ph:  0.0% | #CG/newton: 1810 | ls (cap|max|inv|bt):  0| 0| 0| 0| runtime:  825.0 ms | cr: 3300.1
    972. dt:  0.25 ms | #newton:  1 | ph:  0.0% | #CG/newton: 1809 | ls (cap|max|inv|bt):  0| 0| 0| 0| runtime:  816.0 ms | cr: 3264.0
    973. dt:  0.25 ms | #newton:  1 | ph:  0.0% | #CG/newton: 1810 | ls (cap|max|inv|bt):  0| 0| 0| 0| runtime:  812.6 ms | cr: 3250.2
    974. dt:  0.25 ms | #newton:  1 | ph:  0.0% | #CG/newton: 1810 | ls (cap|max|inv|bt):  0| 0| 0| 0| runtime:  823.7 ms | cr: 3294.8
    975. dt:  0.25 ms | #newton:  1 | ph:  0.0% | #CG/newton: 1810 | ls (cap|max|inv|bt):  0| 0| 0| 0| runtime:  828.5 ms | cr: 3314.1
    976. dt:  0.25 ms | #newton:  1 | ph:  0.0% | #CG/newton: 1810 | ls (cap|max|inv|bt):  0| 0| 0| 0| runtime:  824.1 ms | cr: 3296.5
    977. dt:  0.25 ms | #newton:  1 | ph:  0.0% | #CG/newton: 1812 | ls (cap|max|inv|bt):  0| 0| 0| 0| runtime:  828.0 ms | cr: 3312.0
    978. dt:  0.25 ms | #newton:  1 | ph:  0.0% | #CG/newton: 1813 | ls (cap|max|inv|bt):  0| 0| 0| 0| runtime:  825.5 ms | cr: 3302.0
    979. dt:  0.25 ms | #newton:  1 | ph:  0.0% | #CG/newton: 1811 | ls (cap|max|inv|bt):  0| 0| 0| 0| runtime:  823.8 ms | cr: 3295.1
    980. dt:  0.25 ms | #newton:  1 | ph:  0.0% | #CG/newton: 1811 | ls (cap|max|inv|bt):  0| 0| 0| 0| runtime:  828.1 ms | cr: 3312.3
    981. dt:  0.25 ms | #newton:  1 | ph:  0.0% | #CG/newton: 1812 | ls (cap|max|inv|bt):  0| 0| 0| 0| runtime:  844.2 ms | cr: 3376.6
    982. dt:  0.25 ms | #newton:  1 | ph:  0.0% | #CG/newton: 1812 | ls (cap|max|inv|bt):  0| 0| 0| 0| runtime:  860.6 ms | cr: 3442.3
    983. dt:  0.25 ms | #newton:  1 | ph:  0.0% | #CG/newton: 1812 | ls (cap|max|inv|bt):  0| 0| 0| 0| runtime:  841.9 ms | cr: 3367.7
    984. dt:  0.25 ms | #newton:  1 | ph:  0.0% | #CG/newton: 1813 | ls (cap|max|inv|bt):  0| 0| 0| 0| runtime:  842.3 ms | cr: 3369.1
    985. dt:  0.25 ms | #newton:  1 | ph:  0.0% | #CG/newton: 1814 | ls (cap|max|inv|bt):  0| 0| 0| 0| runtime:  849.1 ms | cr: 3396.4
    986. dt:  0.25 ms | #newton:  1 | ph:  0.0% | #CG/newton: 1813 | ls (cap|max|inv|bt):  0| 0| 0| 0| runtime:  836.1 ms | cr: 3344.6
    987. dt:  0.25 ms | #newton:  1 | ph:  0.0% | #CG/newton: 1812 | ls (cap|max|inv|bt):  0| 0| 0| 0| runtime:  819.6 ms | cr: 3278.5
    988. dt:  0.25 ms | #newton:  1 | ph:  0.0% | #CG/newton: 1813 | ls (cap|max|inv|bt):  0| 0| 0| 0| runtime:  818.5 ms | cr: 3274.1
    989. dt:  0.25 ms | #newton:  1 | ph:  0.0% | #CG/newton: 1813 | ls (cap|max|inv|bt):  0| 0| 0| 0| runtime:  822.4 ms | cr: 3289.5
    990. dt:  0.25 ms | #newton:  1 | ph:  0.0% | #CG/newton: 1813 | ls (cap|max|inv|bt):  0| 0| 0| 0| runtime:  821.4 ms | cr: 3285.4
    991. dt:  0.25 ms | #newton:  1 | ph:  0.0% | #CG/newton: 1814 | ls (cap|max|inv|bt):  0| 0| 0| 0| runtime:  812.6 ms | cr: 3250.6
    992. dt:  0.25 ms | #newton:  1 | ph:  0.0% | #CG/newton: 1814 | ls (cap|max|inv|bt):  0| 0| 0| 0| runtime:  814.6 ms | cr: 3258.5
    993. dt:  0.25 ms | #newton:  1 | ph:  0.0% | #CG/newton: 1814 | ls (cap|max|inv|bt):  0| 0| 0| 0| runtime:  829.5 ms | cr: 3317.8
    994. dt:  0.25 ms | #newton:  1 | ph:  0.0% | #CG/newton: 1815 | ls (cap|max|inv|bt):  0| 0| 0| 0| runtime:  816.2 ms | cr: 3264.7
    995. dt:  0.25 ms | #newton:  1 | ph:  0.0% | #CG/newton: 1814 | ls (cap|max|inv|bt):  0| 0| 0| 0| runtime:  870.6 ms | cr: 3482.3
    996. dt:  0.25 ms | #newton:  1 | ph:  0.0% | #CG/newton: 1814 | ls (cap|max|inv|bt):  0| 0| 0| 0| runtime:  818.4 ms | cr: 3273.5
    997. dt:  0.25 ms | #newton:  1 | ph:  0.0% | #CG/newton: 1815 | ls (cap|max|inv|bt):  0| 0| 0| 0| runtime:  826.9 ms | cr: 3307.4
    998. dt:  0.25 ms | #newton:  1 | ph:  0.0% | #CG/newton: 1816 | ls (cap|max|inv|bt):  0| 0| 0| 0| runtime:  831.7 ms | cr: 3326.8
    999. dt:  0.25 ms | #newton:  1 | ph:  0.0% | #CG/newton: 1816 | ls (cap|max|inv|bt):  0| 0| 0| 0| runtime:  856.3 ms | cr: 3425.2
    1000. dt:  0.25 ms | #newton:  1 | ph:  0.0% | #CG/newton: 1817 | ls (cap|max|inv|bt):  0| 0| 0| 0| runtime:  862.8 ms | cr: 3451.3
    1001. dt:  0.25 ms | #newton:  1 | ph:  0.0% | #CG/newton: 1817 | ls (cap|max|inv|bt):  0| 0| 0| 0| runtime:  846.1 ms | cr: 3384.2
    1002. dt:  0.25 ms | #newton:  1 | ph:  0.0% | #CG/newton: 1817 | ls (cap|max|inv|bt):  0| 0| 0| 0| runtime:  874.5 ms | cr: 3498.0
    1003. dt:  0.25 ms | #newton:  1 | ph:  0.0% | #CG/newton: 1818 | ls (cap|max|inv|bt):  0| 0| 0| 0| runtime:  847.0 ms | cr: 3388.0
    1004. dt:  0.25 ms | #newton:  1 | ph:  0.0% | #CG/newton: 1817 | ls (cap|max|inv|bt):  0| 0| 0| 0| runtime:  835.0 ms | cr: 3340.1
    1005. dt:  0.25 ms | #newton:  1 | ph:  0.0% | #CG/newton: 1819 | ls (cap|max|inv|bt):  0| 0| 0| 0| runtime:  824.2 ms | cr: 3296.6
    1006. dt:  0.25 ms | #newton:  1 | ph:  0.0% | #CG/newton: 1819 | ls (cap|max|inv|bt):  0| 0| 0| 0| runtime:  826.8 ms | cr: 3307.3
    1007. dt:  0.25 ms | #newton:  1 | ph:  0.0% | #CG/newton: 1820 | ls (cap|max|inv|bt):  0| 0| 0| 0| runtime:  829.8 ms | cr: 3319.1
    1008. dt:  0.25 ms | #newton:  1 | ph:  0.0% | #CG/newton: 1820 | ls (cap|max|inv|bt):  0| 0| 0| 0| runtime:  824.7 ms | cr: 3298.8
    1009. dt:  0.25 ms | #newton:  1 | ph:  0.0% | #CG/newton: 1821 | ls (cap|max|inv|bt):  0| 0| 0| 0| runtime:  825.4 ms | cr: 3301.7
    1010. dt:  0.25 ms | #newton:  1 | ph:  0.0% | #CG/newton: 1821 | ls (cap|max|inv|bt):  0| 0| 0| 0| runtime:  824.7 ms | cr: 3298.9
    1011. dt:  0.25 ms | #newton:  1 | ph:  0.0% | #CG/newton: 1821 | ls (cap|max|inv|bt):  0| 0| 0| 0| runtime:  816.6 ms | cr: 3266.4
    1012. dt:  0.25 ms | #newton:  1 | ph:  0.0% | #CG/newton: 1822 | ls (cap|max|inv|bt):  0| 0| 0| 0| runtime:  821.2 ms | cr: 3284.8
    1013. dt:  0.25 ms | #newton:  1 | ph:  0.0% | #CG/newton: 1822 | ls (cap|max|inv|bt):  0| 0| 0| 0| runtime:  814.5 ms | cr: 3257.9
    1014. dt:  0.25 ms | #newton:  1 | ph:  0.0% | #CG/newton: 1822 | ls (cap|max|inv|bt):  0| 0| 0| 0| runtime:  824.2 ms | cr: 3296.6
    1015. dt:  0.25 ms | #newton:  1 | ph:  0.0% | #CG/newton: 1823 | ls (cap|max|inv|bt):  0| 0| 0| 0| runtime:  819.1 ms | cr: 3276.5
    1016. dt:  0.25 ms | #newton:  1 | ph:  0.0% | #CG/newton: 1823 | ls (cap|max|inv|bt):  0| 0| 0| 0| runtime:  847.4 ms | cr: 3389.7
    1017. dt:  0.25 ms | #newton:  1 | ph:  0.0% | #CG/newton: 1823 | ls (cap|max|inv|bt):  0| 0| 0| 0| runtime:  853.4 ms | cr: 3413.7
    1018. dt:  0.25 ms | #newton:  1 | ph:  0.0% | #CG/newton: 1824 | ls (cap|max|inv|bt):  0| 0| 0| 0| runtime:  856.0 ms | cr: 3424.1
    1019. dt:  0.25 ms | #newton:  1 | ph:  0.0% | #CG/newton: 1825 | ls (cap|max|inv|bt):  0| 0| 0| 0| runtime:  844.4 ms | cr: 3377.7
    1020. dt:  0.25 ms | #newton:  1 | ph:  0.0% | #CG/newton: 1826 | ls (cap|max|inv|bt):  0| 0| 0| 0| runtime:  851.3 ms | cr: 3405.4
    1021. dt:  0.25 ms | #newton:  1 | ph:  0.0% | #CG/newton: 1827 | ls (cap|max|inv|bt):  0| 0| 0| 0| runtime:  842.7 ms | cr: 3370.7
    1022. dt:  0.25 ms | #newton:  1 | ph:  0.0% | #CG/newton: 1829 | ls (cap|max|inv|bt):  0| 0| 0| 0| runtime:  823.3 ms | cr: 3293.0
    1023. dt:  0.25 ms | #newton:  1 | ph:  0.0% | #CG/newton: 1828 | ls (cap|max|inv|bt):  0| 0| 0| 0| runtime:  832.1 ms | cr: 3328.5
    1024. dt:  0.25 ms | #newton:  1 | ph:  0.0% | #CG/newton: 1830 | ls (cap|max|inv|bt):  0| 0| 0| 0| runtime:  815.9 ms | cr: 3263.5
    1025. dt:  0.25 ms | #newton:  1 | ph:  0.0% | #CG/newton: 1834 | ls (cap|max|inv|bt):  0| 0| 0| 0| runtime:  819.8 ms | cr: 3279.1
    1026. dt:  0.25 ms | #newton:  1 | ph:  0.0% | #CG/newton: 1834 | ls (cap|max|inv|bt):  0| 0| 0| 0| runtime:  824.6 ms | cr: 3298.2
    1027. dt:  0.25 ms | #newton:  1 | ph:  0.0% | #CG/newton: 1836 | ls (cap|max|inv|bt):  0| 0| 0| 0| runtime:  823.7 ms | cr: 3294.8
    1028. dt:  0.25 ms | #newton:  1 | ph:  0.0% | #CG/newton: 1836 | ls (cap|max|inv|bt):  0| 0| 0| 0| runtime:  820.2 ms | cr: 3280.8
    1029. dt:  0.25 ms | #newton:  1 | ph:  0.0% | #CG/newton: 1837 | ls (cap|max|inv|bt):  0| 0| 0| 0| runtime:  816.8 ms | cr: 3267.1
    1030. dt:  0.25 ms | #newton:  1 | ph:  0.0% | #CG/newton: 1839 | ls (cap|max|inv|bt):  0| 0| 0| 0| runtime:  819.9 ms | cr: 3279.6
    1031. dt:  0.25 ms | #newton:  1 | ph:  0.0% | #CG/newton: 1839 | ls (cap|max|inv|bt):  0| 0| 0| 0| runtime:  829.7 ms | cr: 3318.7
    1032. dt:  0.25 ms | #newton:  1 | ph:  0.0% | #CG/newton: 1839 | ls (cap|max|inv|bt):  0| 0| 0| 0| runtime:  826.1 ms | cr: 3304.4
    1033. dt:  0.25 ms | #newton:  1 | ph:  0.0% | #CG/newton: 1840 | ls (cap|max|inv|bt):  0| 0| 0| 0| runtime:  833.9 ms | cr: 3335.8
    1034. dt:  0.25 ms | #newton:  1 | ph:  0.0% | #CG/newton: 1842 | ls (cap|max|inv|bt):  0| 0| 0| 0| runtime:  832.1 ms | cr: 3328.2
    1035. dt:  0.25 ms | #newton:  1 | ph:  0.0% | #CG/newton: 1841 | ls (cap|max|inv|bt):  0| 0| 0| 0| runtime:  861.2 ms | cr: 3444.8
    1036. dt:  0.25 ms | #newton:  1 | ph:  0.0% | #CG/newton: 1842 | ls (cap|max|inv|bt):  0| 0| 0| 0| runtime:  860.9 ms | cr: 3443.5
    1037. dt:  0.25 ms | #newton:  1 | ph:  0.0% | #CG/newton: 1843 | ls (cap|max|inv|bt):  0| 0| 0| 0| runtime:  853.5 ms | cr: 3414.1
    1038. dt:  0.25 ms | #newton:  1 | ph:  0.0% | #CG/newton: 1845 | ls (cap|max|inv|bt):  0| 0| 0| 0| runtime:  892.8 ms | cr: 3571.3
    1039. dt:  0.25 ms | #newton:  1 | ph:  0.0% | #CG/newton: 1845 | ls (cap|max|inv|bt):  0| 0| 0| 0| runtime:  857.4 ms | cr: 3429.7
    1040. dt:  0.25 ms | #newton:  1 | ph:  0.0% | #CG/newton: 1847 | ls (cap|max|inv|bt):  0| 0| 0| 0| runtime:  842.3 ms | cr: 3369.3
    1041. dt:  0.25 ms | #newton:  1 | ph:  0.0% | #CG/newton: 1846 | ls (cap|max|inv|bt):  0| 0| 0| 0| runtime:  834.3 ms | cr: 3337.0
    1042. dt:  0.25 ms | #newton:  1 | ph:  0.0% | #CG/newton: 1848 | ls (cap|max|inv|bt):  0| 0| 0| 0| runtime:  832.9 ms | cr: 3331.5
    1043. dt:  0.25 ms | #newton:  1 | ph:  0.0% | #CG/newton: 1848 | ls (cap|max|inv|bt):  0| 0| 0| 0| runtime:  819.0 ms | cr: 3276.0
    1044. dt:  0.25 ms | #newton:  1 | ph:  0.0% | #CG/newton: 1849 | ls (cap|max|inv|bt):  0| 0| 0| 0| runtime:  872.1 ms | cr: 3488.4
    1045. dt:  0.25 ms | #newton:  1 | ph:  0.0% | #CG/newton: 1850 | ls (cap|max|inv|bt):  0| 0| 0| 0| runtime:  835.9 ms | cr: 3343.6
    1046. dt:  0.25 ms | #newton:  1 | ph:  0.0% | #CG/newton: 1851 | ls (cap|max|inv|bt):  0| 0| 0| 0| runtime:  842.0 ms | cr: 3367.9
    1047. dt:  0.25 ms | #newton:  1 | ph:  0.0% | #CG/newton: 1850 | ls (cap|max|inv|bt):  0| 0| 0| 0| runtime:  830.1 ms | cr: 3320.4
    1048. dt:  0.25 ms | #newton:  1 | ph:  0.0% | #CG/newton: 1850 | ls (cap|max|inv|bt):  0| 0| 0| 0| runtime:  840.6 ms | cr: 3362.3
    1049. dt:  0.25 ms | #newton:  1 | ph:  0.0% | #CG/newton: 1851 | ls (cap|max|inv|bt):  0| 0| 0| 0| runtime:  839.0 ms | cr: 3355.9
    1050. dt:  0.25 ms | #newton:  1 | ph:  0.0% | #CG/newton: 1684 | ls (cap|max|inv|bt):  0| 0| 0| 0| runtime:  769.3 ms | cr: 3077.0
    1051. dt:  0.25 ms | #newton:  1 | ph:  0.0% | #CG/newton: 1678 | ls (cap|max|inv|bt):  0| 0| 0| 0| runtime:  767.7 ms | cr: 3070.8
    1052. dt:  0.25 ms | #newton:  1 | ph:  0.0% | #CG/newton: 1676 | ls (cap|max|inv|bt):  0| 0| 0| 0| runtime:  779.1 ms | cr: 3116.5
    1053. dt:  0.25 ms | #newton:  1 | ph:  0.0% | #CG/newton: 1676 | ls (cap|max|inv|bt):  0| 0| 0| 0| runtime:  793.8 ms | cr: 3175.2
    1054. dt:  0.25 ms | #newton:  1 | ph:  0.0% | #CG/newton: 1675 | ls (cap|max|inv|bt):  0| 0| 0| 0| runtime:  845.2 ms | cr: 3380.7
    1055. dt:  0.25 ms | #newton:  1 | ph:  0.0% | #CG/newton: 1675 | ls (cap|max|inv|bt):  0| 0| 0| 0| runtime:  799.9 ms | cr: 3199.8
    1056. dt:  0.25 ms | #newton:  1 | ph:  0.0% | #CG/newton: 1675 | ls (cap|max|inv|bt):  0| 0| 0| 0| runtime:  809.4 ms | cr: 3237.7
    1057. dt:  0.25 ms | #newton:  1 | ph:  0.0% | #CG/newton: 1675 | ls (cap|max|inv|bt):  0| 0| 0| 0| runtime:  795.9 ms | cr: 3183.6
    1058. dt:  0.25 ms | #newton:  1 | ph:  0.0% | #CG/newton: 1675 | ls (cap|max|inv|bt):  0| 0| 0| 0| runtime:  790.3 ms | cr: 3161.1
    1059. dt:  0.25 ms | #newton:  1 | ph:  0.0% | #CG/newton: 1675 | ls (cap|max|inv|bt):  0| 0| 0| 0| runtime:  780.8 ms | cr: 3123.2
    1060. dt:  0.25 ms | #newton:  1 | ph:  0.0% | #CG/newton: 1669 | ls (cap|max|inv|bt):  0| 0| 0| 0| runtime:  834.0 ms | cr: 3335.9
    1061. dt:  0.25 ms | #newton:  1 | ph:  0.0% | #CG/newton: 1658 | ls (cap|max|inv|bt):  0| 0| 0| 0| runtime:  821.9 ms | cr: 3287.8
    1062. dt:  0.25 ms | #newton:  1 | ph:  0.0% | #CG/newton: 1684 | ls (cap|max|inv|bt):  0| 0| 0| 0| runtime:  775.2 ms | cr: 3100.9
    1063. dt:  0.25 ms | #newton:  1 | ph:  0.0% | #CG/newton: 1685 | ls (cap|max|inv|bt):  0| 0| 0| 0| runtime:  773.4 ms | cr: 3093.6
    1064. dt:  0.25 ms | #newton:  1 | ph:  0.0% | #CG/newton: 1687 | ls (cap|max|inv|bt):  0| 0| 0| 0| runtime:  757.5 ms | cr: 3029.9
    1065. dt:  0.25 ms | #newton:  1 | ph:  0.0% | #CG/newton: 1689 | ls (cap|max|inv|bt):  0| 0| 0| 0| runtime:  774.9 ms | cr: 3099.7
    1066. dt:  0.25 ms | #newton:  1 | ph:  0.0% | #CG/newton: 1691 | ls (cap|max|inv|bt):  0| 0| 0| 0| runtime:  776.1 ms | cr: 3104.6
[Frame: 8] Time: 0.267 s
    1067. dt:  0.25 ms | #newton:  1 | ph:  0.0% | #CG/newton: 1691 | ls (cap|max|inv|bt):  0| 0| 0| 0| runtime:  765.1 ms | cr: 3060.4
    1068. dt:  0.25 ms | #newton:  1 | ph:  0.0% | #CG/newton: 1692 | ls (cap|max|inv|bt):  0| 0| 0| 0| runtime:  783.2 ms | cr: 3132.8
    1069. dt:  0.25 ms | #newton:  1 | ph:  0.0% | #CG/newton: 1693 | ls (cap|max|inv|bt):  0| 0| 0| 0| runtime:  776.1 ms | cr: 3104.6
    1070. dt:  0.25 ms | #newton:  1 | ph:  0.0% | #CG/newton: 1693 | ls (cap|max|inv|bt):  0| 0| 0| 0| runtime:  783.4 ms | cr: 3133.7
    1071. dt:  0.25 ms | #newton:  1 | ph:  0.0% | #CG/newton: 1695 | ls (cap|max|inv|bt):  0| 0| 0| 0| runtime:  781.4 ms | cr: 3125.6
    1072. dt:  0.25 ms | #newton:  1 | ph:  0.0% | #CG/newton: 1694 | ls (cap|max|inv|bt):  0| 0| 0| 0| runtime:  778.9 ms | cr: 3115.5
    1073. dt:  0.25 ms | #newton:  1 | ph:  0.0% | #CG/newton: 1695 | ls (cap|max|inv|bt):  0| 0| 0| 0| runtime:  775.9 ms | cr: 3103.5
    1074. dt:  0.25 ms | #newton:  1 | ph:  0.0% | #CG/newton: 1687 | ls (cap|max|inv|bt):  0| 0| 0| 0| runtime:  763.5 ms | cr: 3054.2
    1075. dt:  0.25 ms | #newton:  1 | ph:  0.0% | #CG/newton: 1697 | ls (cap|max|inv|bt):  0| 0| 0| 0| runtime:  779.6 ms | cr: 3118.4
    1076. dt:  0.25 ms | #newton:  1 | ph:  0.0% | #CG/newton: 1703 | ls (cap|max|inv|bt):  0| 0| 0| 0| runtime:  786.1 ms | cr: 3144.4
    1077. dt:  0.25 ms | #newton:  1 | ph:  0.0% | #CG/newton: 1706 | ls (cap|max|inv|bt):  0| 0| 0| 0| runtime:  776.6 ms | cr: 3106.6
    1078. dt:  0.25 ms | #newton:  1 | ph:  0.0% | #CG/newton: 1705 | ls (cap|max|inv|bt):  0| 0| 0| 0| runtime:  774.9 ms | cr: 3099.5
    1079. dt:  0.25 ms | #newton:  1 | ph:  0.0% | #CG/newton: 1704 | ls (cap|max|inv|bt):  0| 0| 0| 0| runtime:  770.8 ms | cr: 3083.1
    1080. dt:  0.25 ms | #newton:  1 | ph:  0.0% | #CG/newton: 1695 | ls (cap|max|inv|bt):  0| 0| 0| 0| runtime:  765.1 ms | cr: 3060.3
    1081. dt:  0.25 ms | #newton:  1 | ph:  0.0% | #CG/newton: 1708 | ls (cap|max|inv|bt):  0| 0| 0| 0| runtime:  782.2 ms | cr: 3128.9
    1082. dt:  0.25 ms | #newton:  1 | ph:  0.0% | #CG/newton: 1713 | ls (cap|max|inv|bt):  0| 0| 0| 0| runtime:  786.7 ms | cr: 3146.8
    1083. dt:  0.25 ms | #newton:  1 | ph:  0.0% | #CG/newton: 1712 | ls (cap|max|inv|bt):  0| 0| 0| 0| runtime:  783.2 ms | cr: 3132.8
    1084. dt:  0.25 ms | #newton:  1 | ph:  0.0% | #CG/newton: 1712 | ls (cap|max|inv|bt):  0| 0| 0| 0| runtime:  782.0 ms | cr: 3128.2
    1085. dt:  0.25 ms | #newton:  1 | ph:  0.0% | #CG/newton: 1680 | ls (cap|max|inv|bt):  0| 0| 0| 0| runtime:  768.1 ms | cr: 3072.3
    1086. dt:  0.25 ms | #newton:  1 | ph:  0.0% | #CG/newton: 1687 | ls (cap|max|inv|bt):  0| 0| 0| 0| runtime:  773.9 ms | cr: 3095.5
    1087. dt:  0.25 ms | #newton:  1 | ph:  0.0% | #CG/newton: 1710 | ls (cap|max|inv|bt):  0| 0| 0| 0| runtime:  774.7 ms | cr: 3098.9
    1088. dt:  0.25 ms | #newton:  1 | ph:  0.0% | #CG/newton: 1725 | ls (cap|max|inv|bt):  0| 0| 0| 0| runtime:  783.0 ms | cr: 3131.9
    1089. dt:  0.25 ms | #newton:  1 | ph:  0.0% | #CG/newton: 1713 | ls (cap|max|inv|bt):  0| 0| 0| 0| runtime:  780.4 ms | cr: 3121.7
    1090. dt:  0.25 ms | #newton:  1 | ph:  0.0% | #CG/newton: 1728 | ls (cap|max|inv|bt):  0| 0| 0| 0| runtime:  780.2 ms | cr: 3120.9
    1091. dt:  0.25 ms | #newton:  1 | ph:  0.0% | #CG/newton: 1726 | ls (cap|max|inv|bt):  0| 0| 0| 0| runtime:  800.4 ms | cr: 3201.4
    1092. dt:  0.25 ms | #newton:  1 | ph:  0.0% | #CG/newton: 1722 | ls (cap|max|inv|bt):  0| 0| 0| 0| runtime:  788.7 ms | cr: 3154.9
    1093. dt:  0.25 ms | #newton:  1 | ph:  0.0% | #CG/newton: 1697 | ls (cap|max|inv|bt):  0| 0| 0| 0| runtime:  774.8 ms | cr: 3099.1
    1094. dt:  0.25 ms | #newton:  1 | ph:  0.0% | #CG/newton: 1712 | ls (cap|max|inv|bt):  0| 0| 0| 0| runtime:  780.1 ms | cr: 3120.5
    1095. dt:  0.25 ms | #newton:  1 | ph:  0.0% | #CG/newton: 1732 | ls (cap|max|inv|bt):  0| 0| 0| 0| runtime:  805.8 ms | cr: 3223.1
    1096. dt:  0.25 ms | #newton:  1 | ph:  0.0% | #CG/newton: 1721 | ls (cap|max|inv|bt):  0| 0| 0| 0| runtime:  805.0 ms | cr: 3220.0
    1097. dt:  0.25 ms | #newton:  1 | ph:  0.0% | #CG/newton: 1736 | ls (cap|max|inv|bt):  0| 0| 0| 0| runtime:  803.2 ms | cr: 3212.8
    1098. dt:  0.25 ms | #newton:  1 | ph:  0.0% | #CG/newton: 1734 | ls (cap|max|inv|bt):  0| 0| 0| 0| runtime:  795.5 ms | cr: 3181.8
    1099. dt:  0.25 ms | #newton:  1 | ph:  0.0% | #CG/newton: 1715 | ls (cap|max|inv|bt):  0| 0| 0| 0| runtime:  790.1 ms | cr: 3160.5
    1100. dt:  0.25 ms | #newton:  1 | ph:  0.0% | #CG/newton: 1740 | ls (cap|max|inv|bt):  0| 0| 0| 0| runtime:  790.2 ms | cr: 3160.8
    1101. dt:  0.25 ms | #newton:  1 | ph:  0.0% | #CG/newton: 1741 | ls (cap|max|inv|bt):  0| 0| 0| 0| runtime:  796.1 ms | cr: 3184.6
    1102. dt:  0.25 ms | #newton:  1 | ph:  0.0% | #CG/newton: 1708 | ls (cap|max|inv|bt):  0| 0| 0| 0| runtime:  788.0 ms | cr: 3151.9
    1103. dt:  0.25 ms | #newton:  1 | ph:  0.0% | #CG/newton: 1722 | ls (cap|max|inv|bt):  0| 0| 0| 0| runtime:  784.2 ms | cr: 3136.8
    1104. dt:  0.25 ms | #newton:  1 | ph:  0.0% | #CG/newton: 1522 | ls (cap|max|inv|bt):  0| 0| 0| 0| runtime:  712.6 ms | cr: 2850.4
    1105. dt:  0.25 ms | #newton:  1 | ph:  0.0% | #CG/newton: 1516 | ls (cap|max|inv|bt):  0| 0| 0| 0| runtime:  700.4 ms | cr: 2801.7
    1106. dt:  0.25 ms | #newton:  1 | ph:  0.0% | #CG/newton: 1521 | ls (cap|max|inv|bt):  0| 0| 0| 0| runtime:  703.7 ms | cr: 2814.6
    1107. dt:  0.25 ms | #newton:  1 | ph:  0.0% | #CG/newton: 1518 | ls (cap|max|inv|bt):  0| 0| 0| 0| runtime:  700.7 ms | cr: 2802.7
    1108. dt:  0.25 ms | #newton:  1 | ph:  0.0% | #CG/newton: 1517 | ls (cap|max|inv|bt):  0| 0| 0| 0| runtime:  696.0 ms | cr: 2783.9
    1109. dt:  0.25 ms | #newton:  1 | ph:  0.0% | #CG/newton: 1515 | ls (cap|max|inv|bt):  0| 0| 0| 0| runtime:  704.9 ms | cr: 2819.5
    1110. dt:  0.25 ms | #newton:  1 | ph:  0.0% | #CG/newton: 1515 | ls (cap|max|inv|bt):  0| 0| 0| 0| runtime:  703.6 ms | cr: 2814.6
    1111. dt:  0.25 ms | #newton:  1 | ph:  0.0% | #CG/newton: 1516 | ls (cap|max|inv|bt):  0| 0| 0| 0| runtime:  718.1 ms | cr: 2872.2
    1112. dt:  0.25 ms | #newton:  1 | ph:  0.0% | #CG/newton: 1516 | ls (cap|max|inv|bt):  0| 0| 0| 0| runtime:  717.4 ms | cr: 2869.8
    1113. dt:  0.25 ms | #newton:  1 | ph:  0.0% | #CG/newton: 1517 | ls (cap|max|inv|bt):  0| 0| 0| 0| runtime:  705.0 ms | cr: 2820.0
    1114. dt:  0.25 ms | #newton:  1 | ph:  0.0% | #CG/newton: 1517 | ls (cap|max|inv|bt):  0| 0| 0| 0| runtime:  711.0 ms | cr: 2844.0
    1115. dt:  0.25 ms | #newton:  1 | ph:  0.0% | #CG/newton: 1516 | ls (cap|max|inv|bt):  0| 0| 0| 0| runtime:  709.6 ms | cr: 2838.5
    1116. dt:  0.25 ms | #newton:  1 | ph:  0.0% | #CG/newton: 1516 | ls (cap|max|inv|bt):  0| 0| 0| 0| runtime:  727.7 ms | cr: 2910.8
    1117. dt:  0.25 ms | #newton:  1 | ph:  0.0% | #CG/newton: 1519 | ls (cap|max|inv|bt):  0| 0| 0| 0| runtime:  703.8 ms | cr: 2815.3
    1118. dt:  0.25 ms | #newton:  1 | ph:  0.0% | #CG/newton: 1521 | ls (cap|max|inv|bt):  0| 0| 0| 0| runtime:  705.0 ms | cr: 2820.1
    1119. dt:  0.25 ms | #newton:  1 | ph:  0.0% | #CG/newton: 1521 | ls (cap|max|inv|bt):  0| 0| 0| 0| runtime:  695.2 ms | cr: 2781.0
    1120. dt:  0.25 ms | #newton:  1 | ph:  0.0% | #CG/newton: 1525 | ls (cap|max|inv|bt):  0| 0| 0| 0| runtime:  699.5 ms | cr: 2798.2
    1121. dt:  0.25 ms | #newton:  1 | ph:  0.0% | #CG/newton: 1510 | ls (cap|max|inv|bt):  0| 0| 0| 0| runtime:  704.3 ms | cr: 2817.1
    1122. dt:  0.25 ms | #newton:  1 | ph:  0.0% | #CG/newton: 1514 | ls (cap|max|inv|bt):  0| 0| 0| 0| runtime:  704.1 ms | cr: 2816.2
    1123. dt:  0.25 ms | #newton:  1 | ph:  0.0% | #CG/newton: 1512 | ls (cap|max|inv|bt):  0| 0| 0| 0| runtime:  719.2 ms | cr: 2876.7
    1124. dt:  0.25 ms | #newton:  1 | ph:  0.0% | #CG/newton: 1521 | ls (cap|max|inv|bt):  0| 0| 0| 0| runtime:  716.9 ms | cr: 2867.7
    1125. dt:  0.25 ms | #newton:  1 | ph:  0.0% | #CG/newton: 1521 | ls (cap|max|inv|bt):  0| 0| 0| 0| runtime:  717.1 ms | cr: 2868.3
    1126. dt:  0.25 ms | #newton:  1 | ph:  0.0% | #CG/newton: 1527 | ls (cap|max|inv|bt):  0| 0| 0| 0| runtime:  718.8 ms | cr: 2875.3
    1127. dt:  0.25 ms | #newton:  1 | ph:  0.0% | #CG/newton: 1523 | ls (cap|max|inv|bt):  0| 0| 0| 0| runtime:  714.2 ms | cr: 2856.7
    1128. dt:  0.25 ms | #newton:  1 | ph:  0.0% | #CG/newton: 1528 | ls (cap|max|inv|bt):  0| 0| 0| 0| runtime:  720.6 ms | cr: 2882.6
    1129. dt:  0.25 ms | #newton:  1 | ph:  0.0% | #CG/newton: 1525 | ls (cap|max|inv|bt):  0| 0| 0| 0| runtime:  734.6 ms | cr: 2938.3
    1130. dt:  0.25 ms | #newton:  1 | ph:  0.0% | #CG/newton: 1154 | ls (cap|max|inv|bt):  0| 0| 0| 0| runtime:  587.8 ms | cr: 2351.0
    1131. dt:  0.25 ms | #newton:  1 | ph:  0.0% | #CG/newton: 1290 | ls (cap|max|inv|bt):  0| 0| 0| 0| runtime:  653.3 ms | cr: 2613.1
    1132. dt:  0.25 ms | #newton:  1 | ph:  0.0% | #CG/newton: 1295 | ls (cap|max|inv|bt):  0| 0| 0| 0| runtime:  628.7 ms | cr: 2514.7
    1133. dt:  0.25 ms | #newton:  1 | ph:  0.0% | #CG/newton: 1291 | ls (cap|max|inv|bt):  0| 0| 0| 0| runtime:  617.3 ms | cr: 2469.0
    1134. dt:  0.25 ms | #newton:  1 | ph:  0.0% | #CG/newton: 1234 | ls (cap|max|inv|bt):  0| 0| 0| 0| runtime:  613.1 ms | cr: 2452.5
    1135. dt:  0.25 ms | #newton:  1 | ph:  0.0% | #CG/newton: 1231 | ls (cap|max|inv|bt):  0| 0| 0| 0| runtime:  599.4 ms | cr: 2397.5
    1136. dt:  0.25 ms | #newton:  1 | ph:  0.0% | #CG/newton: 1228 | ls (cap|max|inv|bt):  0| 0| 0| 0| runtime:  604.1 ms | cr: 2416.3
    1137. dt:  0.25 ms | #newton:  1 | ph:  0.0% | #CG/newton: 1289 | ls (cap|max|inv|bt):  0| 0| 0| 0| runtime:  618.5 ms | cr: 2474.2
    1138. dt:  0.25 ms | #newton:  1 | ph:  0.0% | #CG/newton: 1290 | ls (cap|max|inv|bt):  0| 0| 0| 0| runtime:  629.8 ms | cr: 2519.0
    1139. dt:  0.25 ms | #newton:  1 | ph:  0.0% | #CG/newton: 1290 | ls (cap|max|inv|bt):  0| 0| 0| 0| runtime:  620.4 ms | cr: 2481.6
    1140. dt:  0.25 ms | #newton:  1 | ph:  0.0% | #CG/newton: 1289 | ls (cap|max|inv|bt):  0| 0| 0| 0| runtime:  624.9 ms | cr: 2499.6
    1141. dt:  0.25 ms | #newton:  1 | ph:  0.0% | #CG/newton: 1288 | ls (cap|max|inv|bt):  0| 0| 0| 0| runtime:  630.7 ms | cr: 2522.6
    1142. dt:  0.25 ms | #newton:  1 | ph:  0.0% | #CG/newton: 1286 | ls (cap|max|inv|bt):  0| 0| 0| 0| runtime:  622.9 ms | cr: 2491.5
    1143. dt:  0.25 ms | #newton:  1 | ph:  0.0% | #CG/newton: 1273 | ls (cap|max|inv|bt):  0| 0| 0| 0| runtime:  612.8 ms | cr: 2451.3
    1144. dt:  0.25 ms | #newton:  1 | ph:  0.0% | #CG/newton: 1285 | ls (cap|max|inv|bt):  0| 0| 0| 0| runtime:  621.0 ms | cr: 2484.1
    1145. dt:  0.25 ms | #newton:  1 | ph:  0.0% | #CG/newton: 1286 | ls (cap|max|inv|bt):  0| 0| 0| 0| runtime:  634.4 ms | cr: 2537.5
    1146. dt:  0.25 ms | #newton:  1 | ph:  0.0% | #CG/newton: 1277 | ls (cap|max|inv|bt):  0| 0| 0| 0| runtime:  624.2 ms | cr: 2496.9
    1147. dt:  0.25 ms | #newton:  1 | ph:  0.0% | #CG/newton: 1233 | ls (cap|max|inv|bt):  0| 0| 0| 0| runtime:  605.5 ms | cr: 2422.0
    1148. dt:  0.25 ms | #newton:  1 | ph:  0.0% | #CG/newton: 1276 | ls (cap|max|inv|bt):  0| 0| 0| 0| runtime:  625.1 ms | cr: 2500.3
    1149. dt:  0.25 ms | #newton:  1 | ph:  0.0% | #CG/newton: 1264 | ls (cap|max|inv|bt):  0| 0| 0| 0| runtime:  630.9 ms | cr: 2523.5
    1150. dt:  0.25 ms | #newton:  1 | ph:  0.0% | #CG/newton: 1232 | ls (cap|max|inv|bt):  0| 0| 0| 0| runtime:  635.5 ms | cr: 2541.8
    1151. dt:  0.25 ms | #newton:  1 | ph:  0.0% | #CG/newton: 1269 | ls (cap|max|inv|bt):  0| 0| 0| 0| runtime:  612.6 ms | cr: 2450.3
    1152. dt:  0.25 ms | #newton:  1 | ph:  0.0% | #CG/newton: 1250 | ls (cap|max|inv|bt):  0| 0| 0| 0| runtime:  610.7 ms | cr: 2442.8
    1153. dt:  0.25 ms | #newton:  1 | ph:  0.0% | #CG/newton: 1234 | ls (cap|max|inv|bt):  0| 0| 0| 0| runtime:  619.8 ms | cr: 2479.2
    1154. dt:  0.25 ms | #newton:  1 | ph:  0.0% | #CG/newton: 1279 | ls (cap|max|inv|bt):  0| 0| 0| 0| runtime:  612.6 ms | cr: 2450.5
    1155. dt:  0.25 ms | #newton:  1 | ph:  0.0% | #CG/newton: 1263 | ls (cap|max|inv|bt):  0| 0| 0| 0| runtime:  612.6 ms | cr: 2450.5
    1156. dt:  0.25 ms | #newton:  1 | ph:  0.0% | #CG/newton: 1241 | ls (cap|max|inv|bt):  0| 0| 0| 0| runtime:  596.8 ms | cr: 2387.3
    1157. dt:  0.25 ms | #newton:  1 | ph:  0.0% | #CG/newton: 1263 | ls (cap|max|inv|bt):  0| 0| 0| 0| runtime:  613.2 ms | cr: 2452.8
    1158. dt:  0.25 ms | #newton:  1 | ph:  0.0% | #CG/newton: 1289 | ls (cap|max|inv|bt):  0| 0| 0| 0| runtime:  629.2 ms | cr: 2517.0
    1159. dt:  0.25 ms | #newton:  1 | ph:  0.0% | #CG/newton: 1178 | ls (cap|max|inv|bt):  0| 0| 0| 0| runtime:  580.2 ms | cr: 2320.9
    1160. dt:  0.25 ms | #newton:  1 | ph:  0.0% | #CG/newton: 1274 | ls (cap|max|inv|bt):  0| 0| 0| 0| runtime:  614.0 ms | cr: 2456.0
    1161. dt:  0.25 ms | #newton:  1 | ph:  0.0% | #CG/newton: 1253 | ls (cap|max|inv|bt):  0| 0| 0| 0| runtime:  615.1 ms | cr: 2460.6
    1162. dt:  0.25 ms | #newton:  1 | ph:  0.0% | #CG/newton: 1278 | ls (cap|max|inv|bt):  0| 0| 0| 0| runtime:  628.1 ms | cr: 2512.3
    1163. dt:  0.25 ms | #newton:  1 | ph:  0.0% | #CG/newton: 1260 | ls (cap|max|inv|bt):  0| 0| 0| 0| runtime:  611.0 ms | cr: 2444.1
    1164. dt:  0.25 ms | #newton:  1 | ph:  0.0% | #CG/newton: 1235 | ls (cap|max|inv|bt):  0| 0| 0| 0| runtime:  604.2 ms | cr: 2416.7
    1165. dt:  0.25 ms | #newton:  1 | ph:  0.0% | #CG/newton: 1273 | ls (cap|max|inv|bt):  0| 0| 0| 0| runtime:  619.2 ms | cr: 2477.0
    1166. dt:  0.25 ms | #newton:  1 | ph:  0.0% | #CG/newton: 1276 | ls (cap|max|inv|bt):  0| 0| 0| 0| runtime:  618.8 ms | cr: 2475.1
    1167. dt:  0.25 ms | #newton:  1 | ph:  0.0% | #CG/newton: 1269 | ls (cap|max|inv|bt):  0| 0| 0| 0| runtime:  619.0 ms | cr: 2476.1
    1168. dt:  0.25 ms | #newton:  1 | ph:  0.0% | #CG/newton: 1253 | ls (cap|max|inv|bt):  0| 0| 0| 0| runtime:  606.2 ms | cr: 2424.9
    1169. dt:  0.25 ms | #newton:  1 | ph:  0.0% | #CG/newton: 1165 | ls (cap|max|inv|bt):  0| 0| 0| 0| runtime:  585.6 ms | cr: 2342.4
    1170. dt:  0.25 ms | #newton:  1 | ph:  0.0% | #CG/newton: 1238 | ls (cap|max|inv|bt):  0| 0| 0| 0| runtime:  608.2 ms | cr: 2432.8
    1171. dt:  0.25 ms | #newton:  1 | ph:  0.0% | #CG/newton: 1261 | ls (cap|max|inv|bt):  0| 0| 0| 0| runtime:  628.4 ms | cr: 2513.7
    1172. dt:  0.25 ms | #newton:  1 | ph:  0.0% | #CG/newton: 1266 | ls (cap|max|inv|bt):  0| 0| 0| 0| runtime:  614.5 ms | cr: 2458.2
    1173. dt:  0.25 ms | #newton:  1 | ph:  0.0% | #CG/newton: 1293 | ls (cap|max|inv|bt):  0| 0| 0| 0| runtime:  624.4 ms | cr: 2497.8
    1174. dt:  0.25 ms | #newton:  1 | ph:  0.0% | #CG/newton: 1257 | ls (cap|max|inv|bt):  0| 0| 0| 0| runtime:  619.2 ms | cr: 2477.0
    1175. dt:  0.25 ms | #newton:  1 | ph:  0.0% | #CG/newton: 1240 | ls (cap|max|inv|bt):  0| 0| 0| 0| runtime:  605.9 ms | cr: 2423.6
    1176. dt:  0.25 ms | #newton:  1 | ph:  0.0% | #CG/newton: 1289 | ls (cap|max|inv|bt):  0| 0| 0| 0| runtime:  628.6 ms | cr: 2514.3
    1177. dt:  0.25 ms | #newton:  1 | ph:  0.0% | #CG/newton: 1164 | ls (cap|max|inv|bt):  0| 0| 0| 0| runtime:  582.1 ms | cr: 2328.4
    1178. dt:  0.25 ms | #newton:  1 | ph:  0.0% | #CG/newton: 1253 | ls (cap|max|inv|bt):  0| 0| 0| 0| runtime:  612.7 ms | cr: 2450.9
    1179. dt:  0.25 ms | #newton:  1 | ph:  0.0% | #CG/newton: 1270 | ls (cap|max|inv|bt):  0| 0| 0| 0| runtime:  615.6 ms | cr: 2462.5
    1180. dt:  0.25 ms | #newton:  1 | ph:  0.0% | #CG/newton: 1237 | ls (cap|max|inv|bt):  0| 0| 0| 0| runtime:  597.4 ms | cr: 2389.8
    1181. dt:  0.25 ms | #newton:  1 | ph:  0.0% | #CG/newton: 1255 | ls (cap|max|inv|bt):  0| 0| 0| 0| runtime:  609.5 ms | cr: 2438.1
    1182. dt:  0.25 ms | #newton:  1 | ph:  0.0% | #CG/newton: 1292 | ls (cap|max|inv|bt):  0| 0| 0| 0| runtime:  631.1 ms | cr: 2524.3
    1183. dt:  0.25 ms | #newton:  1 | ph:  0.0% | #CG/newton: 1161 | ls (cap|max|inv|bt):  0| 0| 0| 0| runtime:  614.7 ms | cr: 2458.9
    1184. dt:  0.25 ms | #newton:  1 | ph:  0.0% | #CG/newton: 1244 | ls (cap|max|inv|bt):  0| 0| 0| 0| runtime:  663.0 ms | cr: 2652.1
    1185. dt:  0.25 ms | #newton:  1 | ph:  0.0% | #CG/newton: 1271 | ls (cap|max|inv|bt):  0| 0| 0| 0| runtime:  643.9 ms | cr: 2575.5
    1186. dt:  0.25 ms | #newton:  1 | ph:  0.0% | #CG/newton: 1235 | ls (cap|max|inv|bt):  0| 0| 0| 0| runtime:  630.3 ms | cr: 2521.3
    1187. dt:  0.25 ms | #newton:  1 | ph:  0.0% | #CG/newton: 1238 | ls (cap|max|inv|bt):  0| 0| 0| 0| runtime:  630.2 ms | cr: 2520.8
    1188. dt:  0.25 ms | #newton:  1 | ph:  0.0% | #CG/newton: 1290 | ls (cap|max|inv|bt):  0| 0| 0| 0| runtime:  651.5 ms | cr: 2606.1
    1189. dt:  0.25 ms | #newton:  1 | ph:  0.0% | #CG/newton: 1286 | ls (cap|max|inv|bt):  0| 0| 0| 0| runtime:  647.5 ms | cr: 2589.9
    1190. dt:  0.25 ms | #newton:  1 | ph:  0.0% | #CG/newton: 1214 | ls (cap|max|inv|bt):  0| 0| 0| 0| runtime:  615.7 ms | cr: 2462.9
    1191. dt:  0.25 ms | #newton:  1 | ph:  0.0% | #CG/newton: 1252 | ls (cap|max|inv|bt):  0| 0| 0| 0| runtime:  623.3 ms | cr: 2493.4
    1192. dt:  0.25 ms | #newton:  1 | ph:  0.0% | #CG/newton: 1290 | ls (cap|max|inv|bt):  0| 0| 0| 0| runtime:  642.5 ms | cr: 2570.2
    1193. dt:  0.25 ms | #newton:  1 | ph:  0.0% | #CG/newton: 1160 | ls (cap|max|inv|bt):  0| 0| 0| 0| runtime:  594.9 ms | cr: 2379.6
    1194. dt:  0.25 ms | #newton:  1 | ph:  0.0% | #CG/newton: 1284 | ls (cap|max|inv|bt):  0| 0| 0| 0| runtime:  650.4 ms | cr: 2601.5
    1195. dt:  0.25 ms | #newton:  1 | ph:  0.0% | #CG/newton: 1254 | ls (cap|max|inv|bt):  0| 0| 0| 0| runtime:  623.7 ms | cr: 2494.9
    1196. dt:  0.25 ms | #newton:  1 | ph:  0.0% | #CG/newton: 1286 | ls (cap|max|inv|bt):  0| 0| 0| 0| runtime:  630.4 ms | cr: 2521.7
    1197. dt:  0.25 ms | #newton:  1 | ph:  0.0% | #CG/newton: 1253 | ls (cap|max|inv|bt):  0| 0| 0| 0| runtime:  613.9 ms | cr: 2455.7
    1198. dt:  0.25 ms | #newton:  1 | ph:  0.0% | #CG/newton: 1278 | ls (cap|max|inv|bt):  0| 0| 0| 0| runtime:  615.8 ms | cr: 2463.0
    1199. dt:  0.25 ms | #newton:  1 | ph:  0.0% | #CG/newton: 1233 | ls (cap|max|inv|bt):  0| 0| 0| 0| runtime:  607.7 ms | cr: 2430.9
    1200. dt:  0.25 ms | #newton:  1 | ph:  0.0% | #CG/newton: 1269 | ls (cap|max|inv|bt):  0| 0| 0| 0| runtime:  614.4 ms | cr: 2457.7
[Frame: 9] Time: 0.300 s
    1201. dt:  0.25 ms | #newton:  1 | ph:  0.0% | #CG/newton: 1272 | ls (cap|max|inv|bt):  0| 0| 0| 0| runtime:  610.1 ms | cr: 2440.2
    1202. dt:  0.25 ms | #newton:  1 | ph:  0.0% | #CG/newton: 1257 | ls (cap|max|inv|bt):  0| 0| 0| 0| runtime:  636.1 ms | cr: 2544.4
    1203. dt:  0.25 ms | #newton:  1 | ph:  0.0% | #CG/newton: 1253 | ls (cap|max|inv|bt):  0| 0| 0| 0| runtime:  621.5 ms | cr: 2485.9
    1204. dt:  0.25 ms | #newton:  1 | ph:  0.0% | #CG/newton: 1275 | ls (cap|max|inv|bt):  0| 0| 0| 0| runtime:  640.6 ms | cr: 2562.4
    1205. dt:  0.25 ms | #newton:  1 | ph:  0.0% | #CG/newton: 1233 | ls (cap|max|inv|bt):  0| 0| 0| 0| runtime:  619.0 ms | cr: 2476.1
    1206. dt:  0.25 ms | #newton:  1 | ph:  0.0% | #CG/newton: 1267 | ls (cap|max|inv|bt):  0| 0| 0| 0| runtime:  621.8 ms | cr: 2487.1
    1207. dt:  0.25 ms | #newton:  1 | ph:  0.0% | #CG/newton: 1278 | ls (cap|max|inv|bt):  0| 0| 0| 0| runtime:  630.1 ms | cr: 2520.6
    1208. dt:  0.25 ms | #newton:  1 | ph:  0.0% | #CG/newton: 1261 | ls (cap|max|inv|bt):  0| 0| 0| 0| runtime:  647.0 ms | cr: 2588.0
    1209. dt:  0.25 ms | #newton:  1 | ph:  0.0% | #CG/newton: 1251 | ls (cap|max|inv|bt):  0| 0| 0| 0| runtime:  623.6 ms | cr: 2494.5
    1210. dt:  0.25 ms | #newton:  1 | ph:  0.0% | #CG/newton: 1277 | ls (cap|max|inv|bt):  0| 0| 0| 0| runtime:  658.1 ms | cr: 2632.2
    1211. dt:  0.25 ms | #newton:  1 | ph:  0.0% | #CG/newton: 1238 | ls (cap|max|inv|bt):  0| 0| 0| 0| runtime:  605.0 ms | cr: 2420.1
    1212. dt:  0.25 ms | #newton:  1 | ph:  0.0% | #CG/newton: 1281 | ls (cap|max|inv|bt):  0| 0| 0| 0| runtime:  625.8 ms | cr: 2503.0
    1213. dt:  0.25 ms | #newton:  1 | ph:  0.0% | #CG/newton: 1250 | ls (cap|max|inv|bt):  0| 0| 0| 0| runtime:  661.5 ms | cr: 2645.9
    1214. dt:  0.25 ms | #newton:  1 | ph:  0.0% | #CG/newton: 1258 | ls (cap|max|inv|bt):  0| 0| 0| 0| runtime:  611.4 ms | cr: 2445.8
    1215. dt:  0.25 ms | #newton:  1 | ph:  0.0% | #CG/newton: 1231 | ls (cap|max|inv|bt):  0| 0| 0| 0| runtime:  608.8 ms | cr: 2435.3
    1216. dt:  0.25 ms | #newton:  1 | ph:  0.0% | #CG/newton: 1275 | ls (cap|max|inv|bt):  0| 0| 0| 0| runtime:  621.7 ms | cr: 2486.9
    1217. dt:  0.25 ms | #newton:  1 | ph:  0.0% | #CG/newton: 1255 | ls (cap|max|inv|bt):  0| 0| 0| 0| runtime:  610.3 ms | cr: 2441.1
    1218. dt:  0.25 ms | #newton:  1 | ph:  0.0% | #CG/newton: 1232 | ls (cap|max|inv|bt):  0| 0| 0| 0| runtime:  596.7 ms | cr: 2386.6
    1219. dt:  0.25 ms | #newton:  1 | ph:  0.0% | #CG/newton: 1262 | ls (cap|max|inv|bt):  0| 0| 0| 0| runtime:  617.0 ms | cr: 2468.1
    1220. dt:  0.25 ms | #newton:  1 | ph:  0.0% | #CG/newton: 1285 | ls (cap|max|inv|bt):  0| 0| 0| 0| runtime:  615.1 ms | cr: 2460.4
    1221. dt:  0.25 ms | #newton:  1 | ph:  0.0% | #CG/newton: 1232 | ls (cap|max|inv|bt):  0| 0| 0| 0| runtime:  600.4 ms | cr: 2401.7
    1222. dt:  0.25 ms | #newton:  1 | ph:  0.0% | #CG/newton: 1261 | ls (cap|max|inv|bt):  0| 0| 0| 0| runtime:  612.6 ms | cr: 2450.6
    1223. dt:  0.25 ms | #newton:  1 | ph:  0.0% | #CG/newton: 1287 | ls (cap|max|inv|bt):  0| 0| 0| 0| runtime:  619.2 ms | cr: 2476.8
    1224. dt:  0.25 ms | #newton:  1 | ph:  0.0% | #CG/newton: 1276 | ls (cap|max|inv|bt):  0| 0| 0| 0| runtime:  617.4 ms | cr: 2469.6
    1225. dt:  0.25 ms | #newton:  1 | ph:  0.0% | #CG/newton: 1255 | ls (cap|max|inv|bt):  0| 0| 0| 0| runtime:  640.3 ms | cr: 2561.2
    1226. dt:  0.25 ms | #newton:  1 | ph:  0.0% | #CG/newton: 1289 | ls (cap|max|inv|bt):  0| 0| 0| 0| runtime:  637.4 ms | cr: 2549.6
    1227. dt:  0.25 ms | #newton:  1 | ph:  0.0% | #CG/newton: 1248 | ls (cap|max|inv|bt):  0| 0| 0| 0| runtime:  606.1 ms | cr: 2424.4
    1228. dt:  0.25 ms | #newton:  1 | ph:  0.0% | #CG/newton: 1236 | ls (cap|max|inv|bt):  0| 0| 0| 0| runtime:  611.0 ms | cr: 2443.9
    1229. dt:  0.25 ms | #newton:  1 | ph:  0.0% | #CG/newton: 1282 | ls (cap|max|inv|bt):  0| 0| 0| 0| runtime:  623.7 ms | cr: 2495.0
    1230. dt:  0.25 ms | #newton:  1 | ph:  0.0% | #CG/newton: 1251 | ls (cap|max|inv|bt):  0| 0| 0| 0| runtime:  615.6 ms | cr: 2462.4
    1231. dt:  0.25 ms | #newton:  1 | ph:  0.0% | #CG/newton: 1270 | ls (cap|max|inv|bt):  0| 0| 0| 0| runtime:  619.0 ms | cr: 2476.2
    1232. dt:  0.25 ms | #newton:  1 | ph:  0.0% | #CG/newton: 1249 | ls (cap|max|inv|bt):  0| 0| 0| 0| runtime:  612.4 ms | cr: 2449.6
    1233. dt:  0.25 ms | #newton:  1 | ph:  0.0% | #CG/newton: 1286 | ls (cap|max|inv|bt):  0| 0| 0| 0| runtime:  617.5 ms | cr: 2470.2
    1234. dt:  0.25 ms | #newton:  1 | ph:  0.0% | #CG/newton: 1256 | ls (cap|max|inv|bt):  0| 0| 0| 0| runtime:  617.4 ms | cr: 2469.5
    1235. dt:  0.25 ms | #newton:  1 | ph:  0.0% | #CG/newton: 1232 | ls (cap|max|inv|bt):  0| 0| 0| 0| runtime:  607.0 ms | cr: 2428.0
    1236. dt:  0.25 ms | #newton:  1 | ph:  0.0% | #CG/newton: 1258 | ls (cap|max|inv|bt):  0| 0| 0| 0| runtime:  612.6 ms | cr: 2450.4
    1237. dt:  0.25 ms | #newton:  1 | ph:  0.0% | #CG/newton: 1289 | ls (cap|max|inv|bt):  0| 0| 0| 0| runtime:  634.3 ms | cr: 2537.1
    1238. dt:  0.25 ms | #newton:  1 | ph:  0.0% | #CG/newton: 1275 | ls (cap|max|inv|bt):  0| 0| 0| 0| runtime:  626.6 ms | cr: 2506.4
    1239. dt:  0.25 ms | #newton:  1 | ph:  0.0% | #CG/newton: 1251 | ls (cap|max|inv|bt):  0| 0| 0| 0| runtime:  609.3 ms | cr: 2437.1
    1240. dt:  0.25 ms | #newton:  1 | ph:  0.0% | #CG/newton: 1286 | ls (cap|max|inv|bt):  0| 0| 0| 0| runtime:  632.6 ms | cr: 2530.5
    1241. dt:  0.25 ms | #newton:  1 | ph:  0.0% | #CG/newton: 1248 | ls (cap|max|inv|bt):  0| 0| 0| 0| runtime:  612.3 ms | cr: 2449.2
    1242. dt:  0.25 ms | #newton:  1 | ph:  0.0% | #CG/newton: 1258 | ls (cap|max|inv|bt):  0| 0| 0| 0| runtime:  618.0 ms | cr: 2471.9
    1243. dt:  0.25 ms | #newton:  1 | ph:  0.0% | #CG/newton: 1290 | ls (cap|max|inv|bt):  0| 0| 0| 0| runtime:  630.4 ms | cr: 2521.6
    1244. dt:  0.25 ms | #newton:  1 | ph:  0.0% | #CG/newton: 1253 | ls (cap|max|inv|bt):  0| 0| 0| 0| runtime:  610.8 ms | cr: 2443.4
    1245. dt:  0.25 ms | #newton:  1 | ph:  0.0% | #CG/newton: 1273 | ls (cap|max|inv|bt):  0| 0| 0| 0| runtime:  618.1 ms | cr: 2472.6
    1246. dt:  0.25 ms | #newton:  1 | ph:  0.0% | #CG/newton: 1288 | ls (cap|max|inv|bt):  0| 0| 0| 0| runtime:  631.0 ms | cr: 2524.2
    1247. dt:  0.25 ms | #newton:  1 | ph:  0.0% | #CG/newton: 1253 | ls (cap|max|inv|bt):  0| 0| 0| 0| runtime:  613.7 ms | cr: 2454.9
    1248. dt:  0.25 ms | #newton:  1 | ph:  0.0% | #CG/newton: 1266 | ls (cap|max|inv|bt):  0| 0| 0| 0| runtime:  617.4 ms | cr: 2469.5
    1249. dt:  0.25 ms | #newton:  1 | ph:  0.0% | #CG/newton: 1262 | ls (cap|max|inv|bt):  0| 0| 0| 0| runtime:  615.5 ms | cr: 2462.1
    1250. dt:  0.25 ms | #newton:  1 | ph:  0.0% | #CG/newton: 1255 | ls (cap|max|inv|bt):  0| 0| 0| 0| runtime:  623.0 ms | cr: 2491.8
    1251. dt:  0.25 ms | #newton:  1 | ph:  0.0% | #CG/newton: 1283 | ls (cap|max|inv|bt):  0| 0| 0| 0| runtime:  630.0 ms | cr: 2520.1
    1252. dt:  0.25 ms | #newton:  1 | ph:  0.0% | #CG/newton: 1235 | ls (cap|max|inv|bt):  0| 0| 0| 0| runtime:  611.6 ms | cr: 2446.6
    1253. dt:  0.25 ms | #newton:  1 | ph:  0.0% | #CG/newton: 1262 | ls (cap|max|inv|bt):  0| 0| 0| 0| runtime:  619.7 ms | cr: 2479.0
    1254. dt:  0.25 ms | #newton:  1 | ph:  0.0% | #CG/newton: 1290 | ls (cap|max|inv|bt):  0| 0| 0| 0| runtime:  626.2 ms | cr: 2504.8
    1255. dt:  0.25 ms | #newton:  1 | ph:  0.0% | #CG/newton: 1288 | ls (cap|max|inv|bt):  0| 0| 0| 0| runtime:  628.6 ms | cr: 2514.3
    1256. dt:  0.25 ms | #newton:  1 | ph:  0.0% | #CG/newton: 1233 | ls (cap|max|inv|bt):  0| 0| 0| 0| runtime:  605.1 ms | cr: 2420.5
    1257. dt:  0.25 ms | #newton:  1 | ph:  0.0% | #CG/newton: 1264 | ls (cap|max|inv|bt):  0| 0| 0| 0| runtime:  616.3 ms | cr: 2465.1
    1258. dt:  0.25 ms | #newton:  1 | ph:  0.0% | #CG/newton: 1290 | ls (cap|max|inv|bt):  0| 0| 0| 0| runtime:  626.4 ms | cr: 2505.6
    1259. dt:  0.25 ms | #newton:  1 | ph:  0.0% | #CG/newton: 1285 | ls (cap|max|inv|bt):  0| 0| 0| 0| runtime:  618.6 ms | cr: 2474.4
    1260. dt:  0.25 ms | #newton:  1 | ph:  0.0% | #CG/newton: 1229 | ls (cap|max|inv|bt):  0| 0| 0| 0| runtime:  602.9 ms | cr: 2411.7
    1261. dt:  0.25 ms | #newton:  1 | ph:  0.0% | #CG/newton: 1253 | ls (cap|max|inv|bt):  0| 0| 0| 0| runtime:  610.9 ms | cr: 2443.4
    1262. dt:  0.25 ms | #newton:  1 | ph:  0.0% | #CG/newton: 1263 | ls (cap|max|inv|bt):  0| 0| 0| 0| runtime:  615.8 ms | cr: 2463.2
    1263. dt:  0.25 ms | #newton:  1 | ph:  0.0% | #CG/newton: 1234 | ls (cap|max|inv|bt):  0| 0| 0| 0| runtime:  612.9 ms | cr: 2451.5
    1264. dt:  0.25 ms | #newton:  1 | ph:  0.0% | #CG/newton: 1270 | ls (cap|max|inv|bt):  0| 0| 0| 0| runtime:  612.6 ms | cr: 2450.3
    1265. dt:  0.25 ms | #newton:  1 | ph:  0.0% | #CG/newton: 1286 | ls (cap|max|inv|bt):  0| 0| 0| 0| runtime:  626.6 ms | cr: 2506.2
    1266. dt:  0.25 ms | #newton:  1 | ph:  0.0% | #CG/newton: 1236 | ls (cap|max|inv|bt):  0| 0| 0| 0| runtime:  607.2 ms | cr: 2429.0
    1267. dt:  0.25 ms | #newton:  1 | ph:  0.0% | #CG/newton: 1268 | ls (cap|max|inv|bt):  0| 0| 0| 0| runtime:  616.4 ms | cr: 2465.5
    1268. dt:  0.25 ms | #newton:  1 | ph:  0.0% | #CG/newton: 1290 | ls (cap|max|inv|bt):  0| 0| 0| 0| runtime:  627.2 ms | cr: 2508.8
    1269. dt:  0.25 ms | #newton:  1 | ph:  0.0% | #CG/newton: 1287 | ls (cap|max|inv|bt):  0| 0| 0| 0| runtime:  628.6 ms | cr: 2514.6
    1270. dt:  0.25 ms | #newton:  1 | ph:  0.0% | #CG/newton: 1225 | ls (cap|max|inv|bt):  0| 0| 0| 0| runtime:  598.2 ms | cr: 2392.8
    1271. dt:  0.25 ms | #newton:  1 | ph:  0.0% | #CG/newton: 1255 | ls (cap|max|inv|bt):  0| 0| 0| 0| runtime:  605.5 ms | cr: 2422.0
    1272. dt:  0.25 ms | #newton:  1 | ph:  0.0% | #CG/newton: 1286 | ls (cap|max|inv|bt):  0| 0| 0| 0| runtime:  611.9 ms | cr: 2447.5
    1273. dt:  0.25 ms | #newton:  1 | ph:  0.0% | #CG/newton: 1288 | ls (cap|max|inv|bt):  0| 0| 0| 0| runtime:  627.5 ms | cr: 2509.8
    1274. dt:  0.25 ms | #newton:  1 | ph:  0.0% | #CG/newton: 1218 | ls (cap|max|inv|bt):  0| 0| 0| 0| runtime:  606.0 ms | cr: 2424.2
    1275. dt:  0.25 ms | #newton:  1 | ph:  0.0% | #CG/newton: 1233 | ls (cap|max|inv|bt):  0| 0| 0| 0| runtime:  608.3 ms | cr: 2433.3
    1276. dt:  0.25 ms | #newton:  1 | ph:  0.0% | #CG/newton: 1257 | ls (cap|max|inv|bt):  0| 0| 0| 0| runtime:  620.3 ms | cr: 2481.2
    1277. dt:  0.25 ms | #newton:  1 | ph:  0.0% | #CG/newton: 1290 | ls (cap|max|inv|bt):  0| 0| 0| 0| runtime:  628.7 ms | cr: 2514.8
    1278. dt:  0.25 ms | #newton:  1 | ph:  0.0% | #CG/newton: 1286 | ls (cap|max|inv|bt):  0| 0| 0| 0| runtime:  632.6 ms | cr: 2530.6
    1279. dt:  0.25 ms | #newton:  1 | ph:  0.0% | #CG/newton: 1232 | ls (cap|max|inv|bt):  0| 0| 0| 0| runtime:  603.1 ms | cr: 2412.2
    1280. dt:  0.25 ms | #newton:  1 | ph:  0.0% | #CG/newton: 1247 | ls (cap|max|inv|bt):  0| 0| 0| 0| runtime:  614.5 ms | cr: 2457.8
    1281. dt:  0.25 ms | #newton:  1 | ph:  0.0% | #CG/newton: 1279 | ls (cap|max|inv|bt):  0| 0| 0| 0| runtime:  627.6 ms | cr: 2510.3
    1282. dt:  0.25 ms | #newton:  1 | ph:  0.0% | #CG/newton: 1268 | ls (cap|max|inv|bt):  0| 0| 0| 0| runtime:  621.1 ms | cr: 2484.2
    1283. dt:  0.25 ms | #newton:  1 | ph:  0.0% | #CG/newton: 1258 | ls (cap|max|inv|bt):  0| 0| 0| 0| runtime:  621.0 ms | cr: 2484.0
    1284. dt:  0.25 ms | #newton:  1 | ph:  0.0% | #CG/newton: 1289 | ls (cap|max|inv|bt):  0| 0| 0| 0| runtime:  625.1 ms | cr: 2500.5
    1285. dt:  0.25 ms | #newton:  1 | ph:  0.0% | #CG/newton: 1247 | ls (cap|max|inv|bt):  0| 0| 0| 0| runtime:  608.7 ms | cr: 2434.8
    1286. dt:  0.25 ms | #newton:  1 | ph:  0.0% | #CG/newton: 1255 | ls (cap|max|inv|bt):  0| 0| 0| 0| runtime:  632.6 ms | cr: 2530.6
    1287. dt:  0.25 ms | #newton:  1 | ph:  0.0% | #CG/newton: 1290 | ls (cap|max|inv|bt):  0| 0| 0| 0| runtime:  629.1 ms | cr: 2516.4
    1288. dt:  0.25 ms | #newton:  1 | ph:  0.0% | #CG/newton: 1256 | ls (cap|max|inv|bt):  0| 0| 0| 0| runtime:  617.0 ms | cr: 2468.0
    1289. dt:  0.25 ms | #newton:  1 | ph:  0.0% | #CG/newton: 1268 | ls (cap|max|inv|bt):  0| 0| 0| 0| runtime:  611.8 ms | cr: 2447.3
    1290. dt:  0.25 ms | #newton:  1 | ph:  0.0% | #CG/newton: 1290 | ls (cap|max|inv|bt):  0| 0| 0| 0| runtime:  627.6 ms | cr: 2510.6
    1291. dt:  0.25 ms | #newton:  1 | ph:  0.0% | #CG/newton: 1255 | ls (cap|max|inv|bt):  0| 0| 0| 0| runtime:  613.8 ms | cr: 2455.4
    1292. dt:  0.25 ms | #newton:  1 | ph:  0.0% | #CG/newton: 1258 | ls (cap|max|inv|bt):  0| 0| 0| 0| runtime:  616.6 ms | cr: 2466.6
    1293. dt:  0.25 ms | #newton:  1 | ph:  0.0% | #CG/newton: 1269 | ls (cap|max|inv|bt):  0| 0| 0| 0| runtime:  619.7 ms | cr: 2478.6
    1294. dt:  0.25 ms | #newton:  1 | ph:  0.0% | #CG/newton: 1256 | ls (cap|max|inv|bt):  0| 0| 0| 0| runtime:  614.8 ms | cr: 2459.3
    1295. dt:  0.25 ms | #newton:  1 | ph:  0.0% | #CG/newton: 1285 | ls (cap|max|inv|bt):  0| 0| 0| 0| runtime:  623.9 ms | cr: 2495.5
    1296. dt:  0.25 ms | #newton:  1 | ph:  0.0% | #CG/newton: 1240 | ls (cap|max|inv|bt):  0| 0| 0| 0| runtime:  613.0 ms | cr: 2452.0
    1297. dt:  0.25 ms | #newton:  1 | ph:  0.0% | #CG/newton: 1237 | ls (cap|max|inv|bt):  0| 0| 0| 0| runtime:  608.4 ms | cr: 2433.7
    1298. dt:  0.25 ms | #newton:  1 | ph:  0.0% | #CG/newton: 1270 | ls (cap|max|inv|bt):  0| 0| 0| 0| runtime:  621.2 ms | cr: 2484.8
    1299. dt:  0.25 ms | #newton:  1 | ph:  0.0% | #CG/newton: 1290 | ls (cap|max|inv|bt):  0| 0| 0| 0| runtime:  625.7 ms | cr: 2502.8
    1300. dt:  0.25 ms | #newton:  1 | ph:  0.0% | #CG/newton: 1238 | ls (cap|max|inv|bt):  0| 0| 0| 0| runtime:  627.5 ms | cr: 2510.0
    1301. dt:  0.25 ms | #newton:  1 | ph:  0.0% | #CG/newton: 1252 | ls (cap|max|inv|bt):  0| 0| 0| 0| runtime:  609.8 ms | cr: 2439.1
    1302. dt:  0.25 ms | #newton:  1 | ph:  0.0% | #CG/newton: 1286 | ls (cap|max|inv|bt):  0| 0| 0| 0| runtime:  658.5 ms | cr: 2634.2
    1303. dt:  0.25 ms | #newton:  1 | ph:  0.0% | #CG/newton: 1269 | ls (cap|max|inv|bt):  0| 0| 0| 0| runtime:  625.2 ms | cr: 2500.8
    1304. dt:  0.25 ms | #newton:  1 | ph:  0.0% | #CG/newton: 1266 | ls (cap|max|inv|bt):  0| 0| 0| 0| runtime:  630.3 ms | cr: 2521.2
    1305. dt:  0.25 ms | #newton:  1 | ph:  0.0% | #CG/newton: 1289 | ls (cap|max|inv|bt):  0| 0| 0| 0| runtime:  633.6 ms | cr: 2534.2
    1306. dt:  0.25 ms | #newton:  1 | ph:  0.0% | #CG/newton: 1255 | ls (cap|max|inv|bt):  0| 0| 0| 0| runtime:  619.1 ms | cr: 2476.5
    1307. dt:  0.25 ms | #newton:  1 | ph:  0.0% | #CG/newton: 1231 | ls (cap|max|inv|bt):  0| 0| 0| 0| runtime:  609.2 ms | cr: 2436.9
    1308. dt:  0.25 ms | #newton:  1 | ph:  0.0% | #CG/newton: 1254 | ls (cap|max|inv|bt):  0| 0| 0| 0| runtime:  613.1 ms | cr: 2452.5
    1309. dt:  0.25 ms | #newton:  1 | ph:  0.0% | #CG/newton: 1266 | ls (cap|max|inv|bt):  0| 0| 0| 0| runtime:  618.1 ms | cr: 2472.4
    1310. dt:  0.25 ms | #newton:  1 | ph:  0.0% | #CG/newton: 1290 | ls (cap|max|inv|bt):  0| 0| 0| 0| runtime:  633.2 ms | cr: 2532.9
    1311. dt:  0.25 ms | #newton:  1 | ph:  0.0% | #CG/newton: 1254 | ls (cap|max|inv|bt):  0| 0| 0| 0| runtime:  611.9 ms | cr: 2447.7
    1312. dt:  0.25 ms | #newton:  1 | ph:  0.0% | #CG/newton: 1266 | ls (cap|max|inv|bt):  0| 0| 0| 0| runtime:  619.2 ms | cr: 2476.8
    1313. dt:  0.25 ms | #newton:  1 | ph:  0.0% | #CG/newton: 1288 | ls (cap|max|inv|bt):  0| 0| 0| 0| runtime:  632.6 ms | cr: 2530.4
    1314. dt:  0.25 ms | #newton:  1 | ph:  0.0% | #CG/newton: 1253 | ls (cap|max|inv|bt):  0| 0| 0| 0| runtime:  614.5 ms | cr: 2458.1
    1315. dt:  0.25 ms | #newton:  1 | ph:  0.0% | #CG/newton: 1258 | ls (cap|max|inv|bt):  0| 0| 0| 0| runtime:  624.7 ms | cr: 2499.0
    1316. dt:  0.25 ms | #newton:  1 | ph:  0.0% | #CG/newton: 1246 | ls (cap|max|inv|bt):  0| 0| 0| 0| runtime:  625.8 ms | cr: 2503.1
    1317. dt:  0.25 ms | #newton:  1 | ph:  0.0% | #CG/newton: 1246 | ls (cap|max|inv|bt):  0| 0| 0| 0| runtime:  609.8 ms | cr: 2439.3
    1318. dt:  0.25 ms | #newton:  1 | ph:  0.0% | #CG/newton: 1269 | ls (cap|max|inv|bt):  0| 0| 0| 0| runtime:  620.3 ms | cr: 2481.3
    1319. dt:  0.25 ms | #newton:  1 | ph:  0.0% | #CG/newton: 1232 | ls (cap|max|inv|bt):  0| 0| 0| 0| runtime:  603.3 ms | cr: 2413.1
    1320. dt:  0.25 ms | #newton:  1 | ph:  0.0% | #CG/newton: 1259 | ls (cap|max|inv|bt):  0| 0| 0| 0| runtime:  624.7 ms | cr: 2498.9
    1321. dt:  0.25 ms | #newton:  1 | ph:  0.0% | #CG/newton: 1258 | ls (cap|max|inv|bt):  0| 0| 0| 0| runtime:  622.1 ms | cr: 2488.5
    1322. dt:  0.25 ms | #newton:  1 | ph:  0.0% | #CG/newton: 1290 | ls (cap|max|inv|bt):  0| 0| 0| 0| runtime:  632.1 ms | cr: 2528.3
    1323. dt:  0.25 ms | #newton:  1 | ph:  0.0% | #CG/newton: 1253 | ls (cap|max|inv|bt):  0| 0| 0| 0| runtime:  619.1 ms | cr: 2476.5
    1324. dt:  0.25 ms | #newton:  1 | ph:  0.0% | #CG/newton: 1269 | ls (cap|max|inv|bt):  0| 0| 0| 0| runtime:  624.6 ms | cr: 2498.5
    1325. dt:  0.25 ms | #newton:  1 | ph:  0.0% | #CG/newton: 1289 | ls (cap|max|inv|bt):  0| 0| 0| 0| runtime:  636.5 ms | cr: 2545.8
    1326. dt:  0.25 ms | #newton:  1 | ph:  0.0% | #CG/newton: 1252 | ls (cap|max|inv|bt):  0| 0| 0| 0| runtime:  613.3 ms | cr: 2453.2
    1327. dt:  0.25 ms | #newton:  1 | ph:  0.0% | #CG/newton: 1257 | ls (cap|max|inv|bt):  0| 0| 0| 0| runtime:  618.2 ms | cr: 2472.8
    1328. dt:  0.25 ms | #newton:  1 | ph:  0.0% | #CG/newton: 1235 | ls (cap|max|inv|bt):  0| 0| 0| 0| runtime:  629.1 ms | cr: 2516.3
    1329. dt:  0.25 ms | #newton:  1 | ph:  0.0% | #CG/newton: 1277 | ls (cap|max|inv|bt):  0| 0| 0| 0| runtime:  625.0 ms | cr: 2500.0
    1330. dt:  0.25 ms | #newton:  1 | ph:  0.0% | #CG/newton: 1262 | ls (cap|max|inv|bt):  0| 0| 0| 0| runtime:  615.5 ms | cr: 2462.0
    1331. dt:  0.25 ms | #newton:  1 | ph:  0.0% | #CG/newton: 1256 | ls (cap|max|inv|bt):  0| 0| 0| 0| runtime:  616.7 ms | cr: 2466.6
    1332. dt:  0.25 ms | #newton:  1 | ph:  0.0% | #CG/newton: 1251 | ls (cap|max|inv|bt):  0| 0| 0| 0| runtime:  608.2 ms | cr: 2432.7
    1333. dt:  0.25 ms | #newton:  1 | ph:  0.0% | #CG/newton: 1254 | ls (cap|max|inv|bt):  0| 0| 0| 0| runtime:  608.2 ms | cr: 2432.9
[Frame: 10] Time: 0.333 s
    1334. dt:  0.25 ms | #newton:  1 | ph:  0.0% | #CG/newton: 1235 | ls (cap|max|inv|bt):  0| 0| 0| 0| runtime:  598.4 ms | cr: 2393.8
    1335. dt:  0.25 ms | #newton:  1 | ph:  0.0% | #CG/newton: 1261 | ls (cap|max|inv|bt):  0| 0| 0| 0| runtime:  610.7 ms | cr: 2442.9
    1336. dt:  0.25 ms | #newton:  1 | ph:  0.0% | #CG/newton: 1276 | ls (cap|max|inv|bt):  0| 0| 0| 0| runtime:  626.0 ms | cr: 2503.9
    1337. dt:  0.25 ms | #newton:  1 | ph:  0.0% | #CG/newton: 1234 | ls (cap|max|inv|bt):  0| 0| 0| 0| runtime:  613.6 ms | cr: 2454.3
    1338. dt:  0.25 ms | #newton:  1 | ph:  0.0% | #CG/newton: 1242 | ls (cap|max|inv|bt):  0| 0| 0| 0| runtime:  619.6 ms | cr: 2478.3
    1339. dt:  0.25 ms | #newton:  1 | ph:  0.0% | #CG/newton: 1162 | ls (cap|max|inv|bt):  0| 0| 0| 0| runtime:  580.7 ms | cr: 2322.8
    1340. dt:  0.25 ms | #newton:  1 | ph:  0.0% | #CG/newton: 1235 | ls (cap|max|inv|bt):  0| 0| 0| 0| runtime:  613.3 ms | cr: 2453.3
    1341. dt:  0.25 ms | #newton:  1 | ph:  0.0% | #CG/newton: 1240 | ls (cap|max|inv|bt):  0| 0| 0| 0| runtime:  653.7 ms | cr: 2614.6
    1342. dt:  0.25 ms | #newton:  1 | ph:  0.0% | #CG/newton: 1282 | ls (cap|max|inv|bt):  0| 0| 0| 0| runtime:  620.3 ms | cr: 2481.1
    1343. dt:  0.25 ms | #newton:  1 | ph:  0.0% | #CG/newton: 1246 | ls (cap|max|inv|bt):  0| 0| 0| 0| runtime:  605.0 ms | cr: 2420.1
    1344. dt:  0.25 ms | #newton:  1 | ph:  0.0% | #CG/newton: 1228 | ls (cap|max|inv|bt):  0| 0| 0| 0| runtime:  599.5 ms | cr: 2398.1
    1345. dt:  0.25 ms | #newton:  1 | ph:  0.0% | #CG/newton: 1247 | ls (cap|max|inv|bt):  0| 0| 0| 0| runtime:  624.2 ms | cr: 2496.6
    1346. dt:  0.25 ms | #newton:  1 | ph:  0.0% | #CG/newton: 1269 | ls (cap|max|inv|bt):  0| 0| 0| 0| runtime:  629.0 ms | cr: 2516.1
    1347. dt:  0.25 ms | #newton:  1 | ph:  0.0% | #CG/newton: 1273 | ls (cap|max|inv|bt):  0| 0| 0| 0| runtime:  654.0 ms | cr: 2616.1
    1348. dt:  0.25 ms | #newton:  1 | ph:  0.0% | #CG/newton: 1254 | ls (cap|max|inv|bt):  0| 0| 0| 0| runtime:  635.5 ms | cr: 2541.9
    1349. dt:  0.25 ms | #newton:  1 | ph:  0.0% | #CG/newton: 1278 | ls (cap|max|inv|bt):  0| 0| 0| 0| runtime:  614.3 ms | cr: 2457.1
    1350. dt:  0.25 ms | #newton:  1 | ph:  0.0% | #CG/newton: 1242 | ls (cap|max|inv|bt):  0| 0| 0| 0| runtime:  605.7 ms | cr: 2422.9
    1351. dt:  0.25 ms | #newton:  1 | ph:  0.0% | #CG/newton: 1251 | ls (cap|max|inv|bt):  0| 0| 0| 0| runtime:  605.0 ms | cr: 2419.8
    1352. dt:  0.25 ms | #newton:  1 | ph:  0.0% | #CG/newton: 1261 | ls (cap|max|inv|bt):  0| 0| 0| 0| runtime:  615.2 ms | cr: 2460.7
    1353. dt:  0.25 ms | #newton:  1 | ph:  0.0% | #CG/newton: 1277 | ls (cap|max|inv|bt):  0| 0| 0| 0| runtime:  612.4 ms | cr: 2449.5
    1354. dt:  0.25 ms | #newton:  1 | ph:  0.0% | #CG/newton: 1247 | ls (cap|max|inv|bt):  0| 0| 0| 0| runtime:  611.5 ms | cr: 2446.1
    1355. dt:  0.25 ms | #newton:  1 | ph:  0.0% | #CG/newton: 1254 | ls (cap|max|inv|bt):  0| 0| 0| 0| runtime:  610.3 ms | cr: 2441.3
    1356. dt:  0.25 ms | #newton:  1 | ph:  0.0% | #CG/newton: 1238 | ls (cap|max|inv|bt):  0| 0| 0| 0| runtime:  606.4 ms | cr: 2425.7
    1357. dt:  0.25 ms | #newton:  1 | ph:  0.0% | #CG/newton: 1158 | ls (cap|max|inv|bt):  0| 0| 0| 0| runtime:  571.6 ms | cr: 2286.5
    1358. dt:  0.25 ms | #newton:  1 | ph:  0.0% | #CG/newton: 1164 | ls (cap|max|inv|bt):  0| 0| 0| 0| runtime:  584.1 ms | cr: 2336.5
    1359. dt:  0.25 ms | #newton:  1 | ph:  0.0% | #CG/newton: 1256 | ls (cap|max|inv|bt):  0| 0| 0| 0| runtime:  609.8 ms | cr: 2439.2
    1360. dt:  0.25 ms | #newton:  1 | ph:  0.0% | #CG/newton: 1238 | ls (cap|max|inv|bt):  0| 0| 0| 0| runtime:  605.7 ms | cr: 2422.7
    1361. dt:  0.25 ms | #newton:  1 | ph:  0.0% | #CG/newton: 1277 | ls (cap|max|inv|bt):  0| 0| 0| 0| runtime:  617.0 ms | cr: 2468.0
    1362. dt:  0.25 ms | #newton:  1 | ph:  0.0% | #CG/newton: 1246 | ls (cap|max|inv|bt):  0| 0| 0| 0| runtime:  602.6 ms | cr: 2410.5
    1363. dt:  0.25 ms | #newton:  1 | ph:  0.0% | #CG/newton: 1238 | ls (cap|max|inv|bt):  0| 0| 0| 0| runtime:  601.4 ms | cr: 2405.5
    1364. dt:  0.25 ms | #newton:  1 | ph:  0.0% | #CG/newton: 1497 | ls (cap|max|inv|bt):  0| 0| 0| 0| runtime:  708.4 ms | cr: 2833.7
    1365. dt:  0.25 ms | #newton:  1 | ph:  0.0% | #CG/newton: 1509 | ls (cap|max|inv|bt):  0| 0| 0| 0| runtime:  709.7 ms | cr: 2838.7
    1366. dt:  0.25 ms | #newton:  1 | ph:  0.0% | #CG/newton: 1519 | ls (cap|max|inv|bt):  0| 0| 0| 0| runtime:  700.5 ms | cr: 2801.9
    1367. dt:  0.25 ms | #newton:  1 | ph:  0.0% | #CG/newton: 1479 | ls (cap|max|inv|bt):  0| 0| 0| 0| runtime:  691.7 ms | cr: 2766.9
    1368. dt:  0.25 ms | #newton:  1 | ph:  0.0% | #CG/newton: 1525 | ls (cap|max|inv|bt):  0| 0| 0| 0| runtime:  706.0 ms | cr: 2824.1
    1369. dt:  0.25 ms | #newton:  1 | ph:  0.0% | #CG/newton: 1527 | ls (cap|max|inv|bt):  0| 0| 0| 0| runtime:  710.8 ms | cr: 2843.3
    1370. dt:  0.25 ms | #newton:  1 | ph:  0.0% | #CG/newton: 1269 | ls (cap|max|inv|bt):  0| 0| 0| 0| runtime:  613.0 ms | cr: 2452.1
    1371. dt:  0.25 ms | #newton:  1 | ph:  0.0% | #CG/newton: 1239 | ls (cap|max|inv|bt):  0| 0| 0| 0| runtime:  602.9 ms | cr: 2411.5
    1372. dt:  0.25 ms | #newton:  1 | ph:  0.0% | #CG/newton: 1257 | ls (cap|max|inv|bt):  0| 0| 0| 0| runtime:  622.3 ms | cr: 2489.0
    1373. dt:  0.25 ms | #newton:  1 | ph:  0.0% | #CG/newton: 1221 | ls (cap|max|inv|bt):  0| 0| 0| 0| runtime:  608.3 ms | cr: 2433.1
    1374. dt:  0.25 ms | #newton:  1 | ph:  0.0% | #CG/newton: 1179 | ls (cap|max|inv|bt):  0| 0| 0| 0| runtime:  587.1 ms | cr: 2348.5
    1375. dt:  0.25 ms | #newton:  1 | ph:  0.0% | #CG/newton: 1162 | ls (cap|max|inv|bt):  0| 0| 0| 0| runtime:  580.5 ms | cr: 2322.0
    1376. dt:  0.25 ms | #newton:  1 | ph:  0.0% | #CG/newton: 1497 | ls (cap|max|inv|bt):  0| 0| 0| 0| runtime:  704.0 ms | cr: 2816.0
    1377. dt:  0.25 ms | #newton:  1 | ph:  0.0% | #CG/newton: 1512 | ls (cap|max|inv|bt):  0| 0| 0| 0| runtime:  716.5 ms | cr: 2866.0
    1378. dt:  0.25 ms | #newton:  1 | ph:  0.0% | #CG/newton: 1501 | ls (cap|max|inv|bt):  0| 0| 0| 0| runtime:  705.9 ms | cr: 2823.7
    1379. dt:  0.25 ms | #newton:  1 | ph:  0.0% | #CG/newton: 1505 | ls (cap|max|inv|bt):  0| 0| 0| 0| runtime:  696.3 ms | cr: 2785.4
    1380. dt:  0.25 ms | #newton:  1 | ph:  0.0% | #CG/newton: 1527 | ls (cap|max|inv|bt):  0| 0| 0| 0| runtime:  710.0 ms | cr: 2840.2
    1381. dt:  0.25 ms | #newton:  1 | ph:  0.0% | #CG/newton: 1505 | ls (cap|max|inv|bt):  0| 0| 0| 0| runtime:  698.6 ms | cr: 2794.3
    1382. dt:  0.25 ms | #newton:  1 | ph:  0.0% | #CG/newton: 1519 | ls (cap|max|inv|bt):  0| 0| 0| 0| runtime:  709.5 ms | cr: 2837.9
    1383. dt:  0.25 ms | #newton:  1 | ph:  0.0% | #CG/newton: 1523 | ls (cap|max|inv|bt):  0| 0| 0| 0| runtime:  699.7 ms | cr: 2798.7
    1384. dt:  0.25 ms | #newton:  1 | ph:  0.0% | #CG/newton: 1497 | ls (cap|max|inv|bt):  0| 0| 0| 0| runtime:  685.7 ms | cr: 2742.9
    1385. dt:  0.25 ms | #newton:  1 | ph:  0.0% | #CG/newton: 1501 | ls (cap|max|inv|bt):  0| 0| 0| 0| runtime:  701.4 ms | cr: 2805.6
    1386. dt:  0.25 ms | #newton:  1 | ph:  0.0% | #CG/newton: 1510 | ls (cap|max|inv|bt):  0| 0| 0| 0| runtime:  704.6 ms | cr: 2818.6
    1387. dt:  0.25 ms | #newton:  1 | ph:  0.0% | #CG/newton: 1504 | ls (cap|max|inv|bt):  0| 0| 0| 0| runtime:  705.7 ms | cr: 2822.7
    1388. dt:  0.25 ms | #newton:  1 | ph:  0.0% | #CG/newton: 1499 | ls (cap|max|inv|bt):  0| 0| 0| 0| runtime:  700.0 ms | cr: 2800.0
    1389. dt:  0.25 ms | #newton:  1 | ph:  0.0% | #CG/newton: 1508 | ls (cap|max|inv|bt):  0| 0| 0| 0| runtime:  695.4 ms | cr: 2781.7
    1390. dt:  0.25 ms | #newton:  1 | ph:  0.0% | #CG/newton: 1518 | ls (cap|max|inv|bt):  0| 0| 0| 0| runtime:  696.9 ms | cr: 2787.6
    1391. dt:  0.25 ms | #newton:  1 | ph:  0.0% | #CG/newton: 1502 | ls (cap|max|inv|bt):  0| 0| 0| 0| runtime:  688.6 ms | cr: 2754.6
    1392. dt:  0.25 ms | #newton:  1 | ph:  0.0% | #CG/newton: 1516 | ls (cap|max|inv|bt):  0| 0| 0| 0| runtime:  701.1 ms | cr: 2804.5
    1393. dt:  0.25 ms | #newton:  1 | ph:  0.0% | #CG/newton: 1521 | ls (cap|max|inv|bt):  0| 0| 0| 0| runtime:  709.2 ms | cr: 2836.6
    1394. dt:  0.25 ms | #newton:  1 | ph:  0.0% | #CG/newton: 1497 | ls (cap|max|inv|bt):  0| 0| 0| 0| runtime:  688.6 ms | cr: 2754.5
    1395. dt:  0.25 ms | #newton:  1 | ph:  0.0% | #CG/newton: 1501 | ls (cap|max|inv|bt):  0| 0| 0| 0| runtime:  696.6 ms | cr: 2786.5
    1396. dt:  0.25 ms | #newton:  1 | ph:  0.0% | #CG/newton: 1524 | ls (cap|max|inv|bt):  0| 0| 0| 0| runtime:  698.6 ms | cr: 2794.5
    1397. dt:  0.25 ms | #newton:  1 | ph:  0.0% | #CG/newton: 2797 | ls (cap|max|inv|bt):  0| 0| 0| 0| runtime: 1230.2 ms | cr: 4920.8
    1398. dt:  0.25 ms | #newton:  1 | ph:  0.0% | #CG/newton: 2803 | ls (cap|max|inv|bt):  0| 0| 0| 0| runtime: 1219.2 ms | cr: 4876.8
    1399. dt:  0.25 ms | #newton:  1 | ph:  0.0% | #CG/newton: 2863 | ls (cap|max|inv|bt):  0| 0| 0| 0| runtime: 1210.3 ms | cr: 4841.1
    1400. dt:  0.25 ms | #newton:  1 | ph:  0.0% | #CG/newton: 2804 | ls (cap|max|inv|bt):  0| 0| 0| 0| runtime: 1192.2 ms | cr: 4769.0
    1401. dt:  0.25 ms | #newton:  1 | ph:  0.0% | #CG/newton: 2805 | ls (cap|max|inv|bt):  0| 0| 0| 0| runtime: 1212.9 ms | cr: 4851.5
    1402. dt:  0.25 ms | #newton:  1 | ph:  0.0% | #CG/newton: 2623 | ls (cap|max|inv|bt):  0| 0| 0| 0| runtime: 1132.0 ms | cr: 4527.9
    1403. dt:  0.25 ms | #newton:  1 | ph:  0.0% | #CG/newton: 2583 | ls (cap|max|inv|bt):  0| 0| 0| 0| runtime: 1123.6 ms | cr: 4494.5
    1404. dt:  0.25 ms | #newton:  1 | ph:  0.0% | #CG/newton: 2812 | ls (cap|max|inv|bt):  0| 0| 0| 0| runtime: 1194.4 ms | cr: 4777.8
    1405. dt:  0.25 ms | #newton:  1 | ph:  0.0% | #CG/newton: 2873 | ls (cap|max|inv|bt):  0| 0| 0| 0| runtime: 1228.7 ms | cr: 4914.9
    1406. dt:  0.25 ms | #newton:  1 | ph:  0.0% | #CG/newton: 2870 | ls (cap|max|inv|bt):  0| 0| 0| 0| runtime: 1214.2 ms | cr: 4856.8
    1407. dt:  0.25 ms | #newton:  1 | ph:  0.0% | #CG/newton: 2885 | ls (cap|max|inv|bt):  0| 0| 0| 0| runtime: 1238.7 ms | cr: 4954.7
    1408. dt:  0.25 ms | #newton:  1 | ph:  0.0% | #CG/newton: 2459 | ls (cap|max|inv|bt):  0| 0| 0| 0| runtime: 1074.8 ms | cr: 4299.0
    1409. dt:  0.25 ms | #newton:  1 | ph:  0.0% | #CG/newton: 2465 | ls (cap|max|inv|bt):  0| 0| 0| 0| runtime: 1066.1 ms | cr: 4264.6
    1410. dt:  0.25 ms | #newton:  1 | ph:  0.0% | #CG/newton: 2465 | ls (cap|max|inv|bt):  0| 0| 0| 0| runtime: 1062.5 ms | cr: 4249.8
    1411. dt:  0.25 ms | #newton:  1 | ph:  0.0% | #CG/newton: 2464 | ls (cap|max|inv|bt):  0| 0| 0| 0| runtime: 1075.5 ms | cr: 4302.1
    1412. dt:  0.25 ms | #newton:  1 | ph:  0.0% | #CG/newton: 2553 | ls (cap|max|inv|bt):  0| 0| 0| 0| runtime: 1091.9 ms | cr: 4367.6
    1413. dt:  0.25 ms | #newton:  1 | ph:  0.0% | #CG/newton: 2652 | ls (cap|max|inv|bt):  0| 0| 0| 0| runtime: 1135.2 ms | cr: 4540.9
    1414. dt:  0.25 ms | #newton:  1 | ph:  0.0% | #CG/newton: 2268 | ls (cap|max|inv|bt):  0| 0| 0| 0| runtime:  992.8 ms | cr: 3971.3
    1415. dt:  0.25 ms | #newton:  1 | ph:  0.0% | #CG/newton: 2179 | ls (cap|max|inv|bt):  0| 0| 0| 0| runtime:  963.7 ms | cr: 3854.6
    1416. dt:  0.25 ms | #newton:  1 | ph:  0.0% | #CG/newton: 2657 | ls (cap|max|inv|bt):  0| 0| 0| 0| runtime: 1131.6 ms | cr: 4526.4
    1417. dt:  0.25 ms | #newton:  1 | ph:  0.0% | #CG/newton: 2576 | ls (cap|max|inv|bt):  0| 0| 0| 0| runtime: 1105.3 ms | cr: 4421.3
    1418. dt:  0.25 ms | #newton:  1 | ph:  0.0% | #CG/newton: 2878 | ls (cap|max|inv|bt):  0| 0| 0| 0| runtime: 1233.1 ms | cr: 4932.3
    1419. dt:  0.25 ms | #newton:  1 | ph:  0.0% | #CG/newton: 2885 | ls (cap|max|inv|bt):  0| 0| 0| 0| runtime: 1243.3 ms | cr: 4973.0
    1420. dt:  0.25 ms | #newton:  1 | ph:  0.0% | #CG/newton: 2474 | ls (cap|max|inv|bt):  0| 0| 0| 0| runtime: 1074.2 ms | cr: 4296.8
    1421. dt:  0.25 ms | #newton:  1 | ph:  0.0% | #CG/newton: 2668 | ls (cap|max|inv|bt):  0| 0| 0| 0| runtime: 1141.7 ms | cr: 4566.6
    1422. dt:  0.25 ms | #newton:  1 | ph:  0.0% | #CG/newton: 2630 | ls (cap|max|inv|bt):  0| 0| 0| 0| runtime: 1128.8 ms | cr: 4515.2
    1423. dt:  0.25 ms | #newton:  1 | ph:  0.0% | #CG/newton: 2667 | ls (cap|max|inv|bt):  0| 0| 0| 0| runtime: 1145.6 ms | cr: 4582.4
    1424. dt:  0.25 ms | #newton:  1 | ph:  0.0% | #CG/newton: 2671 | ls (cap|max|inv|bt):  0| 0| 0| 0| runtime: 1146.5 ms | cr: 4586.0
    1425. dt:  0.25 ms | #newton:  1 | ph:  0.0% | #CG/newton: 2195 | ls (cap|max|inv|bt):  0| 0| 0| 0| runtime:  975.3 ms | cr: 3901.0
    1426. dt:  0.25 ms | #newton:  1 | ph:  0.0% | #CG/newton: 2395 | ls (cap|max|inv|bt):  0| 0| 0| 0| runtime: 1048.8 ms | cr: 4195.3
    1427. dt:  0.25 ms | #newton:  1 | ph:  0.0% | #CG/newton: 2353 | ls (cap|max|inv|bt):  0| 0| 0| 0| runtime: 1031.1 ms | cr: 4124.5
    1428. dt:  0.25 ms | #newton:  1 | ph:  0.0% | #CG/newton: 2318 | ls (cap|max|inv|bt):  0| 0| 0| 0| runtime: 1027.2 ms | cr: 4108.8
    1429. dt:  0.25 ms | #newton:  1 | ph:  0.0% | #CG/newton: 2362 | ls (cap|max|inv|bt):  0| 0| 0| 0| runtime: 1129.6 ms | cr: 4518.5
    1430. dt:  0.25 ms | #newton:  1 | ph:  0.0% | #CG/newton: 2336 | ls (cap|max|inv|bt):  0| 0| 0| 0| runtime: 1093.4 ms | cr: 4373.7
    1431. dt:  0.25 ms | #newton:  1 | ph:  0.0% | #CG/newton: 2378 | ls (cap|max|inv|bt):  0| 0| 0| 0| runtime: 1054.0 ms | cr: 4215.8
    1432. dt:  0.25 ms | #newton:  1 | ph:  0.0% | #CG/newton: 2355 | ls (cap|max|inv|bt):  0| 0| 0| 0| runtime: 1042.2 ms | cr: 4168.9
    1433. dt:  0.25 ms | #newton:  1 | ph:  0.0% | #CG/newton: 2377 | ls (cap|max|inv|bt):  0| 0| 0| 0| runtime: 1057.1 ms | cr: 4228.4
    1434. dt:  0.25 ms | #newton:  1 | ph:  0.0% | #CG/newton: 2271 | ls (cap|max|inv|bt):  0| 0| 0| 0| runtime: 1005.0 ms | cr: 4019.8
    1435. dt:  0.25 ms | #newton:  1 | ph:  0.0% | #CG/newton: 2341 | ls (cap|max|inv|bt):  0| 0| 0| 0| runtime: 1059.0 ms | cr: 4236.1
    1436. dt:  0.25 ms | #newton:  1 | ph:  0.0% | #CG/newton: 2233 | ls (cap|max|inv|bt):  0| 0| 0| 0| runtime:  989.0 ms | cr: 3956.2
    1437. dt:  0.25 ms | #newton:  1 | ph:  0.0% | #CG/newton: 2301 | ls (cap|max|inv|bt):  0| 0| 0| 0| runtime: 1013.1 ms | cr: 4052.4
    1438. dt:  0.25 ms | #newton:  1 | ph:  0.0% | #CG/newton: 2329 | ls (cap|max|inv|bt):  0| 0| 0| 0| runtime: 1028.9 ms | cr: 4115.4
    1439. dt:  0.25 ms | #newton:  1 | ph:  0.0% | #CG/newton: 2270 | ls (cap|max|inv|bt):  0| 0| 0| 0| runtime: 1002.6 ms | cr: 4010.3
    1440. dt:  0.25 ms | #newton:  1 | ph:  0.0% | #CG/newton: 2307 | ls (cap|max|inv|bt):  0| 0| 0| 0| runtime: 1024.3 ms | cr: 4097.2
    1441. dt:  0.25 ms | #newton:  1 | ph:  0.0% | #CG/newton: 2349 | ls (cap|max|inv|bt):  0| 0| 0| 0| runtime: 1044.5 ms | cr: 4178.0
    1442. dt:  0.25 ms | #newton:  1 | ph:  0.0% | #CG/newton: 2225 | ls (cap|max|inv|bt):  0| 0| 0| 0| runtime: 1002.1 ms | cr: 4008.3
    1443. dt:  0.25 ms | #newton:  1 | ph:  0.0% | #CG/newton: 2268 | ls (cap|max|inv|bt):  0| 0| 0| 0| runtime: 1011.3 ms | cr: 4045.4
    1444. dt:  0.25 ms | #newton:  1 | ph:  0.0% | #CG/newton: 2325 | ls (cap|max|inv|bt):  0| 0| 0| 0| runtime: 1035.6 ms | cr: 4142.6
    1445. dt:  0.25 ms | #newton:  1 | ph:  0.0% | #CG/newton: 2314 | ls (cap|max|inv|bt):  0| 0| 0| 0| runtime: 1027.0 ms | cr: 4107.8
    1446. dt:  0.25 ms | #newton:  1 | ph:  0.0% | #CG/newton: 2335 | ls (cap|max|inv|bt):  0| 0| 0| 0| runtime: 1042.8 ms | cr: 4171.0
    1447. dt:  0.25 ms | #newton:  1 | ph:  0.0% | #CG/newton: 2353 | ls (cap|max|inv|bt):  0| 0| 0| 0| runtime: 1049.7 ms | cr: 4198.9
    1448. dt:  0.25 ms | #newton:  1 | ph:  0.0% | #CG/newton: 2263 | ls (cap|max|inv|bt):  0| 0| 0| 0| runtime: 1012.9 ms | cr: 4051.5
    1449. dt:  0.25 ms | #newton:  1 | ph:  0.0% | #CG/newton: 1294 | ls (cap|max|inv|bt):  0| 0| 0| 0| runtime:  638.8 ms | cr: 2555.2
    1450. dt:  0.25 ms | #newton:  1 | ph:  0.0% | #CG/newton: 1250 | ls (cap|max|inv|bt):  0| 0| 0| 0| runtime:  613.6 ms | cr: 2454.5
    1451. dt:  0.25 ms | #newton:  1 | ph:  0.0% | #CG/newton: 1251 | ls (cap|max|inv|bt):  0| 0| 0| 0| runtime:  608.6 ms | cr: 2434.6
    1452. dt:  0.25 ms | #newton:  1 | ph:  0.0% | #CG/newton: 1293 | ls (cap|max|inv|bt):  0| 0| 0| 0| runtime:  628.4 ms | cr: 2513.5
    1453. dt:  0.25 ms | #newton:  1 | ph:  0.0% | #CG/newton: 1252 | ls (cap|max|inv|bt):  0| 0| 0| 0| runtime:  614.6 ms | cr: 2458.4
    1454. dt:  0.25 ms | #newton:  1 | ph:  0.0% | #CG/newton: 1252 | ls (cap|max|inv|bt):  0| 0| 0| 0| runtime:  609.3 ms | cr: 2437.3
    1455. dt:  0.25 ms | #newton:  1 | ph:  0.0% | #CG/newton: 1293 | ls (cap|max|inv|bt):  0| 0| 0| 0| runtime:  622.0 ms | cr: 2488.2
    1456. dt:  0.25 ms | #newton:  1 | ph:  0.0% | #CG/newton: 1251 | ls (cap|max|inv|bt):  0| 0| 0| 0| runtime:  608.7 ms | cr: 2434.7
    1457. dt:  0.25 ms | #newton:  1 | ph:  0.0% | #CG/newton: 1255 | ls (cap|max|inv|bt):  0| 0| 0| 0| runtime:  607.8 ms | cr: 2431.2
    1458. dt:  0.25 ms | #newton:  1 | ph:  0.0% | #CG/newton: 1290 | ls (cap|max|inv|bt):  0| 0| 0| 0| runtime:  649.2 ms | cr: 2596.9
    1459. dt:  0.25 ms | #newton:  1 | ph:  0.0% | #CG/newton: 1247 | ls (cap|max|inv|bt):  0| 0| 0| 0| runtime:  615.4 ms | cr: 2461.7
    1460. dt:  0.25 ms | #newton:  1 | ph:  0.0% | #CG/newton: 1285 | ls (cap|max|inv|bt):  0| 0| 0| 0| runtime:  623.4 ms | cr: 2493.4
    1461. dt:  0.25 ms | #newton:  1 | ph:  0.0% | #CG/newton: 1270 | ls (cap|max|inv|bt):  0| 0| 0| 0| runtime:  626.2 ms | cr: 2505.0
    1462. dt:  0.25 ms | #newton:  1 | ph:  0.0% | #CG/newton: 1256 | ls (cap|max|inv|bt):  0| 0| 0| 0| runtime:  613.6 ms | cr: 2454.5
    1463. dt:  0.25 ms | #newton:  1 | ph:  0.0% | #CG/newton: 1289 | ls (cap|max|inv|bt):  0| 0| 0| 0| runtime:  621.9 ms | cr: 2487.7
    1464. dt:  0.25 ms | #newton:  1 | ph:  0.0% | #CG/newton: 1257 | ls (cap|max|inv|bt):  0| 0| 0| 0| runtime:  608.5 ms | cr: 2433.9
    1465. dt:  0.25 ms | #newton:  1 | ph:  0.0% | #CG/newton: 1239 | ls (cap|max|inv|bt):  0| 0| 0| 0| runtime:  608.8 ms | cr: 2435.4
    1466. dt:  0.25 ms | #newton:  1 | ph:  0.0% | #CG/newton: 1290 | ls (cap|max|inv|bt):  0| 0| 0| 0| runtime:  633.0 ms | cr: 2532.2
[Frame: 11] Time: 0.367 s
    1467. dt:  0.25 ms | #newton:  1 | ph:  0.0% | #CG/newton: 1255 | ls (cap|max|inv|bt):  0| 0| 0| 0| runtime:  602.0 ms | cr: 2408.1
    1468. dt:  0.25 ms | #newton:  1 | ph:  0.0% | #CG/newton: 1240 | ls (cap|max|inv|bt):  0| 0| 0| 0| runtime:  612.9 ms | cr: 2451.5
    1469. dt:  0.25 ms | #newton:  1 | ph:  0.0% | #CG/newton: 1278 | ls (cap|max|inv|bt):  0| 0| 0| 0| runtime:  615.8 ms | cr: 2463.3
    1470. dt:  0.25 ms | #newton:  1 | ph:  0.0% | #CG/newton: 1261 | ls (cap|max|inv|bt):  0| 0| 0| 0| runtime:  613.4 ms | cr: 2453.8
    1471. dt:  0.25 ms | #newton:  1 | ph:  0.0% | #CG/newton: 1238 | ls (cap|max|inv|bt):  0| 0| 0| 0| runtime:  602.9 ms | cr: 2411.7
    1472. dt:  0.25 ms | #newton:  1 | ph:  0.0% | #CG/newton: 1289 | ls (cap|max|inv|bt):  0| 0| 0| 0| runtime:  626.3 ms | cr: 2505.0
    1473. dt:  0.25 ms | #newton:  1 | ph:  0.0% | #CG/newton: 1256 | ls (cap|max|inv|bt):  0| 0| 0| 0| runtime:  603.4 ms | cr: 2413.5
    1474. dt:  0.25 ms | #newton:  1 | ph:  0.0% | #CG/newton: 1254 | ls (cap|max|inv|bt):  0| 0| 0| 0| runtime:  600.1 ms | cr: 2400.5
    1475. dt:  0.25 ms | #newton:  1 | ph:  0.0% | #CG/newton: 1294 | ls (cap|max|inv|bt):  0| 0| 0| 0| runtime:  616.2 ms | cr: 2464.7
    1476. dt:  0.25 ms | #newton:  1 | ph:  0.0% | #CG/newton: 1265 | ls (cap|max|inv|bt):  0| 0| 0| 0| runtime:  612.2 ms | cr: 2448.7
    1477. dt:  0.25 ms | #newton:  1 | ph:  0.0% | #CG/newton: 1242 | ls (cap|max|inv|bt):  0| 0| 0| 0| runtime:  610.4 ms | cr: 2441.6
    1478. dt:  0.25 ms | #newton:  1 | ph:  0.0% | #CG/newton: 1290 | ls (cap|max|inv|bt):  0| 0| 0| 0| runtime:  625.0 ms | cr: 2500.1
    1479. dt:  0.25 ms | #newton:  1 | ph:  0.0% | #CG/newton: 1256 | ls (cap|max|inv|bt):  0| 0| 0| 0| runtime:  643.0 ms | cr: 2571.8
    1480. dt:  0.25 ms | #newton:  1 | ph:  0.0% | #CG/newton: 2331 | ls (cap|max|inv|bt):  0| 0| 0| 0| runtime: 1083.5 ms | cr: 4334.1
    1481. dt:  0.25 ms | #newton:  1 | ph:  0.0% | #CG/newton: 2257 | ls (cap|max|inv|bt):  0| 0| 0| 0| runtime: 1010.0 ms | cr: 4040.1
    1482. dt:  0.25 ms | #newton:  1 | ph:  0.0% | #CG/newton: 2339 | ls (cap|max|inv|bt):  0| 0| 0| 0| runtime: 1038.9 ms | cr: 4155.6
    1483. dt:  0.25 ms | #newton:  1 | ph:  0.0% | #CG/newton: 2200 | ls (cap|max|inv|bt):  0| 0| 0| 0| runtime:  984.4 ms | cr: 3937.4
    1484. dt:  0.25 ms | #newton:  1 | ph:  0.0% | #CG/newton: 2333 | ls (cap|max|inv|bt):  0| 0| 0| 0| runtime: 1037.1 ms | cr: 4148.3
    1485. dt:  0.25 ms | #newton:  1 | ph:  0.0% | #CG/newton: 2345 | ls (cap|max|inv|bt):  0| 0| 0| 0| runtime: 1042.9 ms | cr: 4171.6
    1486. dt:  0.25 ms | #newton:  1 | ph:  0.0% | #CG/newton: 2263 | ls (cap|max|inv|bt):  0| 0| 0| 0| runtime: 1015.7 ms | cr: 4062.8
    1487. dt:  0.25 ms | #newton:  1 | ph:  0.0% | #CG/newton: 2341 | ls (cap|max|inv|bt):  0| 0| 0| 0| runtime: 1046.5 ms | cr: 4185.9
    1488. dt:  0.25 ms | #newton:  1 | ph:  0.0% | #CG/newton: 2346 | ls (cap|max|inv|bt):  0| 0| 0| 0| runtime: 1053.4 ms | cr: 4213.8
    1489. dt:  0.25 ms | #newton:  1 | ph:  0.0% | #CG/newton: 2265 | ls (cap|max|inv|bt):  0| 0| 0| 0| runtime: 1016.3 ms | cr: 4065.1
    1490. dt:  0.25 ms | #newton:  1 | ph:  0.0% | #CG/newton: 2351 | ls (cap|max|inv|bt):  0| 0| 0| 0| runtime: 1047.6 ms | cr: 4190.4
    1491. dt:  0.25 ms | #newton:  1 | ph:  0.0% | #CG/newton: 2191 | ls (cap|max|inv|bt):  0| 0| 0| 0| runtime:  987.1 ms | cr: 3948.3
    1492. dt:  0.25 ms | #newton:  1 | ph:  0.0% | #CG/newton: 2265 | ls (cap|max|inv|bt):  0| 0| 0| 0| runtime: 1015.1 ms | cr: 4060.5
    1493. dt:  0.25 ms | #newton:  1 | ph:  0.0% | #CG/newton: 2204 | ls (cap|max|inv|bt):  0| 0| 0| 0| runtime:  992.5 ms | cr: 3969.8
    1494. dt:  0.25 ms | #newton:  1 | ph:  0.0% | #CG/newton: 2356 | ls (cap|max|inv|bt):  0| 0| 0| 0| runtime: 1063.9 ms | cr: 4255.6
    1495. dt:  0.25 ms | #newton:  1 | ph:  0.0% | #CG/newton: 2235 | ls (cap|max|inv|bt):  0| 0| 0| 0| runtime: 1020.5 ms | cr: 4081.8
    1496. dt:  0.25 ms | #newton:  1 | ph:  0.0% | #CG/newton: 2265 | ls (cap|max|inv|bt):  0| 0| 0| 0| runtime: 1050.0 ms | cr: 4199.9
    1497. dt:  0.25 ms | #newton:  1 | ph:  0.0% | #CG/newton: 2342 | ls (cap|max|inv|bt):  0| 0| 0| 0| runtime: 1069.6 ms | cr: 4278.4
    1498. dt:  0.25 ms | #newton:  1 | ph:  0.0% | #CG/newton: 2262 | ls (cap|max|inv|bt):  0| 0| 0| 0| runtime: 1053.6 ms | cr: 4214.5
    1499. dt:  0.25 ms | #newton:  1 | ph:  0.0% | #CG/newton: 2372 | ls (cap|max|inv|bt):  0| 0| 0| 0| runtime: 1098.4 ms | cr: 4393.5
    1500. dt:  0.25 ms | #newton:  1 | ph:  0.0% | #CG/newton: 2336 | ls (cap|max|inv|bt):  0| 0| 0| 0| runtime: 1062.5 ms | cr: 4250.0
    1501. dt:  0.25 ms | #newton:  1 | ph:  0.0% | #CG/newton: 2361 | ls (cap|max|inv|bt):  0| 0| 0| 0| runtime: 1069.6 ms | cr: 4278.5
    1502. dt:  0.25 ms | #newton:  1 | ph:  0.0% | #CG/newton: 2249 | ls (cap|max|inv|bt):  0| 0| 0| 0| runtime: 1023.3 ms | cr: 4093.2
    1503. dt:  0.25 ms | #newton:  1 | ph:  0.0% | #CG/newton: 2347 | ls (cap|max|inv|bt):  0| 0| 0| 0| runtime: 1076.1 ms | cr: 4304.3
    1504. dt:  0.25 ms | #newton:  1 | ph:  0.0% | #CG/newton: 2301 | ls (cap|max|inv|bt):  0| 0| 0| 0| runtime: 1032.1 ms | cr: 4128.5
    1505. dt:  0.25 ms | #newton:  1 | ph:  0.0% | #CG/newton: 2372 | ls (cap|max|inv|bt):  0| 0| 0| 0| runtime: 1057.3 ms | cr: 4229.2
    1506. dt:  0.25 ms | #newton:  1 | ph:  0.0% | #CG/newton: 2317 | ls (cap|max|inv|bt):  0| 0| 0| 0| runtime: 1029.2 ms | cr: 4117.0
    1507. dt:  0.25 ms | #newton:  1 | ph:  0.0% | #CG/newton: 2333 | ls (cap|max|inv|bt):  0| 0| 0| 0| runtime: 1039.3 ms | cr: 4157.2
    1508. dt:  0.25 ms | #newton:  1 | ph:  0.0% | #CG/newton: 2245 | ls (cap|max|inv|bt):  0| 0| 0| 0| runtime: 1008.1 ms | cr: 4032.2
    1509. dt:  0.25 ms | #newton:  1 | ph:  0.0% | #CG/newton: 2334 | ls (cap|max|inv|bt):  0| 0| 0| 0| runtime: 1036.7 ms | cr: 4146.9
    1510. dt:  0.25 ms | #newton:  1 | ph:  0.0% | #CG/newton: 2213 | ls (cap|max|inv|bt):  0| 0| 0| 0| runtime:  984.6 ms | cr: 3938.6
    1511. dt:  0.25 ms | #newton:  1 | ph:  0.0% | #CG/newton: 2362 | ls (cap|max|inv|bt):  0| 0| 0| 0| runtime: 1051.7 ms | cr: 4206.7
    1512. dt:  0.25 ms | #newton:  1 | ph:  0.0% | #CG/newton: 2248 | ls (cap|max|inv|bt):  0| 0| 0| 0| runtime: 1008.9 ms | cr: 4035.7
    1513. dt:  0.25 ms | #newton:  1 | ph:  0.0% | #CG/newton: 2358 | ls (cap|max|inv|bt):  0| 0| 0| 0| runtime: 1047.8 ms | cr: 4191.4
    1514. dt:  0.25 ms | #newton:  1 | ph:  0.0% | #CG/newton: 2226 | ls (cap|max|inv|bt):  0| 0| 0| 0| runtime:  999.1 ms | cr: 3996.5
    1515. dt:  0.25 ms | #newton:  1 | ph:  0.0% | #CG/newton: 2370 | ls (cap|max|inv|bt):  0| 0| 0| 0| runtime: 1059.2 ms | cr: 4236.9
    1516. dt:  0.25 ms | #newton:  1 | ph:  0.0% | #CG/newton: 2204 | ls (cap|max|inv|bt):  0| 0| 0| 0| runtime:  991.7 ms | cr: 3967.0
    1517. dt:  0.25 ms | #newton:  1 | ph:  0.0% | #CG/newton: 2256 | ls (cap|max|inv|bt):  0| 0| 0| 0| runtime: 1011.8 ms | cr: 4047.4
    1518. dt:  0.25 ms | #newton:  1 | ph:  0.0% | #CG/newton: 2254 | ls (cap|max|inv|bt):  0| 0| 0| 0| runtime: 1020.0 ms | cr: 4080.1
    1519. dt:  0.25 ms | #newton:  1 | ph:  0.0% | #CG/newton: 2361 | ls (cap|max|inv|bt):  0| 0| 0| 0| runtime: 1057.8 ms | cr: 4231.2
    1520. dt:  0.25 ms | #newton:  1 | ph:  0.0% | #CG/newton: 2237 | ls (cap|max|inv|bt):  0| 0| 0| 0| runtime: 1001.3 ms | cr: 4005.1
    1521. dt:  0.25 ms | #newton:  1 | ph:  0.0% | #CG/newton: 2310 | ls (cap|max|inv|bt):  0| 0| 0| 0| runtime: 1080.6 ms | cr: 4322.5
    1522. dt:  0.25 ms | #newton:  1 | ph:  0.0% | #CG/newton: 2343 | ls (cap|max|inv|bt):  0| 0| 0| 0| runtime: 1046.8 ms | cr: 4187.0
    1523. dt:  0.25 ms | #newton:  1 | ph:  0.0% | #CG/newton: 2260 | ls (cap|max|inv|bt):  0| 0| 0| 0| runtime: 1014.5 ms | cr: 4058.0
    1524. dt:  0.25 ms | #newton:  1 | ph:  0.0% | #CG/newton: 2370 | ls (cap|max|inv|bt):  0| 0| 0| 0| runtime: 1052.4 ms | cr: 4209.7
    1525. dt:  0.25 ms | #newton:  1 | ph:  0.0% | #CG/newton: 2269 | ls (cap|max|inv|bt):  0| 0| 0| 0| runtime: 1008.5 ms | cr: 4033.8
    1526. dt:  0.25 ms | #newton:  1 | ph:  0.0% | #CG/newton: 2183 | ls (cap|max|inv|bt):  0| 0| 0| 0| runtime:  988.9 ms | cr: 3955.4
    1527. dt:  0.25 ms | #newton:  1 | ph:  0.0% | #CG/newton: 2304 | ls (cap|max|inv|bt):  0| 0| 0| 0| runtime: 1029.9 ms | cr: 4119.5
    1528. dt:  0.25 ms | #newton:  1 | ph:  0.0% | #CG/newton: 2242 | ls (cap|max|inv|bt):  0| 0| 0| 0| runtime:  999.3 ms | cr: 3997.2
    1529. dt:  0.25 ms | #newton:  1 | ph:  0.0% | #CG/newton: 2335 | ls (cap|max|inv|bt):  0| 0| 0| 0| runtime: 1039.6 ms | cr: 4158.4
    1530. dt:  0.25 ms | #newton:  1 | ph:  0.0% | #CG/newton: 2257 | ls (cap|max|inv|bt):  0| 0| 0| 0| runtime: 1011.5 ms | cr: 4046.2
    1531. dt:  0.25 ms | #newton:  1 | ph:  0.0% | #CG/newton: 2351 | ls (cap|max|inv|bt):  0| 0| 0| 0| runtime: 1043.2 ms | cr: 4172.8
    1532. dt:  0.25 ms | #newton:  1 | ph:  0.0% | #CG/newton: 2250 | ls (cap|max|inv|bt):  0| 0| 0| 0| runtime: 1005.7 ms | cr: 4023.0
    1533. dt:  0.25 ms | #newton:  1 | ph:  0.0% | #CG/newton: 2362 | ls (cap|max|inv|bt):  0| 0| 0| 0| runtime: 1047.9 ms | cr: 4191.7
    1534. dt:  0.25 ms | #newton:  1 | ph:  0.0% | #CG/newton: 2232 | ls (cap|max|inv|bt):  0| 0| 0| 0| runtime: 1006.4 ms | cr: 4025.5
    1535. dt:  0.25 ms | #newton:  1 | ph:  0.0% | #CG/newton: 2371 | ls (cap|max|inv|bt):  0| 0| 0| 0| runtime: 1047.0 ms | cr: 4188.2
    1536. dt:  0.25 ms | #newton:  1 | ph:  0.0% | #CG/newton: 2338 | ls (cap|max|inv|bt):  0| 0| 0| 0| runtime: 1052.6 ms | cr: 4210.6
    1537. dt:  0.25 ms | #newton:  1 | ph:  0.0% | #CG/newton: 2258 | ls (cap|max|inv|bt):  0| 0| 0| 0| runtime: 1018.3 ms | cr: 4073.2
    1538. dt:  0.25 ms | #newton:  1 | ph:  0.0% | #CG/newton: 2368 | ls (cap|max|inv|bt):  0| 0| 0| 0| runtime: 1082.0 ms | cr: 4328.1
    1539. dt:  0.25 ms | #newton:  1 | ph:  0.0% | #CG/newton: 2317 | ls (cap|max|inv|bt):  0| 0| 0| 0| runtime: 1060.7 ms | cr: 4242.7
    1540. dt:  0.25 ms | #newton:  1 | ph:  0.0% | #CG/newton: 2286 | ls (cap|max|inv|bt):  0| 0| 0| 0| runtime: 1043.7 ms | cr: 4174.7
    1541. dt:  0.25 ms | #newton:  1 | ph:  0.0% | #CG/newton: 2306 | ls (cap|max|inv|bt):  0| 0| 0| 0| runtime: 1060.8 ms | cr: 4243.1
    1542. dt:  0.25 ms | #newton:  1 | ph:  0.0% | #CG/newton: 2334 | ls (cap|max|inv|bt):  0| 0| 0| 0| runtime: 1063.4 ms | cr: 4253.5
    1543. dt:  0.25 ms | #newton:  1 | ph:  0.0% | #CG/newton: 2313 | ls (cap|max|inv|bt):  0| 0| 0| 0| runtime: 1030.7 ms | cr: 4122.9
    1544. dt:  0.25 ms | #newton:  1 | ph:  0.0% | #CG/newton: 2251 | ls (cap|max|inv|bt):  0| 0| 0| 0| runtime: 1030.3 ms | cr: 4121.3
    1545. dt:  0.25 ms | #newton:  1 | ph:  0.0% | #CG/newton: 2311 | ls (cap|max|inv|bt):  0| 0| 0| 0| runtime: 1026.9 ms | cr: 4107.6
    1546. dt:  0.25 ms | #newton:  1 | ph:  0.0% | #CG/newton: 2341 | ls (cap|max|inv|bt):  0| 0| 0| 0| runtime: 1048.1 ms | cr: 4192.2
    1547. dt:  0.25 ms | #newton:  1 | ph:  0.0% | #CG/newton: 2347 | ls (cap|max|inv|bt):  0| 0| 0| 0| runtime: 1045.8 ms | cr: 4183.0
    1548. dt:  0.25 ms | #newton:  1 | ph:  0.0% | #CG/newton: 2213 | ls (cap|max|inv|bt):  0| 0| 0| 0| runtime:  997.4 ms | cr: 3989.7
    1549. dt:  0.25 ms | #newton:  1 | ph:  0.0% | #CG/newton: 2360 | ls (cap|max|inv|bt):  0| 0| 0| 0| runtime: 1062.4 ms | cr: 4249.5
    1550. dt:  0.25 ms | #newton:  1 | ph:  0.0% | #CG/newton: 2332 | ls (cap|max|inv|bt):  0| 0| 0| 0| runtime: 1041.0 ms | cr: 4164.1
    1551. dt:  0.25 ms | #newton:  1 | ph:  0.0% | #CG/newton: 2317 | ls (cap|max|inv|bt):  0| 0| 0| 0| runtime: 1041.0 ms | cr: 4164.0
    1552. dt:  0.25 ms | #newton:  1 | ph:  0.0% | #CG/newton: 2301 | ls (cap|max|inv|bt):  0| 0| 0| 0| runtime: 1030.3 ms | cr: 4121.0
    1553. dt:  0.25 ms | #newton:  1 | ph:  0.0% | #CG/newton: 2188 | ls (cap|max|inv|bt):  0| 0| 0| 0| runtime:  984.6 ms | cr: 3938.5
    1554. dt:  0.25 ms | #newton:  1 | ph:  0.0% | #CG/newton: 2318 | ls (cap|max|inv|bt):  0| 0| 0| 0| runtime: 1037.3 ms | cr: 4149.1
    1555. dt:  0.25 ms | #newton:  1 | ph:  0.0% | #CG/newton: 2247 | ls (cap|max|inv|bt):  0| 0| 0| 0| runtime: 1012.0 ms | cr: 4047.8
    1556. dt:  0.25 ms | #newton:  1 | ph:  0.0% | #CG/newton: 2366 | ls (cap|max|inv|bt):  0| 0| 0| 0| runtime: 1053.5 ms | cr: 4214.1
    1557. dt:  0.25 ms | #newton:  1 | ph:  0.0% | #CG/newton: 2348 | ls (cap|max|inv|bt):  0| 0| 0| 0| runtime: 1040.9 ms | cr: 4163.8
    1558. dt:  0.25 ms | #newton:  1 | ph:  0.0% | #CG/newton: 2277 | ls (cap|max|inv|bt):  0| 0| 0| 0| runtime: 1023.8 ms | cr: 4095.3
    1559. dt:  0.25 ms | #newton:  1 | ph:  0.0% | #CG/newton: 2367 | ls (cap|max|inv|bt):  0| 0| 0| 0| runtime: 1062.0 ms | cr: 4248.1
    1560. dt:  0.25 ms | #newton:  1 | ph:  0.0% | #CG/newton: 2339 | ls (cap|max|inv|bt):  0| 0| 0| 0| runtime: 1061.4 ms | cr: 4245.5
    1561. dt:  0.25 ms | #newton:  1 | ph:  0.0% | #CG/newton: 2258 | ls (cap|max|inv|bt):  0| 0| 0| 0| runtime: 1030.2 ms | cr: 4120.8
    1562. dt:  0.25 ms | #newton:  1 | ph:  0.0% | #CG/newton: 2353 | ls (cap|max|inv|bt):  0| 0| 0| 0| runtime: 1048.3 ms | cr: 4193.1
    1563. dt:  0.25 ms | #newton:  1 | ph:  0.0% | #CG/newton: 2304 | ls (cap|max|inv|bt):  0| 0| 0| 0| runtime: 1029.2 ms | cr: 4116.9
    1564. dt:  0.25 ms | #newton:  1 | ph:  0.0% | #CG/newton: 2180 | ls (cap|max|inv|bt):  0| 0| 0| 0| runtime:  980.1 ms | cr: 3920.3
    1565. dt:  0.25 ms | #newton:  1 | ph:  0.0% | #CG/newton: 2310 | ls (cap|max|inv|bt):  0| 0| 0| 0| runtime: 1030.9 ms | cr: 4123.7
    1566. dt:  0.25 ms | #newton:  1 | ph:  0.0% | #CG/newton: 2249 | ls (cap|max|inv|bt):  0| 0| 0| 0| runtime: 1010.1 ms | cr: 4040.4
    1567. dt:  0.25 ms | #newton:  1 | ph:  0.0% | #CG/newton: 2294 | ls (cap|max|inv|bt):  0| 0| 0| 0| runtime: 1029.2 ms | cr: 4116.7
    1568. dt:  0.25 ms | #newton:  1 | ph:  0.0% | #CG/newton: 2249 | ls (cap|max|inv|bt):  0| 0| 0| 0| runtime: 1014.0 ms | cr: 4055.9
    1569. dt:  0.25 ms | #newton:  1 | ph:  0.0% | #CG/newton: 2346 | ls (cap|max|inv|bt):  0| 0| 0| 0| runtime: 1050.7 ms | cr: 4202.7
    1570. dt:  0.25 ms | #newton:  1 | ph:  0.0% | #CG/newton: 2258 | ls (cap|max|inv|bt):  0| 0| 0| 0| runtime: 1013.0 ms | cr: 4052.2
    1571. dt:  0.25 ms | #newton:  1 | ph:  0.0% | #CG/newton: 2336 | ls (cap|max|inv|bt):  0| 0| 0| 0| runtime: 1078.8 ms | cr: 4315.2
    1572. dt:  0.25 ms | #newton:  1 | ph:  0.0% | #CG/newton: 2212 | ls (cap|max|inv|bt):  0| 0| 0| 0| runtime:  991.7 ms | cr: 3966.9
    1573. dt:  0.25 ms | #newton:  1 | ph:  0.0% | #CG/newton: 2346 | ls (cap|max|inv|bt):  0| 0| 0| 0| runtime: 1043.0 ms | cr: 4172.2
    1574. dt:  0.25 ms | #newton:  1 | ph:  0.0% | #CG/newton: 2208 | ls (cap|max|inv|bt):  0| 0| 0| 0| runtime:  993.1 ms | cr: 3972.3
    1575. dt:  0.25 ms | #newton:  1 | ph:  0.0% | #CG/newton: 2340 | ls (cap|max|inv|bt):  0| 0| 0| 0| runtime: 1058.5 ms | cr: 4234.2
    1576. dt:  0.25 ms | #newton:  1 | ph:  0.0% | #CG/newton: 2267 | ls (cap|max|inv|bt):  0| 0| 0| 0| runtime: 1020.9 ms | cr: 4083.6
    1577. dt:  0.25 ms | #newton:  1 | ph:  0.0% | #CG/newton: 2349 | ls (cap|max|inv|bt):  0| 0| 0| 0| runtime: 1057.2 ms | cr: 4228.7
    1578. dt:  0.25 ms | #newton:  1 | ph:  0.0% | #CG/newton: 2284 | ls (cap|max|inv|bt):  0| 0| 0| 0| runtime: 1018.8 ms | cr: 4075.1
    1579. dt:  0.25 ms | #newton:  1 | ph:  0.0% | #CG/newton: 2336 | ls (cap|max|inv|bt):  0| 0| 0| 0| runtime: 1045.2 ms | cr: 4180.7
    1580. dt:  0.25 ms | #newton:  1 | ph:  0.0% | #CG/newton: 2244 | ls (cap|max|inv|bt):  0| 0| 0| 0| runtime: 1010.3 ms | cr: 4041.0
    1581. dt:  0.25 ms | #newton:  1 | ph:  0.0% | #CG/newton: 2337 | ls (cap|max|inv|bt):  0| 0| 0| 0| runtime: 1042.1 ms | cr: 4168.5
    1582. dt:  0.25 ms | #newton:  1 | ph:  0.0% | #CG/newton: 2221 | ls (cap|max|inv|bt):  0| 0| 0| 0| runtime:  995.5 ms | cr: 3982.2
    1583. dt:  0.25 ms | #newton:  1 | ph:  0.0% | #CG/newton: 2346 | ls (cap|max|inv|bt):  0| 0| 0| 0| runtime: 1045.7 ms | cr: 4182.7
    1584. dt:  0.25 ms | #newton:  1 | ph:  0.0% | #CG/newton: 2247 | ls (cap|max|inv|bt):  0| 0| 0| 0| runtime: 1008.3 ms | cr: 4033.2
    1585. dt:  0.25 ms | #newton:  1 | ph:  0.0% | #CG/newton: 2333 | ls (cap|max|inv|bt):  0| 0| 0| 0| runtime: 1042.0 ms | cr: 4168.0
    1586. dt:  0.25 ms | #newton:  1 | ph:  0.0% | #CG/newton: 2303 | ls (cap|max|inv|bt):  0| 0| 0| 0| runtime: 1019.1 ms | cr: 4076.5
    1587. dt:  0.25 ms | #newton:  1 | ph:  0.0% | #CG/newton: 2334 | ls (cap|max|inv|bt):  0| 0| 0| 0| runtime: 1039.8 ms | cr: 4159.2
    1588. dt:  0.25 ms | #newton:  1 | ph:  0.0% | #CG/newton: 2348 | ls (cap|max|inv|bt):  0| 0| 0| 0| runtime: 1047.9 ms | cr: 4191.8
    1589. dt:  0.25 ms | #newton:  1 | ph:  0.0% | #CG/newton: 2354 | ls (cap|max|inv|bt):  0| 0| 0| 0| runtime: 1047.0 ms | cr: 4188.1
    1590. dt:  0.25 ms | #newton:  1 | ph:  0.0% | #CG/newton: 2311 | ls (cap|max|inv|bt):  0| 0| 0| 0| runtime: 1027.4 ms | cr: 4109.4
    1591. dt:  0.25 ms | #newton:  1 | ph:  0.0% | #CG/newton: 2343 | ls (cap|max|inv|bt):  0| 0| 0| 0| runtime: 1048.9 ms | cr: 4195.6
    1592. dt:  0.25 ms | #newton:  1 | ph:  0.0% | #CG/newton: 2275 | ls (cap|max|inv|bt):  0| 0| 0| 0| runtime: 1023.3 ms | cr: 4093.3
    1593. dt:  0.25 ms | #newton:  1 | ph:  0.0% | #CG/newton: 2331 | ls (cap|max|inv|bt):  0| 0| 0| 0| runtime: 1037.6 ms | cr: 4150.2
    1594. dt:  0.25 ms | #newton:  1 | ph:  0.0% | #CG/newton: 2343 | ls (cap|max|inv|bt):  0| 0| 0| 0| runtime: 1049.8 ms | cr: 4199.2
    1595. dt:  0.25 ms | #newton:  1 | ph:  0.0% | #CG/newton: 2300 | ls (cap|max|inv|bt):  0| 0| 0| 0| runtime: 1031.5 ms | cr: 4126.0
    1596. dt:  0.25 ms | #newton:  1 | ph:  0.0% | #CG/newton: 2336 | ls (cap|max|inv|bt):  0| 0| 0| 0| runtime: 1047.6 ms | cr: 4190.5
    1597. dt:  0.25 ms | #newton:  1 | ph:  0.0% | #CG/newton: 2338 | ls (cap|max|inv|bt):  0| 0| 0| 0| runtime: 1044.7 ms | cr: 4179.0
    1598. dt:  0.25 ms | #newton:  1 | ph:  0.0% | #CG/newton: 2305 | ls (cap|max|inv|bt):  0| 0| 0| 0| runtime: 1036.9 ms | cr: 4147.5
    1599. dt:  0.25 ms | #newton:  1 | ph:  0.0% | #CG/newton: 2331 | ls (cap|max|inv|bt):  0| 0| 0| 0| runtime: 1049.5 ms | cr: 4198.1
    1600. dt:  0.25 ms | #newton:  1 | ph:  0.0% | #CG/newton: 2327 | ls (cap|max|inv|bt):  0| 0| 0| 0| runtime: 1042.1 ms | cr: 4168.6
[Frame: 12] Time: 0.400 s
    1601. dt:  0.25 ms | #newton:  1 | ph:  0.0% | #CG/newton: 2306 | ls (cap|max|inv|bt):  0| 0| 0| 0| runtime: 1037.8 ms | cr: 4151.3
    1602. dt:  0.25 ms | #newton:  1 | ph:  0.0% | #CG/newton: 2312 | ls (cap|max|inv|bt):  0| 0| 0| 0| runtime: 1093.2 ms | cr: 4372.9
    1603. dt:  0.25 ms | #newton:  1 | ph:  0.0% | #CG/newton: 2319 | ls (cap|max|inv|bt):  0| 0| 0| 0| runtime: 1033.3 ms | cr: 4133.0
    1604. dt:  0.25 ms | #newton:  1 | ph:  0.0% | #CG/newton: 2335 | ls (cap|max|inv|bt):  0| 0| 0| 0| runtime: 1041.5 ms | cr: 4166.0
    1605. dt:  0.25 ms | #newton:  1 | ph:  0.0% | #CG/newton: 2242 | ls (cap|max|inv|bt):  0| 0| 0| 0| runtime: 1005.9 ms | cr: 4023.6
    1606. dt:  0.25 ms | #newton:  1 | ph:  0.0% | #CG/newton: 2313 | ls (cap|max|inv|bt):  0| 0| 0| 0| runtime: 1042.2 ms | cr: 4168.8
    1607. dt:  0.25 ms | #newton:  1 | ph:  0.0% | #CG/newton: 2178 | ls (cap|max|inv|bt):  0| 0| 0| 0| runtime:  981.9 ms | cr: 3927.6
    1608. dt:  0.25 ms | #newton:  1 | ph:  0.0% | #CG/newton: 2340 | ls (cap|max|inv|bt):  0| 0| 0| 0| runtime: 1059.6 ms | cr: 4238.5
    1609. dt:  0.25 ms | #newton:  1 | ph:  0.0% | #CG/newton: 2245 | ls (cap|max|inv|bt):  0| 0| 0| 0| runtime: 1014.4 ms | cr: 4057.5
    1610. dt:  0.25 ms | #newton:  1 | ph:  0.0% | #CG/newton: 2358 | ls (cap|max|inv|bt):  0| 0| 0| 0| runtime: 1047.4 ms | cr: 4189.6
    1611. dt:  0.25 ms | #newton:  1 | ph:  0.0% | #CG/newton: 2202 | ls (cap|max|inv|bt):  0| 0| 0| 0| runtime: 1002.9 ms | cr: 4011.5
    1612. dt:  0.25 ms | #newton:  1 | ph:  0.0% | #CG/newton: 2344 | ls (cap|max|inv|bt):  0| 0| 0| 0| runtime: 1049.5 ms | cr: 4197.9
    1613. dt:  0.25 ms | #newton:  1 | ph:  0.0% | #CG/newton: 2193 | ls (cap|max|inv|bt):  0| 0| 0| 0| runtime:  990.6 ms | cr: 3962.2
    1614. dt:  0.25 ms | #newton:  1 | ph:  0.0% | #CG/newton: 2338 | ls (cap|max|inv|bt):  0| 0| 0| 0| runtime: 1053.8 ms | cr: 4215.2
    1615. dt:  0.25 ms | #newton:  1 | ph:  0.0% | #CG/newton: 2206 | ls (cap|max|inv|bt):  0| 0| 0| 0| runtime:  997.8 ms | cr: 3991.3
    1616. dt:  0.25 ms | #newton:  1 | ph:  0.0% | #CG/newton: 2349 | ls (cap|max|inv|bt):  0| 0| 0| 0| runtime: 1053.9 ms | cr: 4215.6
    1617. dt:  0.25 ms | #newton:  1 | ph:  0.0% | #CG/newton: 2269 | ls (cap|max|inv|bt):  0| 0| 0| 0| runtime: 1029.7 ms | cr: 4118.9
    1618. dt:  0.25 ms | #newton:  1 | ph:  0.0% | #CG/newton: 2336 | ls (cap|max|inv|bt):  0| 0| 0| 0| runtime: 1044.1 ms | cr: 4176.6
    1619. dt:  0.25 ms | #newton:  1 | ph:  0.0% | #CG/newton: 2239 | ls (cap|max|inv|bt):  0| 0| 0| 0| runtime: 1012.8 ms | cr: 4051.3
    1620. dt:  0.25 ms | #newton:  1 | ph:  0.0% | #CG/newton: 2311 | ls (cap|max|inv|bt):  0| 0| 0| 0| runtime: 1028.4 ms | cr: 4113.4
    1621. dt:  0.25 ms | #newton:  1 | ph:  0.0% | #CG/newton: 2177 | ls (cap|max|inv|bt):  0| 0| 0| 0| runtime:  985.4 ms | cr: 3941.4
    1622. dt:  0.25 ms | #newton:  1 | ph:  0.0% | #CG/newton: 2333 | ls (cap|max|inv|bt):  0| 0| 0| 0| runtime: 1042.9 ms | cr: 4171.5
    1623. dt:  0.25 ms | #newton:  1 | ph:  0.0% | #CG/newton: 2322 | ls (cap|max|inv|bt):  0| 0| 0| 0| runtime: 1044.5 ms | cr: 4178.2
    1624. dt:  0.25 ms | #newton:  1 | ph:  0.0% | #CG/newton: 2352 | ls (cap|max|inv|bt):  0| 0| 0| 0| runtime: 1060.6 ms | cr: 4242.5
    1625. dt:  0.25 ms | #newton:  1 | ph:  0.0% | #CG/newton: 2197 | ls (cap|max|inv|bt):  0| 0| 0| 0| runtime:  993.6 ms | cr: 3974.4
    1626. dt:  0.25 ms | #newton:  1 | ph:  0.0% | #CG/newton: 2294 | ls (cap|max|inv|bt):  0| 0| 0| 0| runtime: 1018.5 ms | cr: 4073.9
    1627. dt:  0.25 ms | #newton:  1 | ph:  0.0% | #CG/newton: 2527 | ls (cap|max|inv|bt):  0| 0| 0| 0| runtime: 1108.6 ms | cr: 4434.4
    1628. dt:  0.25 ms | #newton:  1 | ph:  0.0% | #CG/newton: 2623 | ls (cap|max|inv|bt):  0| 0| 0| 0| runtime: 1149.8 ms | cr: 4599.2
    1629. dt:  0.25 ms | #newton:  1 | ph:  0.0% | #CG/newton: 2588 | ls (cap|max|inv|bt):  0| 0| 0| 0| runtime: 1141.2 ms | cr: 4564.9
    1630. dt:  0.25 ms | #newton:  1 | ph:  0.0% | #CG/newton: 2611 | ls (cap|max|inv|bt):  0| 0| 0| 0| runtime: 1131.3 ms | cr: 4525.3
    1631. dt:  0.25 ms | #newton:  1 | ph:  0.0% | #CG/newton: 2621 | ls (cap|max|inv|bt):  0| 0| 0| 0| runtime: 1162.0 ms | cr: 4647.9
    1632. dt:  0.25 ms | #newton:  1 | ph:  0.0% | #CG/newton: 2598 | ls (cap|max|inv|bt):  0| 0| 0| 0| runtime: 1157.9 ms | cr: 4631.7
    1633. dt:  0.25 ms | #newton:  1 | ph:  0.0% | #CG/newton: 2521 | ls (cap|max|inv|bt):  0| 0| 0| 0| runtime: 1108.4 ms | cr: 4433.4
    1634. dt:  0.25 ms | #newton:  1 | ph:  0.0% | #CG/newton: 2600 | ls (cap|max|inv|bt):  0| 0| 0| 0| runtime: 1146.7 ms | cr: 4586.6
    1635. dt:  0.25 ms | #newton:  1 | ph:  0.0% | #CG/newton: 2601 | ls (cap|max|inv|bt):  0| 0| 0| 0| runtime: 1140.9 ms | cr: 4563.4
    1636. dt:  0.25 ms | #newton:  1 | ph:  0.0% | #CG/newton: 2651 | ls (cap|max|inv|bt):  0| 0| 0| 0| runtime: 1184.9 ms | cr: 4739.6
    1637. dt:  0.25 ms | #newton:  1 | ph:  0.0% | #CG/newton: 2594 | ls (cap|max|inv|bt):  0| 0| 0| 0| runtime: 1145.7 ms | cr: 4582.6
    1638. dt:  0.25 ms | #newton:  1 | ph:  0.0% | #CG/newton: 2445 | ls (cap|max|inv|bt):  0| 0| 0| 0| runtime: 1082.2 ms | cr: 4328.8
    1639. dt:  0.25 ms | #newton:  1 | ph:  0.0% | #CG/newton: 2441 | ls (cap|max|inv|bt):  0| 0| 0| 0| runtime: 1063.1 ms | cr: 4252.5
    1640. dt:  0.25 ms | #newton:  1 | ph:  0.0% | #CG/newton: 2452 | ls (cap|max|inv|bt):  0| 0| 0| 0| runtime: 1082.0 ms | cr: 4328.2
    1641. dt:  0.25 ms | #newton:  1 | ph:  0.0% | #CG/newton: 2465 | ls (cap|max|inv|bt):  0| 0| 0| 0| runtime: 1081.4 ms | cr: 4325.6
    1642. dt:  0.25 ms | #newton:  1 | ph:  0.0% | #CG/newton: 2438 | ls (cap|max|inv|bt):  0| 0| 0| 0| runtime: 1078.9 ms | cr: 4315.5
    1643. dt:  0.25 ms | #newton:  1 | ph:  0.0% | #CG/newton: 2453 | ls (cap|max|inv|bt):  0| 0| 0| 0| runtime: 1077.2 ms | cr: 4308.8
    1644. dt:  0.25 ms | #newton:  1 | ph:  0.0% | #CG/newton: 2463 | ls (cap|max|inv|bt):  0| 0| 0| 0| runtime: 1081.9 ms | cr: 4327.6
    1645. dt:  0.25 ms | #newton:  1 | ph:  0.0% | #CG/newton: 2795 | ls (cap|max|inv|bt):  0| 0| 0| 0| runtime: 1202.9 ms | cr: 4811.7
    1646. dt:  0.25 ms | #newton:  1 | ph:  0.0% | #CG/newton: 2779 | ls (cap|max|inv|bt):  0| 0| 0| 0| runtime: 1209.4 ms | cr: 4837.7
    1647. dt:  0.25 ms | #newton:  1 | ph:  0.0% | #CG/newton: 2824 | ls (cap|max|inv|bt):  0| 0| 0| 0| runtime: 1225.2 ms | cr: 4900.9
    1648. dt:  0.25 ms | #newton:  1 | ph:  0.0% | #CG/newton: 2836 | ls (cap|max|inv|bt):  0| 0| 0| 0| runtime: 1225.8 ms | cr: 4903.2
    1649. dt:  0.25 ms | #newton:  1 | ph:  0.0% | #CG/newton: 2781 | ls (cap|max|inv|bt):  0| 0| 0| 0| runtime: 1198.3 ms | cr: 4793.3
    1650. dt:  0.25 ms | #newton:  1 | ph:  0.0% | #CG/newton: 2585 | ls (cap|max|inv|bt):  0| 0| 0| 0| runtime: 1133.7 ms | cr: 4534.9
    1651. dt:  0.25 ms | #newton:  1 | ph:  0.0% | #CG/newton: 2827 | ls (cap|max|inv|bt):  0| 0| 0| 0| runtime: 1219.0 ms | cr: 4875.8
    1652. dt:  0.25 ms | #newton:  1 | ph:  0.0% | #CG/newton: 2843 | ls (cap|max|inv|bt):  0| 0| 0| 0| runtime: 1233.7 ms | cr: 4934.9
    1653. dt:  0.25 ms | #newton:  1 | ph:  0.0% | #CG/newton: 2844 | ls (cap|max|inv|bt):  0| 0| 0| 0| runtime: 1228.1 ms | cr: 4912.4
    1654. dt:  0.25 ms | #newton:  1 | ph:  0.0% | #CG/newton: 2445 | ls (cap|max|inv|bt):  0| 0| 0| 0| runtime: 1072.7 ms | cr: 4290.7
    1655. dt:  0.25 ms | #newton:  1 | ph:  0.0% | #CG/newton: 2441 | ls (cap|max|inv|bt):  0| 0| 0| 0| runtime: 1080.1 ms | cr: 4320.3
    1656. dt:  0.25 ms | #newton:  1 | ph:  0.0% | #CG/newton: 2440 | ls (cap|max|inv|bt):  0| 0| 0| 0| runtime: 1076.9 ms | cr: 4307.5
    1657. dt:  0.25 ms | #newton:  1 | ph:  0.0% | #CG/newton: 2437 | ls (cap|max|inv|bt):  0| 0| 0| 0| runtime: 1066.3 ms | cr: 4265.3
    1658. dt:  0.25 ms | #newton:  1 | ph:  0.0% | #CG/newton: 2839 | ls (cap|max|inv|bt):  0| 0| 0| 0| runtime: 1223.2 ms | cr: 4892.8
    1659. dt:  0.25 ms | #newton:  1 | ph:  0.0% | #CG/newton: 2858 | ls (cap|max|inv|bt):  0| 0| 0| 0| runtime: 1233.4 ms | cr: 4933.4
    1660. dt:  0.25 ms | #newton:  1 | ph:  0.0% | #CG/newton: 2848 | ls (cap|max|inv|bt):  0| 0| 0| 0| runtime: 1222.7 ms | cr: 4890.9
    1661. dt:  0.25 ms | #newton:  1 | ph:  0.0% | #CG/newton: 2843 | ls (cap|max|inv|bt):  0| 0| 0| 0| runtime: 1229.2 ms | cr: 4917.0
    1662. dt:  0.25 ms | #newton:  1 | ph:  0.0% | #CG/newton: 2833 | ls (cap|max|inv|bt):  0| 0| 0| 0| runtime: 1246.7 ms | cr: 4986.8
    1663. dt:  0.25 ms | #newton:  1 | ph:  0.0% | #CG/newton: 2846 | ls (cap|max|inv|bt):  0| 0| 0| 0| runtime: 1242.5 ms | cr: 4970.2
    1664. dt:  0.25 ms | #newton:  1 | ph:  0.0% | #CG/newton: 2856 | ls (cap|max|inv|bt):  0| 0| 0| 0| runtime: 1237.9 ms | cr: 4951.7
    1665. dt:  0.25 ms | #newton:  1 | ph:  0.0% | #CG/newton: 2856 | ls (cap|max|inv|bt):  0| 0| 0| 0| runtime: 1237.3 ms | cr: 4949.2
    1666. dt:  0.25 ms | #newton:  1 | ph:  0.0% | #CG/newton: 2825 | ls (cap|max|inv|bt):  0| 0| 0| 0| runtime: 1228.8 ms | cr: 4915.3
    1667. dt:  0.25 ms | #newton:  1 | ph:  0.0% | #CG/newton: 2837 | ls (cap|max|inv|bt):  0| 0| 0| 0| runtime: 1231.9 ms | cr: 4927.5
    1668. dt:  0.25 ms | #newton:  1 | ph:  0.0% | #CG/newton: 2855 | ls (cap|max|inv|bt):  0| 0| 0| 0| runtime: 1241.9 ms | cr: 4967.5
    1669. dt:  0.25 ms | #newton:  1 | ph:  0.0% | #CG/newton: 2841 | ls (cap|max|inv|bt):  0| 0| 0| 0| runtime: 1245.8 ms | cr: 4983.1
    1670. dt:  0.25 ms | #newton:  1 | ph:  0.0% | #CG/newton: 2816 | ls (cap|max|inv|bt):  0| 0| 0| 0| runtime: 1233.6 ms | cr: 4934.5
    1671. dt:  0.25 ms | #newton:  1 | ph:  0.0% | #CG/newton: 2839 | ls (cap|max|inv|bt):  0| 0| 0| 0| runtime: 1239.7 ms | cr: 4958.6
    1672. dt:  0.25 ms | #newton:  1 | ph:  0.0% | #CG/newton: 2855 | ls (cap|max|inv|bt):  0| 0| 0| 0| runtime: 1236.1 ms | cr: 4944.3
    1673. dt:  0.25 ms | #newton:  1 | ph:  0.0% | #CG/newton: 2848 | ls (cap|max|inv|bt):  0| 0| 0| 0| runtime: 1234.2 ms | cr: 4936.9
    1674. dt:  0.25 ms | #newton:  1 | ph:  0.0% | #CG/newton: 2836 | ls (cap|max|inv|bt):  0| 0| 0| 0| runtime: 1230.8 ms | cr: 4923.1
    1675. dt:  0.25 ms | #newton:  1 | ph:  0.0% | #CG/newton: 2837 | ls (cap|max|inv|bt):  0| 0| 0| 0| runtime: 1217.6 ms | cr: 4870.5
    1676. dt:  0.25 ms | #newton:  1 | ph:  0.0% | #CG/newton: 2876 | ls (cap|max|inv|bt):  0| 0| 0| 0| runtime: 1243.8 ms | cr: 4975.2
    1677. dt:  0.25 ms | #newton:  1 | ph:  0.0% | #CG/newton: 2860 | ls (cap|max|inv|bt):  0| 0| 0| 0| runtime: 1232.8 ms | cr: 4931.2
    1678. dt:  0.25 ms | #newton:  1 | ph:  0.0% | #CG/newton: 2867 | ls (cap|max|inv|bt):  0| 0| 0| 0| runtime: 1241.6 ms | cr: 4966.3
    1679. dt:  0.25 ms | #newton:  1 | ph:  0.0% | #CG/newton: 2881 | ls (cap|max|inv|bt):  0| 0| 0| 0| runtime: 1242.9 ms | cr: 4971.5
    1680. dt:  0.25 ms | #newton:  1 | ph:  0.0% | #CG/newton: 2868 | ls (cap|max|inv|bt):  0| 0| 0| 0| runtime: 1240.1 ms | cr: 4960.3
    1681. dt:  0.25 ms | #newton:  1 | ph:  0.0% | #CG/newton: 2626 | ls (cap|max|inv|bt):  0| 0| 0| 0| runtime: 1234.3 ms | cr: 4937.1
    1682. dt:  0.25 ms | #newton:  1 | ph:  0.0% | #CG/newton: 2566 | ls (cap|max|inv|bt):  0| 0| 0| 0| runtime: 1129.1 ms | cr: 4516.6
    1683. dt:  0.25 ms | #newton:  1 | ph:  0.0% | #CG/newton: 2603 | ls (cap|max|inv|bt):  0| 0| 0| 0| runtime: 1148.3 ms | cr: 4593.3
    1684. dt:  0.25 ms | #newton:  1 | ph:  0.0% | #CG/newton: 2605 | ls (cap|max|inv|bt):  0| 0| 0| 0| runtime: 1149.9 ms | cr: 4599.5
    1685. dt:  0.25 ms | #newton:  1 | ph:  0.0% | #CG/newton: 2558 | ls (cap|max|inv|bt):  0| 0| 0| 0| runtime: 1116.8 ms | cr: 4467.3
    1686. dt:  0.25 ms | #newton:  1 | ph:  0.0% | #CG/newton: 2478 | ls (cap|max|inv|bt):  0| 0| 0| 0| runtime: 1088.3 ms | cr: 4353.4
    1687. dt:  0.25 ms | #newton:  1 | ph:  0.0% | #CG/newton: 2610 | ls (cap|max|inv|bt):  0| 0| 0| 0| runtime: 1139.9 ms | cr: 4559.5
    1688. dt:  0.25 ms | #newton:  1 | ph:  0.0% | #CG/newton: 2210 | ls (cap|max|inv|bt):  0| 0| 0| 0| runtime:  993.2 ms | cr: 3972.9
    1689. dt:  0.25 ms | #newton:  1 | ph:  0.0% | #CG/newton: 2627 | ls (cap|max|inv|bt):  0| 0| 0| 0| runtime: 1145.0 ms | cr: 4580.0
    1690. dt:  0.25 ms | #newton:  1 | ph:  0.0% | #CG/newton: 2604 | ls (cap|max|inv|bt):  0| 0| 0| 0| runtime: 1147.9 ms | cr: 4591.5
    1691. dt:  0.25 ms | #newton:  1 | ph:  0.0% | #CG/newton: 2223 | ls (cap|max|inv|bt):  0| 0| 0| 0| runtime:  991.3 ms | cr: 3965.1
    1692. dt:  0.25 ms | #newton:  1 | ph:  0.0% | #CG/newton: 2321 | ls (cap|max|inv|bt):  0| 0| 0| 0| runtime: 1030.3 ms | cr: 4121.2
    1693. dt:  0.25 ms | #newton:  1 | ph:  0.0% | #CG/newton: 2287 | ls (cap|max|inv|bt):  0| 0| 0| 0| runtime: 1023.3 ms | cr: 4093.0
    1694. dt:  0.25 ms | #newton:  1 | ph:  0.0% | #CG/newton: 2202 | ls (cap|max|inv|bt):  0| 0| 0| 0| runtime:  992.8 ms | cr: 3971.1
    1695. dt:  0.25 ms | #newton:  1 | ph:  0.0% | #CG/newton: 2234 | ls (cap|max|inv|bt):  0| 0| 0| 0| runtime:  993.1 ms | cr: 3972.3
    1696. dt:  0.25 ms | #newton:  1 | ph:  0.0% | #CG/newton: 2289 | ls (cap|max|inv|bt):  0| 0| 0| 0| runtime: 1015.6 ms | cr: 4062.5
    1697. dt:  0.25 ms | #newton:  1 | ph:  0.0% | #CG/newton: 2248 | ls (cap|max|inv|bt):  0| 0| 0| 0| runtime: 1010.2 ms | cr: 4040.8
    1698. dt:  0.25 ms | #newton:  1 | ph:  0.0% | #CG/newton: 2256 | ls (cap|max|inv|bt):  0| 0| 0| 0| runtime: 1004.4 ms | cr: 4017.6
    1699. dt:  0.25 ms | #newton:  1 | ph:  0.0% | #CG/newton: 2213 | ls (cap|max|inv|bt):  0| 0| 0| 0| runtime:  986.9 ms | cr: 3947.4
    1700. dt:  0.25 ms | #newton:  1 | ph:  0.0% | #CG/newton: 2189 | ls (cap|max|inv|bt):  0| 0| 0| 0| runtime:  993.5 ms | cr: 3974.0
    1701. dt:  0.25 ms | #newton:  1 | ph:  0.0% | #CG/newton: 2258 | ls (cap|max|inv|bt):  0| 0| 0| 0| runtime: 1004.0 ms | cr: 4015.9
    1702. dt:  0.25 ms | #newton:  1 | ph:  0.0% | #CG/newton: 2207 | ls (cap|max|inv|bt):  0| 0| 0| 0| runtime:  986.9 ms | cr: 3947.7
    1703. dt:  0.25 ms | #newton:  1 | ph:  0.0% | #CG/newton: 2229 | ls (cap|max|inv|bt):  0| 0| 0| 0| runtime:  992.5 ms | cr: 3970.0
    1704. dt:  0.25 ms | #newton:  1 | ph:  0.0% | #CG/newton: 2225 | ls (cap|max|inv|bt):  0| 0| 0| 0| runtime:  982.5 ms | cr: 3929.8
    1705. dt:  0.25 ms | #newton:  1 | ph:  0.0% | #CG/newton: 2244 | ls (cap|max|inv|bt):  0| 0| 0| 0| runtime: 1010.0 ms | cr: 4040.0
    1706. dt:  0.25 ms | #newton:  1 | ph:  0.0% | #CG/newton: 2327 | ls (cap|max|inv|bt):  0| 0| 0| 0| runtime: 1031.3 ms | cr: 4125.0
    1707. dt:  0.25 ms | #newton:  1 | ph:  0.0% | #CG/newton: 2224 | ls (cap|max|inv|bt):  0| 0| 0| 0| runtime:  996.6 ms | cr: 3986.3
    1708. dt:  0.25 ms | #newton:  1 | ph:  0.0% | #CG/newton: 2227 | ls (cap|max|inv|bt):  0| 0| 0| 0| runtime:  989.3 ms | cr: 3957.1
    1709. dt:  0.25 ms | #newton:  1 | ph:  0.0% | #CG/newton: 2373 | ls (cap|max|inv|bt):  0| 0| 0| 0| runtime: 1054.7 ms | cr: 4218.8
    1710. dt:  0.25 ms | #newton:  1 | ph:  0.0% | #CG/newton: 2232 | ls (cap|max|inv|bt):  0| 0| 0| 0| runtime: 1048.7 ms | cr: 4195.0
    1711. dt:  0.25 ms | #newton:  1 | ph:  0.0% | #CG/newton: 2336 | ls (cap|max|inv|bt):  0| 0| 0| 0| runtime: 1031.6 ms | cr: 4126.5
    1712. dt:  0.25 ms | #newton:  1 | ph:  0.0% | #CG/newton: 2374 | ls (cap|max|inv|bt):  0| 0| 0| 0| runtime: 1046.4 ms | cr: 4185.7
    1713. dt:  0.25 ms | #newton:  1 | ph:  0.0% | #CG/newton: 2195 | ls (cap|max|inv|bt):  0| 0| 0| 0| runtime:  989.6 ms | cr: 3958.3
    1714. dt:  0.25 ms | #newton:  1 | ph:  0.0% | #CG/newton: 2232 | ls (cap|max|inv|bt):  0| 0| 0| 0| runtime: 1001.3 ms | cr: 4005.2
    1715. dt:  0.25 ms | #newton:  1 | ph:  0.0% | #CG/newton: 2191 | ls (cap|max|inv|bt):  0| 0| 0| 0| runtime:  988.6 ms | cr: 3954.2
    1716. dt:  0.25 ms | #newton:  1 | ph:  0.0% | #CG/newton: 2379 | ls (cap|max|inv|bt):  0| 0| 0| 0| runtime: 1065.9 ms | cr: 4263.6
    1717. dt:  0.25 ms | #newton:  1 | ph:  0.0% | #CG/newton: 2222 | ls (cap|max|inv|bt):  0| 0| 0| 0| runtime:  998.3 ms | cr: 3993.3
    1718. dt:  0.25 ms | #newton:  1 | ph:  0.0% | #CG/newton: 2250 | ls (cap|max|inv|bt):  0| 0| 0| 0| runtime: 1008.0 ms | cr: 4032.1
    1719. dt:  0.25 ms | #newton:  1 | ph:  0.0% | #CG/newton: 2377 | ls (cap|max|inv|bt):  0| 0| 0| 0| runtime: 1054.1 ms | cr: 4216.4
    1720. dt:  0.25 ms | #newton:  1 | ph:  0.0% | #CG/newton: 2250 | ls (cap|max|inv|bt):  0| 0| 0| 0| runtime: 1009.1 ms | cr: 4036.4
    1721. dt:  0.25 ms | #newton:  1 | ph:  0.0% | #CG/newton: 2245 | ls (cap|max|inv|bt):  0| 0| 0| 0| runtime: 1005.1 ms | cr: 4020.4
    1722. dt:  0.25 ms | #newton:  1 | ph:  0.0% | #CG/newton: 2379 | ls (cap|max|inv|bt):  0| 0| 0| 0| runtime: 1046.5 ms | cr: 4185.9
    1723. dt:  0.25 ms | #newton:  1 | ph:  0.0% | #CG/newton: 2230 | ls (cap|max|inv|bt):  0| 0| 0| 0| runtime:  997.5 ms | cr: 3990.0
    1724. dt:  0.25 ms | #newton:  1 | ph:  0.0% | #CG/newton: 2239 | ls (cap|max|inv|bt):  0| 0| 0| 0| runtime: 1002.1 ms | cr: 4008.3
    1725. dt:  0.25 ms | #newton:  1 | ph:  0.0% | #CG/newton: 2375 | ls (cap|max|inv|bt):  0| 0| 0| 0| runtime: 1061.4 ms | cr: 4245.5
    1726. dt:  0.25 ms | #newton:  1 | ph:  0.0% | #CG/newton: 2197 | ls (cap|max|inv|bt):  0| 0| 0| 0| runtime:  988.5 ms | cr: 3954.0
    1727. dt:  0.25 ms | #newton:  1 | ph:  0.0% | #CG/newton: 2295 | ls (cap|max|inv|bt):  0| 0| 0| 0| runtime: 1016.6 ms | cr: 4066.5
    1728. dt:  0.25 ms | #newton:  1 | ph:  0.0% | #CG/newton: 2210 | ls (cap|max|inv|bt):  0| 0| 0| 0| runtime:  998.2 ms | cr: 3992.9
    1729. dt:  0.25 ms | #newton:  1 | ph:  0.0% | #CG/newton: 2240 | ls (cap|max|inv|bt):  0| 0| 0| 0| runtime: 1005.4 ms | cr: 4021.5
    1730. dt:  0.25 ms | #newton:  1 | ph:  0.0% | #CG/newton: 2312 | ls (cap|max|inv|bt):  0| 0| 0| 0| runtime: 1038.8 ms | cr: 4155.2
    1731. dt:  0.25 ms | #newton:  1 | ph:  0.0% | #CG/newton: 2281 | ls (cap|max|inv|bt):  0| 0| 0| 0| runtime: 1017.1 ms | cr: 4068.5
    1732. dt:  0.25 ms | #newton:  1 | ph:  0.0% | #CG/newton: 2251 | ls (cap|max|inv|bt):  0| 0| 0| 0| runtime: 1009.8 ms | cr: 4039.2
    1733. dt:  0.25 ms | #newton:  1 | ph:  0.0% | #CG/newton: 2265 | ls (cap|max|inv|bt):  0| 0| 0| 0| runtime: 1012.9 ms | cr: 4051.6
[Frame: 13] Time: 0.433 s
    1734. dt:  0.25 ms | #newton:  1 | ph:  0.0% | #CG/newton: 2272 | ls (cap|max|inv|bt):  0| 0| 0| 0| runtime: 1018.9 ms | cr: 4075.6
    1735. dt:  0.25 ms | #newton:  1 | ph:  0.0% | #CG/newton: 2243 | ls (cap|max|inv|bt):  0| 0| 0| 0| runtime: 1015.9 ms | cr: 4063.5
    1736. dt:  0.25 ms | #newton:  1 | ph:  0.0% | #CG/newton: 2265 | ls (cap|max|inv|bt):  0| 0| 0| 0| runtime: 1014.3 ms | cr: 4057.0
    1737. dt:  0.25 ms | #newton:  1 | ph:  0.0% | #CG/newton: 2261 | ls (cap|max|inv|bt):  0| 0| 0| 0| runtime: 1013.8 ms | cr: 4055.3
    1738. dt:  0.25 ms | #newton:  1 | ph:  0.0% | #CG/newton: 2224 | ls (cap|max|inv|bt):  0| 0| 0| 0| runtime: 1003.4 ms | cr: 4013.6
    1739. dt:  0.25 ms | #newton:  1 | ph:  0.0% | #CG/newton: 2280 | ls (cap|max|inv|bt):  0| 0| 0| 0| runtime: 1027.3 ms | cr: 4109.2
    1740. dt:  0.25 ms | #newton:  1 | ph:  0.0% | #CG/newton: 2214 | ls (cap|max|inv|bt):  0| 0| 0| 0| runtime:  985.1 ms | cr: 3940.6
    1741. dt:  0.25 ms | #newton:  1 | ph:  0.0% | #CG/newton: 2260 | ls (cap|max|inv|bt):  0| 0| 0| 0| runtime: 1009.8 ms | cr: 4039.2
    1742. dt:  0.25 ms | #newton:  1 | ph:  0.0% | #CG/newton: 2203 | ls (cap|max|inv|bt):  0| 0| 0| 0| runtime: 1023.4 ms | cr: 4093.8
    1743. dt:  0.25 ms | #newton:  1 | ph:  0.0% | #CG/newton: 2225 | ls (cap|max|inv|bt):  0| 0| 0| 0| runtime: 1004.0 ms | cr: 4015.9
    1744. dt:  0.25 ms | #newton:  1 | ph:  0.0% | #CG/newton: 2221 | ls (cap|max|inv|bt):  0| 0| 0| 0| runtime: 1008.7 ms | cr: 4034.8
    1745. dt:  0.25 ms | #newton:  1 | ph:  0.0% | #CG/newton: 2187 | ls (cap|max|inv|bt):  0| 0| 0| 0| runtime:  974.1 ms | cr: 3896.3
    1746. dt:  0.25 ms | #newton:  1 | ph:  0.0% | #CG/newton: 2210 | ls (cap|max|inv|bt):  0| 0| 0| 0| runtime:  983.4 ms | cr: 3933.7
    1747. dt:  0.25 ms | #newton:  1 | ph:  0.0% | #CG/newton: 2229 | ls (cap|max|inv|bt):  0| 0| 0| 0| runtime:  995.0 ms | cr: 3980.0
    1748. dt:  0.25 ms | #newton:  1 | ph:  0.0% | #CG/newton: 2310 | ls (cap|max|inv|bt):  0| 0| 0| 0| runtime: 1025.8 ms | cr: 4103.2
    1749. dt:  0.25 ms | #newton:  1 | ph:  0.0% | #CG/newton: 2284 | ls (cap|max|inv|bt):  0| 0| 0| 0| runtime: 1016.9 ms | cr: 4067.5
    1750. dt:  0.25 ms | #newton:  1 | ph:  0.0% | #CG/newton: 2222 | ls (cap|max|inv|bt):  0| 0| 0| 0| runtime: 1002.0 ms | cr: 4008.0
    1751. dt:  0.25 ms | #newton:  1 | ph:  0.0% | #CG/newton: 2262 | ls (cap|max|inv|bt):  0| 0| 0| 0| runtime: 1016.6 ms | cr: 4066.5
    1752. dt:  0.25 ms | #newton:  1 | ph:  0.0% | #CG/newton: 2258 | ls (cap|max|inv|bt):  0| 0| 0| 0| runtime: 1006.7 ms | cr: 4026.9
    1753. dt:  0.25 ms | #newton:  1 | ph:  0.0% | #CG/newton: 2241 | ls (cap|max|inv|bt):  0| 0| 0| 0| runtime: 1006.8 ms | cr: 4027.3
    1754. dt:  0.25 ms | #newton:  1 | ph:  0.0% | #CG/newton: 2252 | ls (cap|max|inv|bt):  0| 0| 0| 0| runtime: 1007.8 ms | cr: 4031.3
    1755. dt:  0.25 ms | #newton:  1 | ph:  0.0% | #CG/newton: 2272 | ls (cap|max|inv|bt):  0| 0| 0| 0| runtime: 1015.6 ms | cr: 4062.4
    1756. dt:  0.25 ms | #newton:  1 | ph:  0.0% | #CG/newton: 2254 | ls (cap|max|inv|bt):  0| 0| 0| 0| runtime: 1013.8 ms | cr: 4055.0
    1757. dt:  0.25 ms | #newton:  1 | ph:  0.0% | #CG/newton: 2248 | ls (cap|max|inv|bt):  0| 0| 0| 0| runtime: 1044.4 ms | cr: 4177.4
    1758. dt:  0.25 ms | #newton:  1 | ph:  0.0% | #CG/newton: 2278 | ls (cap|max|inv|bt):  0| 0| 0| 0| runtime: 1021.4 ms | cr: 4085.6
    1759. dt:  0.25 ms | #newton:  1 | ph:  0.0% | #CG/newton: 2246 | ls (cap|max|inv|bt):  0| 0| 0| 0| runtime: 1026.4 ms | cr: 4105.7
    1760. dt:  0.25 ms | #newton:  1 | ph:  0.0% | #CG/newton: 2247 | ls (cap|max|inv|bt):  0| 0| 0| 0| runtime: 1032.1 ms | cr: 4128.3
    1761. dt:  0.25 ms | #newton:  1 | ph:  0.0% | #CG/newton: 2278 | ls (cap|max|inv|bt):  0| 0| 0| 0| runtime: 1046.3 ms | cr: 4185.2
    1762. dt:  0.25 ms | #newton:  1 | ph:  0.0% | #CG/newton: 2246 | ls (cap|max|inv|bt):  0| 0| 0| 0| runtime: 1020.9 ms | cr: 4083.7
    1763. dt:  0.25 ms | #newton:  1 | ph:  0.0% | #CG/newton: 2247 | ls (cap|max|inv|bt):  0| 0| 0| 0| runtime: 1037.7 ms | cr: 4150.8
    1764. dt:  0.25 ms | #newton:  1 | ph:  0.0% | #CG/newton: 2280 | ls (cap|max|inv|bt):  0| 0| 0| 0| runtime: 1033.7 ms | cr: 4134.7
    1765. dt:  0.25 ms | #newton:  1 | ph:  0.0% | #CG/newton: 2241 | ls (cap|max|inv|bt):  0| 0| 0| 0| runtime: 1011.4 ms | cr: 4045.8
    1766. dt:  0.25 ms | #newton:  1 | ph:  0.0% | #CG/newton: 2248 | ls (cap|max|inv|bt):  0| 0| 0| 0| runtime: 1023.6 ms | cr: 4094.4
    1767. dt:  0.25 ms | #newton:  1 | ph:  0.0% | #CG/newton: 2346 | ls (cap|max|inv|bt):  0| 0| 0| 0| runtime: 1059.2 ms | cr: 4236.9
    1768. dt:  0.25 ms | #newton:  1 | ph:  0.0% | #CG/newton: 2239 | ls (cap|max|inv|bt):  0| 0| 0| 0| runtime: 1031.2 ms | cr: 4124.7
    1769. dt:  0.25 ms | #newton:  1 | ph:  0.0% | #CG/newton: 2247 | ls (cap|max|inv|bt):  0| 0| 0| 0| runtime: 1017.9 ms | cr: 4071.5
    1770. dt:  0.25 ms | #newton:  1 | ph:  0.0% | #CG/newton: 2280 | ls (cap|max|inv|bt):  0| 0| 0| 0| runtime: 1031.0 ms | cr: 4124.0
    1771. dt:  0.25 ms | #newton:  1 | ph:  0.0% | #CG/newton: 2235 | ls (cap|max|inv|bt):  0| 0| 0| 0| runtime: 1022.0 ms | cr: 4087.9
    1772. dt:  0.25 ms | #newton:  1 | ph:  0.0% | #CG/newton: 2248 | ls (cap|max|inv|bt):  0| 0| 0| 0| runtime: 1052.1 ms | cr: 4208.2
    1773. dt:  0.25 ms | #newton:  1 | ph:  0.0% | #CG/newton: 2342 | ls (cap|max|inv|bt):  0| 0| 0| 0| runtime: 1072.2 ms | cr: 4288.9
    1774. dt:  0.25 ms | #newton:  1 | ph:  0.0% | #CG/newton: 2232 | ls (cap|max|inv|bt):  0| 0| 0| 0| runtime: 1000.6 ms | cr: 4002.6
    1775. dt:  0.25 ms | #newton:  1 | ph:  0.0% | #CG/newton: 2247 | ls (cap|max|inv|bt):  0| 0| 0| 0| runtime: 1013.5 ms | cr: 4054.0
    1776. dt:  0.25 ms | #newton:  1 | ph:  0.0% | #CG/newton: 2343 | ls (cap|max|inv|bt):  0| 0| 0| 0| runtime: 1040.2 ms | cr: 4160.7
    1777. dt:  0.25 ms | #newton:  1 | ph:  0.0% | #CG/newton: 2227 | ls (cap|max|inv|bt):  0| 0| 0| 0| runtime: 1004.8 ms | cr: 4019.4
    1778. dt:  0.25 ms | #newton:  1 | ph:  0.0% | #CG/newton: 2244 | ls (cap|max|inv|bt):  0| 0| 0| 0| runtime: 1015.1 ms | cr: 4060.4
    1779. dt:  0.25 ms | #newton:  1 | ph:  0.0% | #CG/newton: 2343 | ls (cap|max|inv|bt):  0| 0| 0| 0| runtime: 1050.1 ms | cr: 4200.4
    1780. dt:  0.25 ms | #newton:  1 | ph:  0.0% | #CG/newton: 2236 | ls (cap|max|inv|bt):  0| 0| 0| 0| runtime: 1013.2 ms | cr: 4052.9
    1781. dt:  0.25 ms | #newton:  1 | ph:  0.0% | #CG/newton: 2246 | ls (cap|max|inv|bt):  0| 0| 0| 0| runtime: 1008.9 ms | cr: 4035.8
    1782. dt:  0.25 ms | #newton:  1 | ph:  0.0% | #CG/newton: 2343 | ls (cap|max|inv|bt):  0| 0| 0| 0| runtime: 1046.7 ms | cr: 4186.9
    1783. dt:  0.25 ms | #newton:  1 | ph:  0.0% | #CG/newton: 2225 | ls (cap|max|inv|bt):  0| 0| 0| 0| runtime: 1005.7 ms | cr: 4022.8
    1784. dt:  0.25 ms | #newton:  1 | ph:  0.0% | #CG/newton: 2239 | ls (cap|max|inv|bt):  0| 0| 0| 0| runtime: 1005.9 ms | cr: 4023.7
    1785. dt:  0.25 ms | #newton:  1 | ph:  0.0% | #CG/newton: 2275 | ls (cap|max|inv|bt):  0| 0| 0| 0| runtime: 1024.8 ms | cr: 4099.1
    1786. dt:  0.25 ms | #newton:  1 | ph:  0.0% | #CG/newton: 2241 | ls (cap|max|inv|bt):  0| 0| 0| 0| runtime: 1008.0 ms | cr: 4032.0
    1787. dt:  0.25 ms | #newton:  1 | ph:  0.0% | #CG/newton: 2246 | ls (cap|max|inv|bt):  0| 0| 0| 0| runtime: 1014.1 ms | cr: 4056.3
    1788. dt:  0.25 ms | #newton:  1 | ph:  0.0% | #CG/newton: 2342 | ls (cap|max|inv|bt):  0| 0| 0| 0| runtime: 1042.3 ms | cr: 4169.1
    1789. dt:  0.25 ms | #newton:  1 | ph:  0.0% | #CG/newton: 2232 | ls (cap|max|inv|bt):  0| 0| 0| 0| runtime: 1038.1 ms | cr: 4152.2
    1790. dt:  0.25 ms | #newton:  1 | ph:  0.0% | #CG/newton: 2246 | ls (cap|max|inv|bt):  0| 0| 0| 0| runtime: 1038.5 ms | cr: 4153.9
    1791. dt:  0.25 ms | #newton:  1 | ph:  0.0% | #CG/newton: 2342 | ls (cap|max|inv|bt):  0| 0| 0| 0| runtime: 1075.7 ms | cr: 4302.9
    1792. dt:  0.25 ms | #newton:  1 | ph:  0.0% | #CG/newton: 2233 | ls (cap|max|inv|bt):  0| 0| 0| 0| runtime: 1042.7 ms | cr: 4170.8
    1793. dt:  0.25 ms | #newton:  1 | ph:  0.0% | #CG/newton: 2246 | ls (cap|max|inv|bt):  0| 0| 0| 0| runtime: 1038.4 ms | cr: 4153.5
    1794. dt:  0.25 ms | #newton:  1 | ph:  0.0% | #CG/newton: 2342 | ls (cap|max|inv|bt):  0| 0| 0| 0| runtime: 1075.3 ms | cr: 4301.4
    1795. dt:  0.25 ms | #newton:  1 | ph:  0.0% | #CG/newton: 2246 | ls (cap|max|inv|bt):  0| 0| 0| 0| runtime: 1025.4 ms | cr: 4101.7
    1796. dt:  0.25 ms | #newton:  1 | ph:  0.0% | #CG/newton: 2222 | ls (cap|max|inv|bt):  0| 0| 0| 0| runtime: 1046.0 ms | cr: 4184.1
    1797. dt:  0.25 ms | #newton:  1 | ph:  0.0% | #CG/newton: 2271 | ls (cap|max|inv|bt):  0| 0| 0| 0| runtime: 1054.2 ms | cr: 4216.9
    1798. dt:  0.25 ms | #newton:  1 | ph:  0.0% | #CG/newton: 2243 | ls (cap|max|inv|bt):  0| 0| 0| 0| runtime: 1036.3 ms | cr: 4145.2
    1799. dt:  0.25 ms | #newton:  1 | ph:  0.0% | #CG/newton: 2249 | ls (cap|max|inv|bt):  0| 0| 0| 0| runtime: 1037.8 ms | cr: 4151.0
    1800. dt:  0.25 ms | #newton:  1 | ph:  0.0% | #CG/newton: 2288 | ls (cap|max|inv|bt):  0| 0| 0| 0| runtime: 1057.4 ms | cr: 4229.6
    1801. dt:  0.25 ms | #newton:  1 | ph:  0.0% | #CG/newton: 2234 | ls (cap|max|inv|bt):  0| 0| 0| 0| runtime: 1096.5 ms | cr: 4386.0
    1802. dt:  0.25 ms | #newton:  1 | ph:  0.0% | #CG/newton: 2245 | ls (cap|max|inv|bt):  0| 0| 0| 0| runtime: 1044.6 ms | cr: 4178.4
    1803. dt:  0.25 ms | #newton:  1 | ph:  0.0% | #CG/newton: 2323 | ls (cap|max|inv|bt):  0| 0| 0| 0| runtime: 1066.4 ms | cr: 4265.4
    1804. dt:  0.25 ms | #newton:  1 | ph:  0.0% | #CG/newton: 2238 | ls (cap|max|inv|bt):  0| 0| 0| 0| runtime: 1034.0 ms | cr: 4136.1
    1805. dt:  0.25 ms | #newton:  1 | ph:  0.0% | #CG/newton: 2247 | ls (cap|max|inv|bt):  0| 0| 0| 0| runtime: 1037.6 ms | cr: 4150.5
    1806. dt:  0.25 ms | #newton:  1 | ph:  0.0% | #CG/newton: 2340 | ls (cap|max|inv|bt):  0| 0| 0| 0| runtime: 1077.0 ms | cr: 4307.9
    1807. dt:  0.25 ms | #newton:  1 | ph:  0.0% | #CG/newton: 2249 | ls (cap|max|inv|bt):  0| 0| 0| 0| runtime: 1029.5 ms | cr: 4117.9
    1808. dt:  0.25 ms | #newton:  1 | ph:  0.0% | #CG/newton: 2244 | ls (cap|max|inv|bt):  0| 0| 0| 0| runtime: 1037.4 ms | cr: 4149.6
    1809. dt:  0.25 ms | #newton:  1 | ph:  0.0% | #CG/newton: 2317 | ls (cap|max|inv|bt):  0| 0| 0| 0| runtime: 1065.2 ms | cr: 4260.7
    1810. dt:  0.25 ms | #newton:  1 | ph:  0.0% | #CG/newton: 2252 | ls (cap|max|inv|bt):  0| 0| 0| 0| runtime: 1032.8 ms | cr: 4131.1
    1811. dt:  0.25 ms | #newton:  1 | ph:  0.0% | #CG/newton: 2246 | ls (cap|max|inv|bt):  0| 0| 0| 0| runtime: 1037.2 ms | cr: 4148.9
    1812. dt:  0.25 ms | #newton:  1 | ph:  0.0% | #CG/newton: 2325 | ls (cap|max|inv|bt):  0| 0| 0| 0| runtime: 1097.4 ms | cr: 4389.5
    1813. dt:  0.25 ms | #newton:  1 | ph:  0.0% | #CG/newton: 2269 | ls (cap|max|inv|bt):  0| 0| 0| 0| runtime: 1040.0 ms | cr: 4160.1
    1814. dt:  0.25 ms | #newton:  1 | ph:  0.0% | #CG/newton: 2259 | ls (cap|max|inv|bt):  0| 0| 0| 0| runtime: 1036.2 ms | cr: 4144.9
    1815. dt:  0.25 ms | #newton:  1 | ph:  0.0% | #CG/newton: 2274 | ls (cap|max|inv|bt):  0| 0| 0| 0| runtime: 1033.2 ms | cr: 4132.7
    1816. dt:  0.25 ms | #newton:  1 | ph:  0.0% | #CG/newton: 2206 | ls (cap|max|inv|bt):  0| 0| 0| 0| runtime: 1009.3 ms | cr: 4037.0
    1817. dt:  0.25 ms | #newton:  1 | ph:  0.0% | #CG/newton: 2243 | ls (cap|max|inv|bt):  0| 0| 0| 0| runtime: 1028.9 ms | cr: 4115.6
    1818. dt:  0.25 ms | #newton:  1 | ph:  0.0% | #CG/newton: 2212 | ls (cap|max|inv|bt):  0| 0| 0| 0| runtime: 1015.8 ms | cr: 4063.3
    1819. dt:  0.25 ms | #newton:  1 | ph:  0.0% | #CG/newton: 2275 | ls (cap|max|inv|bt):  0| 0| 0| 0| runtime: 1039.1 ms | cr: 4156.3
    1820. dt:  0.25 ms | #newton:  1 | ph:  0.0% | #CG/newton: 2179 | ls (cap|max|inv|bt):  0| 0| 0| 0| runtime: 1005.9 ms | cr: 4023.7
    1821. dt:  0.25 ms | #newton:  1 | ph:  0.0% | #CG/newton: 2329 | ls (cap|max|inv|bt):  0| 0| 0| 0| runtime: 1052.9 ms | cr: 4211.6
    1822. dt:  0.25 ms | #newton:  1 | ph:  0.0% | #CG/newton: 2306 | ls (cap|max|inv|bt):  0| 0| 0| 0| runtime: 1043.4 ms | cr: 4173.7
    1823. dt:  0.25 ms | #newton:  1 | ph:  0.0% | #CG/newton: 2359 | ls (cap|max|inv|bt):  0| 0| 0| 0| runtime: 1061.2 ms | cr: 4245.0
    1824. dt:  0.25 ms | #newton:  1 | ph:  0.0% | #CG/newton: 2174 | ls (cap|max|inv|bt):  0| 0| 0| 0| runtime:  993.6 ms | cr: 3974.5
    1825. dt:  0.25 ms | #newton:  1 | ph:  0.0% | #CG/newton: 2866 | ls (cap|max|inv|bt):  0| 0| 0| 0| runtime: 1262.1 ms | cr: 5048.3
    1826. dt:  0.25 ms | #newton:  1 | ph:  0.0% | #CG/newton: 2866 | ls (cap|max|inv|bt):  0| 0| 0| 0| runtime: 1260.5 ms | cr: 5041.9
    1827. dt:  0.25 ms | #newton:  1 | ph:  0.0% | #CG/newton: 2871 | ls (cap|max|inv|bt):  0| 0| 0| 0| runtime: 1259.1 ms | cr: 5036.5
    1828. dt:  0.25 ms | #newton:  1 | ph:  0.0% | #CG/newton: 2460 | ls (cap|max|inv|bt):  0| 0| 0| 0| runtime: 1109.6 ms | cr: 4438.6
    1829. dt:  0.25 ms | #newton:  1 | ph:  0.0% | #CG/newton: 2628 | ls (cap|max|inv|bt):  0| 0| 0| 0| runtime: 1176.7 ms | cr: 4706.8
    1830. dt:  0.25 ms | #newton:  1 | ph:  0.0% | #CG/newton: 2619 | ls (cap|max|inv|bt):  0| 0| 0| 0| runtime: 1170.4 ms | cr: 4681.8
    1831. dt:  0.25 ms | #newton:  1 | ph:  0.0% | #CG/newton: 2177 | ls (cap|max|inv|bt):  0| 0| 0| 0| runtime:  998.1 ms | cr: 3992.5
    1832. dt:  0.25 ms | #newton:  1 | ph:  0.0% | #CG/newton: 2224 | ls (cap|max|inv|bt):  0| 0| 0| 0| runtime: 1027.9 ms | cr: 4111.6
    1833. dt:  0.25 ms | #newton:  1 | ph:  0.0% | #CG/newton: 2612 | ls (cap|max|inv|bt):  0| 0| 0| 0| runtime: 1176.7 ms | cr: 4706.9
    1834. dt:  0.25 ms | #newton:  1 | ph:  0.0% | #CG/newton: 2432 | ls (cap|max|inv|bt):  0| 0| 0| 0| runtime: 1119.0 ms | cr: 4476.0
    1835. dt:  0.25 ms | #newton:  1 | ph:  0.0% | #CG/newton: 2424 | ls (cap|max|inv|bt):  0| 0| 0| 0| runtime: 1132.3 ms | cr: 4529.3
    1836. dt:  0.25 ms | #newton:  1 | ph:  0.0% | #CG/newton: 2423 | ls (cap|max|inv|bt):  0| 0| 0| 0| runtime: 1115.6 ms | cr: 4462.4
    1837. dt:  0.25 ms | #newton:  1 | ph:  0.0% | #CG/newton: 2419 | ls (cap|max|inv|bt):  0| 0| 0| 0| runtime: 1099.7 ms | cr: 4398.8
    1838. dt:  0.25 ms | #newton:  1 | ph:  0.0% | #CG/newton: 2446 | ls (cap|max|inv|bt):  0| 0| 0| 0| runtime: 1103.0 ms | cr: 4411.9
    1839. dt:  0.25 ms | #newton:  1 | ph:  0.0% | #CG/newton: 2197 | ls (cap|max|inv|bt):  0| 0| 0| 0| runtime: 1015.0 ms | cr: 4060.1
    1840. dt:  0.25 ms | #newton:  1 | ph:  0.0% | #CG/newton: 2608 | ls (cap|max|inv|bt):  0| 0| 0| 0| runtime: 1173.1 ms | cr: 4692.4
    1841. dt:  0.25 ms | #newton:  1 | ph:  0.0% | #CG/newton: 2120 | ls (cap|max|inv|bt):  0| 0| 0| 0| runtime:  978.3 ms | cr: 3913.4
    1842. dt:  0.25 ms | #newton:  1 | ph:  0.0% | #CG/newton: 2619 | ls (cap|max|inv|bt):  0| 0| 0| 0| runtime: 1166.4 ms | cr: 4665.4
    1843. dt:  0.25 ms | #newton:  1 | ph:  0.0% | #CG/newton: 2613 | ls (cap|max|inv|bt):  0| 0| 0| 0| runtime: 1142.7 ms | cr: 4570.8
    1844. dt:  0.25 ms | #newton:  1 | ph:  0.0% | #CG/newton: 2824 | ls (cap|max|inv|bt):  0| 0| 0| 0| runtime: 1222.6 ms | cr: 4890.6
    1845. dt:  0.25 ms | #newton:  1 | ph:  0.0% | #CG/newton: 2862 | ls (cap|max|inv|bt):  0| 0| 0| 0| runtime: 1241.2 ms | cr: 4964.8
    1846. dt:  0.25 ms | #newton:  1 | ph:  0.0% | #CG/newton: 2617 | ls (cap|max|inv|bt):  0| 0| 0| 0| runtime: 1132.3 ms | cr: 4529.0
    1847. dt:  0.25 ms | #newton:  1 | ph:  0.0% | #CG/newton: 2600 | ls (cap|max|inv|bt):  0| 0| 0| 0| runtime: 1140.0 ms | cr: 4559.8
    1848. dt:  0.25 ms | #newton:  1 | ph:  0.0% | #CG/newton: 2599 | ls (cap|max|inv|bt):  0| 0| 0| 0| runtime: 1137.2 ms | cr: 4548.9
    1849. dt:  0.25 ms | #newton:  1 | ph:  0.0% | #CG/newton: 2597 | ls (cap|max|inv|bt):  0| 0| 0| 0| runtime: 1127.6 ms | cr: 4510.5
    1850. dt:  0.25 ms | #newton:  1 | ph:  0.0% | #CG/newton: 2610 | ls (cap|max|inv|bt):  0| 0| 0| 0| runtime: 1142.6 ms | cr: 4570.5
    1851. dt:  0.25 ms | #newton:  1 | ph:  0.0% | #CG/newton: 2622 | ls (cap|max|inv|bt):  0| 0| 0| 0| runtime: 1149.5 ms | cr: 4598.0
    1852. dt:  0.25 ms | #newton:  1 | ph:  0.0% | #CG/newton: 2542 | ls (cap|max|inv|bt):  0| 0| 0| 0| runtime: 1118.0 ms | cr: 4472.1
    1853. dt:  0.25 ms | #newton:  1 | ph:  0.0% | #CG/newton: 2617 | ls (cap|max|inv|bt):  0| 0| 0| 0| runtime: 1144.0 ms | cr: 4576.1
    1854. dt:  0.25 ms | #newton:  1 | ph:  0.0% | #CG/newton: 2616 | ls (cap|max|inv|bt):  0| 0| 0| 0| runtime: 1148.7 ms | cr: 4594.8
    1855. dt:  0.25 ms | #newton:  1 | ph:  0.0% | #CG/newton: 2853 | ls (cap|max|inv|bt):  0| 0| 0| 0| runtime: 1238.0 ms | cr: 4952.1
    1856. dt:  0.25 ms | #newton:  1 | ph:  0.0% | #CG/newton: 2826 | ls (cap|max|inv|bt):  0| 0| 0| 0| runtime: 1212.3 ms | cr: 4849.4
    1857. dt:  0.25 ms | #newton:  1 | ph:  0.0% | #CG/newton: 2835 | ls (cap|max|inv|bt):  0| 0| 0| 0| runtime: 1231.5 ms | cr: 4926.1
    1858. dt:  0.25 ms | #newton:  1 | ph:  0.0% | #CG/newton: 2871 | ls (cap|max|inv|bt):  0| 0| 0| 0| runtime: 1232.8 ms | cr: 4931.0
    1859. dt:  0.25 ms | #newton:  1 | ph:  0.0% | #CG/newton: 2796 | ls (cap|max|inv|bt):  0| 0| 0| 0| runtime: 1217.5 ms | cr: 4869.8
    1860. dt:  0.25 ms | #newton:  1 | ph:  0.0% | #CG/newton: 2842 | ls (cap|max|inv|bt):  0| 0| 0| 0| runtime: 1220.9 ms | cr: 4883.7
    1861. dt:  0.25 ms | #newton:  1 | ph:  0.0% | #CG/newton: 2632 | ls (cap|max|inv|bt):  0| 0| 0| 0| runtime: 1148.2 ms | cr: 4592.7
    1862. dt:  0.25 ms | #newton:  1 | ph:  0.0% | #CG/newton: 2413 | ls (cap|max|inv|bt):  0| 0| 0| 0| runtime: 1073.4 ms | cr: 4293.7
    1863. dt:  0.25 ms | #newton:  1 | ph:  0.0% | #CG/newton: 2419 | ls (cap|max|inv|bt):  0| 0| 0| 0| runtime: 1061.1 ms | cr: 4244.3
    1864. dt:  0.25 ms | #newton:  1 | ph:  0.0% | #CG/newton: 2456 | ls (cap|max|inv|bt):  0| 0| 0| 0| runtime: 1073.9 ms | cr: 4295.7
    1865. dt:  0.25 ms | #newton:  1 | ph:  0.0% | #CG/newton: 2430 | ls (cap|max|inv|bt):  0| 0| 0| 0| runtime: 1084.3 ms | cr: 4337.0
    1866. dt:  0.25 ms | #newton:  1 | ph:  0.0% | #CG/newton: 2444 | ls (cap|max|inv|bt):  0| 0| 0| 0| runtime: 1074.3 ms | cr: 4297.3
[Frame: 14] Time: 0.467 s
    1867. dt:  0.25 ms | #newton:  1 | ph:  0.0% | #CG/newton: 2458 | ls (cap|max|inv|bt):  0| 0| 0| 0| runtime: 1080.7 ms | cr: 4323.0
    1868. dt:  0.25 ms | #newton:  1 | ph:  0.0% | #CG/newton: 2428 | ls (cap|max|inv|bt):  0| 0| 0| 0| runtime: 1077.3 ms | cr: 4309.4
    1869. dt:  0.25 ms | #newton:  1 | ph:  0.0% | #CG/newton: 2255 | ls (cap|max|inv|bt):  0| 0| 0| 0| runtime: 1003.5 ms | cr: 4013.9
    1870. dt:  0.25 ms | #newton:  1 | ph:  0.0% | #CG/newton: 2433 | ls (cap|max|inv|bt):  0| 0| 0| 0| runtime: 1069.9 ms | cr: 4279.6
    1871. dt:  0.25 ms | #newton:  1 | ph:  0.0% | #CG/newton: 2240 | ls (cap|max|inv|bt):  0| 0| 0| 0| runtime: 1004.1 ms | cr: 4016.2
    1872. dt:  0.25 ms | #newton:  1 | ph:  0.0% | #CG/newton: 2210 | ls (cap|max|inv|bt):  0| 0| 0| 0| runtime:  979.1 ms | cr: 3916.4
    1873. dt:  0.25 ms | #newton:  1 | ph:  0.0% | #CG/newton: 2202 | ls (cap|max|inv|bt):  0| 0| 0| 0| runtime:  987.6 ms | cr: 3950.2
    1874. dt:  0.25 ms | #newton:  1 | ph:  0.0% | #CG/newton: 2192 | ls (cap|max|inv|bt):  0| 0| 0| 0| runtime:  977.3 ms | cr: 3909.3
    1875. dt:  0.25 ms | #newton:  1 | ph:  0.0% | #CG/newton: 2243 | ls (cap|max|inv|bt):  0| 0| 0| 0| runtime:  998.9 ms | cr: 3995.4
    1876. dt:  0.25 ms | #newton:  1 | ph:  0.0% | #CG/newton: 2278 | ls (cap|max|inv|bt):  0| 0| 0| 0| runtime: 1008.1 ms | cr: 4032.6
    1877. dt:  0.25 ms | #newton:  1 | ph:  0.0% | #CG/newton: 2190 | ls (cap|max|inv|bt):  0| 0| 0| 0| runtime:  973.0 ms | cr: 3891.8
    1878. dt:  0.25 ms | #newton:  1 | ph:  0.0% | #CG/newton: 2308 | ls (cap|max|inv|bt):  0| 0| 0| 0| runtime: 1024.1 ms | cr: 4096.3
    1879. dt:  0.25 ms | #newton:  1 | ph:  0.0% | #CG/newton: 2251 | ls (cap|max|inv|bt):  0| 0| 0| 0| runtime:  990.2 ms | cr: 3960.6
    1880. dt:  0.25 ms | #newton:  1 | ph:  0.0% | #CG/newton: 2266 | ls (cap|max|inv|bt):  0| 0| 0| 0| runtime: 1002.9 ms | cr: 4011.4
    1881. dt:  0.25 ms | #newton:  1 | ph:  0.0% | #CG/newton: 2218 | ls (cap|max|inv|bt):  0| 0| 0| 0| runtime:  995.4 ms | cr: 3981.8
    1882. dt:  0.25 ms | #newton:  1 | ph:  0.0% | #CG/newton: 2218 | ls (cap|max|inv|bt):  0| 0| 0| 0| runtime:  995.5 ms | cr: 3982.2
    1883. dt:  0.25 ms | #newton:  1 | ph:  0.0% | #CG/newton: 2268 | ls (cap|max|inv|bt):  0| 0| 0| 0| runtime: 1007.8 ms | cr: 4031.0
    1884. dt:  0.25 ms | #newton:  1 | ph:  0.0% | #CG/newton: 2277 | ls (cap|max|inv|bt):  0| 0| 0| 0| runtime: 1012.4 ms | cr: 4049.7
    1885. dt:  0.25 ms | #newton:  1 | ph:  0.0% | #CG/newton: 2194 | ls (cap|max|inv|bt):  0| 0| 0| 0| runtime:  984.3 ms | cr: 3937.2
    1886. dt:  0.25 ms | #newton:  1 | ph:  0.0% | #CG/newton: 2227 | ls (cap|max|inv|bt):  0| 0| 0| 0| runtime: 1004.7 ms | cr: 4018.7
    1887. dt:  0.25 ms | #newton:  1 | ph:  0.0% | #CG/newton: 2268 | ls (cap|max|inv|bt):  0| 0| 0| 0| runtime: 1001.0 ms | cr: 4004.0
    1888. dt:  0.25 ms | #newton:  1 | ph:  0.0% | #CG/newton: 2303 | ls (cap|max|inv|bt):  0| 0| 0| 0| runtime: 1009.3 ms | cr: 4037.0
    1889. dt:  0.25 ms | #newton:  1 | ph:  0.0% | #CG/newton: 2348 | ls (cap|max|inv|bt):  0| 0| 0| 0| runtime: 1042.7 ms | cr: 4170.7
    1890. dt:  0.25 ms | #newton:  1 | ph:  0.0% | #CG/newton: 2199 | ls (cap|max|inv|bt):  0| 0| 0| 0| runtime:  978.4 ms | cr: 3913.4
    1891. dt:  0.25 ms | #newton:  1 | ph:  0.0% | #CG/newton: 2261 | ls (cap|max|inv|bt):  0| 0| 0| 0| runtime: 1010.9 ms | cr: 4043.6
    1892. dt:  0.25 ms | #newton:  1 | ph:  0.0% | #CG/newton: 2353 | ls (cap|max|inv|bt):  0| 0| 0| 0| runtime: 1046.3 ms | cr: 4185.2
    1893. dt:  0.25 ms | #newton:  1 | ph:  0.0% | #CG/newton: 2323 | ls (cap|max|inv|bt):  0| 0| 0| 0| runtime: 1030.0 ms | cr: 4119.9
    1894. dt:  0.25 ms | #newton:  1 | ph:  0.0% | #CG/newton: 2260 | ls (cap|max|inv|bt):  0| 0| 0| 0| runtime: 1010.8 ms | cr: 4043.3
    1895. dt:  0.25 ms | #newton:  1 | ph:  0.0% | #CG/newton: 2347 | ls (cap|max|inv|bt):  0| 0| 0| 0| runtime: 1055.1 ms | cr: 4220.5
    1896. dt:  0.25 ms | #newton:  1 | ph:  0.0% | #CG/newton: 2229 | ls (cap|max|inv|bt):  0| 0| 0| 0| runtime: 1004.4 ms | cr: 4017.5
    1897. dt:  0.25 ms | #newton:  1 | ph:  0.0% | #CG/newton: 2247 | ls (cap|max|inv|bt):  0| 0| 0| 0| runtime: 1009.0 ms | cr: 4035.9
    1898. dt:  0.25 ms | #newton:  1 | ph:  0.0% | #CG/newton: 2277 | ls (cap|max|inv|bt):  0| 0| 0| 0| runtime: 1017.3 ms | cr: 4069.1
    1899. dt:  0.25 ms | #newton:  1 | ph:  0.0% | #CG/newton: 2237 | ls (cap|max|inv|bt):  0| 0| 0| 0| runtime: 1003.3 ms | cr: 4013.1
    1900. dt:  0.25 ms | #newton:  1 | ph:  0.0% | #CG/newton: 2247 | ls (cap|max|inv|bt):  0| 0| 0| 0| runtime:  997.7 ms | cr: 3990.9
    1901. dt:  0.25 ms | #newton:  1 | ph:  0.0% | #CG/newton: 2253 | ls (cap|max|inv|bt):  0| 0| 0| 0| runtime: 1000.2 ms | cr: 4000.6
    1902. dt:  0.25 ms | #newton:  1 | ph:  0.0% | #CG/newton: 2192 | ls (cap|max|inv|bt):  0| 0| 0| 0| runtime: 1002.2 ms | cr: 4008.9
    1903. dt:  0.25 ms | #newton:  1 | ph:  0.0% | #CG/newton: 2660 | ls (cap|max|inv|bt):  0| 0| 0| 0| runtime: 1155.9 ms | cr: 4623.6
    1904. dt:  0.25 ms | #newton:  1 | ph:  0.0% | #CG/newton: 2464 | ls (cap|max|inv|bt):  0| 0| 0| 0| runtime: 1079.2 ms | cr: 4316.7
    1905. dt:  0.25 ms | #newton:  1 | ph:  0.0% | #CG/newton: 2478 | ls (cap|max|inv|bt):  0| 0| 0| 0| runtime: 1089.3 ms | cr: 4357.2
    1906. dt:  0.25 ms | #newton:  1 | ph:  0.0% | #CG/newton: 2463 | ls (cap|max|inv|bt):  0| 0| 0| 0| runtime: 1096.6 ms | cr: 4386.5
    1907. dt:  0.25 ms | #newton:  1 | ph:  0.0% | #CG/newton: 2687 | ls (cap|max|inv|bt):  0| 0| 0| 0| runtime: 1173.8 ms | cr: 4695.4
    1908. dt:  0.25 ms | #newton:  1 | ph:  0.0% | #CG/newton: 2653 | ls (cap|max|inv|bt):  0| 0| 0| 0| runtime: 1175.8 ms | cr: 4703.3
    1909. dt:  0.25 ms | #newton:  1 | ph:  0.0% | #CG/newton: 2466 | ls (cap|max|inv|bt):  0| 0| 0| 0| runtime: 1093.4 ms | cr: 4373.4
    1910. dt:  0.25 ms | #newton:  1 | ph:  0.0% | #CG/newton: 2472 | ls (cap|max|inv|bt):  0| 0| 0| 0| runtime: 1087.9 ms | cr: 4351.7
    1911. dt:  0.25 ms | #newton:  1 | ph:  0.0% | #CG/newton: 2465 | ls (cap|max|inv|bt):  0| 0| 0| 0| runtime: 1088.1 ms | cr: 4352.4
    1912. dt:  0.25 ms | #newton:  1 | ph:  0.0% | #CG/newton: 2462 | ls (cap|max|inv|bt):  0| 0| 0| 0| runtime: 1135.7 ms | cr: 4542.8
    1913. dt:  0.25 ms | #newton:  1 | ph:  0.0% | #CG/newton: 2466 | ls (cap|max|inv|bt):  0| 0| 0| 0| runtime: 1100.5 ms | cr: 4401.8
    1914. dt:  0.25 ms | #newton:  1 | ph:  0.0% | #CG/newton: 2467 | ls (cap|max|inv|bt):  0| 0| 0| 0| runtime: 1097.9 ms | cr: 4391.7
    1915. dt:  0.25 ms | #newton:  1 | ph:  0.0% | #CG/newton: 2468 | ls (cap|max|inv|bt):  0| 0| 0| 0| runtime: 1091.3 ms | cr: 4365.3
    1916. dt:  0.25 ms | #newton:  1 | ph:  0.0% | #CG/newton: 2466 | ls (cap|max|inv|bt):  0| 0| 0| 0| runtime: 1084.9 ms | cr: 4339.5
    1917. dt:  0.25 ms | #newton:  1 | ph:  0.0% | #CG/newton: 2458 | ls (cap|max|inv|bt):  0| 0| 0| 0| runtime: 1088.3 ms | cr: 4353.3
    1918. dt:  0.25 ms | #newton:  1 | ph:  0.0% | #CG/newton: 2472 | ls (cap|max|inv|bt):  0| 0| 0| 0| runtime: 1090.1 ms | cr: 4360.3
    1919. dt:  0.25 ms | #newton:  1 | ph:  0.0% | #CG/newton: 2468 | ls (cap|max|inv|bt):  0| 0| 0| 0| runtime: 1091.6 ms | cr: 4366.5
    1920. dt:  0.25 ms | #newton:  1 | ph:  0.0% | #CG/newton: 2461 | ls (cap|max|inv|bt):  0| 0| 0| 0| runtime: 1087.7 ms | cr: 4351.0
    1921. dt:  0.25 ms | #newton:  1 | ph:  0.0% | #CG/newton: 2469 | ls (cap|max|inv|bt):  0| 0| 0| 0| runtime: 1098.4 ms | cr: 4393.5
    1922. dt:  0.25 ms | #newton:  1 | ph:  0.0% | #CG/newton: 2459 | ls (cap|max|inv|bt):  0| 0| 0| 0| runtime: 1098.9 ms | cr: 4395.6
    1923. dt:  0.25 ms | #newton:  1 | ph:  0.0% | #CG/newton: 2246 | ls (cap|max|inv|bt):  0| 0| 0| 0| runtime:  996.7 ms | cr: 3986.7
    1924. dt:  0.25 ms | #newton:  1 | ph:  0.0% | #CG/newton: 2216 | ls (cap|max|inv|bt):  0| 0| 0| 0| runtime:  999.5 ms | cr: 3997.9
    1925. dt:  0.25 ms | #newton:  1 | ph:  0.0% | #CG/newton: 2200 | ls (cap|max|inv|bt):  0| 0| 0| 0| runtime:  981.8 ms | cr: 3927.2
    1926. dt:  0.25 ms | #newton:  1 | ph:  0.0% | #CG/newton: 2197 | ls (cap|max|inv|bt):  0| 0| 0| 0| runtime:  988.8 ms | cr: 3955.3
    1927. dt:  0.25 ms | #newton:  1 | ph:  0.0% | #CG/newton: 2240 | ls (cap|max|inv|bt):  0| 0| 0| 0| runtime: 1012.3 ms | cr: 4049.1
    1928. dt:  0.25 ms | #newton:  1 | ph:  0.0% | #CG/newton: 2218 | ls (cap|max|inv|bt):  0| 0| 0| 0| runtime:  979.5 ms | cr: 3918.0
    1929. dt:  0.25 ms | #newton:  1 | ph:  0.0% | #CG/newton: 2188 | ls (cap|max|inv|bt):  0| 0| 0| 0| runtime:  995.0 ms | cr: 3979.9
    1930. dt:  0.25 ms | #newton:  1 | ph:  0.0% | #CG/newton: 2236 | ls (cap|max|inv|bt):  0| 0| 0| 0| runtime: 1011.7 ms | cr: 4046.8
    1931. dt:  0.25 ms | #newton:  1 | ph:  0.0% | #CG/newton: 2234 | ls (cap|max|inv|bt):  0| 0| 0| 0| runtime: 1001.4 ms | cr: 4005.6
    1932. dt:  0.25 ms | #newton:  1 | ph:  0.0% | #CG/newton: 2209 | ls (cap|max|inv|bt):  0| 0| 0| 0| runtime:  993.1 ms | cr: 3972.4
    1933. dt:  0.25 ms | #newton:  1 | ph:  0.0% | #CG/newton: 2201 | ls (cap|max|inv|bt):  0| 0| 0| 0| runtime:  992.6 ms | cr: 3970.6
    1934. dt:  0.25 ms | #newton:  1 | ph:  0.0% | #CG/newton: 2239 | ls (cap|max|inv|bt):  0| 0| 0| 0| runtime: 1014.4 ms | cr: 4057.7
    1935. dt:  0.25 ms | #newton:  1 | ph:  0.0% | #CG/newton: 2236 | ls (cap|max|inv|bt):  0| 0| 0| 0| runtime:  999.1 ms | cr: 3996.3
    1936. dt:  0.25 ms | #newton:  1 | ph:  0.0% | #CG/newton: 2200 | ls (cap|max|inv|bt):  0| 0| 0| 0| runtime:  996.0 ms | cr: 3984.0
    1937. dt:  0.25 ms | #newton:  1 | ph:  0.0% | #CG/newton: 2208 | ls (cap|max|inv|bt):  0| 0| 0| 0| runtime:  992.8 ms | cr: 3971.3
    1938. dt:  0.25 ms | #newton:  1 | ph:  0.0% | #CG/newton: 2256 | ls (cap|max|inv|bt):  0| 0| 0| 0| runtime: 1009.3 ms | cr: 4037.3
    1939. dt:  0.25 ms | #newton:  1 | ph:  0.0% | #CG/newton: 2224 | ls (cap|max|inv|bt):  0| 0| 0| 0| runtime: 1015.2 ms | cr: 4060.9
    1940. dt:  0.25 ms | #newton:  1 | ph:  0.0% | #CG/newton: 2259 | ls (cap|max|inv|bt):  0| 0| 0| 0| runtime: 1016.1 ms | cr: 4064.4
    1941. dt:  0.25 ms | #newton:  1 | ph:  0.0% | #CG/newton: 2182 | ls (cap|max|inv|bt):  0| 0| 0| 0| runtime:  973.3 ms | cr: 3893.3
    1942. dt:  0.25 ms | #newton:  1 | ph:  0.0% | #CG/newton: 2237 | ls (cap|max|inv|bt):  0| 0| 0| 0| runtime: 1013.1 ms | cr: 4052.4
    1943. dt:  0.25 ms | #newton:  1 | ph:  0.0% | #CG/newton: 2257 | ls (cap|max|inv|bt):  0| 0| 0| 0| runtime: 1021.5 ms | cr: 4086.0
    1944. dt:  0.25 ms | #newton:  1 | ph:  0.0% | #CG/newton: 2216 | ls (cap|max|inv|bt):  0| 0| 0| 0| runtime:  996.9 ms | cr: 3987.6
    1945. dt:  0.25 ms | #newton:  1 | ph:  0.0% | #CG/newton: 2205 | ls (cap|max|inv|bt):  0| 0| 0| 0| runtime:  982.2 ms | cr: 3928.9
    1946. dt:  0.25 ms | #newton:  1 | ph:  0.0% | #CG/newton: 2196 | ls (cap|max|inv|bt):  0| 0| 0| 0| runtime:  992.4 ms | cr: 3969.4
    1947. dt:  0.25 ms | #newton:  1 | ph:  0.0% | #CG/newton: 2252 | ls (cap|max|inv|bt):  0| 0| 0| 0| runtime: 1000.6 ms | cr: 4002.5
    1948. dt:  0.25 ms | #newton:  1 | ph:  0.0% | #CG/newton: 2214 | ls (cap|max|inv|bt):  0| 0| 0| 0| runtime:  988.2 ms | cr: 3952.7
    1949. dt:  0.25 ms | #newton:  1 | ph:  0.0% | #CG/newton: 2237 | ls (cap|max|inv|bt):  0| 0| 0| 0| runtime:  992.9 ms | cr: 3971.6
    1950. dt:  0.25 ms | #newton:  1 | ph:  0.0% | #CG/newton: 2240 | ls (cap|max|inv|bt):  0| 0| 0| 0| runtime: 1005.3 ms | cr: 4021.4
    1951. dt:  0.25 ms | #newton:  1 | ph:  0.0% | #CG/newton: 2234 | ls (cap|max|inv|bt):  0| 0| 0| 0| runtime:  995.6 ms | cr: 3982.5
    1952. dt:  0.25 ms | #newton:  1 | ph:  0.0% | #CG/newton: 2246 | ls (cap|max|inv|bt):  0| 0| 0| 0| runtime: 1011.2 ms | cr: 4044.7
    1953. dt:  0.25 ms | #newton:  1 | ph:  0.0% | #CG/newton: 2220 | ls (cap|max|inv|bt):  0| 0| 0| 0| runtime:  991.6 ms | cr: 3966.4
    1954. dt:  0.25 ms | #newton:  1 | ph:  0.0% | #CG/newton: 2475 | ls (cap|max|inv|bt):  0| 0| 0| 0| runtime: 1092.7 ms | cr: 4370.9
    1955. dt:  0.25 ms | #newton:  1 | ph:  0.0% | #CG/newton: 2237 | ls (cap|max|inv|bt):  0| 0| 0| 0| runtime: 1004.1 ms | cr: 4016.3
    1956. dt:  0.25 ms | #newton:  1 | ph:  0.0% | #CG/newton: 2234 | ls (cap|max|inv|bt):  0| 0| 0| 0| runtime:  998.7 ms | cr: 3994.9
    1957. dt:  0.25 ms | #newton:  1 | ph:  0.0% | #CG/newton: 2239 | ls (cap|max|inv|bt):  0| 0| 0| 0| runtime:  990.1 ms | cr: 3960.4
    1958. dt:  0.25 ms | #newton:  1 | ph:  0.0% | #CG/newton: 2210 | ls (cap|max|inv|bt):  0| 0| 0| 0| runtime:  993.3 ms | cr: 3973.0
    1959. dt:  0.25 ms | #newton:  1 | ph:  0.0% | #CG/newton: 2463 | ls (cap|max|inv|bt):  0| 0| 0| 0| runtime: 1070.2 ms | cr: 4280.7
    1960. dt:  0.25 ms | #newton:  1 | ph:  0.0% | #CG/newton: 2245 | ls (cap|max|inv|bt):  0| 0| 0| 0| runtime: 1006.8 ms | cr: 4027.2
    1961. dt:  0.25 ms | #newton:  1 | ph:  0.0% | #CG/newton: 2203 | ls (cap|max|inv|bt):  0| 0| 0| 0| runtime:  983.4 ms | cr: 3933.8
    1962. dt:  0.25 ms | #newton:  1 | ph:  0.0% | #CG/newton: 2227 | ls (cap|max|inv|bt):  0| 0| 0| 0| runtime: 1000.1 ms | cr: 4000.5
    1963. dt:  0.25 ms | #newton:  1 | ph:  0.0% | #CG/newton: 2659 | ls (cap|max|inv|bt):  0| 0| 0| 0| runtime: 1165.8 ms | cr: 4663.2
    1964. dt:  0.25 ms | #newton:  1 | ph:  0.0% | #CG/newton: 2464 | ls (cap|max|inv|bt):  0| 0| 0| 0| runtime: 1095.3 ms | cr: 4381.4
    1965. dt:  0.25 ms | #newton:  1 | ph:  0.0% | #CG/newton: 2671 | ls (cap|max|inv|bt):  0| 0| 0| 0| runtime: 1161.0 ms | cr: 4644.2
    1966. dt:  0.25 ms | #newton:  1 | ph:  0.0% | #CG/newton: 2456 | ls (cap|max|inv|bt):  0| 0| 0| 0| runtime: 1093.6 ms | cr: 4374.6
    1967. dt:  0.25 ms | #newton:  1 | ph:  0.0% | #CG/newton: 2680 | ls (cap|max|inv|bt):  0| 0| 0| 0| runtime: 1186.7 ms | cr: 4747.0
    1968. dt:  0.25 ms | #newton:  1 | ph:  0.0% | #CG/newton: 2251 | ls (cap|max|inv|bt):  0| 0| 0| 0| runtime: 1012.6 ms | cr: 4050.4
    1969. dt:  0.25 ms | #newton:  1 | ph:  0.0% | #CG/newton: 2670 | ls (cap|max|inv|bt):  0| 0| 0| 0| runtime: 1159.5 ms | cr: 4638.2
    1970. dt:  0.25 ms | #newton:  1 | ph:  0.0% | #CG/newton: 2610 | ls (cap|max|inv|bt):  0| 0| 0| 0| runtime: 1127.8 ms | cr: 4511.3
    1971. dt:  0.25 ms | #newton:  1 | ph:  0.0% | #CG/newton: 2465 | ls (cap|max|inv|bt):  0| 0| 0| 0| runtime: 1086.8 ms | cr: 4347.0
    1972. dt:  0.25 ms | #newton:  1 | ph:  0.0% | #CG/newton: 2561 | ls (cap|max|inv|bt):  0| 0| 0| 0| runtime: 1180.1 ms | cr: 4720.4
    1973. dt:  0.25 ms | #newton:  1 | ph:  0.0% | #CG/newton: 2465 | ls (cap|max|inv|bt):  0| 0| 0| 0| runtime: 1085.5 ms | cr: 4342.1
    1974. dt:  0.25 ms | #newton:  1 | ph:  0.0% | #CG/newton: 2875 | ls (cap|max|inv|bt):  0| 0| 0| 0| runtime: 1241.3 ms | cr: 4965.2
    1975. dt:  0.25 ms | #newton:  1 | ph:  0.0% | #CG/newton: 2830 | ls (cap|max|inv|bt):  0| 0| 0| 0| runtime: 1227.2 ms | cr: 4908.6
    1976. dt:  0.25 ms | #newton:  1 | ph:  0.0% | #CG/newton: 2864 | ls (cap|max|inv|bt):  0| 0| 0| 0| runtime: 1235.3 ms | cr: 4941.1
    1977. dt:  0.25 ms | #newton:  1 | ph:  0.0% | #CG/newton: 2850 | ls (cap|max|inv|bt):  0| 0| 0| 0| runtime: 1225.6 ms | cr: 4902.4
    1978. dt:  0.25 ms | #newton:  1 | ph:  0.0% | #CG/newton: 2453 | ls (cap|max|inv|bt):  0| 0| 0| 0| runtime: 1069.4 ms | cr: 4277.5
    1979. dt:  0.25 ms | #newton:  1 | ph:  0.0% | #CG/newton: 2437 | ls (cap|max|inv|bt):  0| 0| 0| 0| runtime: 1077.6 ms | cr: 4310.5
    1980. dt:  0.25 ms | #newton:  1 | ph:  0.0% | #CG/newton: 2450 | ls (cap|max|inv|bt):  0| 0| 0| 0| runtime: 1070.5 ms | cr: 4282.1
    1981. dt:  0.25 ms | #newton:  1 | ph:  0.0% | #CG/newton: 2438 | ls (cap|max|inv|bt):  0| 0| 0| 0| runtime: 1079.8 ms | cr: 4319.0
    1982. dt:  0.25 ms | #newton:  1 | ph:  0.0% | #CG/newton: 2454 | ls (cap|max|inv|bt):  0| 0| 0| 0| runtime: 1076.9 ms | cr: 4307.4
    1983. dt:  0.25 ms | #newton:  1 | ph:  0.0% | #CG/newton: 2337 | ls (cap|max|inv|bt):  0| 0| 0| 0| runtime: 1030.2 ms | cr: 4120.9
    1984. dt:  0.25 ms | #newton:  1 | ph:  0.0% | #CG/newton: 2452 | ls (cap|max|inv|bt):  0| 0| 0| 0| runtime: 1073.6 ms | cr: 4294.6
    1985. dt:  0.25 ms | #newton:  1 | ph:  0.0% | #CG/newton: 2450 | ls (cap|max|inv|bt):  0| 0| 0| 0| runtime: 1067.5 ms | cr: 4269.9
    1986. dt:  0.25 ms | #newton:  1 | ph:  0.0% | #CG/newton: 2438 | ls (cap|max|inv|bt):  0| 0| 0| 0| runtime: 1074.8 ms | cr: 4299.3
    1987. dt:  0.25 ms | #newton:  1 | ph:  0.0% | #CG/newton: 2445 | ls (cap|max|inv|bt):  0| 0| 0| 0| runtime: 1082.4 ms | cr: 4329.6
    1988. dt:  0.25 ms | #newton:  1 | ph:  0.0% | #CG/newton: 2869 | ls (cap|max|inv|bt):  0| 0| 0| 0| runtime: 1234.1 ms | cr: 4936.5
    1989. dt:  0.25 ms | #newton:  1 | ph:  0.0% | #CG/newton: 2858 | ls (cap|max|inv|bt):  0| 0| 0| 0| runtime: 1239.5 ms | cr: 4957.8
    1990. dt:  0.25 ms | #newton:  1 | ph:  0.0% | #CG/newton: 2854 | ls (cap|max|inv|bt):  0| 0| 0| 0| runtime: 1233.8 ms | cr: 4935.4
    1991. dt:  0.25 ms | #newton:  1 | ph:  0.0% | #CG/newton: 2815 | ls (cap|max|inv|bt):  0| 0| 0| 0| runtime: 1222.0 ms | cr: 4888.0
    1992. dt:  0.25 ms | #newton:  1 | ph:  0.0% | #CG/newton: 2839 | ls (cap|max|inv|bt):  0| 0| 0| 0| runtime: 1215.7 ms | cr: 4862.7
    1993. dt:  0.25 ms | #newton:  1 | ph:  0.0% | #CG/newton: 2856 | ls (cap|max|inv|bt):  0| 0| 0| 0| runtime: 1239.6 ms | cr: 4958.4
    1994. dt:  0.25 ms | #newton:  1 | ph:  0.0% | #CG/newton: 2853 | ls (cap|max|inv|bt):  0| 0| 0| 0| runtime: 1242.6 ms | cr: 4970.3
    1995. dt:  0.25 ms | #newton:  1 | ph:  0.0% | #CG/newton: 2834 | ls (cap|max|inv|bt):  0| 0| 0| 0| runtime: 1212.8 ms | cr: 4851.2
    1996. dt:  0.25 ms | #newton:  1 | ph:  0.0% | #CG/newton: 2817 | ls (cap|max|inv|bt):  0| 0| 0| 0| runtime: 1217.0 ms | cr: 4868.1
    1997. dt:  0.25 ms | #newton:  1 | ph:  0.0% | #CG/newton: 2440 | ls (cap|max|inv|bt):  0| 0| 0| 0| runtime: 1075.9 ms | cr: 4303.4
    1998. dt:  0.25 ms | #newton:  1 | ph:  0.0% | #CG/newton: 2451 | ls (cap|max|inv|bt):  0| 0| 0| 0| runtime: 1080.9 ms | cr: 4323.7
    1999. dt:  0.25 ms | #newton:  1 | ph:  0.0% | #CG/newton: 2451 | ls (cap|max|inv|bt):  0| 0| 0| 0| runtime: 1082.8 ms | cr: 4331.2
    2000. dt:  0.25 ms | #newton:  1 | ph:  0.0% | #CG/newton: 2445 | ls (cap|max|inv|bt):  0| 0| 0| 0| runtime: 1082.2 ms | cr: 4328.9
[Frame: 15] Time: 0.500 s
    2001. dt:  0.25 ms | #newton:  1 | ph:  0.0% | #CG/newton: 2452 | ls (cap|max|inv|bt):  0| 0| 0| 0| runtime: 1097.3 ms | cr: 4389.4
    2002. dt:  0.25 ms | #newton:  1 | ph:  0.0% | #CG/newton: 2859 | ls (cap|max|inv|bt):  0| 0| 0| 0| runtime: 1237.5 ms | cr: 4949.9
    2003. dt:  0.25 ms | #newton:  1 | ph:  0.0% | #CG/newton: 2848 | ls (cap|max|inv|bt):  0| 0| 0| 0| runtime: 1229.7 ms | cr: 4918.9
    2004. dt:  0.25 ms | #newton:  1 | ph:  0.0% | #CG/newton: 2848 | ls (cap|max|inv|bt):  0| 0| 0| 0| runtime: 1230.0 ms | cr: 4920.0
    2005. dt:  0.25 ms | #newton:  1 | ph:  0.0% | #CG/newton: 2858 | ls (cap|max|inv|bt):  0| 0| 0| 0| runtime: 1231.2 ms | cr: 4924.9
    2006. dt:  0.25 ms | #newton:  1 | ph:  0.0% | #CG/newton: 2862 | ls (cap|max|inv|bt):  0| 0| 0| 0| runtime: 1231.5 ms | cr: 4925.8
    2007. dt:  0.25 ms | #newton:  1 | ph:  0.0% | #CG/newton: 2846 | ls (cap|max|inv|bt):  0| 0| 0| 0| runtime: 1223.0 ms | cr: 4892.1
    2008. dt:  0.25 ms | #newton:  1 | ph:  0.0% | #CG/newton: 2451 | ls (cap|max|inv|bt):  0| 0| 0| 0| runtime: 1080.3 ms | cr: 4321.1
    2009. dt:  0.25 ms | #newton:  1 | ph:  0.0% | #CG/newton: 2457 | ls (cap|max|inv|bt):  0| 0| 0| 0| runtime: 1076.6 ms | cr: 4306.4
    2010. dt:  0.25 ms | #newton:  1 | ph:  0.0% | #CG/newton: 2458 | ls (cap|max|inv|bt):  0| 0| 0| 0| runtime: 1082.0 ms | cr: 4327.9
    2011. dt:  0.25 ms | #newton:  1 | ph:  0.0% | #CG/newton: 2426 | ls (cap|max|inv|bt):  0| 0| 0| 0| runtime: 1071.8 ms | cr: 4287.3
    2012. dt:  0.25 ms | #newton:  1 | ph:  0.0% | #CG/newton: 2424 | ls (cap|max|inv|bt):  0| 0| 0| 0| runtime: 1077.2 ms | cr: 4309.0
    2013. dt:  0.25 ms | #newton:  1 | ph:  0.0% | #CG/newton: 2458 | ls (cap|max|inv|bt):  0| 0| 0| 0| runtime: 1079.9 ms | cr: 4319.5
    2014. dt:  0.25 ms | #newton:  1 | ph:  0.0% | #CG/newton: 2452 | ls (cap|max|inv|bt):  0| 0| 0| 0| runtime: 1100.1 ms | cr: 4400.4
    2015. dt:  0.25 ms | #newton:  1 | ph:  0.0% | #CG/newton: 2454 | ls (cap|max|inv|bt):  0| 0| 0| 0| runtime: 1085.4 ms | cr: 4341.7
    2016. dt:  0.25 ms | #newton:  1 | ph:  0.0% | #CG/newton: 2451 | ls (cap|max|inv|bt):  0| 0| 0| 0| runtime: 1072.9 ms | cr: 4291.4
    2017. dt:  0.25 ms | #newton:  1 | ph:  0.0% | #CG/newton: 2456 | ls (cap|max|inv|bt):  0| 0| 0| 0| runtime: 1092.5 ms | cr: 4370.2
    2018. dt:  0.25 ms | #newton:  1 | ph:  0.0% | #CG/newton: 2458 | ls (cap|max|inv|bt):  0| 0| 0| 0| runtime: 1086.5 ms | cr: 4346.0
    2019. dt:  0.25 ms | #newton:  1 | ph:  0.0% | #CG/newton: 2434 | ls (cap|max|inv|bt):  0| 0| 0| 0| runtime: 1085.5 ms | cr: 4341.8
    2020. dt:  0.25 ms | #newton:  1 | ph:  0.0% | #CG/newton: 2456 | ls (cap|max|inv|bt):  0| 0| 0| 0| runtime: 1083.4 ms | cr: 4333.7
    2021. dt:  0.25 ms | #newton:  1 | ph:  0.0% | #CG/newton: 2460 | ls (cap|max|inv|bt):  0| 0| 0| 0| runtime: 1082.9 ms | cr: 4331.8
    2022. dt:  0.25 ms | #newton:  1 | ph:  0.0% | #CG/newton: 2449 | ls (cap|max|inv|bt):  0| 0| 0| 0| runtime: 1079.0 ms | cr: 4315.9
    2023. dt:  0.25 ms | #newton:  2 | ph:  0.0% | #CG/newton: 1074 | ls (cap|max|inv|bt):  0| 0| 0| 0| runtime: 1020.2 ms | cr: 4080.7
    2024. dt:  0.25 ms | #newton:  1 | ph:  0.0% | #CG/newton: 2222 | ls (cap|max|inv|bt):  0| 0| 0| 0| runtime:  997.8 ms | cr: 3991.0
    2025. dt:  0.25 ms | #newton:  2 | ph:  0.0% | #CG/newton: 1085 | ls (cap|max|inv|bt):  0| 0| 0| 0| runtime: 1030.4 ms | cr: 4121.7
    2026. dt:  0.25 ms | #newton:  1 | ph:  0.0% | #CG/newton: 2081 | ls (cap|max|inv|bt):  0| 0| 0| 0| runtime:  932.6 ms | cr: 3730.5
    2027. dt:  0.25 ms | #newton:  2 | ph:  0.0% | #CG/newton: 1107 | ls (cap|max|inv|bt):  0| 0| 0| 0| runtime: 1052.3 ms | cr: 4209.1
    2028. dt:  0.25 ms | #newton:  1 | ph:  0.0% | #CG/newton: 2218 | ls (cap|max|inv|bt):  0| 0| 0| 0| runtime:  989.0 ms | cr: 3955.8
    2029. dt:  0.25 ms | #newton:  2 | ph:  0.0% | #CG/newton: 1104 | ls (cap|max|inv|bt):  0| 0| 0| 0| runtime: 1046.2 ms | cr: 4184.6
    2030. dt:  0.25 ms | #newton:  1 | ph:  0.0% | #CG/newton: 2169 | ls (cap|max|inv|bt):  0| 0| 0| 0| runtime:  971.8 ms | cr: 3887.1
    2031. dt:  0.25 ms | #newton:  2 | ph:  0.0% | #CG/newton: 1117 | ls (cap|max|inv|bt):  0| 0| 0| 0| runtime: 1066.6 ms | cr: 4266.2
    2032. dt:  0.25 ms | #newton:  1 | ph:  0.0% | #CG/newton: 2171 | ls (cap|max|inv|bt):  0| 0| 0| 0| runtime:  986.7 ms | cr: 3946.9
    2033. dt:  0.25 ms | #newton:  2 | ph:  0.0% | #CG/newton: 1114 | ls (cap|max|inv|bt):  0| 0| 0| 0| runtime: 1092.3 ms | cr: 4369.3
    2034. dt:  0.25 ms | #newton:  1 | ph:  0.0% | #CG/newton: 2194 | ls (cap|max|inv|bt):  0| 0| 0| 0| runtime: 1023.2 ms | cr: 4093.0
    2035. dt:  0.25 ms | #newton:  2 | ph:  0.0% | #CG/newton: 1088 | ls (cap|max|inv|bt):  0| 0| 0| 0| runtime: 1065.4 ms | cr: 4261.6
    2036. dt:  0.25 ms | #newton:  1 | ph:  0.0% | #CG/newton: 2191 | ls (cap|max|inv|bt):  0| 0| 0| 0| runtime:  986.2 ms | cr: 3944.9
    2037. dt:  0.25 ms | #newton:  1 | ph:  0.0% | #CG/newton: 2604 | ls (cap|max|inv|bt):  0| 0| 0| 0| runtime: 1157.8 ms | cr: 4631.1
    2038. dt:  0.25 ms | #newton:  1 | ph:  0.0% | #CG/newton: 2249 | ls (cap|max|inv|bt):  0| 0| 0| 0| runtime: 1025.2 ms | cr: 4100.8
    2039. dt:  0.25 ms | #newton:  1 | ph:  0.0% | #CG/newton: 2354 | ls (cap|max|inv|bt):  0| 0| 0| 0| runtime: 1043.0 ms | cr: 4171.9
    2040. dt:  0.25 ms | #newton:  1 | ph:  0.0% | #CG/newton: 2605 | ls (cap|max|inv|bt):  0| 0| 0| 0| runtime: 1139.3 ms | cr: 4557.2
    2041. dt:  0.25 ms | #newton:  1 | ph:  0.0% | #CG/newton: 2639 | ls (cap|max|inv|bt):  0| 0| 0| 0| runtime: 1152.1 ms | cr: 4608.5
    2042. dt:  0.25 ms | #newton:  1 | ph:  0.0% | #CG/newton: 2240 | ls (cap|max|inv|bt):  0| 0| 0| 0| runtime:  995.7 ms | cr: 3982.7
    2043. dt:  0.25 ms | #newton:  1 | ph:  0.0% | #CG/newton: 2269 | ls (cap|max|inv|bt):  0| 0| 0| 0| runtime: 1014.8 ms | cr: 4059.3
    2044. dt:  0.25 ms | #newton:  1 | ph:  0.0% | #CG/newton: 2377 | ls (cap|max|inv|bt):  0| 0| 0| 0| runtime: 1089.2 ms | cr: 4356.7
    2045. dt:  0.25 ms | #newton:  1 | ph:  0.0% | #CG/newton: 2378 | ls (cap|max|inv|bt):  0| 0| 0| 0| runtime: 1149.2 ms | cr: 4596.6
    2046. dt:  0.25 ms | #newton:  1 | ph:  0.0% | #CG/newton: 2339 | ls (cap|max|inv|bt):  0| 0| 0| 0| runtime: 1139.0 ms | cr: 4555.9
    2047. dt:  0.25 ms | #newton:  1 | ph:  0.0% | #CG/newton: 2611 | ls (cap|max|inv|bt):  0| 0| 0| 0| runtime: 1226.3 ms | cr: 4905.4
    2048. dt:  0.25 ms | #newton:  1 | ph:  0.0% | #CG/newton: 2636 | ls (cap|max|inv|bt):  0| 0| 0| 0| runtime: 1292.8 ms | cr: 5171.2
    2049. dt:  0.25 ms | #newton:  1 | ph:  0.0% | #CG/newton: 2632 | ls (cap|max|inv|bt):  0| 0| 0| 0| runtime: 1184.5 ms | cr: 4738.0
    2050. dt:  0.25 ms | #newton:  1 | ph:  0.0% | #CG/newton: 2634 | ls (cap|max|inv|bt):  0| 0| 0| 0| runtime: 1149.2 ms | cr: 4596.9
    2051. dt:  0.25 ms | #newton:  1 | ph:  0.0% | #CG/newton: 2192 | ls (cap|max|inv|bt):  0| 0| 0| 0| runtime:  970.4 ms | cr: 3881.4
    2052. dt:  0.25 ms | #newton:  1 | ph:  0.0% | #CG/newton: 2666 | ls (cap|max|inv|bt):  0| 0| 0| 0| runtime: 1188.2 ms | cr: 4752.7
    2053. dt:  0.25 ms | #newton:  1 | ph:  0.0% | #CG/newton: 2627 | ls (cap|max|inv|bt):  0| 0| 0| 0| runtime: 1150.9 ms | cr: 4603.4
    2054. dt:  0.25 ms | #newton:  1 | ph:  0.0% | #CG/newton: 2554 | ls (cap|max|inv|bt):  0| 0| 0| 0| runtime: 1124.7 ms | cr: 4498.8
    2055. dt:  0.25 ms | #newton:  1 | ph:  0.0% | #CG/newton: 2454 | ls (cap|max|inv|bt):  0| 0| 0| 0| runtime: 1117.3 ms | cr: 4469.2
    2056. dt:  0.25 ms | #newton:  1 | ph:  0.0% | #CG/newton: 2470 | ls (cap|max|inv|bt):  0| 0| 0| 0| runtime: 1106.0 ms | cr: 4424.0
    2057. dt:  0.25 ms | #newton:  1 | ph:  0.0% | #CG/newton: 2454 | ls (cap|max|inv|bt):  0| 0| 0| 0| runtime: 1118.5 ms | cr: 4474.1
    2058. dt:  0.25 ms | #newton:  1 | ph:  0.0% | #CG/newton: 2446 | ls (cap|max|inv|bt):  0| 0| 0| 0| runtime: 1124.8 ms | cr: 4499.2
    2059. dt:  0.25 ms | #newton:  1 | ph:  0.0% | #CG/newton: 2466 | ls (cap|max|inv|bt):  0| 0| 0| 0| runtime: 1122.4 ms | cr: 4489.5
    2060. dt:  0.25 ms | #newton:  1 | ph:  0.0% | #CG/newton: 2459 | ls (cap|max|inv|bt):  0| 0| 0| 0| runtime: 1123.0 ms | cr: 4492.1
    2061. dt:  0.25 ms | #newton:  1 | ph:  0.0% | #CG/newton: 2469 | ls (cap|max|inv|bt):  0| 0| 0| 0| runtime: 1114.5 ms | cr: 4458.2
    2062. dt:  0.25 ms | #newton:  1 | ph:  0.0% | #CG/newton: 2453 | ls (cap|max|inv|bt):  0| 0| 0| 0| runtime: 1272.2 ms | cr: 5088.9
    2063. dt:  0.25 ms | #newton:  1 | ph:  0.0% | #CG/newton: 2460 | ls (cap|max|inv|bt):  0| 0| 0| 0| runtime: 1119.0 ms | cr: 4476.2
    2064. dt:  0.25 ms | #newton:  1 | ph:  0.0% | #CG/newton: 2467 | ls (cap|max|inv|bt):  0| 0| 0| 0| runtime: 1098.5 ms | cr: 4394.1
    2065. dt:  0.25 ms | #newton:  1 | ph:  0.0% | #CG/newton: 2446 | ls (cap|max|inv|bt):  0| 0| 0| 0| runtime: 1095.4 ms | cr: 4381.5
    2066. dt:  0.25 ms | #newton:  1 | ph:  0.0% | #CG/newton: 2441 | ls (cap|max|inv|bt):  0| 0| 0| 0| runtime: 1076.6 ms | cr: 4306.3
    2067. dt:  0.25 ms | #newton:  1 | ph:  0.0% | #CG/newton: 2460 | ls (cap|max|inv|bt):  0| 0| 0| 0| runtime: 1086.3 ms | cr: 4345.1
    2068. dt:  0.25 ms | #newton:  1 | ph:  0.0% | #CG/newton: 2436 | ls (cap|max|inv|bt):  0| 0| 0| 0| runtime: 1073.3 ms | cr: 4293.1
    2069. dt:  0.25 ms | #newton:  1 | ph:  0.0% | #CG/newton: 2435 | ls (cap|max|inv|bt):  0| 0| 0| 0| runtime: 1079.7 ms | cr: 4319.0
    2070. dt:  0.25 ms | #newton:  1 | ph:  0.0% | #CG/newton: 2465 | ls (cap|max|inv|bt):  0| 0| 0| 0| runtime: 1100.0 ms | cr: 4399.8
    2071. dt:  0.25 ms | #newton:  1 | ph:  0.0% | #CG/newton: 2464 | ls (cap|max|inv|bt):  0| 0| 0| 0| runtime: 1115.3 ms | cr: 4461.0
    2072. dt:  0.25 ms | #newton:  2 | ph:  0.0% | #CG/newton: 1232 | ls (cap|max|inv|bt):  0| 0| 0| 0| runtime: 1174.8 ms | cr: 4699.0
    2073. dt:  0.25 ms | #newton:  1 | ph:  0.0% | #CG/newton: 2172 | ls (cap|max|inv|bt):  0| 0| 0| 0| runtime:  992.2 ms | cr: 3968.7
    2074. dt:  0.25 ms | #newton:  2 | ph:  0.0% | #CG/newton: 1222 | ls (cap|max|inv|bt):  0| 0| 0| 0| runtime: 1171.1 ms | cr: 4684.3
    2075. dt:  0.25 ms | #newton:  1 | ph:  0.0% | #CG/newton: 2171 | ls (cap|max|inv|bt):  0| 0| 0| 0| runtime:  992.8 ms | cr: 3971.1
    2076. dt:  0.25 ms | #newton:  1 | ph:  0.0% | #CG/newton: 2573 | ls (cap|max|inv|bt):  0| 0| 0| 0| runtime: 1135.4 ms | cr: 4541.8
    2077. dt:  0.25 ms | #newton:  1 | ph:  0.0% | #CG/newton: 2246 | ls (cap|max|inv|bt):  0| 0| 0| 0| runtime:  981.8 ms | cr: 3927.3
    2078. dt:  0.25 ms | #newton:  2 | ph:  0.0% | #CG/newton: 1310 | ls (cap|max|inv|bt):  0| 0| 0| 0| runtime: 1185.9 ms | cr: 4743.5
    2079. dt:  0.25 ms | #newton:  1 | ph:  0.0% | #CG/newton: 2152 | ls (cap|max|inv|bt):  0| 0| 0| 0| runtime:  960.3 ms | cr: 3841.2
    2080. dt:  0.25 ms | #newton:  1 | ph:  0.0% | #CG/newton: 2870 | ls (cap|max|inv|bt):  0| 0| 0| 0| runtime: 1204.4 ms | cr: 4817.7
    2081. dt:  0.25 ms | #newton:  1 | ph:  0.0% | #CG/newton: 2863 | ls (cap|max|inv|bt):  0| 0| 0| 0| runtime: 1228.9 ms | cr: 4915.5
    2082. dt:  0.25 ms | #newton:  1 | ph:  0.0% | #CG/newton: 2664 | ls (cap|max|inv|bt):  0| 0| 0| 0| runtime: 1154.4 ms | cr: 4617.6
    2083. dt:  0.25 ms | #newton:  1 | ph:  0.0% | #CG/newton: 2190 | ls (cap|max|inv|bt):  0| 0| 0| 0| runtime:  982.5 ms | cr: 3929.8
    2084. dt:  0.25 ms | #newton:  1 | ph:  0.0% | #CG/newton: 2637 | ls (cap|max|inv|bt):  0| 0| 0| 0| runtime: 1176.2 ms | cr: 4704.7
    2085. dt:  0.25 ms | #newton:  1 | ph:  0.0% | #CG/newton: 2661 | ls (cap|max|inv|bt):  0| 0| 0| 0| runtime: 1196.7 ms | cr: 4786.7
    2086. dt:  0.25 ms | #newton:  2 | ph:  0.0% | #CG/newton: 1345 | ls (cap|max|inv|bt):  0| 0| 0| 0| runtime: 1271.9 ms | cr: 5087.7
    2087. dt:  0.25 ms | #newton:  1 | ph:  0.0% | #CG/newton: 2178 | ls (cap|max|inv|bt):  0| 0| 0| 0| runtime: 1051.4 ms | cr: 4205.6
    2088. dt:  0.25 ms | #newton:  2 | ph:  0.0% | #CG/newton: 1130 | ls (cap|max|inv|bt):  0| 0| 0| 0| runtime: 1069.5 ms | cr: 4277.9
    2089. dt:  0.25 ms | #newton:  1 | ph:  0.0% | #CG/newton: 2175 | ls (cap|max|inv|bt):  0| 0| 0| 0| runtime:  970.3 ms | cr: 3881.3
    2090. dt:  0.25 ms | #newton:  2 | ph:  0.0% | #CG/newton: 1122 | ls (cap|max|inv|bt):  0| 0| 0| 0| runtime: 1092.4 ms | cr: 4369.7
    2091. dt:  0.25 ms | #newton:  1 | ph:  0.0% | #CG/newton: 2168 | ls (cap|max|inv|bt):  0| 0| 0| 0| runtime:  974.7 ms | cr: 3898.9
    2092. dt:  0.25 ms | #newton:  2 | ph:  0.0% | #CG/newton: 1121 | ls (cap|max|inv|bt):  0| 0| 0| 0| runtime: 1090.6 ms | cr: 4362.2
    2093. dt:  0.25 ms | #newton:  1 | ph:  0.0% | #CG/newton: 2157 | ls (cap|max|inv|bt):  0| 0| 0| 0| runtime: 1067.3 ms | cr: 4269.1
    2094. dt:  0.25 ms | #newton:  2 | ph:  0.0% | #CG/newton: 1092 | ls (cap|max|inv|bt):  0| 0| 0| 0| runtime: 1136.5 ms | cr: 4545.9
    2095. dt:  0.25 ms | #newton:  1 | ph:  0.0% | #CG/newton: 2160 | ls (cap|max|inv|bt):  0| 0| 0| 0| runtime: 1095.9 ms | cr: 4383.4
    2096. dt:  0.25 ms | #newton:  1 | ph:  0.0% | #CG/newton: 2830 | ls (cap|max|inv|bt):  0| 0| 0| 0| runtime: 1297.8 ms | cr: 5191.2
    2097. dt:  0.25 ms | #newton:  1 | ph:  0.0% | #CG/newton: 2838 | ls (cap|max|inv|bt):  0| 0| 0| 0| runtime: 1288.7 ms | cr: 5154.9
    2098. dt:  0.25 ms | #newton:  1 | ph:  0.0% | #CG/newton: 2883 | ls (cap|max|inv|bt):  0| 0| 0| 0| runtime: 1303.2 ms | cr: 5212.8
    2099. dt:  0.25 ms | #newton:  1 | ph:  0.0% | #CG/newton: 2670 | ls (cap|max|inv|bt):  0| 0| 0| 0| runtime: 1265.4 ms | cr: 5061.5
    2100. dt:  0.25 ms | #newton:  1 | ph:  0.0% | #CG/newton: 2189 | ls (cap|max|inv|bt):  0| 0| 0| 0| runtime: 1107.8 ms | cr: 4431.3
    2101. dt:  0.25 ms | #newton:  1 | ph:  0.0% | #CG/newton: 2240 | ls (cap|max|inv|bt):  0| 0| 0| 0| runtime: 1125.8 ms | cr: 4503.0
    2102. dt:  0.25 ms | #newton:  1 | ph:  0.0% | #CG/newton: 2358 | ls (cap|max|inv|bt):  0| 0| 0| 0| runtime: 1177.3 ms | cr: 4709.4
    2103. dt:  0.25 ms | #newton:  1 | ph:  0.0% | #CG/newton: 2266 | ls (cap|max|inv|bt):  0| 0| 0| 0| runtime: 1346.7 ms | cr: 5386.9
    2104. dt:  0.25 ms | #newton:  1 | ph:  0.0% | #CG/newton: 2244 | ls (cap|max|inv|bt):  0| 0| 0| 0| runtime: 1167.0 ms | cr: 4668.2
    2105. dt:  0.25 ms | #newton:  1 | ph:  0.0% | #CG/newton: 2239 | ls (cap|max|inv|bt):  0| 0| 0| 0| runtime: 1085.0 ms | cr: 4339.8
    2106. dt:  0.25 ms | #newton:  1 | ph:  0.0% | #CG/newton: 2285 | ls (cap|max|inv|bt):  0| 0| 0| 0| runtime: 1025.4 ms | cr: 4101.8
    2107. dt:  0.25 ms | #newton:  1 | ph:  0.0% | #CG/newton: 2184 | ls (cap|max|inv|bt):  0| 0| 0| 0| runtime:  986.0 ms | cr: 3943.9
    2108. dt:  0.25 ms | #newton:  1 | ph:  0.0% | #CG/newton: 2243 | ls (cap|max|inv|bt):  0| 0| 0| 0| runtime: 1009.8 ms | cr: 4039.0
    2109. dt:  0.25 ms | #newton:  1 | ph:  0.0% | #CG/newton: 2276 | ls (cap|max|inv|bt):  0| 0| 0| 0| runtime: 1065.3 ms | cr: 4261.2
    2110. dt:  0.25 ms | #newton:  1 | ph:  0.0% | #CG/newton: 2211 | ls (cap|max|inv|bt):  0| 0| 0| 0| runtime: 1116.8 ms | cr: 4467.0
    2111. dt:  0.25 ms | #newton:  1 | ph:  0.0% | #CG/newton: 2684 | ls (cap|max|inv|bt):  0| 0| 0| 0| runtime: 1211.9 ms | cr: 4847.6
    2112. dt:  0.25 ms | #newton:  1 | ph:  0.0% | #CG/newton: 2662 | ls (cap|max|inv|bt):  0| 0| 0| 0| runtime: 1234.8 ms | cr: 4939.2
    2113. dt:  0.25 ms | #newton:  1 | ph:  0.0% | #CG/newton: 2471 | ls (cap|max|inv|bt):  0| 0| 0| 0| runtime: 1091.4 ms | cr: 4365.7
    2114. dt:  0.25 ms | #newton:  1 | ph:  0.0% | #CG/newton: 2475 | ls (cap|max|inv|bt):  0| 0| 0| 0| runtime: 1099.5 ms | cr: 4398.1
    2115. dt:  0.25 ms | #newton:  1 | ph:  0.0% | #CG/newton: 2471 | ls (cap|max|inv|bt):  0| 0| 0| 0| runtime: 1093.6 ms | cr: 4374.5
    2116. dt:  0.25 ms | #newton:  1 | ph:  0.0% | #CG/newton: 2466 | ls (cap|max|inv|bt):  0| 0| 0| 0| runtime: 1097.7 ms | cr: 4390.7
    2117. dt:  0.25 ms | #newton:  1 | ph:  0.0% | #CG/newton: 2464 | ls (cap|max|inv|bt):  0| 0| 0| 0| runtime: 1081.0 ms | cr: 4324.0
    2118. dt:  0.25 ms | #newton:  1 | ph:  0.0% | #CG/newton: 2461 | ls (cap|max|inv|bt):  0| 0| 0| 0| runtime: 1088.9 ms | cr: 4355.7
    2119. dt:  0.25 ms | #newton:  1 | ph:  0.0% | #CG/newton: 2456 | ls (cap|max|inv|bt):  0| 0| 0| 0| runtime: 1094.5 ms | cr: 4377.8
    2120. dt:  0.25 ms | #newton:  1 | ph:  0.0% | #CG/newton: 2458 | ls (cap|max|inv|bt):  0| 0| 0| 0| runtime: 1084.7 ms | cr: 4338.9
    2121. dt:  0.25 ms | #newton:  1 | ph:  0.0% | #CG/newton: 2468 | ls (cap|max|inv|bt):  0| 0| 0| 0| runtime: 1102.2 ms | cr: 4409.0
    2122. dt:  0.25 ms | #newton:  1 | ph:  0.0% | #CG/newton: 2452 | ls (cap|max|inv|bt):  0| 0| 0| 0| runtime: 1095.8 ms | cr: 4383.1
    2123. dt:  0.25 ms | #newton:  1 | ph:  0.0% | #CG/newton: 2445 | ls (cap|max|inv|bt):  0| 0| 0| 0| runtime: 1069.2 ms | cr: 4276.7
    2124. dt:  0.25 ms | #newton:  1 | ph:  0.0% | #CG/newton: 2446 | ls (cap|max|inv|bt):  0| 0| 0| 0| runtime: 1075.8 ms | cr: 4303.1
    2125. dt:  0.25 ms | #newton:  1 | ph:  0.0% | #CG/newton: 2867 | ls (cap|max|inv|bt):  0| 0| 0| 0| runtime: 1229.1 ms | cr: 4916.3
    2126. dt:  0.25 ms | #newton:  1 | ph:  0.0% | #CG/newton: 2851 | ls (cap|max|inv|bt):  0| 0| 0| 0| runtime: 1248.4 ms | cr: 4993.8
    2127. dt:  0.25 ms | #newton:  1 | ph:  0.0% | #CG/newton: 2845 | ls (cap|max|inv|bt):  0| 0| 0| 0| runtime: 1478.7 ms | cr: 5914.8
    2128. dt:  0.25 ms | #newton:  1 | ph:  0.0% | #CG/newton: 2859 | ls (cap|max|inv|bt):  0| 0| 0| 0| runtime: 1337.5 ms | cr: 5350.2
    2129. dt:  0.25 ms | #newton:  1 | ph:  0.0% | #CG/newton: 2846 | ls (cap|max|inv|bt):  0| 0| 0| 0| runtime: 1360.6 ms | cr: 5442.2
    2130. dt:  0.25 ms | #newton:  1 | ph:  0.0% | #CG/newton: 2866 | ls (cap|max|inv|bt):  0| 0| 0| 0| runtime: 1408.9 ms | cr: 5635.6
    2131. dt:  0.25 ms | #newton:  1 | ph:  0.0% | #CG/newton: 2614 | ls (cap|max|inv|bt):  0| 0| 0| 0| runtime: 1161.0 ms | cr: 4643.9
    2132. dt:  0.25 ms | #newton:  1 | ph:  0.0% | #CG/newton: 2834 | ls (cap|max|inv|bt):  0| 0| 0| 0| runtime: 1214.9 ms | cr: 4859.5
    2133. dt:  0.25 ms | #newton:  1 | ph:  0.0% | #CG/newton: 2846 | ls (cap|max|inv|bt):  0| 0| 0| 0| runtime: 1209.6 ms | cr: 4838.5
[Frame: 16] Time: 0.533 s
    2134. dt:  0.25 ms | #newton:  1 | ph:  0.0% | #CG/newton: 2848 | ls (cap|max|inv|bt):  0| 0| 0| 0| runtime: 1224.9 ms | cr: 4899.7
    2135. dt:  0.25 ms | #newton:  1 | ph:  0.0% | #CG/newton: 2832 | ls (cap|max|inv|bt):  0| 0| 0| 0| runtime: 1214.0 ms | cr: 4855.9
    2136. dt:  0.25 ms | #newton:  1 | ph:  0.0% | #CG/newton: 2864 | ls (cap|max|inv|bt):  0| 0| 0| 0| runtime: 1239.1 ms | cr: 4956.2
    2137. dt:  0.25 ms | #newton:  1 | ph:  0.0% | #CG/newton: 2873 | ls (cap|max|inv|bt):  0| 0| 0| 0| runtime: 1221.1 ms | cr: 4884.3
    2138. dt:  0.25 ms | #newton:  1 | ph:  0.0% | #CG/newton: 2864 | ls (cap|max|inv|bt):  0| 0| 0| 0| runtime: 1228.4 ms | cr: 4913.6
    2139. dt:  0.25 ms | #newton:  1 | ph:  0.0% | #CG/newton: 2859 | ls (cap|max|inv|bt):  0| 0| 0| 0| runtime: 1217.5 ms | cr: 4870.2
    2140. dt:  0.25 ms | #newton:  1 | ph:  0.0% | #CG/newton: 2833 | ls (cap|max|inv|bt):  0| 0| 0| 0| runtime: 1221.2 ms | cr: 4884.7
    2141. dt:  0.25 ms | #newton:  1 | ph:  0.0% | #CG/newton: 2858 | ls (cap|max|inv|bt):  0| 0| 0| 0| runtime: 1222.0 ms | cr: 4888.0
    2142. dt:  0.25 ms | #newton:  1 | ph:  0.0% | #CG/newton: 2456 | ls (cap|max|inv|bt):  0| 0| 0| 0| runtime: 1075.1 ms | cr: 4300.2
    2143. dt:  0.25 ms | #newton:  1 | ph:  0.0% | #CG/newton: 2448 | ls (cap|max|inv|bt):  0| 0| 0| 0| runtime: 1070.7 ms | cr: 4283.0
    2144. dt:  0.25 ms | #newton:  1 | ph:  0.0% | #CG/newton: 2450 | ls (cap|max|inv|bt):  0| 0| 0| 0| runtime: 1092.6 ms | cr: 4370.3
    2145. dt:  0.25 ms | #newton:  1 | ph:  0.0% | #CG/newton: 2843 | ls (cap|max|inv|bt):  0| 0| 0| 0| runtime: 1265.7 ms | cr: 5062.6
    2146. dt:  0.25 ms | #newton:  1 | ph:  0.0% | #CG/newton: 2858 | ls (cap|max|inv|bt):  0| 0| 0| 0| runtime: 1278.2 ms | cr: 5112.8
    2147. dt:  0.25 ms | #newton:  1 | ph:  0.0% | #CG/newton: 2874 | ls (cap|max|inv|bt):  0| 0| 0| 0| runtime: 1281.3 ms | cr: 5125.2
    2148. dt:  0.25 ms | #newton:  1 | ph:  0.0% | #CG/newton: 2862 | ls (cap|max|inv|bt):  0| 0| 0| 0| runtime: 1221.6 ms | cr: 4886.5
    2149. dt:  0.25 ms | #newton:  1 | ph:  0.0% | #CG/newton: 2854 | ls (cap|max|inv|bt):  0| 0| 0| 0| runtime: 1222.5 ms | cr: 4890.1
    2150. dt:  0.25 ms | #newton:  1 | ph:  0.0% | #CG/newton: 2824 | ls (cap|max|inv|bt):  0| 0| 0| 0| runtime: 1236.1 ms | cr: 4944.4
    2151. dt:  0.25 ms | #newton:  1 | ph:  0.0% | #CG/newton: 2847 | ls (cap|max|inv|bt):  0| 0| 0| 0| runtime: 1227.9 ms | cr: 4911.7
    2152. dt:  0.25 ms | #newton:  1 | ph:  0.0% | #CG/newton: 2857 | ls (cap|max|inv|bt):  0| 0| 0| 0| runtime: 1326.9 ms | cr: 5307.6
    2153. dt:  0.25 ms | #newton:  1 | ph:  0.0% | #CG/newton: 2840 | ls (cap|max|inv|bt):  0| 0| 0| 0| runtime: 1242.7 ms | cr: 4970.7
    2154. dt:  0.25 ms | #newton:  1 | ph:  0.0% | #CG/newton: 2820 | ls (cap|max|inv|bt):  0| 0| 0| 0| runtime: 1214.7 ms | cr: 4858.9
    2155. dt:  0.25 ms | #newton:  1 | ph:  0.0% | #CG/newton: 2802 | ls (cap|max|inv|bt):  0| 0| 0| 0| runtime: 1208.7 ms | cr: 4834.8
    2156. dt:  0.25 ms | #newton:  1 | ph:  0.0% | #CG/newton: 2798 | ls (cap|max|inv|bt):  0| 0| 0| 0| runtime: 1221.8 ms | cr: 4887.4
    2157. dt:  0.25 ms | #newton:  1 | ph:  0.0% | #CG/newton: 2814 | ls (cap|max|inv|bt):  0| 0| 0| 0| runtime: 1250.8 ms | cr: 5003.3
    2158. dt:  0.25 ms | #newton:  1 | ph:  0.0% | #CG/newton: 2720 | ls (cap|max|inv|bt):  0| 0| 0| 0| runtime: 1203.8 ms | cr: 4815.3
    2159. dt:  0.25 ms | #newton:  1 | ph:  0.0% | #CG/newton: 2822 | ls (cap|max|inv|bt):  0| 0| 0| 0| runtime: 1254.2 ms | cr: 5017.0
    2160. dt:  0.25 ms | #newton:  1 | ph:  0.0% | #CG/newton: 2823 | ls (cap|max|inv|bt):  0| 0| 0| 0| runtime: 1243.9 ms | cr: 4975.8
    2161. dt:  0.25 ms | #newton:  1 | ph:  0.0% | #CG/newton: 2820 | ls (cap|max|inv|bt):  0| 0| 0| 0| runtime: 1238.4 ms | cr: 4953.7
    2162. dt:  0.25 ms | #newton:  1 | ph:  0.0% | #CG/newton: 2811 | ls (cap|max|inv|bt):  0| 0| 0| 0| runtime: 1209.8 ms | cr: 4839.3
    2163. dt:  0.25 ms | #newton:  1 | ph:  0.0% | #CG/newton: 2821 | ls (cap|max|inv|bt):  0| 0| 0| 0| runtime: 1204.7 ms | cr: 4818.9
    2164. dt:  0.25 ms | #newton:  1 | ph:  0.0% | #CG/newton: 2786 | ls (cap|max|inv|bt):  0| 0| 0| 0| runtime: 1215.8 ms | cr: 4863.2
    2165. dt:  0.25 ms | #newton:  1 | ph:  0.0% | #CG/newton: 3081 | ls (cap|max|inv|bt):  0| 0| 0| 0| runtime: 1301.7 ms | cr: 5206.6
    2166. dt:  0.25 ms | #newton:  1 | ph:  0.0% | #CG/newton: 3057 | ls (cap|max|inv|bt):  0| 0| 0| 0| runtime: 1293.8 ms | cr: 5175.3
    2167. dt:  0.25 ms | #newton:  1 | ph:  0.0% | #CG/newton: 3041 | ls (cap|max|inv|bt):  0| 0| 0| 0| runtime: 1288.9 ms | cr: 5155.5
    2168. dt:  0.25 ms | #newton:  1 | ph:  0.0% | #CG/newton: 3063 | ls (cap|max|inv|bt):  0| 0| 0| 0| runtime: 1313.3 ms | cr: 5253.3
    2169. dt:  0.25 ms | #newton:  1 | ph:  0.0% | #CG/newton: 3257 | ls (cap|max|inv|bt):  0| 0| 0| 0| runtime: 1420.6 ms | cr: 5682.3
    2170. dt:  0.25 ms | #newton:  1 | ph:  0.0% | #CG/newton: 3246 | ls (cap|max|inv|bt):  0| 0| 0| 0| runtime: 1410.3 ms | cr: 5641.0
    2171. dt:  0.25 ms | #newton:  1 | ph:  0.0% | #CG/newton: 3237 | ls (cap|max|inv|bt):  0| 0| 0| 0| runtime: 1402.0 ms | cr: 5608.2
    2172. dt:  0.25 ms | #newton:  1 | ph:  0.0% | #CG/newton: 3034 | ls (cap|max|inv|bt):  0| 0| 0| 0| runtime: 1311.4 ms | cr: 5245.4
    2173. dt:  0.25 ms | #newton:  1 | ph:  0.0% | #CG/newton: 1342 | ls (cap|max|inv|bt):  0| 0| 0| 0| runtime:  661.8 ms | cr: 2647.2
    2174. dt:  0.25 ms | #newton:  1 | ph:  0.0% | #CG/newton: 1685 | ls (cap|max|inv|bt):  0| 0| 0| 0| runtime:  773.5 ms | cr: 3094.1
    2175. dt:  0.25 ms | #newton:  1 | ph:  0.0% | #CG/newton: 1676 | ls (cap|max|inv|bt):  0| 0| 0| 0| runtime:  765.8 ms | cr: 3063.3
    2176. dt:  0.25 ms | #newton:  1 | ph:  0.0% | #CG/newton: 1669 | ls (cap|max|inv|bt):  0| 0| 0| 0| runtime:  765.3 ms | cr: 3061.2
    2177. dt:  0.25 ms | #newton:  1 | ph:  0.0% | #CG/newton: 1662 | ls (cap|max|inv|bt):  0| 0| 0| 0| runtime:  760.5 ms | cr: 3041.9
    2178. dt:  0.25 ms | #newton:  1 | ph:  0.0% | #CG/newton: 1657 | ls (cap|max|inv|bt):  0| 0| 0| 0| runtime:  760.3 ms | cr: 3041.3
    2179. dt:  0.25 ms | #newton:  1 | ph:  0.0% | #CG/newton: 1644 | ls (cap|max|inv|bt):  0| 0| 0| 0| runtime:  749.9 ms | cr: 2999.6
    2180. dt:  0.25 ms | #newton:  1 | ph:  0.0% | #CG/newton: 1636 | ls (cap|max|inv|bt):  0| 0| 0| 0| runtime:  756.4 ms | cr: 3025.5
    2181. dt:  0.25 ms | #newton:  1 | ph:  0.0% | #CG/newton: 1621 | ls (cap|max|inv|bt):  0| 0| 0| 0| runtime:  748.4 ms | cr: 2993.4
    2182. dt:  0.25 ms | #newton:  1 | ph:  0.0% | #CG/newton: 1610 | ls (cap|max|inv|bt):  0| 0| 0| 0| runtime:  749.2 ms | cr: 2996.8
    2183. dt:  0.25 ms | #newton:  1 | ph:  0.0% | #CG/newton: 1608 | ls (cap|max|inv|bt):  0| 0| 0| 0| runtime:  742.0 ms | cr: 2968.2
    2184. dt:  0.25 ms | #newton:  1 | ph:  0.0% | #CG/newton: 1620 | ls (cap|max|inv|bt):  0| 0| 0| 0| runtime:  756.2 ms | cr: 3024.8
    2185. dt:  0.25 ms | #newton:  1 | ph:  0.0% | #CG/newton: 1607 | ls (cap|max|inv|bt):  0| 0| 0| 0| runtime:  758.1 ms | cr: 3032.3
    2186. dt:  0.25 ms | #newton:  1 | ph:  0.0% | #CG/newton: 3499 | ls (cap|max|inv|bt):  0| 0| 0| 0| runtime: 1505.5 ms | cr: 6022.2
    2187. dt:  0.25 ms | #newton:  1 | ph:  0.0% | #CG/newton: 3487 | ls (cap|max|inv|bt):  0| 0| 0| 0| runtime: 1520.4 ms | cr: 6081.5
    2188. dt:  0.25 ms | #newton:  1 | ph:  0.0% | #CG/newton: 3467 | ls (cap|max|inv|bt):  0| 0| 0| 0| runtime: 1471.3 ms | cr: 5885.1
    2189. dt:  0.25 ms | #newton:  1 | ph:  0.0% | #CG/newton: 3673 | ls (cap|max|inv|bt):  0| 0| 0| 0| runtime: 1593.5 ms | cr: 6374.1
    2190. dt:  0.25 ms | #newton:  1 | ph:  0.0% | #CG/newton: 3475 | ls (cap|max|inv|bt):  0| 0| 0| 0| runtime: 1581.5 ms | cr: 6326.0
    2191. dt:  0.25 ms | #newton:  1 | ph:  0.0% | #CG/newton: 3675 | ls (cap|max|inv|bt):  0| 0| 0| 0| runtime: 1659.7 ms | cr: 6638.9
    2192. dt:  0.25 ms | #newton:  1 | ph:  0.0% | #CG/newton: 3685 | ls (cap|max|inv|bt):  0| 0| 0| 0| runtime: 1646.5 ms | cr: 6585.8
    2193. dt:  0.25 ms | #newton:  1 | ph:  0.0% | #CG/newton: 3517 | ls (cap|max|inv|bt):  0| 0| 0| 0| runtime: 1598.3 ms | cr: 6393.3
    2194. dt:  0.25 ms | #newton:  1 | ph:  0.0% | #CG/newton: 3471 | ls (cap|max|inv|bt):  0| 0| 0| 0| runtime: 1555.8 ms | cr: 6223.3
    2195. dt:  0.25 ms | #newton:  1 | ph:  0.0% | #CG/newton: 3461 | ls (cap|max|inv|bt):  0| 0| 0| 0| runtime: 1571.0 ms | cr: 6283.8
    2196. dt:  0.25 ms | #newton:  1 | ph:  0.0% | #CG/newton: 3623 | ls (cap|max|inv|bt):  0| 0| 0| 0| runtime: 1634.9 ms | cr: 6539.8
    2197. dt:  0.25 ms | #newton:  1 | ph:  0.0% | #CG/newton: 3635 | ls (cap|max|inv|bt):  0| 0| 0| 0| runtime: 1643.3 ms | cr: 6573.0
    2198. dt:  0.25 ms | #newton:  1 | ph:  0.0% | #CG/newton: 3641 | ls (cap|max|inv|bt):  0| 0| 0| 0| runtime: 1645.0 ms | cr: 6580.0
    2199. dt:  0.25 ms | #newton:  1 | ph:  0.0% | #CG/newton: 3652 | ls (cap|max|inv|bt):  0| 0| 0| 0| runtime: 1635.2 ms | cr: 6540.9
    2200. dt:  0.25 ms | #newton:  1 | ph:  0.0% | #CG/newton: 3663 | ls (cap|max|inv|bt):  0| 0| 0| 0| runtime: 1648.4 ms | cr: 6593.5
    2201. dt:  0.25 ms | #newton:  1 | ph:  0.0% | #CG/newton: 3674 | ls (cap|max|inv|bt):  0| 0| 0| 0| runtime: 1717.4 ms | cr: 6869.6
    2202. dt:  0.25 ms | #newton:  1 | ph:  0.0% | #CG/newton: 3649 | ls (cap|max|inv|bt):  0| 0| 0| 0| runtime: 1605.8 ms | cr: 6423.4
    2203. dt:  0.25 ms | #newton:  1 | ph:  0.0% | #CG/newton: 3436 | ls (cap|max|inv|bt):  0| 0| 0| 0| runtime: 1560.5 ms | cr: 6241.8
    2204. dt:  0.25 ms | #newton:  1 | ph:  0.0% | #CG/newton: 3789 | ls (cap|max|inv|bt):  0| 0| 0| 0| runtime: 1713.6 ms | cr: 6854.2
    2205. dt:  0.25 ms | #newton:  1 | ph:  0.0% | #CG/newton: 1768 | ls (cap|max|inv|bt):  0| 0| 0| 0| runtime:  868.7 ms | cr: 3474.9
    2206. dt:  0.25 ms | #newton:  1 | ph:  0.0% | #CG/newton: 1764 | ls (cap|max|inv|bt):  0| 0| 0| 0| runtime:  861.0 ms | cr: 3444.0
    2207. dt:  0.25 ms | #newton:  1 | ph:  0.0% | #CG/newton: 1765 | ls (cap|max|inv|bt):  0| 0| 0| 0| runtime:  852.4 ms | cr: 3409.6
    2208. dt:  0.25 ms | #newton:  1 | ph:  0.0% | #CG/newton: 1764 | ls (cap|max|inv|bt):  0| 0| 0| 0| runtime:  864.4 ms | cr: 3457.5
    2209. dt:  0.25 ms | #newton:  1 | ph:  0.0% | #CG/newton: 1761 | ls (cap|max|inv|bt):  0| 0| 0| 0| runtime:  847.7 ms | cr: 3390.8
    2210. dt:  0.25 ms | #newton:  1 | ph:  0.0% | #CG/newton: 1759 | ls (cap|max|inv|bt):  0| 0| 0| 0| runtime:  843.7 ms | cr: 3375.0
    2211. dt:  0.25 ms | #newton:  1 | ph:  0.0% | #CG/newton: 1760 | ls (cap|max|inv|bt):  0| 0| 0| 0| runtime:  855.8 ms | cr: 3423.3
    2212. dt:  0.25 ms | #newton:  1 | ph:  0.0% | #CG/newton: 1579 | ls (cap|max|inv|bt):  0| 0| 0| 0| runtime:  783.4 ms | cr: 3133.7
    2213. dt:  0.25 ms | #newton:  2 | ph:  0.0% | #CG/newton: 1898 | ls (cap|max|inv|bt):  0| 0| 0| 0| runtime: 1774.8 ms | cr: 7099.4
    2214. dt:  0.25 ms | #newton:  1 | ph:  0.0% | #CG/newton: 3530 | ls (cap|max|inv|bt):  0| 0| 0| 0| runtime: 1630.6 ms | cr: 6522.6
    2215. dt:  0.25 ms | #newton:  1 | ph:  0.0% | #CG/newton: 3771 | ls (cap|max|inv|bt):  0| 0| 0| 0| runtime: 1715.1 ms | cr: 6860.6
    2216. dt:  0.25 ms | #newton:  1 | ph:  0.0% | #CG/newton: 3924 | ls (cap|max|inv|bt):  0| 0| 0| 0| runtime: 1774.5 ms | cr: 7097.8
    2217. dt:  0.25 ms | #newton:  2 | ph:  0.0% | #CG/newton: 2067 | ls (cap|max|inv|bt):  0| 0| 0| 0| runtime: 1931.4 ms | cr: 7725.6
    2218. dt:  0.25 ms | #newton:  2 | ph:  0.0% | #CG/newton: 2048 | ls (cap|max|inv|bt):  0| 0| 0| 0| runtime: 1861.8 ms | cr: 7447.4
    2219. dt:  0.25 ms | #newton:  1 | ph:  0.0% | #CG/newton: 3722 | ls (cap|max|inv|bt):  0| 0| 0| 0| runtime: 1604.3 ms | cr: 6417.1
    2220. dt:  0.25 ms | #newton:  1 | ph:  0.0% | #CG/newton: 3909 | ls (cap|max|inv|bt):  0| 0| 0| 0| runtime: 1726.7 ms | cr: 6906.8
    2221. dt:  0.25 ms | #newton:  1 | ph:  0.0% | #CG/newton: 1939 | ls (cap|max|inv|bt):  0| 0| 0| 0| runtime:  903.2 ms | cr: 3612.9
    2222. dt:  0.25 ms | #newton:  1 | ph:  0.0% | #CG/newton: 4122 | ls (cap|max|inv|bt):  0| 0| 0| 0| runtime: 1860.4 ms | cr: 7441.6
    2223. dt:  0.25 ms | #newton:  1 | ph:  0.0% | #CG/newton: 1938 | ls (cap|max|inv|bt):  0| 0| 0| 0| runtime:  947.1 ms | cr: 3788.6
    2224. dt:  0.25 ms | #newton:  1 | ph:  0.0% | #CG/newton: 1903 | ls (cap|max|inv|bt):  0| 0| 0| 0| runtime:  917.3 ms | cr: 3669.3
    2225. dt:  0.25 ms | #newton:  1 | ph:  0.0% | #CG/newton: 1934 | ls (cap|max|inv|bt):  0| 0| 0| 0| runtime:  930.8 ms | cr: 3723.3
    2226. dt:  0.25 ms | #newton:  1 | ph:  0.0% | #CG/newton: 1930 | ls (cap|max|inv|bt):  0| 0| 0| 0| runtime:  927.0 ms | cr: 3708.1
    2227. dt:  0.25 ms | 
    Penetration couldn't be avoided. Contact stiffness hardened from 1.0e+08 to 2.0e+08.
