
================================== Settings ==============================
Stark Settings
     Output
         simulation_name: "mechanical_eval"
         output_directory: "/Users/wikios/.codex/worktrees/2c13/sim/examples/rotary_transmission/runs/candidate_023_contract_1_8_0/vtk"
         codegen_directory: "/Users/wikios/.codex/worktrees/2c13/sim/examples/rotary_transmission/runs/candidate_023_contract_1_8_0/codegen"
         time_stamp: "2026-08-17__21-23-26"
         fps: 30
         console_verbosity: Summary
         file_verbosity: Full
         enable_frame_writes: true
         enable_output: true
     Simulation
         gravity: (0.000000, 0.000000, -9.810000)
         init_frictional_contact: true
         max_time_step_size: 2.5000e-04
         use_adaptive_time_step: false
         time_step_size_success_multiplier: 1.05
         time_step_size_lower_bound: 1.0e-06
     Newton's Method
         Iteration limits
             max_iterations: 2147483647
             min_iterations: 0
         Convergence
             residual_tolerance_abs: 1.0e-06
             residual_tolerance_rel: 0.0e+00
             step_tolerance: 1.0e-03
             max_iterations_as_success: false
         Line search
             step_cap: inf
             enable_armijo_backtracking: true
             armijo_beta: 1.0e-04
             max_armijo_iterations: 20
             max_invalid_state_iterations: 8
             print_line_search_upon_failure: false
         Hessian projection
             projection_mode: Progressive
             projection_eps: 1.0e-10
             use_mirroring: false
             on_demand_countdown: 4
             ppn_tightening_factor: 0.50
             ppn_release_factor: 2.00
         Linear solver
             solver: BDPCG
             cg_max_iterations: 10000
             cg_abs_tolerance: 1.0e-12
             cg_rel_tolerance: 1.0e-04
             cg_stop_on_indefiniteness: true
             bailout_residual: 1.0e-10
     Execution
         allowed_execution_time: 1.8e+308
         end_simulation_time: 1.8e+308
         end_frame: 2147483647
         n_threads: 5

==================================== SymX ================================
Second Order Potentials:
    EnergyLumpedInertia.............................queued for compilation
    EnergyPrescribedPositions.......................queued for compilation
    EnergyAttachments_d_d_e_e.......................queued for compilation
    friction_d_d_pt_C0..............................queued for compilation
    EnergySegmentStrain.............................queued for compilation
    rb_constraint_global_directions.................queued for compilation
    EnergySegmentStrain_Elasticity_Only.............queued for compilation
    EnergyAttachments_rb_d..........................queued for compilation
    contact_d_d_pt_pp_cubic.........................queued for compilation
    friction_d_d_ee_C0..............................queued for compilation
    contact_d_d_pt_pe_cubic.........................queued for compilation
    contact_d_d_pt_pt_cubic.........................queued for compilation
    EnergyTriangleStrain............................queued for compilation
    contact_rb_rb_ee_ee_cubic.......................queued for compilation
    friction_rb_rb_pp_C0............................queued for compilation
    rb_constraint_points............................queued for compilation
    EnergyTriangleStrain_Elasticity_Only............queued for compilation
    contact_rb_d_pt_pp_cubic........................queued for compilation
    contact_d_d_ee_pp_cubic.........................queued for compilation
    contact_rb_d_pt_pe_cubic........................queued for compilation
    contact_d_d_ee_pe_cubic.........................queued for compilation
    friction_rb_rb_pe_C0............................queued for compilation
    EnergyDiscreteShells............................queued for compilation
    contact_d_d_ee_ee_cubic.........................queued for compilation
    EnergyBendingFlat...............................queued for compilation
    rb_constraint_point_on_axis.....................queued for compilation
    contact_rb_d_pt_pt_cubic........................queued for compilation
    contact_rb_rb_pt_pp_cubic.......................queued for compilation
    friction_rb_rb_pt_C0............................queued for compilation
    contact_rb_d_pt_ep_cubic........................queued for compilation
    contact_rb_d_pt_tp_cubic........................queued for compilation
    rb_constraint_distances.........................queued for compilation
    contact_rb_rb_pt_pe_cubic.......................queued for compilation
    friction_rb_rb_ee_C0............................queued for compilation
    EnergyTetStrain.................................queued for compilation
    friction_rb_d_pp_C0.............................queued for compilation
    EnergyTetStrain_Elasticity_Only.................queued for compilation
    EnergyRigidBodyInertia_Linear...................queued for compilation
    contact_rb_rb_pt_pt_cubic.......................queued for compilation
    EnergyRigidBodyInertia_Angular..................queued for compilation
    rb_constraint_distance_limits...................queued for compilation
    friction_rb_d_pe_C0.............................queued for compilation
    contact_rb_d_ee_pp_cubic........................queued for compilation
    rb_constraint_global_points.....................queued for compilation
    EnergyAttachments_d_d_p_t.......................queued for compilation
    EnergyAttachments_d_d_p_e.......................queued for compilation
    EnergyAttachments_d_d_p_p.......................queued for compilation
    friction_rb_d_pt_C0.............................queued for compilation
    rb_constraint_directions........................queued for compilation
    rb_constraint_angular_velocity..................queued for compilation
    rb_constraint_linear_velocity...................queued for compilation
    friction_rb_d_ee_C0.............................queued for compilation
    rb_constraint_angle_limits......................queued for compilation
    contact_rb_d_ee_pe_cubic........................queued for compilation
    friction_rb_d_ep_C0.............................queued for compilation
    rb_constraint_damped_spring.....................queued for compilation
    friction_d_d_pe_C0..............................queued for compilation
    friction_d_d_pp_C0..............................queued for compilation
    friction_rb_d_tp_C0.............................queued for compilation
    contact_rb_rb_ee_pp_cubic.......................queued for compilation
    contact_rb_d_ee_ee_cubic........................queued for compilation
    contact_rb_d_ee_ep_cubic........................queued for compilation
    contact_rb_rb_ee_pe_cubic.......................queued for compilation
Compiling... done.
Total time: 22.849675 s

Degrees of freedom:
soft.v1: 72369
rigid.v1: 21
rigid.w1: 21
Total: 72411

==================================== STARK ===============================
[Frame: 0] Time: 0.000 s
    0. dt:  0.25 ms | #newton:  0 | ph:  0.0% | #CG/newton:    0 | ls (cap|max|inv|bt):  0| 0| 0| 0| runtime:  139.0 ms | cr:  556.0
    1. dt:  0.25 ms | #newton:  0 | ph:  0.0% | #CG/newton:    0 | ls (cap|max|inv|bt):  0| 0| 0| 0| runtime:  119.9 ms | cr:  479.6
    2. dt:  0.25 ms | #newton:  0 | ph:  0.0% | #CG/newton:    0 | ls (cap|max|inv|bt):  0| 0| 0| 0| runtime:  119.2 ms | cr:  476.9
    3. dt:  0.25 ms | #newton:  0 | ph:  0.0% | #CG/newton:    0 | ls (cap|max|inv|bt):  0| 0| 0| 0| runtime:  116.5 ms | cr:  465.9
    4. dt:  0.25 ms | #newton:  0 | ph:  0.0% | #CG/newton:    0 | ls (cap|max|inv|bt):  0| 0| 0| 0| runtime:  121.0 ms | cr:  484.1
    5. dt:  0.25 ms | #newton:  0 | ph:  0.0% | #CG/newton:    0 | ls (cap|max|inv|bt):  0| 0| 0| 0| runtime:  119.1 ms | cr:  476.5
    6. dt:  0.25 ms | #newton:  0 | ph:  0.0% | #CG/newton:    0 | ls (cap|max|inv|bt):  0| 0| 0| 0| runtime:  116.7 ms | cr:  466.9
    7. dt:  0.25 ms | #newton:  0 | ph:  0.0% | #CG/newton:    0 | ls (cap|max|inv|bt):  0| 0| 0| 0| runtime:  117.6 ms | cr:  470.6
    8. dt:  0.25 ms | #newton:  0 | ph:  0.0% | #CG/newton:    0 | ls (cap|max|inv|bt):  0| 0| 0| 0| runtime:  115.1 ms | cr:  460.5
    9. dt:  0.25 ms | #newton:  0 | ph:  0.0% | #CG/newton:    0 | ls (cap|max|inv|bt):  0| 0| 0| 0| runtime:  117.9 ms | cr:  471.4
    10. dt:  0.25 ms | #newton:  0 | ph:  0.0% | #CG/newton:    0 | ls (cap|max|inv|bt):  0| 0| 0| 0| runtime:  113.9 ms | cr:  455.5
    11. dt:  0.25 ms | #newton:  0 | ph:  0.0% | #CG/newton:    0 | ls (cap|max|inv|bt):  0| 0| 0| 0| runtime:  115.9 ms | cr:  463.7
    12. dt:  0.25 ms | #newton:  0 | ph:  0.0% | #CG/newton:    0 | ls (cap|max|inv|bt):  0| 0| 0| 0| runtime:  118.1 ms | cr:  472.4
    13. dt:  0.25 ms | #newton:  0 | ph:  0.0% | #CG/newton:    0 | ls (cap|max|inv|bt):  0| 0| 0| 0| runtime:  117.2 ms | cr:  469.0
    14. dt:  0.25 ms | #newton:  0 | ph:  0.0% | #CG/newton:    0 | ls (cap|max|inv|bt):  0| 0| 0| 0| runtime:  117.8 ms | cr:  471.2
    15. dt:  0.25 ms | #newton:  0 | ph:  0.0% | #CG/newton:    0 | ls (cap|max|inv|bt):  0| 0| 0| 0| runtime:  116.7 ms | cr:  466.9
    16. dt:  0.25 ms | #newton:  0 | ph:  0.0% | #CG/newton:    0 | ls (cap|max|inv|bt):  0| 0| 0| 0| runtime:  116.9 ms | cr:  467.6
    17. dt:  0.25 ms | #newton:  0 | ph:  0.0% | #CG/newton:    0 | ls (cap|max|inv|bt):  0| 0| 0| 0| runtime:  119.5 ms | cr:  477.9
    18. dt:  0.25 ms | #newton:  0 | ph:  0.0% | #CG/newton:    0 | ls (cap|max|inv|bt):  0| 0| 0| 0| runtime:  125.0 ms | cr:  500.0
    19. dt:  0.25 ms | #newton:  0 | ph:  0.0% | #CG/newton:    0 | ls (cap|max|inv|bt):  0| 0| 0| 0| runtime:  122.0 ms | cr:  487.9
    20. dt:  0.25 ms | #newton:  0 | ph:  0.0% | #CG/newton:    0 | ls (cap|max|inv|bt):  0| 0| 0| 0| runtime:  127.0 ms | cr:  507.8
    21. dt:  0.25 ms | #newton:  0 | ph:  0.0% | #CG/newton:    0 | ls (cap|max|inv|bt):  0| 0| 0| 0| runtime:  143.8 ms | cr:  575.2
    22. dt:  0.25 ms | #newton:  0 | ph:  0.0% | #CG/newton:    0 | ls (cap|max|inv|bt):  0| 0| 0| 0| runtime:  117.1 ms | cr:  468.3
    23. dt:  0.25 ms | #newton:  0 | ph:  0.0% | #CG/newton:    0 | ls (cap|max|inv|bt):  0| 0| 0| 0| runtime:  118.9 ms | cr:  475.8
    24. dt:  0.25 ms | #newton:  0 | ph:  0.0% | #CG/newton:    0 | ls (cap|max|inv|bt):  0| 0| 0| 0| runtime:  116.7 ms | cr:  466.6
    25. dt:  0.25 ms | #newton:  0 | ph:  0.0% | #CG/newton:    0 | ls (cap|max|inv|bt):  0| 0| 0| 0| runtime:  114.7 ms | cr:  458.8
    26. dt:  0.25 ms | #newton:  0 | ph:  0.0% | #CG/newton:    0 | ls (cap|max|inv|bt):  0| 0| 0| 0| runtime:  120.9 ms | cr:  483.6
    27. dt:  0.25 ms | #newton:  0 | ph:  0.0% | #CG/newton:    0 | ls (cap|max|inv|bt):  0| 0| 0| 0| runtime:  119.6 ms | cr:  478.2
    28. dt:  0.25 ms | #newton:  0 | ph:  0.0% | #CG/newton:    0 | ls (cap|max|inv|bt):  0| 0| 0| 0| runtime:  115.4 ms | cr:  461.4
    29. dt:  0.25 ms | #newton:  0 | ph:  0.0% | #CG/newton:    0 | ls (cap|max|inv|bt):  0| 0| 0| 0| runtime:  116.8 ms | cr:  467.3
    30. dt:  0.25 ms | #newton:  0 | ph:  0.0% | #CG/newton:    0 | ls (cap|max|inv|bt):  0| 0| 0| 0| runtime:  115.8 ms | cr:  463.3
    31. dt:  0.25 ms | #newton:  0 | ph:  0.0% | #CG/newton:    0 | ls (cap|max|inv|bt):  0| 0| 0| 0| runtime:  116.7 ms | cr:  466.8
    32. dt:  0.25 ms | #newton:  0 | ph:  0.0% | #CG/newton:    0 | ls (cap|max|inv|bt):  0| 0| 0| 0| runtime:  119.1 ms | cr:  476.3
    33. dt:  0.25 ms | #newton:  0 | ph:  0.0% | #CG/newton:    0 | ls (cap|max|inv|bt):  0| 0| 0| 0| runtime:  121.8 ms | cr:  487.1
    34. dt:  0.25 ms | #newton:  0 | ph:  0.0% | #CG/newton:    0 | ls (cap|max|inv|bt):  0| 0| 0| 0| runtime:  119.0 ms | cr:  476.1
    35. dt:  0.25 ms | #newton:  0 | ph:  0.0% | #CG/newton:    0 | ls (cap|max|inv|bt):  0| 0| 0| 0| runtime:  116.5 ms | cr:  466.0
    36. dt:  0.25 ms | #newton:  0 | ph:  0.0% | #CG/newton:    0 | ls (cap|max|inv|bt):  0| 0| 0| 0| runtime:  110.1 ms | cr:  440.2
    37. dt:  0.25 ms | #newton:  0 | ph:  0.0% | #CG/newton:    0 | ls (cap|max|inv|bt):  0| 0| 0| 0| runtime:  116.5 ms | cr:  466.1
    38. dt:  0.25 ms | #newton:  0 | ph:  0.0% | #CG/newton:    0 | ls (cap|max|inv|bt):  0| 0| 0| 0| runtime:  115.8 ms | cr:  463.1
    39. dt:  0.25 ms | #newton:  0 | ph:  0.0% | #CG/newton:    0 | ls (cap|max|inv|bt):  0| 0| 0| 0| runtime:  115.3 ms | cr:  461.1
    40. dt:  0.25 ms | #newton:  0 | ph:  0.0% | #CG/newton:    0 | ls (cap|max|inv|bt):  0| 0| 0| 0| runtime:  121.5 ms | cr:  486.0
    41. dt:  0.25 ms | #newton:  0 | ph:  0.0% | #CG/newton:    0 | ls (cap|max|inv|bt):  0| 0| 0| 0| runtime:  117.4 ms | cr:  469.6
    42. dt:  0.25 ms | #newton:  0 | ph:  0.0% | #CG/newton:    0 | ls (cap|max|inv|bt):  0| 0| 0| 0| runtime:  117.3 ms | cr:  469.2
    43. dt:  0.25 ms | #newton:  0 | ph:  0.0% | #CG/newton:    0 | ls (cap|max|inv|bt):  0| 0| 0| 0| runtime:  117.6 ms | cr:  470.4
    44. dt:  0.25 ms | #newton:  0 | ph:  0.0% | #CG/newton:    0 | ls (cap|max|inv|bt):  0| 0| 0| 0| runtime:  121.0 ms | cr:  483.9
    45. dt:  0.25 ms | #newton:  0 | ph:  0.0% | #CG/newton:    0 | ls (cap|max|inv|bt):  0| 0| 0| 0| runtime:  119.2 ms | cr:  476.8
    46. dt:  0.25 ms | #newton:  1 | ph:  0.0% | #CG/newton:  102 | ls (cap|max|inv|bt):  0| 0| 0| 0| runtime:  181.4 ms | cr:  725.6
    47. dt:  0.25 ms | #newton:  0 | ph:  0.0% | #CG/newton:    0 | ls (cap|max|inv|bt):  0| 0| 0| 0| runtime:   59.6 ms | cr:  238.5
    48. dt:  0.25 ms | #newton:  0 | ph:  0.0% | #CG/newton:    0 | ls (cap|max|inv|bt):  0| 0| 0| 0| runtime:   64.5 ms | cr:  257.9
    49. dt:  0.25 ms | #newton:  0 | ph:  0.0% | #CG/newton:    0 | ls (cap|max|inv|bt):  0| 0| 0| 0| runtime:   64.4 ms | cr:  257.6
    50. dt:  0.25 ms | #newton:  0 | ph:  0.0% | #CG/newton:    0 | ls (cap|max|inv|bt):  0| 0| 0| 0| runtime:   60.3 ms | cr:  241.3
    51. dt:  0.25 ms | #newton:  0 | ph:  0.0% | #CG/newton:    0 | ls (cap|max|inv|bt):  0| 0| 0| 0| runtime:   61.0 ms | cr:  244.0
    52. dt:  0.25 ms | #newton:  0 | ph:  0.0% | #CG/newton:    0 | ls (cap|max|inv|bt):  0| 0| 0| 0| runtime:   61.2 ms | cr:  245.0
    53. dt:  0.25 ms | #newton:  0 | ph:  0.0% | #CG/newton:    0 | ls (cap|max|inv|bt):  0| 0| 0| 0| runtime:   60.2 ms | cr:  240.8
    54. dt:  0.25 ms | #newton:  0 | ph:  0.0% | #CG/newton:    0 | ls (cap|max|inv|bt):  0| 0| 0| 0| runtime:   60.3 ms | cr:  241.2
    55. dt:  0.25 ms | #newton:  0 | ph:  0.0% | #CG/newton:    0 | ls (cap|max|inv|bt):  0| 0| 0| 0| runtime:   62.7 ms | cr:  251.0
    56. dt:  0.25 ms | #newton:  0 | ph:  0.0% | #CG/newton:    0 | ls (cap|max|inv|bt):  0| 0| 0| 0| runtime:   60.1 ms | cr:  240.2
    57. dt:  0.25 ms | #newton:  0 | ph:  0.0% | #CG/newton:    0 | ls (cap|max|inv|bt):  0| 0| 0| 0| runtime:   61.3 ms | cr:  245.1
    58. dt:  0.25 ms | #newton:  0 | ph:  0.0% | #CG/newton:    0 | ls (cap|max|inv|bt):  0| 0| 0| 0| runtime:   62.1 ms | cr:  248.5
    59. dt:  0.25 ms | #newton:  0 | ph:  0.0% | #CG/newton:    0 | ls (cap|max|inv|bt):  0| 0| 0| 0| runtime:   62.6 ms | cr:  250.4
    60. dt:  0.25 ms | #newton:  0 | ph:  0.0% | #CG/newton:    0 | ls (cap|max|inv|bt):  0| 0| 0| 0| runtime:   59.7 ms | cr:  238.8
    61. dt:  0.25 ms | #newton:  0 | ph:  0.0% | #CG/newton:    0 | ls (cap|max|inv|bt):  0| 0| 0| 0| runtime:   64.1 ms | cr:  256.5
    62. dt:  0.25 ms | #newton:  0 | ph:  0.0% | #CG/newton:    0 | ls (cap|max|inv|bt):  0| 0| 0| 0| runtime:   60.1 ms | cr:  240.3
    63. dt:  0.25 ms | #newton:  0 | ph:  0.0% | #CG/newton:    0 | ls (cap|max|inv|bt):  0| 0| 0| 0| runtime:   62.2 ms | cr:  248.9
    64. dt:  0.25 ms | #newton:  0 | ph:  0.0% | #CG/newton:    0 | ls (cap|max|inv|bt):  0| 0| 0| 0| runtime:   60.4 ms | cr:  241.6
    65. dt:  0.25 ms | #newton:  0 | ph:  0.0% | #CG/newton:    0 | ls (cap|max|inv|bt):  0| 0| 0| 0| runtime:   59.5 ms | cr:  238.0
    66. dt:  0.25 ms | #newton:  0 | ph:  0.0% | #CG/newton:    0 | ls (cap|max|inv|bt):  0| 0| 0| 0| runtime:   63.1 ms | cr:  252.2
    67. dt:  0.25 ms | #newton:  1 | ph:  0.0% | #CG/newton:  390 | ls (cap|max|inv|bt):  0| 0| 0| 0| runtime:  296.8 ms | cr: 1187.3
    68. dt:  0.25 ms | #newton:  1 | ph:  0.0% | #CG/newton:    1 | ls (cap|max|inv|bt):  0| 0| 0| 0| runtime:  137.5 ms | cr:  549.8
    69. dt:  0.25 ms | #newton:  1 | ph:  0.0% | #CG/newton:    1 | ls (cap|max|inv|bt):  0| 0| 0| 0| runtime:  139.2 ms | cr:  556.8
    70. dt:  0.25 ms | #newton:  1 | ph:  0.0% | #CG/newton:    1 | ls (cap|max|inv|bt):  0| 0| 0| 0| runtime:  141.5 ms | cr:  566.1
    71. dt:  0.25 ms | #newton:  1 | ph:  0.0% | #CG/newton:    2 | ls (cap|max|inv|bt):  0| 0| 0| 0| runtime:  139.8 ms | cr:  559.2
    72. dt:  0.25 ms | #newton:  1 | ph:  0.0% | #CG/newton:    1 | ls (cap|max|inv|bt):  0| 0| 0| 0| runtime:  140.5 ms | cr:  562.1
    73. dt:  0.25 ms | #newton:  1 | ph:  0.0% | #CG/newton:    1 | ls (cap|max|inv|bt):  0| 0| 0| 0| runtime:  141.9 ms | cr:  567.6
    74. dt:  0.25 ms | #newton:  1 | ph:  0.0% | #CG/newton:    1 | ls (cap|max|inv|bt):  0| 0| 0| 0| runtime:  139.9 ms | cr:  559.5
    75. dt:  0.25 ms | #newton:  1 | ph:  0.0% | #CG/newton:    1 | ls (cap|max|inv|bt):  0| 0| 0| 0| runtime:  142.5 ms | cr:  569.9
    76. dt:  0.25 ms | #newton:  1 | ph:  0.0% | #CG/newton:    1 | ls (cap|max|inv|bt):  0| 0| 0| 0| runtime:  141.0 ms | cr:  564.1
    77. dt:  0.25 ms | #newton:  1 | ph:  0.0% | #CG/newton:    1 | ls (cap|max|inv|bt):  0| 0| 0| 0| runtime:  141.3 ms | cr:  565.2
    78. dt:  0.25 ms | #newton:  1 | ph:  0.0% | #CG/newton:    2 | ls (cap|max|inv|bt):  0| 0| 0| 0| runtime:  147.9 ms | cr:  591.5
    79. dt:  0.25 ms | #newton:  1 | ph:  0.0% | #CG/newton:    1 | ls (cap|max|inv|bt):  0| 0| 0| 0| runtime:  142.8 ms | cr:  571.3
    80. dt:  0.25 ms | #newton:  1 | ph:  0.0% | #CG/newton:    1 | ls (cap|max|inv|bt):  0| 0| 0| 0| runtime:  139.0 ms | cr:  555.9
    81. dt:  0.25 ms | #newton:  1 | ph:  0.0% | #CG/newton:    1 | ls (cap|max|inv|bt):  0| 0| 0| 0| runtime:  141.8 ms | cr:  567.0
    82. dt:  0.25 ms | #newton:  1 | ph:  0.0% | #CG/newton:    1 | ls (cap|max|inv|bt):  0| 0| 0| 0| runtime:  146.1 ms | cr:  584.5
    83. dt:  0.25 ms | #newton:  1 | ph:  0.0% | #CG/newton:    1 | ls (cap|max|inv|bt):  0| 0| 0| 0| runtime:  140.5 ms | cr:  562.1
    84. dt:  0.25 ms | #newton:  1 | ph:  0.0% | #CG/newton:    1 | ls (cap|max|inv|bt):  0| 0| 0| 0| runtime:  142.6 ms | cr:  570.5
    85. dt:  0.25 ms | #newton:  1 | ph:  0.0% | #CG/newton:    2 | ls (cap|max|inv|bt):  0| 0| 0| 0| runtime:  146.4 ms | cr:  585.5
    86. dt:  0.25 ms | #newton:  1 | ph:  0.0% | #CG/newton:    1 | ls (cap|max|inv|bt):  0| 0| 0| 0| runtime:  151.3 ms | cr:  605.2
    87. dt:  0.25 ms | #newton:  1 | ph:  0.0% | #CG/newton:    1 | ls (cap|max|inv|bt):  0| 0| 0| 0| runtime:  142.5 ms | cr:  570.1
    88. dt:  0.25 ms | #newton:  1 | ph:  0.0% | #CG/newton:    1 | ls (cap|max|inv|bt):  0| 0| 0| 0| runtime:  141.1 ms | cr:  564.3
    89. dt:  0.25 ms | #newton:  1 | ph:  0.0% | #CG/newton:    1 | ls (cap|max|inv|bt):  0| 0| 0| 0| runtime:  140.3 ms | cr:  561.1
    90. dt:  0.25 ms | #newton:  1 | ph:  0.0% | #CG/newton:    1 | ls (cap|max|inv|bt):  0| 0| 0| 0| runtime:  139.8 ms | cr:  559.4
    91. dt:  0.25 ms | #newton:  1 | ph:  0.0% | #CG/newton:    2 | ls (cap|max|inv|bt):  0| 0| 0| 0| runtime:  143.5 ms | cr:  573.8
    92. dt:  0.25 ms | #newton:  1 | ph:  0.0% | #CG/newton:    1 | ls (cap|max|inv|bt):  0| 0| 0| 0| runtime:  140.0 ms | cr:  559.9
    93. dt:  0.25 ms | #newton:  1 | ph:  0.0% | #CG/newton:    1 | ls (cap|max|inv|bt):  0| 0| 0| 0| runtime:  142.7 ms | cr:  570.6
    94. dt:  0.25 ms | #newton:  1 | ph:  0.0% | #CG/newton:    1 | ls (cap|max|inv|bt):  0| 0| 0| 0| runtime:  137.2 ms | cr:  548.9
    95. dt:  0.25 ms | #newton:  1 | ph:  0.0% | #CG/newton:    1 | ls (cap|max|inv|bt):  0| 0| 0| 0| runtime:  139.6 ms | cr:  558.3
    96. dt:  0.25 ms | #newton:  1 | ph:  0.0% | #CG/newton:    1 | ls (cap|max|inv|bt):  0| 0| 0| 0| runtime:  140.2 ms | cr:  560.7
    97. dt:  0.25 ms | #newton:  1 | ph:  0.0% | #CG/newton:    2 | ls (cap|max|inv|bt):  0| 0| 0| 0| runtime:  139.6 ms | cr:  558.5
    98. dt:  0.25 ms | #newton:  1 | ph:  0.0% | #CG/newton:    1 | ls (cap|max|inv|bt):  0| 0| 0| 0| runtime:  142.9 ms | cr:  571.5
    99. dt:  0.25 ms | #newton:  1 | ph:  0.0% | #CG/newton:    1 | ls (cap|max|inv|bt):  0| 0| 0| 0| runtime:  141.3 ms | cr:  565.2
    100. dt:  0.25 ms | #newton:  1 | ph:  0.0% | #CG/newton:    1 | ls (cap|max|inv|bt):  0| 0| 0| 0| runtime:  142.5 ms | cr:  570.1
    101. dt:  0.25 ms | #newton:  1 | ph:  0.0% | #CG/newton:    1 | ls (cap|max|inv|bt):  0| 0| 0| 0| runtime:  137.0 ms | cr:  547.9
    102. dt:  0.25 ms | #newton:  1 | ph:  0.0% | #CG/newton:    1 | ls (cap|max|inv|bt):  0| 0| 0| 0| runtime:  140.4 ms | cr:  561.8
    103. dt:  0.25 ms | #newton:  1 | ph:  0.0% | #CG/newton:    2 | ls (cap|max|inv|bt):  0| 0| 0| 0| runtime:  141.8 ms | cr:  567.1
    104. dt:  0.25 ms | #newton:  1 | ph:  0.0% | #CG/newton:    1 | ls (cap|max|inv|bt):  0| 0| 0| 0| runtime:  138.9 ms | cr:  555.6
    105. dt:  0.25 ms | #newton:  1 | ph:  0.0% | #CG/newton:    1 | ls (cap|max|inv|bt):  0| 0| 0| 0| runtime:  145.3 ms | cr:  581.2
    106. dt:  0.25 ms | #newton:  1 | ph:  0.0% | #CG/newton:    1 | ls (cap|max|inv|bt):  0| 0| 0| 0| runtime:  141.5 ms | cr:  565.9
    107. dt:  0.25 ms | #newton:  1 | ph:  0.0% | #CG/newton:    1 | ls (cap|max|inv|bt):  0| 0| 0| 0| runtime:  137.7 ms | cr:  550.8
    108. dt:  0.25 ms | #newton:  1 | ph:  0.0% | #CG/newton:    1 | ls (cap|max|inv|bt):  0| 0| 0| 0| runtime:  142.6 ms | cr:  570.4
    109. dt:  0.25 ms | #newton:  1 | ph:  0.0% | #CG/newton:    2 | ls (cap|max|inv|bt):  0| 0| 0| 0| runtime:  142.4 ms | cr:  569.6
    110. dt:  0.25 ms | #newton:  1 | ph:  0.0% | #CG/newton:    1 | ls (cap|max|inv|bt):  0| 0| 0| 0| runtime:  142.1 ms | cr:  568.5
    111. dt:  0.25 ms | #newton:  1 | ph:  0.0% | #CG/newton:    1 | ls (cap|max|inv|bt):  0| 0| 0| 0| runtime:  139.4 ms | cr:  557.4
    112. dt:  0.25 ms | #newton:  1 | ph:  0.0% | #CG/newton:    1 | ls (cap|max|inv|bt):  0| 0| 0| 0| runtime:  145.5 ms | cr:  582.1
    113. dt:  0.25 ms | #newton:  1 | ph:  0.0% | #CG/newton:    1 | ls (cap|max|inv|bt):  0| 0| 0| 0| runtime:  140.2 ms | cr:  560.9
    114. dt:  0.25 ms | #newton:  1 | ph:  0.0% | #CG/newton:    2 | ls (cap|max|inv|bt):  0| 0| 0| 0| runtime:  140.9 ms | cr:  563.6
    115. dt:  0.25 ms | #newton:  1 | ph:  0.0% | #CG/newton:    1 | ls (cap|max|inv|bt):  0| 0| 0| 0| runtime:  142.1 ms | cr:  568.3
    116. dt:  0.25 ms | #newton:  1 | ph:  0.0% | #CG/newton:    1 | ls (cap|max|inv|bt):  0| 0| 0| 0| runtime:  145.2 ms | cr:  580.9
    117. dt:  0.25 ms | #newton:  1 | ph:  0.0% | #CG/newton:    1 | ls (cap|max|inv|bt):  0| 0| 0| 0| runtime:  141.5 ms | cr:  565.8
    118. dt:  0.25 ms | #newton:  1 | ph:  0.0% | #CG/newton:    1 | ls (cap|max|inv|bt):  0| 0| 0| 0| runtime:  140.8 ms | cr:  563.4
    119. dt:  0.25 ms | #newton:  1 | ph:  0.0% | #CG/newton:    2 | ls (cap|max|inv|bt):  0| 0| 0| 0| runtime:  141.4 ms | cr:  565.5
    120. dt:  0.25 ms | #newton:  1 | ph:  0.0% | #CG/newton:    1 | ls (cap|max|inv|bt):  0| 0| 0| 0| runtime:  140.3 ms | cr:  561.3
    121. dt:  0.25 ms | #newton:  1 | ph:  0.0% | #CG/newton:    1 | ls (cap|max|inv|bt):  0| 0| 0| 0| runtime:  146.7 ms | cr:  586.8
    122. dt:  0.25 ms | #newton:  1 | ph:  0.0% | #CG/newton:    1 | ls (cap|max|inv|bt):  0| 0| 0| 0| runtime:  142.2 ms | cr:  568.8
    123. dt:  0.25 ms | #newton:  1 | ph:  0.0% | #CG/newton:    1 | ls (cap|max|inv|bt):  0| 0| 0| 0| runtime:  138.5 ms | cr:  554.0
    124. dt:  0.25 ms | #newton:  1 | ph:  0.0% | #CG/newton:    1 | ls (cap|max|inv|bt):  0| 0| 0| 0| runtime:  140.8 ms | cr:  563.1
    125. dt:  0.25 ms | #newton:  1 | ph:  0.0% | #CG/newton:    2 | ls (cap|max|inv|bt):  0| 0| 0| 0| runtime:  143.7 ms | cr:  574.8
    126. dt:  0.25 ms | #newton:  1 | ph:  0.0% | #CG/newton:    1 | ls (cap|max|inv|bt):  0| 0| 0| 0| runtime:  139.4 ms | cr:  557.4
    127. dt:  0.25 ms | #newton:  1 | ph:  0.0% | #CG/newton:    1 | ls (cap|max|inv|bt):  0| 0| 0| 0| runtime:  141.9 ms | cr:  567.6
    128. dt:  0.25 ms | #newton:  1 | ph:  0.0% | #CG/newton:    1 | ls (cap|max|inv|bt):  0| 0| 0| 0| runtime:  144.9 ms | cr:  579.6
    129. dt:  0.25 ms | #newton:  1 | ph:  0.0% | #CG/newton:    1 | ls (cap|max|inv|bt):  0| 0| 0| 0| runtime:  139.6 ms | cr:  558.4
    130. dt:  0.25 ms | #newton:  1 | ph:  0.0% | #CG/newton:    2 | ls (cap|max|inv|bt):  0| 0| 0| 0| runtime:  143.8 ms | cr:  575.1
    131. dt:  0.25 ms | #newton:  1 | ph:  0.0% | #CG/newton:    1 | ls (cap|max|inv|bt):  0| 0| 0| 0| runtime:  141.9 ms | cr:  567.5
    132. dt:  0.25 ms | #newton:  1 | ph:  0.0% | #CG/newton:    1 | ls (cap|max|inv|bt):  0| 0| 0| 0| runtime:  142.2 ms | cr:  568.9
    133. dt:  0.25 ms | #newton:  1 | ph:  0.0% | #CG/newton:    1 | ls (cap|max|inv|bt):  0| 0| 0| 0| runtime:  141.4 ms | cr:  565.6
[Frame: 1] Time: 0.034 s
    134. dt:  0.25 ms | #newton:  1 | ph:  0.0% | #CG/newton:    1 | ls (cap|max|inv|bt):  0| 0| 0| 0| runtime:  141.0 ms | cr:  564.2
    135. dt:  0.25 ms | #newton:  1 | ph:  0.0% | #CG/newton:    2 | ls (cap|max|inv|bt):  0| 0| 0| 0| runtime:  143.8 ms | cr:  575.4
    136. dt:  0.25 ms | #newton:  1 | ph:  0.0% | #CG/newton:    1 | ls (cap|max|inv|bt):  0| 0| 0| 0| runtime:  140.1 ms | cr:  560.3
    137. dt:  0.25 ms | #newton:  1 | ph:  0.0% | #CG/newton:    1 | ls (cap|max|inv|bt):  0| 0| 0| 0| runtime:  138.6 ms | cr:  554.5
    138. dt:  0.25 ms | #newton:  1 | ph:  0.0% | #CG/newton:    1 | ls (cap|max|inv|bt):  0| 0| 0| 0| runtime:  141.8 ms | cr:  567.1
    139. dt:  0.25 ms | #newton:  1 | ph:  0.0% | #CG/newton:    1 | ls (cap|max|inv|bt):  0| 0| 0| 0| runtime:  145.2 ms | cr:  581.0
    140. dt:  0.25 ms | #newton:  1 | ph:  0.0% | #CG/newton:    1 | ls (cap|max|inv|bt):  0| 0| 0| 0| runtime:  145.0 ms | cr:  579.8
    141. dt:  0.25 ms | #newton:  1 | ph:  0.0% | #CG/newton:    2 | ls (cap|max|inv|bt):  0| 0| 0| 0| runtime:  141.3 ms | cr:  565.0
    142. dt:  0.25 ms | #newton:  1 | ph:  0.0% | #CG/newton:    1 | ls (cap|max|inv|bt):  0| 0| 0| 0| runtime:  140.5 ms | cr:  562.1
    143. dt:  0.25 ms | #newton:  1 | ph:  0.0% | #CG/newton:    1 | ls (cap|max|inv|bt):  0| 0| 0| 0| runtime:  143.3 ms | cr:  573.0
    144. dt:  0.25 ms | #newton:  1 | ph:  0.0% | #CG/newton:    1 | ls (cap|max|inv|bt):  0| 0| 0| 0| runtime:  142.7 ms | cr:  570.9
    145. dt:  0.25 ms | #newton:  1 | ph:  0.0% | #CG/newton:    1 | ls (cap|max|inv|bt):  0| 0| 0| 0| runtime:  140.1 ms | cr:  560.3
    146. dt:  0.25 ms | #newton:  1 | ph:  0.0% | #CG/newton:    2 | ls (cap|max|inv|bt):  0| 0| 0| 0| runtime:  141.1 ms | cr:  564.3
    147. dt:  0.25 ms | #newton:  1 | ph:  0.0% | #CG/newton:    1 | ls (cap|max|inv|bt):  0| 0| 0| 0| runtime:  138.1 ms | cr:  552.5
    148. dt:  0.25 ms | #newton:  1 | ph:  0.0% | #CG/newton:    1 | ls (cap|max|inv|bt):  0| 0| 0| 0| runtime:  146.1 ms | cr:  584.3
    149. dt:  0.25 ms | #newton:  1 | ph:  0.0% | #CG/newton:    1 | ls (cap|max|inv|bt):  0| 0| 0| 0| runtime:  144.2 ms | cr:  576.6
    150. dt:  0.25 ms | #newton:  1 | ph:  0.0% | #CG/newton:    1 | ls (cap|max|inv|bt):  0| 0| 0| 0| runtime:  140.6 ms | cr:  562.6
    151. dt:  0.25 ms | #newton:  1 | ph:  0.0% | #CG/newton:    2 | ls (cap|max|inv|bt):  0| 0| 0| 0| runtime:  140.3 ms | cr:  561.0
    152. dt:  0.25 ms | #newton:  1 | ph:  0.0% | #CG/newton:    1 | ls (cap|max|inv|bt):  0| 0| 0| 0| runtime:  140.6 ms | cr:  562.4
    153. dt:  0.25 ms | #newton:  1 | ph:  0.0% | #CG/newton:    1 | ls (cap|max|inv|bt):  0| 0| 0| 0| runtime:  142.5 ms | cr:  570.2
    154. dt:  0.25 ms | #newton:  1 | ph:  0.0% | #CG/newton:    1 | ls (cap|max|inv|bt):  0| 0| 0| 0| runtime:  143.6 ms | cr:  574.6
    155. dt:  0.25 ms | #newton:  1 | ph:  0.0% | #CG/newton:    1 | ls (cap|max|inv|bt):  0| 0| 0| 0| runtime:  140.9 ms | cr:  563.4
    156. dt:  0.25 ms | #newton:  1 | ph:  0.0% | #CG/newton:    2 | ls (cap|max|inv|bt):  0| 0| 0| 0| runtime:  139.1 ms | cr:  556.5
    157. dt:  0.25 ms | #newton:  1 | ph:  0.0% | #CG/newton:    1 | ls (cap|max|inv|bt):  0| 0| 0| 0| runtime:  139.0 ms | cr:  555.8
    158. dt:  0.25 ms | #newton:  1 | ph:  0.0% | #CG/newton:    1 | ls (cap|max|inv|bt):  0| 0| 0| 0| runtime:  138.8 ms | cr:  555.1
    159. dt:  0.25 ms | #newton:  1 | ph:  0.0% | #CG/newton:    1 | ls (cap|max|inv|bt):  0| 0| 0| 0| runtime:  142.0 ms | cr:  568.0
    160. dt:  0.25 ms | #newton:  1 | ph:  0.0% | #CG/newton:    1 | ls (cap|max|inv|bt):  0| 0| 0| 0| runtime:  139.5 ms | cr:  558.2
    161. dt:  0.25 ms | #newton:  1 | ph:  0.0% | #CG/newton:    2 | ls (cap|max|inv|bt):  0| 0| 0| 0| runtime:  141.1 ms | cr:  564.5
    162. dt:  0.25 ms | #newton:  1 | ph:  0.0% | #CG/newton:    1 | ls (cap|max|inv|bt):  0| 0| 0| 0| runtime:  145.4 ms | cr:  581.4
    163. dt:  0.25 ms | #newton:  1 | ph:  0.0% | #CG/newton:    1 | ls (cap|max|inv|bt):  0| 0| 0| 0| runtime:  140.6 ms | cr:  562.5
    164. dt:  0.25 ms | #newton:  1 | ph:  0.0% | #CG/newton:    1 | ls (cap|max|inv|bt):  0| 0| 0| 0| runtime:  141.4 ms | cr:  565.7
    165. dt:  0.25 ms | #newton:  1 | ph:  0.0% | #CG/newton:    1 | ls (cap|max|inv|bt):  0| 0| 0| 0| runtime:  141.0 ms | cr:  564.0
    166. dt:  0.25 ms | #newton:  1 | ph:  0.0% | #CG/newton:    2 | ls (cap|max|inv|bt):  0| 0| 0| 0| runtime:  140.4 ms | cr:  561.6
    167. dt:  0.25 ms | #newton:  1 | ph:  0.0% | #CG/newton:    1 | ls (cap|max|inv|bt):  0| 0| 0| 0| runtime:  142.0 ms | cr:  568.1
    168. dt:  0.25 ms | #newton:  1 | ph:  0.0% | #CG/newton:    1 | ls (cap|max|inv|bt):  0| 0| 0| 0| runtime:  144.5 ms | cr:  578.1
    169. dt:  0.25 ms | #newton:  1 | ph:  0.0% | #CG/newton:    1 | ls (cap|max|inv|bt):  0| 0| 0| 0| runtime:  140.0 ms | cr:  560.1
    170. dt:  0.25 ms | #newton:  1 | ph:  0.0% | #CG/newton:    1 | ls (cap|max|inv|bt):  0| 0| 0| 0| runtime:  138.5 ms | cr:  554.0
    171. dt:  0.25 ms | #newton:  1 | ph:  0.0% | #CG/newton:    2 | ls (cap|max|inv|bt):  0| 0| 0| 0| runtime:  138.3 ms | cr:  553.3
    172. dt:  0.25 ms | #newton:  1 | ph:  0.0% | #CG/newton:    1 | ls (cap|max|inv|bt):  0| 0| 0| 0| runtime:  142.4 ms | cr:  569.6
    173. dt:  0.25 ms | #newton:  1 | ph:  0.0% | #CG/newton:    1 | ls (cap|max|inv|bt):  0| 0| 0| 0| runtime:  138.9 ms | cr:  555.7
    174. dt:  0.25 ms | #newton:  1 | ph:  0.0% | #CG/newton:    1 | ls (cap|max|inv|bt):  0| 0| 0| 0| runtime:  139.8 ms | cr:  559.1
    175. dt:  0.25 ms | #newton:  1 | ph:  0.0% | #CG/newton:    1 | ls (cap|max|inv|bt):  0| 0| 0| 0| runtime:  140.2 ms | cr:  560.7
    176. dt:  0.25 ms | #newton:  1 | ph:  0.0% | #CG/newton:    2 | ls (cap|max|inv|bt):  0| 0| 0| 0| runtime:  142.9 ms | cr:  571.6
    177. dt:  0.25 ms | #newton:  1 | ph:  0.0% | #CG/newton:    1 | ls (cap|max|inv|bt):  0| 0| 0| 0| runtime:  141.4 ms | cr:  565.6
    178. dt:  0.25 ms | #newton:  1 | ph:  0.0% | #CG/newton:    1 | ls (cap|max|inv|bt):  0| 0| 0| 0| runtime:  142.2 ms | cr:  568.7
    179. dt:  0.25 ms | #newton:  1 | ph:  0.0% | #CG/newton:    1 | ls (cap|max|inv|bt):  0| 0| 0| 0| runtime:  139.8 ms | cr:  559.4
    180. dt:  0.25 ms | #newton:  1 | ph:  0.0% | #CG/newton:    1 | ls (cap|max|inv|bt):  0| 0| 0| 0| runtime:  139.2 ms | cr:  557.0
    181. dt:  0.25 ms | #newton:  1 | ph:  0.0% | #CG/newton:    2 | ls (cap|max|inv|bt):  0| 0| 0| 0| runtime:  139.1 ms | cr:  556.5
    182. dt:  0.25 ms | #newton:  1 | ph:  0.0% | #CG/newton:    1 | ls (cap|max|inv|bt):  0| 0| 0| 0| runtime:  138.9 ms | cr:  555.7
    183. dt:  0.25 ms | #newton:  1 | ph:  0.0% | #CG/newton:    1 | ls (cap|max|inv|bt):  0| 0| 0| 0| runtime:  144.6 ms | cr:  578.5
    184. dt:  0.25 ms | #newton:  1 | ph:  0.0% | #CG/newton:    1 | ls (cap|max|inv|bt):  0| 0| 0| 0| runtime:  144.5 ms | cr:  577.9
    185. dt:  0.25 ms | #newton:  1 | ph:  0.0% | #CG/newton:    1 | ls (cap|max|inv|bt):  0| 0| 0| 0| runtime:  144.4 ms | cr:  577.5
    186. dt:  0.25 ms | #newton:  1 | ph:  0.0% | #CG/newton:    2 | ls (cap|max|inv|bt):  0| 0| 0| 0| runtime:  148.8 ms | cr:  595.3
    187. dt:  0.25 ms | #newton:  1 | ph:  0.0% | #CG/newton:    1 | ls (cap|max|inv|bt):  0| 0| 0| 0| runtime:  140.8 ms | cr:  563.2
    188. dt:  0.25 ms | #newton:  1 | ph:  0.0% | #CG/newton:    1 | ls (cap|max|inv|bt):  0| 0| 0| 0| runtime:  141.4 ms | cr:  565.6
    189. dt:  0.25 ms | #newton:  1 | ph:  0.0% | #CG/newton:    1 | ls (cap|max|inv|bt):  0| 0| 0| 0| runtime:  144.9 ms | cr:  579.7
    190. dt:  0.25 ms | #newton:  1 | ph:  0.0% | #CG/newton:    1 | ls (cap|max|inv|bt):  0| 0| 0| 0| runtime:  141.3 ms | cr:  565.3
    191. dt:  0.25 ms | #newton:  1 | ph:  0.0% | #CG/newton:    2 | ls (cap|max|inv|bt):  0| 0| 0| 0| runtime:  143.2 ms | cr:  572.6
    192. dt:  0.25 ms | #newton:  1 | ph:  0.0% | #CG/newton:    1 | ls (cap|max|inv|bt):  0| 0| 0| 0| runtime:  152.4 ms | cr:  609.6
    193. dt:  0.25 ms | #newton:  1 | ph:  0.0% | #CG/newton:    1 | ls (cap|max|inv|bt):  0| 0| 0| 0| runtime:  142.3 ms | cr:  569.0
    194. dt:  0.25 ms | #newton:  1 | ph:  0.0% | #CG/newton:    1 | ls (cap|max|inv|bt):  0| 0| 0| 0| runtime:  145.4 ms | cr:  581.5
    195. dt:  0.25 ms | #newton:  1 | ph:  0.0% | #CG/newton:    1 | ls (cap|max|inv|bt):  0| 0| 0| 0| runtime:  139.9 ms | cr:  559.5
    196. dt:  0.25 ms | #newton:  1 | ph:  0.0% | #CG/newton:    2 | ls (cap|max|inv|bt):  0| 0| 0| 0| runtime:  146.0 ms | cr:  584.0
    197. dt:  0.25 ms | #newton:  1 | ph:  0.0% | #CG/newton:    1 | ls (cap|max|inv|bt):  0| 0| 0| 0| runtime:  141.4 ms | cr:  565.5
    198. dt:  0.25 ms | #newton:  1 | ph:  0.0% | #CG/newton:    1 | ls (cap|max|inv|bt):  0| 0| 0| 0| runtime:  140.5 ms | cr:  561.9
    199. dt:  0.25 ms | #newton:  1 | ph:  0.0% | #CG/newton:    1 | ls (cap|max|inv|bt):  0| 0| 0| 0| runtime:  143.1 ms | cr:  572.3
    200. dt:  0.25 ms | #newton:  1 | ph:  0.0% | #CG/newton:    1 | ls (cap|max|inv|bt):  0| 0| 0| 0| runtime:  141.8 ms | cr:  567.4
    201. dt:  0.25 ms | #newton:  1 | ph:  0.0% | #CG/newton:    2 | ls (cap|max|inv|bt):  0| 0| 0| 0| runtime:  141.6 ms | cr:  566.3
    202. dt:  0.25 ms | #newton:  1 | ph:  0.0% | #CG/newton:    1 | ls (cap|max|inv|bt):  0| 0| 0| 0| runtime:  144.7 ms | cr:  578.9
    203. dt:  0.25 ms | #newton:  1 | ph:  0.0% | #CG/newton:    1 | ls (cap|max|inv|bt):  0| 0| 0| 0| runtime:  140.3 ms | cr:  561.2
    204. dt:  0.25 ms | #newton:  1 | ph:  0.0% | #CG/newton:    1 | ls (cap|max|inv|bt):  0| 0| 0| 0| runtime:  147.1 ms | cr:  588.6
    205. dt:  0.25 ms | #newton:  1 | ph:  0.0% | #CG/newton:    1 | ls (cap|max|inv|bt):  0| 0| 0| 0| runtime:  142.8 ms | cr:  571.2
    206. dt:  0.25 ms | #newton:  1 | ph:  0.0% | #CG/newton:    2 | ls (cap|max|inv|bt):  0| 0| 0| 0| runtime:  142.1 ms | cr:  568.3
    207. dt:  0.25 ms | #newton:  1 | ph:  0.0% | #CG/newton:    1 | ls (cap|max|inv|bt):  0| 0| 0| 0| runtime:  142.1 ms | cr:  568.3
    208. dt:  0.25 ms | #newton:  1 | ph:  0.0% | #CG/newton:    1 | ls (cap|max|inv|bt):  0| 0| 0| 0| runtime:  145.9 ms | cr:  583.8
    209. dt:  0.25 ms | #newton:  1 | ph:  0.0% | #CG/newton:    1 | ls (cap|max|inv|bt):  0| 0| 0| 0| runtime:  146.1 ms | cr:  584.4
    210. dt:  0.25 ms | #newton:  1 | ph:  0.0% | #CG/newton:    1 | ls (cap|max|inv|bt):  0| 0| 0| 0| runtime:  144.4 ms | cr:  577.6
    211. dt:  0.25 ms | #newton:  1 | ph:  0.0% | #CG/newton:    2 | ls (cap|max|inv|bt):  0| 0| 0| 0| runtime:  146.4 ms | cr:  585.7
    212. dt:  0.25 ms | #newton:  1 | ph:  0.0% | #CG/newton:    1 | ls (cap|max|inv|bt):  0| 0| 0| 0| runtime:  140.9 ms | cr:  563.7
    213. dt:  0.25 ms | #newton:  1 | ph:  0.0% | #CG/newton:    1 | ls (cap|max|inv|bt):  0| 0| 0| 0| runtime:  143.5 ms | cr:  573.9
    214. dt:  0.25 ms | #newton:  1 | ph:  0.0% | #CG/newton:    1 | ls (cap|max|inv|bt):  0| 0| 0| 0| runtime:  142.1 ms | cr:  568.5
    215. dt:  0.25 ms | #newton:  1 | ph:  0.0% | #CG/newton:    1 | ls (cap|max|inv|bt):  0| 0| 0| 0| runtime:  139.9 ms | cr:  559.5
    216. dt:  0.25 ms | #newton:  1 | ph:  0.0% | #CG/newton:    2 | ls (cap|max|inv|bt):  0| 0| 0| 0| runtime:  143.5 ms | cr:  573.9
    217. dt:  0.25 ms | #newton:  1 | ph:  0.0% | #CG/newton:    1 | ls (cap|max|inv|bt):  0| 0| 0| 0| runtime:  145.6 ms | cr:  582.6
    218. dt:  0.25 ms | #newton:  1 | ph:  0.0% | #CG/newton:    1 | ls (cap|max|inv|bt):  0| 0| 0| 0| runtime:  141.0 ms | cr:  563.9
    219. dt:  0.25 ms | #newton:  1 | ph:  0.0% | #CG/newton:    1 | ls (cap|max|inv|bt):  0| 0| 0| 0| runtime:  144.2 ms | cr:  576.9
    220. dt:  0.25 ms | #newton:  1 | ph:  0.0% | #CG/newton:    1 | ls (cap|max|inv|bt):  0| 0| 0| 0| runtime:  144.5 ms | cr:  578.0
    221. dt:  0.25 ms | #newton:  1 | ph:  0.0% | #CG/newton:    2 | ls (cap|max|inv|bt):  0| 0| 0| 0| runtime:  145.5 ms | cr:  582.0
    222. dt:  0.25 ms | #newton:  1 | ph:  0.0% | #CG/newton:    1 | ls (cap|max|inv|bt):  0| 0| 0| 0| runtime:  142.2 ms | cr:  568.9
    223. dt:  0.25 ms | #newton:  1 | ph:  0.0% | #CG/newton:    1 | ls (cap|max|inv|bt):  0| 0| 0| 0| runtime:  144.8 ms | cr:  579.3
    224. dt:  0.25 ms | #newton:  1 | ph:  0.0% | #CG/newton:    1 | ls (cap|max|inv|bt):  0| 0| 0| 0| runtime:  143.5 ms | cr:  574.1
    225. dt:  0.25 ms | #newton:  1 | ph:  0.0% | #CG/newton:    1 | ls (cap|max|inv|bt):  0| 0| 0| 0| runtime:  141.6 ms | cr:  566.6
    226. dt:  0.25 ms | #newton:  1 | ph:  0.0% | #CG/newton:    2 | ls (cap|max|inv|bt):  0| 0| 0| 0| runtime:  147.4 ms | cr:  589.7
    227. dt:  0.25 ms | #newton:  1 | ph:  0.0% | #CG/newton:    1 | ls (cap|max|inv|bt):  0| 0| 0| 0| runtime:  145.2 ms | cr:  580.8
    228. dt:  0.25 ms | #newton:  1 | ph:  0.0% | #CG/newton:    1 | ls (cap|max|inv|bt):  0| 0| 0| 0| runtime:  141.0 ms | cr:  563.9
    229. dt:  0.25 ms | #newton:  1 | ph:  0.0% | #CG/newton:    1 | ls (cap|max|inv|bt):  0| 0| 0| 0| runtime:  144.1 ms | cr:  576.5
    230. dt:  0.25 ms | #newton:  1 | ph:  0.0% | #CG/newton:    1 | ls (cap|max|inv|bt):  0| 0| 0| 0| runtime:  147.2 ms | cr:  588.9
    231. dt:  0.25 ms | #newton:  1 | ph:  0.0% | #CG/newton:    2 | ls (cap|max|inv|bt):  0| 0| 0| 0| runtime:  148.5 ms | cr:  593.8
    232. dt:  0.25 ms | #newton:  1 | ph:  0.0% | #CG/newton:    1 | ls (cap|max|inv|bt):  0| 0| 0| 0| runtime:  145.1 ms | cr:  580.3
    233. dt:  0.25 ms | #newton:  1 | ph:  0.0% | #CG/newton:    1 | ls (cap|max|inv|bt):  0| 0| 0| 0| runtime:  145.0 ms | cr:  579.9
    234. dt:  0.25 ms | #newton:  1 | ph:  0.0% | #CG/newton:    1 | ls (cap|max|inv|bt):  0| 0| 0| 0| runtime:  149.6 ms | cr:  598.5
    235. dt:  0.25 ms | #newton:  1 | ph:  0.0% | #CG/newton:    1 | ls (cap|max|inv|bt):  0| 0| 0| 0| runtime:  145.4 ms | cr:  581.7
    236. dt:  0.25 ms | #newton:  1 | ph:  0.0% | #CG/newton:    2 | ls (cap|max|inv|bt):  0| 0| 0| 0| runtime:  145.1 ms | cr:  580.3
    237. dt:  0.25 ms | #newton:  1 | ph:  0.0% | #CG/newton:    1 | ls (cap|max|inv|bt):  0| 0| 0| 0| runtime:  144.3 ms | cr:  577.2
    238. dt:  0.25 ms | #newton:  1 | ph:  0.0% | #CG/newton:    1 | ls (cap|max|inv|bt):  0| 0| 0| 0| runtime:  144.2 ms | cr:  576.6
    239. dt:  0.25 ms | #newton:  1 | ph:  0.0% | #CG/newton:    1 | ls (cap|max|inv|bt):  0| 0| 0| 0| runtime:  146.9 ms | cr:  587.6
    240. dt:  0.25 ms | #newton:  1 | ph:  0.0% | #CG/newton:    1 | ls (cap|max|inv|bt):  0| 0| 0| 0| runtime:  147.8 ms | cr:  591.1
    241. dt:  0.25 ms | #newton:  1 | ph:  0.0% | #CG/newton:    2 | ls (cap|max|inv|bt):  0| 0| 0| 0| runtime:  150.0 ms | cr:  599.9
    242. dt:  0.25 ms | #newton:  1 | ph:  0.0% | #CG/newton:    1 | ls (cap|max|inv|bt):  0| 0| 0| 0| runtime:  144.1 ms | cr:  576.3
    243. dt:  0.25 ms | #newton:  1 | ph:  0.0% | #CG/newton:    1 | ls (cap|max|inv|bt):  0| 0| 0| 0| runtime:  144.7 ms | cr:  578.6
    244. dt:  0.25 ms | #newton:  1 | ph:  0.0% | #CG/newton:    1 | ls (cap|max|inv|bt):  0| 0| 0| 0| runtime:  142.6 ms | cr:  570.5
    245. dt:  0.25 ms | #newton:  1 | ph:  0.0% | #CG/newton:    1 | ls (cap|max|inv|bt):  0| 0| 0| 0| runtime:  142.9 ms | cr:  571.4
    246. dt:  0.25 ms | #newton:  1 | ph:  0.0% | #CG/newton:    2 | ls (cap|max|inv|bt):  0| 0| 0| 0| runtime:  143.7 ms | cr:  575.0
    247. dt:  0.25 ms | #newton:  1 | ph:  0.0% | #CG/newton:    1 | ls (cap|max|inv|bt):  0| 0| 0| 0| runtime:  144.2 ms | cr:  576.7
    248. dt:  0.25 ms | #newton:  1 | ph:  0.0% | #CG/newton:    1 | ls (cap|max|inv|bt):  0| 0| 0| 0| runtime:  142.3 ms | cr:  569.1
    249. dt:  0.25 ms | #newton:  1 | ph:  0.0% | #CG/newton:    1 | ls (cap|max|inv|bt):  0| 0| 0| 0| runtime:  147.6 ms | cr:  590.6
    250. dt:  0.25 ms | #newton:  1 | ph:  0.0% | #CG/newton:    1 | ls (cap|max|inv|bt):  0| 0| 0| 0| runtime:  151.2 ms | cr:  604.6
    251. dt:  0.25 ms | #newton:  1 | ph:  0.0% | #CG/newton:    2 | ls (cap|max|inv|bt):  0| 0| 0| 0| runtime:  143.6 ms | cr:  574.4
    252. dt:  0.25 ms | #newton:  1 | ph:  0.0% | #CG/newton:    1 | ls (cap|max|inv|bt):  0| 0| 0| 0| runtime:  144.0 ms | cr:  576.1
    253. dt:  0.25 ms | #newton:  1 | ph:  0.0% | #CG/newton:    1 | ls (cap|max|inv|bt):  0| 0| 0| 0| runtime:  145.0 ms | cr:  580.0
    254. dt:  0.25 ms | #newton:  1 | ph:  0.0% | #CG/newton:    1 | ls (cap|max|inv|bt):  0| 0| 0| 0| runtime:  140.0 ms | cr:  559.9
    255. dt:  0.25 ms | #newton:  1 | ph:  0.0% | #CG/newton:    1 | ls (cap|max|inv|bt):  0| 0| 0| 0| runtime:  145.7 ms | cr:  582.9
    256. dt:  0.25 ms | #newton:  1 | ph:  0.0% | #CG/newton:    2 | ls (cap|max|inv|bt):  0| 0| 0| 0| runtime:  143.6 ms | cr:  574.3
    257. dt:  0.25 ms | #newton:  1 | ph:  0.0% | #CG/newton:    1 | ls (cap|max|inv|bt):  0| 0| 0| 0| runtime:  144.4 ms | cr:  577.8
    258. dt:  0.25 ms | #newton:  1 | ph:  0.0% | #CG/newton:    1 | ls (cap|max|inv|bt):  0| 0| 0| 0| runtime:  143.5 ms | cr:  574.1
    259. dt:  0.25 ms | #newton:  1 | ph:  0.0% | #CG/newton:    1 | ls (cap|max|inv|bt):  0| 0| 0| 0| runtime:  144.5 ms | cr:  578.0
    260. dt:  0.25 ms | #newton:  1 | ph:  0.0% | #CG/newton:    1 | ls (cap|max|inv|bt):  0| 0| 0| 0| runtime:  145.8 ms | cr:  583.2
    261. dt:  0.25 ms | #newton:  1 | ph:  0.0% | #CG/newton:    2 | ls (cap|max|inv|bt):  0| 0| 0| 0| runtime:  145.0 ms | cr:  580.0
    262. dt:  0.25 ms | #newton:  1 | ph:  0.0% | #CG/newton:    1 | ls (cap|max|inv|bt):  0| 0| 0| 0| runtime:  144.5 ms | cr:  577.8
    263. dt:  0.25 ms | #newton:  1 | ph:  0.0% | #CG/newton:    1 | ls (cap|max|inv|bt):  0| 0| 0| 0| runtime:  144.5 ms | cr:  577.9
    264. dt:  0.25 ms | #newton:  1 | ph:  0.0% | #CG/newton:    1 | ls (cap|max|inv|bt):  0| 0| 0| 0| runtime:  141.0 ms | cr:  564.1
    265. dt:  0.25 ms | #newton:  1 | ph:  0.0% | #CG/newton:    1 | ls (cap|max|inv|bt):  0| 0| 0| 0| runtime:  143.1 ms | cr:  572.4
    266. dt:  0.25 ms | #newton:  1 | ph:  0.0% | #CG/newton:    2 | ls (cap|max|inv|bt):  0| 0| 0| 0| runtime:  150.8 ms | cr:  603.0
[Frame: 2] Time: 0.067 s
    267. dt:  0.25 ms | #newton:  1 | ph:  0.0% | #CG/newton:    1 | ls (cap|max|inv|bt):  0| 0| 0| 0| runtime:  145.7 ms | cr:  583.0
    268. dt:  0.25 ms | #newton:  1 | ph:  0.0% | #CG/newton:    1 | ls (cap|max|inv|bt):  0| 0| 0| 0| runtime:  146.7 ms | cr:  586.9
    269. dt:  0.25 ms | #newton:  1 | ph:  0.0% | #CG/newton:    1 | ls (cap|max|inv|bt):  0| 0| 0| 0| runtime:  147.3 ms | cr:  589.0
    270. dt:  0.25 ms | #newton:  1 | ph:  0.0% | #CG/newton:    1 | ls (cap|max|inv|bt):  0| 0| 0| 0| runtime:  149.8 ms | cr:  599.4
    271. dt:  0.25 ms | #newton:  1 | ph:  0.0% | #CG/newton:    2 | ls (cap|max|inv|bt):  0| 0| 0| 0| runtime:  145.1 ms | cr:  580.4
    272. dt:  0.25 ms | #newton:  1 | ph:  0.0% | #CG/newton:    1 | ls (cap|max|inv|bt):  0| 0| 0| 0| runtime:  145.1 ms | cr:  580.5
    273. dt:  0.25 ms | #newton:  1 | ph:  0.0% | #CG/newton:    1 | ls (cap|max|inv|bt):  0| 0| 0| 0| runtime:  147.3 ms | cr:  589.2
    274. dt:  0.25 ms | #newton:  1 | ph:  0.0% | #CG/newton:    1 | ls (cap|max|inv|bt):  0| 0| 0| 0| runtime:  143.8 ms | cr:  575.3
    275. dt:  0.25 ms | #newton:  1 | ph:  0.0% | #CG/newton:    1 | ls (cap|max|inv|bt):  0| 0| 0| 0| runtime:  147.6 ms | cr:  590.3
    276. dt:  0.25 ms | #newton:  1 | ph:  0.0% | #CG/newton:    2 | ls (cap|max|inv|bt):  0| 0| 0| 0| runtime:  145.6 ms | cr:  582.3
    277. dt:  0.25 ms | #newton:  1 | ph:  0.0% | #CG/newton:    1 | ls (cap|max|inv|bt):  0| 0| 0| 0| runtime:  176.2 ms | cr:  704.9
    278. dt:  0.25 ms | #newton:  1 | ph:  0.0% | #CG/newton:    1 | ls (cap|max|inv|bt):  0| 0| 0| 0| runtime:  152.2 ms | cr:  608.8
    279. dt:  0.25 ms | #newton:  1 | ph:  0.0% | #CG/newton:    1 | ls (cap|max|inv|bt):  0| 0| 0| 0| runtime:  144.1 ms | cr:  576.5
    280. dt:  0.25 ms | #newton:  1 | ph:  0.0% | #CG/newton:    1 | ls (cap|max|inv|bt):  0| 0| 0| 0| runtime:  157.7 ms | cr:  630.6
    281. dt:  0.25 ms | #newton:  1 | ph:  0.0% | #CG/newton:    2 | ls (cap|max|inv|bt):  0| 0| 0| 0| runtime:  145.0 ms | cr:  580.2
    282. dt:  0.25 ms | #newton:  1 | ph:  0.0% | #CG/newton:    1 | ls (cap|max|inv|bt):  0| 0| 0| 0| runtime:  164.3 ms | cr:  657.0
    283. dt:  0.25 ms | #newton:  1 | ph:  0.0% | #CG/newton:    1 | ls (cap|max|inv|bt):  0| 0| 0| 0| runtime:  143.1 ms | cr:  572.3
    284. dt:  0.25 ms | #newton:  1 | ph:  0.0% | #CG/newton:    1 | ls (cap|max|inv|bt):  0| 0| 0| 0| runtime:  145.1 ms | cr:  580.6
    285. dt:  0.25 ms | #newton:  1 | ph:  0.0% | #CG/newton:    1 | ls (cap|max|inv|bt):  0| 0| 0| 0| runtime:  146.4 ms | cr:  585.6
    286. dt:  0.25 ms | #newton:  1 | ph:  0.0% | #CG/newton:    2 | ls (cap|max|inv|bt):  0| 0| 0| 0| runtime:  150.2 ms | cr:  600.7
    287. dt:  0.25 ms | #newton:  1 | ph:  0.0% | #CG/newton:    1 | ls (cap|max|inv|bt):  0| 0| 0| 0| runtime:  146.2 ms | cr:  584.9
    288. dt:  0.25 ms | #newton:  1 | ph:  0.0% | #CG/newton:    1 | ls (cap|max|inv|bt):  0| 0| 0| 0| runtime:  149.4 ms | cr:  597.5
    289. dt:  0.25 ms | #newton:  1 | ph:  0.0% | #CG/newton:    1 | ls (cap|max|inv|bt):  0| 0| 0| 0| runtime:  145.9 ms | cr:  583.6
    290. dt:  0.25 ms | #newton:  1 | ph:  0.0% | #CG/newton:    1 | ls (cap|max|inv|bt):  0| 0| 0| 0| runtime:  148.1 ms | cr:  592.4
    291. dt:  0.25 ms | #newton:  1 | ph:  0.0% | #CG/newton:    2 | ls (cap|max|inv|bt):  0| 0| 0| 0| runtime:  142.6 ms | cr:  570.5
    292. dt:  0.25 ms | #newton:  1 | ph:  0.0% | #CG/newton:    1 | ls (cap|max|inv|bt):  0| 0| 0| 0| runtime:  147.2 ms | cr:  588.7
    293. dt:  0.25 ms | #newton:  1 | ph:  0.0% | #CG/newton:    1 | ls (cap|max|inv|bt):  0| 0| 0| 0| runtime:  150.5 ms | cr:  602.0
    294. dt:  0.25 ms | #newton:  1 | ph:  0.0% | #CG/newton:    1 | ls (cap|max|inv|bt):  0| 0| 0| 0| runtime:  150.0 ms | cr:  600.0
    295. dt:  0.25 ms | #newton:  1 | ph:  0.0% | #CG/newton:    1 | ls (cap|max|inv|bt):  0| 0| 0| 0| runtime:  146.3 ms | cr:  585.1
    296. dt:  0.25 ms | #newton:  1 | ph:  0.0% | #CG/newton:    2 | ls (cap|max|inv|bt):  0| 0| 0| 0| runtime:  149.6 ms | cr:  598.3
    297. dt:  0.25 ms | #newton:  1 | ph:  0.0% | #CG/newton:    1 | ls (cap|max|inv|bt):  0| 0| 0| 0| runtime:  141.3 ms | cr:  565.1
    298. dt:  0.25 ms | #newton:  1 | ph:  0.0% | #CG/newton:    1 | ls (cap|max|inv|bt):  0| 0| 0| 0| runtime:  142.6 ms | cr:  570.5
    299. dt:  0.25 ms | #newton:  1 | ph:  0.0% | #CG/newton:    1 | ls (cap|max|inv|bt):  0| 0| 0| 0| runtime:  142.2 ms | cr:  568.8
    300. dt:  0.25 ms | #newton:  1 | ph:  0.0% | #CG/newton:    2 | ls (cap|max|inv|bt):  0| 0| 0| 0| runtime:  144.4 ms | cr:  577.5
    301. dt:  0.25 ms | #newton:  1 | ph:  0.0% | #CG/newton:    1 | ls (cap|max|inv|bt):  0| 0| 0| 0| runtime:  148.5 ms | cr:  593.8
    302. dt:  0.25 ms | #newton:  1 | ph:  0.0% | #CG/newton:    1 | ls (cap|max|inv|bt):  0| 0| 0| 0| runtime:  143.2 ms | cr:  572.8
    303. dt:  0.25 ms | #newton:  1 | ph:  0.0% | #CG/newton:    1 | ls (cap|max|inv|bt):  0| 0| 0| 0| runtime:  146.3 ms | cr:  585.3
    304. dt:  0.25 ms | #newton:  1 | ph:  0.0% | #CG/newton:    1 | ls (cap|max|inv|bt):  0| 0| 0| 0| runtime:  142.9 ms | cr:  571.6
    305. dt:  0.25 ms | #newton:  1 | ph:  0.0% | #CG/newton:    2 | ls (cap|max|inv|bt):  0| 0| 0| 0| runtime:  146.4 ms | cr:  585.8
    306. dt:  0.25 ms | #newton:  1 | ph:  0.0% | #CG/newton:    1 | ls (cap|max|inv|bt):  0| 0| 0| 0| runtime:  148.0 ms | cr:  591.8
    307. dt:  0.25 ms | #newton:  1 | ph:  0.0% | #CG/newton:    1 | ls (cap|max|inv|bt):  0| 0| 0| 0| runtime:  148.9 ms | cr:  595.7
    308. dt:  0.25 ms | #newton:  1 | ph:  0.0% | #CG/newton:    1 | ls (cap|max|inv|bt):  0| 0| 0| 0| runtime:  145.5 ms | cr:  581.8
    309. dt:  0.25 ms | #newton:  1 | ph:  0.0% | #CG/newton:    1 | ls (cap|max|inv|bt):  0| 0| 0| 0| runtime:  145.8 ms | cr:  583.0
    310. dt:  0.25 ms | #newton:  1 | ph:  0.0% | #CG/newton:    2 | ls (cap|max|inv|bt):  0| 0| 0| 0| runtime:  148.0 ms | cr:  591.9
    311. dt:  0.25 ms | #newton:  1 | ph:  0.0% | #CG/newton:    1 | ls (cap|max|inv|bt):  0| 0| 0| 0| runtime:  144.0 ms | cr:  576.2
    312. dt:  0.25 ms | #newton:  1 | ph:  0.0% | #CG/newton:    1 | ls (cap|max|inv|bt):  0| 0| 0| 0| runtime:  144.5 ms | cr:  577.9
    313. dt:  0.25 ms | #newton:  1 | ph:  0.0% | #CG/newton:    1 | ls (cap|max|inv|bt):  0| 0| 0| 0| runtime:  144.7 ms | cr:  578.9
    314. dt:  0.25 ms | #newton:  1 | ph:  0.0% | #CG/newton:    1 | ls (cap|max|inv|bt):  0| 0| 0| 0| runtime:  146.9 ms | cr:  587.5
    315. dt:  0.25 ms | #newton:  1 | ph:  0.0% | #CG/newton:    2 | ls (cap|max|inv|bt):  0| 0| 0| 0| runtime:  147.0 ms | cr:  588.2
    316. dt:  0.25 ms | #newton:  1 | ph:  0.0% | #CG/newton:    1 | ls (cap|max|inv|bt):  0| 0| 0| 0| runtime:  143.0 ms | cr:  572.1
    317. dt:  0.25 ms | #newton:  1 | ph:  0.0% | #CG/newton:    1 | ls (cap|max|inv|bt):  0| 0| 0| 0| runtime:  145.6 ms | cr:  582.4
    318. dt:  0.25 ms | #newton:  1 | ph:  0.0% | #CG/newton:   38 | ls (cap|max|inv|bt):  0| 0| 0| 0| runtime:  165.0 ms | cr:  659.9
    319. dt:  0.25 ms | #newton:  1 | ph:  0.0% | #CG/newton:  293 | ls (cap|max|inv|bt):  0| 0| 0| 0| runtime:  267.3 ms | cr: 1069.3
    320. dt:  0.25 ms | #newton:  1 | ph:  0.0% | #CG/newton:  454 | ls (cap|max|inv|bt):  0| 0| 0| 0| runtime:  336.0 ms | cr: 1344.1
    321. dt:  0.25 ms | #newton:  1 | ph:  0.0% | #CG/newton:  759 | ls (cap|max|inv|bt):  0| 0| 0| 0| runtime:  453.8 ms | cr: 1815.1
    322. dt:  0.25 ms | #newton:  1 | ph:  0.0% | #CG/newton:  737 | ls (cap|max|inv|bt):  0| 0| 0| 0| runtime:  448.1 ms | cr: 1792.3
    323. dt:  0.25 ms | #newton:  1 | ph:  0.0% | #CG/newton:  809 | ls (cap|max|inv|bt):  0| 0| 0| 0| runtime:  484.9 ms | cr: 1939.5
    324. dt:  0.25 ms | #newton:  1 | ph:  0.0% | #CG/newton:  823 | ls (cap|max|inv|bt):  0| 0| 0| 0| runtime:  487.5 ms | cr: 1949.9
    325. dt:  0.25 ms | #newton:  1 | ph:  0.0% | #CG/newton:  888 | ls (cap|max|inv|bt):  0| 0| 0| 0| runtime:  515.8 ms | cr: 2063.1
    326. dt:  0.25 ms | #newton:  1 | ph:  0.0% | #CG/newton:  793 | ls (cap|max|inv|bt):  0| 0| 0| 0| runtime:  476.5 ms | cr: 1906.0
    327. dt:  0.25 ms | #newton:  1 | ph:  0.0% | #CG/newton:  798 | ls (cap|max|inv|bt):  0| 0| 0| 0| runtime:  480.3 ms | cr: 1921.1
    328. dt:  0.25 ms | #newton:  1 | ph:  0.0% | #CG/newton:  802 | ls (cap|max|inv|bt):  0| 0| 0| 0| runtime:  475.8 ms | cr: 1903.2
    329. dt:  0.25 ms | #newton:  1 | ph:  0.0% | #CG/newton:  800 | ls (cap|max|inv|bt):  0| 0| 0| 0| runtime:  466.5 ms | cr: 1865.8
    330. dt:  0.25 ms | #newton:  1 | ph:  0.0% | #CG/newton:  799 | ls (cap|max|inv|bt):  0| 0| 0| 0| runtime:  471.3 ms | cr: 1885.1
    331. dt:  0.25 ms | #newton:  1 | ph:  0.0% | #CG/newton:  891 | ls (cap|max|inv|bt):  0| 0| 0| 0| runtime:  509.2 ms | cr: 2036.7
    332. dt:  0.25 ms | #newton:  1 | ph:  0.0% | #CG/newton:  797 | ls (cap|max|inv|bt):  0| 0| 0| 0| runtime:  463.4 ms | cr: 1853.8
    333. dt:  0.25 ms | #newton:  1 | ph:  0.0% | #CG/newton:  799 | ls (cap|max|inv|bt):  0| 0| 0| 0| runtime:  475.7 ms | cr: 1902.8
    334. dt:  0.25 ms | #newton:  1 | ph:  0.0% | #CG/newton:  825 | ls (cap|max|inv|bt):  0| 0| 0| 0| runtime:  486.4 ms | cr: 1945.7
    335. dt:  0.25 ms | #newton:  1 | ph:  0.0% | #CG/newton:  754 | ls (cap|max|inv|bt):  0| 0| 0| 0| runtime:  454.5 ms | cr: 1817.9
    336. dt:  0.25 ms | #newton:  1 | ph:  0.0% | #CG/newton:  881 | ls (cap|max|inv|bt):  0| 0| 0| 0| runtime:  502.8 ms | cr: 2011.2
    337. dt:  0.25 ms | #newton:  1 | ph:  0.0% | #CG/newton:  796 | ls (cap|max|inv|bt):  0| 0| 0| 0| runtime:  475.1 ms | cr: 1900.2
    338. dt:  0.25 ms | #newton:  1 | ph:  0.0% | #CG/newton:  875 | ls (cap|max|inv|bt):  0| 0| 0| 0| runtime:  502.6 ms | cr: 2010.4
    339. dt:  0.25 ms | #newton:  1 | ph:  0.0% | #CG/newton:  793 | ls (cap|max|inv|bt):  0| 0| 0| 0| runtime:  471.1 ms | cr: 1884.5
    340. dt:  0.25 ms | #newton:  1 | ph:  0.0% | #CG/newton:  886 | ls (cap|max|inv|bt):  0| 0| 0| 0| runtime:  509.8 ms | cr: 2039.0
    341. dt:  0.25 ms | #newton:  1 | ph:  0.0% | #CG/newton:  794 | ls (cap|max|inv|bt):  0| 0| 0| 0| runtime:  469.1 ms | cr: 1876.3
    342. dt:  0.25 ms | #newton:  1 | ph:  0.0% | #CG/newton:  831 | ls (cap|max|inv|bt):  0| 0| 0| 0| runtime:  485.3 ms | cr: 1941.3
    343. dt:  0.25 ms | #newton:  1 | ph:  0.0% | #CG/newton:  792 | ls (cap|max|inv|bt):  0| 0| 0| 0| runtime:  472.5 ms | cr: 1890.1
    344. dt:  0.25 ms | #newton:  1 | ph:  0.0% | #CG/newton:  843 | ls (cap|max|inv|bt):  0| 0| 0| 0| runtime:  498.1 ms | cr: 1992.4
    345. dt:  0.25 ms | #newton:  1 | ph:  0.0% | #CG/newton:  793 | ls (cap|max|inv|bt):  0| 0| 0| 0| runtime:  468.8 ms | cr: 1875.1
    346. dt:  0.25 ms | #newton:  1 | ph:  0.0% | #CG/newton:  819 | ls (cap|max|inv|bt):  0| 0| 0| 0| runtime:  484.5 ms | cr: 1937.9
    347. dt:  0.25 ms | #newton:  1 | ph:  0.0% | #CG/newton:  794 | ls (cap|max|inv|bt):  0| 0| 0| 0| runtime:  471.6 ms | cr: 1886.2
    348. dt:  0.25 ms | #newton:  1 | ph:  0.0% | #CG/newton:  795 | ls (cap|max|inv|bt):  0| 0| 0| 0| runtime:  478.4 ms | cr: 1913.7
    349. dt:  0.25 ms | #newton:  1 | ph:  0.0% | #CG/newton:  800 | ls (cap|max|inv|bt):  0| 0| 0| 0| runtime:  470.2 ms | cr: 1880.8
    350. dt:  0.25 ms | #newton:  1 | ph:  0.0% | #CG/newton:  885 | ls (cap|max|inv|bt):  0| 0| 0| 0| runtime:  507.9 ms | cr: 2031.6
    351. dt:  0.25 ms | #newton:  1 | ph:  0.0% | #CG/newton:  797 | ls (cap|max|inv|bt):  0| 0| 0| 0| runtime:  470.1 ms | cr: 1880.5
    352. dt:  0.25 ms | #newton:  1 | ph:  0.0% | #CG/newton:  798 | ls (cap|max|inv|bt):  0| 0| 0| 0| runtime:  479.1 ms | cr: 1916.3
    353. dt:  0.25 ms | #newton:  1 | ph:  0.0% | #CG/newton:  794 | ls (cap|max|inv|bt):  0| 0| 0| 0| runtime:  464.7 ms | cr: 1858.8
    354. dt:  0.25 ms | #newton:  1 | ph:  0.0% | #CG/newton:  799 | ls (cap|max|inv|bt):  0| 0| 0| 0| runtime:  480.2 ms | cr: 1920.8
    355. dt:  0.25 ms | #newton:  1 | ph:  0.0% | #CG/newton:  798 | ls (cap|max|inv|bt):  0| 0| 0| 0| runtime:  474.0 ms | cr: 1895.9
    356. dt:  0.25 ms | #newton:  1 | ph:  0.0% | #CG/newton:  796 | ls (cap|max|inv|bt):  0| 0| 0| 0| runtime:  476.9 ms | cr: 1907.7
    357. dt:  0.25 ms | #newton:  1 | ph:  0.0% | #CG/newton:  800 | ls (cap|max|inv|bt):  0| 0| 0| 0| runtime:  465.8 ms | cr: 1863.1
    358. dt:  0.25 ms | #newton:  1 | ph:  0.0% | #CG/newton:  796 | ls (cap|max|inv|bt):  0| 0| 0| 0| runtime:  472.0 ms | cr: 1887.9
    359. dt:  0.25 ms | #newton:  1 | ph:  0.0% | #CG/newton:  797 | ls (cap|max|inv|bt):  0| 0| 0| 0| runtime:  466.1 ms | cr: 1864.5
    360. dt:  0.25 ms | #newton:  1 | ph:  0.0% | #CG/newton:  783 | ls (cap|max|inv|bt):  0| 0| 0| 0| runtime:  470.8 ms | cr: 1883.0
    361. dt:  0.25 ms | #newton:  1 | ph:  0.0% | #CG/newton:  804 | ls (cap|max|inv|bt):  0| 0| 0| 0| runtime:  475.8 ms | cr: 1903.1
    362. dt:  0.25 ms | #newton:  1 | ph:  0.0% | #CG/newton:  748 | ls (cap|max|inv|bt):  0| 0| 0| 0| runtime:  450.0 ms | cr: 1800.0
    363. dt:  0.25 ms | #newton:  1 | ph:  0.0% | #CG/newton:  795 | ls (cap|max|inv|bt):  0| 0| 0| 0| runtime:  477.9 ms | cr: 1911.7
    364. dt:  0.25 ms | #newton:  1 | ph:  0.0% | #CG/newton:  872 | ls (cap|max|inv|bt):  0| 0| 0| 0| runtime:  499.9 ms | cr: 1999.6
    365. dt:  0.25 ms | #newton:  1 | ph:  0.0% | #CG/newton:  789 | ls (cap|max|inv|bt):  0| 0| 0| 0| runtime:  473.5 ms | cr: 1894.0
    366. dt:  0.25 ms | #newton:  1 | ph:  0.0% | #CG/newton:  778 | ls (cap|max|inv|bt):  0| 0| 0| 0| runtime:  466.6 ms | cr: 1866.2
    367. dt:  0.25 ms | #newton:  1 | ph:  0.0% | #CG/newton:  792 | ls (cap|max|inv|bt):  0| 0| 0| 0| runtime:  466.6 ms | cr: 1866.2
    368. dt:  0.25 ms | #newton:  1 | ph:  0.0% | #CG/newton:  778 | ls (cap|max|inv|bt):  0| 0| 0| 0| runtime:  466.2 ms | cr: 1865.0
    369. dt:  0.25 ms | #newton:  1 | ph:  0.0% | #CG/newton:  796 | ls (cap|max|inv|bt):  0| 0| 0| 0| runtime:  472.4 ms | cr: 1889.4
    370. dt:  0.25 ms | #newton:  1 | ph:  0.0% | #CG/newton:  737 | ls (cap|max|inv|bt):  0| 0| 0| 0| runtime:  439.3 ms | cr: 1757.1
    371. dt:  0.25 ms | #newton:  1 | ph:  0.0% | #CG/newton:  761 | ls (cap|max|inv|bt):  0| 0| 0| 0| runtime:  467.1 ms | cr: 1868.3
    372. dt:  0.25 ms | #newton:  1 | ph:  0.0% | #CG/newton:  864 | ls (cap|max|inv|bt):  0| 0| 0| 0| runtime:  507.2 ms | cr: 2028.9
    373. dt:  0.25 ms | #newton:  1 | ph:  0.0% | #CG/newton:  788 | ls (cap|max|inv|bt):  0| 0| 0| 0| runtime:  478.0 ms | cr: 1912.0
    374. dt:  0.25 ms | #newton:  1 | ph:  0.0% | #CG/newton:  783 | ls (cap|max|inv|bt):  0| 0| 0| 0| runtime:  457.4 ms | cr: 1829.6
    375. dt:  0.25 ms | #newton:  1 | ph:  0.0% | #CG/newton:  793 | ls (cap|max|inv|bt):  0| 0| 0| 0| runtime:  469.3 ms | cr: 1877.3
    376. dt:  0.25 ms | #newton:  1 | ph:  0.0% | #CG/newton:  786 | ls (cap|max|inv|bt):  0| 0| 0| 0| runtime:  469.8 ms | cr: 1879.4
    377. dt:  0.25 ms | #newton:  1 | ph:  0.0% | #CG/newton:  798 | ls (cap|max|inv|bt):  0| 0| 0| 0| runtime:  461.8 ms | cr: 1847.1
    378. dt:  0.25 ms | #newton:  1 | ph:  0.0% | #CG/newton:  727 | ls (cap|max|inv|bt):  0| 0| 0| 0| runtime:  439.1 ms | cr: 1756.3
    379. dt:  0.25 ms | #newton:  1 | ph:  0.0% | #CG/newton:  817 | ls (cap|max|inv|bt):  0| 0| 0| 0| runtime:  485.0 ms | cr: 1939.9
    380. dt:  0.25 ms | #newton:  1 | ph:  0.0% | #CG/newton:  791 | ls (cap|max|inv|bt):  0| 0| 0| 0| runtime:  467.7 ms | cr: 1870.6
    381. dt:  0.25 ms | #newton:  1 | ph:  0.0% | #CG/newton:  818 | ls (cap|max|inv|bt):  0| 0| 0| 0| runtime:  478.5 ms | cr: 1914.0
    382. dt:  0.25 ms | #newton:  1 | ph:  0.0% | #CG/newton:  917 | ls (cap|max|inv|bt):  0| 0| 0| 0| runtime:  517.6 ms | cr: 2070.3
    383. dt:  0.25 ms | #newton:  1 | ph:  0.0% | #CG/newton:  809 | ls (cap|max|inv|bt):  0| 0| 0| 0| runtime:  481.0 ms | cr: 1924.1
    384. dt:  0.25 ms | #newton:  1 | ph:  0.0% | #CG/newton:  805 | ls (cap|max|inv|bt):  0| 0| 0| 0| runtime:  472.6 ms | cr: 1890.5
    385. dt:  0.25 ms | #newton:  1 | ph:  0.0% | #CG/newton:  815 | ls (cap|max|inv|bt):  0| 0| 0| 0| runtime:  488.5 ms | cr: 1954.0
    386. dt:  0.25 ms | #newton:  1 | ph:  0.0% | #CG/newton:  782 | ls (cap|max|inv|bt):  0| 0| 0| 0| runtime:  469.7 ms | cr: 1878.8
    387. dt:  0.25 ms | #newton:  1 | ph:  0.0% | #CG/newton:  829 | ls (cap|max|inv|bt):  0| 0| 0| 0| runtime:  494.5 ms | cr: 1978.1
    388. dt:  0.25 ms | #newton:  1 | ph:  0.0% | #CG/newton:  916 | ls (cap|max|inv|bt):  0| 0| 0| 0| runtime:  525.7 ms | cr: 2102.6
    389. dt:  0.25 ms | #newton:  1 | ph:  0.0% | #CG/newton:  812 | ls (cap|max|inv|bt):  0| 0| 0| 0| runtime:  474.8 ms | cr: 1899.2
    390. dt:  0.25 ms | #newton:  1 | ph:  0.0% | #CG/newton:  901 | ls (cap|max|inv|bt):  0| 0| 0| 0| runtime:  520.2 ms | cr: 2080.7
    391. dt:  0.25 ms | #newton:  1 | ph:  0.0% | #CG/newton:  788 | ls (cap|max|inv|bt):  0| 0| 0| 0| runtime:  525.8 ms | cr: 2103.2
    392. dt:  0.25 ms | #newton:  1 | ph:  0.0% | #CG/newton:  812 | ls (cap|max|inv|bt):  0| 0| 0| 0| runtime:  487.8 ms | cr: 1951.1
    393. dt:  0.25 ms | #newton:  1 | ph:  0.0% | #CG/newton:  747 | ls (cap|max|inv|bt):  0| 0| 0| 0| runtime:  450.8 ms | cr: 1803.4
    394. dt:  0.25 ms | #newton:  1 | ph:  0.0% | #CG/newton:  793 | ls (cap|max|inv|bt):  0| 0| 0| 0| runtime:  480.9 ms | cr: 1923.6
    395. dt:  0.25 ms | #newton:  1 | ph:  0.0% | #CG/newton:  818 | ls (cap|max|inv|bt):  0| 0| 0| 0| runtime:  487.1 ms | cr: 1948.5
    396. dt:  0.25 ms | #newton:  1 | ph:  0.0% | #CG/newton:  776 | ls (cap|max|inv|bt):  0| 0| 0| 0| runtime:  460.8 ms | cr: 1843.4
    397. dt:  0.25 ms | #newton:  1 | ph:  0.0% | #CG/newton: 1045 | ls (cap|max|inv|bt):  0| 0| 0| 0| runtime:  555.2 ms | cr: 2220.9
    398. dt:  0.25 ms | #newton:  1 | ph:  0.0% | #CG/newton: 1197 | ls (cap|max|inv|bt):  0| 0| 0| 0| runtime:  645.5 ms | cr: 2582.0
    399. dt:  0.25 ms | #newton:  1 | ph:  0.0% | #CG/newton:  814 | ls (cap|max|inv|bt):  0| 0| 0| 0| runtime:  479.8 ms | cr: 1919.0
    400. dt:  0.25 ms | #newton:  1 | ph:  0.0% | #CG/newton:  822 | ls (cap|max|inv|bt):  0| 0| 0| 0| runtime:  487.1 ms | cr: 1948.5
[Frame: 3] Time: 0.100 s
    401. dt:  0.25 ms | #newton:  1 | ph:  0.0% | #CG/newton: 1176 | ls (cap|max|inv|bt):  0| 0| 0| 0| runtime:  626.9 ms | cr: 2507.6
    402. dt:  0.25 ms | #newton:  1 | ph:  0.0% | #CG/newton: 1101 | ls (cap|max|inv|bt):  0| 0| 0| 0| runtime:  593.9 ms | cr: 2375.7
    403. dt:  0.25 ms | #newton:  1 | ph:  0.0% | #CG/newton: 1191 | ls (cap|max|inv|bt):  0| 0| 0| 0| runtime:  630.5 ms | cr: 2522.0
    404. dt:  0.25 ms | #newton:  1 | ph:  0.0% | #CG/newton: 1081 | ls (cap|max|inv|bt):  0| 0| 0| 0| runtime:  595.3 ms | cr: 2381.3
    405. dt:  0.25 ms | #newton:  1 | ph:  0.0% | #CG/newton: 1096 | ls (cap|max|inv|bt):  0| 0| 0| 0| runtime:  601.2 ms | cr: 2404.7
    406. dt:  0.25 ms | #newton:  1 | ph:  0.0% | #CG/newton: 1131 | ls (cap|max|inv|bt):  0| 0| 0| 0| runtime:  603.8 ms | cr: 2415.3
    407. dt:  0.25 ms | #newton:  1 | ph:  0.0% | #CG/newton:  819 | ls (cap|max|inv|bt):  0| 0| 0| 0| runtime:  485.5 ms | cr: 1942.1
    408. dt:  0.25 ms | #newton:  1 | ph:  0.0% | #CG/newton: 1195 | ls (cap|max|inv|bt):  0| 0| 0| 0| runtime:  636.2 ms | cr: 2545.0
    409. dt:  0.25 ms | #newton:  1 | ph:  0.0% | #CG/newton: 1195 | ls (cap|max|inv|bt):  0| 0| 0| 0| runtime:  643.2 ms | cr: 2572.7
    410. dt:  0.25 ms | #newton:  1 | ph:  0.0% | #CG/newton:  837 | ls (cap|max|inv|bt):  0| 0| 0| 0| runtime:  490.9 ms | cr: 1963.7
    411. dt:  0.25 ms | #newton:  1 | ph:  0.0% | #CG/newton: 1151 | ls (cap|max|inv|bt):  0| 0| 0| 0| runtime:  619.3 ms | cr: 2477.4
    412. dt:  0.25 ms | #newton:  1 | ph:  0.0% | #CG/newton: 1211 | ls (cap|max|inv|bt):  0| 0| 0| 0| runtime:  641.2 ms | cr: 2564.7
    413. dt:  0.25 ms | #newton:  1 | ph:  0.0% | #CG/newton:  831 | ls (cap|max|inv|bt):  0| 0| 0| 0| runtime:  488.7 ms | cr: 1955.0
    414. dt:  0.25 ms | #newton:  1 | ph:  0.0% | #CG/newton:  832 | ls (cap|max|inv|bt):  0| 0| 0| 0| runtime:  485.6 ms | cr: 1942.4
    415. dt:  0.25 ms | #newton:  1 | ph:  0.0% | #CG/newton:  809 | ls (cap|max|inv|bt):  0| 0| 0| 0| runtime:  476.8 ms | cr: 1907.3
    416. dt:  0.25 ms | #newton:  1 | ph:  0.0% | #CG/newton:  970 | ls (cap|max|inv|bt):  0| 0| 0| 0| runtime:  526.3 ms | cr: 2105.1
    417. dt:  0.25 ms | #newton:  1 | ph:  0.0% | #CG/newton:  934 | ls (cap|max|inv|bt):  0| 0| 0| 0| runtime:  522.0 ms | cr: 2087.8
    418. dt:  0.25 ms | #newton:  1 | ph:  0.0% | #CG/newton:  776 | ls (cap|max|inv|bt):  0| 0| 0| 0| runtime:  466.2 ms | cr: 1865.0
    419. dt:  0.25 ms | #newton:  1 | ph:  0.0% | #CG/newton:  934 | ls (cap|max|inv|bt):  0| 0| 0| 0| runtime:  528.2 ms | cr: 2112.8
    420. dt:  0.25 ms | #newton:  1 | ph:  0.0% | #CG/newton:  780 | ls (cap|max|inv|bt):  0| 0| 0| 0| runtime:  451.8 ms | cr: 1807.3
    421. dt:  0.25 ms | #newton:  1 | ph:  0.0% | #CG/newton:  832 | ls (cap|max|inv|bt):  0| 0| 0| 0| runtime:  484.5 ms | cr: 1937.9
    422. dt:  0.25 ms | #newton:  1 | ph:  0.0% | #CG/newton:  935 | ls (cap|max|inv|bt):  0| 0| 0| 0| runtime:  512.4 ms | cr: 2049.7
    423. dt:  0.25 ms | #newton:  1 | ph:  0.0% | #CG/newton:  833 | ls (cap|max|inv|bt):  0| 0| 0| 0| runtime:  495.4 ms | cr: 1981.5
    424. dt:  0.25 ms | #newton:  1 | ph:  0.0% | #CG/newton:  841 | ls (cap|max|inv|bt):  0| 0| 0| 0| runtime:  563.7 ms | cr: 2254.8
    425. dt:  0.25 ms | #newton:  1 | ph:  0.0% | #CG/newton:  932 | ls (cap|max|inv|bt):  0| 0| 0| 0| runtime:  521.0 ms | cr: 2083.9
    426. dt:  0.25 ms | #newton:  1 | ph:  0.0% | #CG/newton:  788 | ls (cap|max|inv|bt):  0| 0| 0| 0| runtime:  473.4 ms | cr: 1893.7
    427. dt:  0.25 ms | #newton:  1 | ph:  0.0% | #CG/newton:  834 | ls (cap|max|inv|bt):  0| 0| 0| 0| runtime:  496.3 ms | cr: 1985.0
    428. dt:  0.25 ms | #newton:  1 | ph:  0.0% | #CG/newton:  785 | ls (cap|max|inv|bt):  0| 0| 0| 0| runtime:  463.1 ms | cr: 1852.3
    429. dt:  0.25 ms | #newton:  1 | ph:  0.0% | #CG/newton:  918 | ls (cap|max|inv|bt):  0| 0| 0| 0| runtime:  521.8 ms | cr: 2087.3
    430. dt:  0.25 ms | #newton:  1 | ph:  0.0% | #CG/newton:  831 | ls (cap|max|inv|bt):  0| 0| 0| 0| runtime:  482.8 ms | cr: 1931.2
    431. dt:  0.25 ms | #newton:  1 | ph:  0.0% | #CG/newton:  919 | ls (cap|max|inv|bt):  0| 0| 0| 0| runtime:  521.8 ms | cr: 2087.3
    432. dt:  0.25 ms | #newton:  1 | ph:  0.0% | #CG/newton:  837 | ls (cap|max|inv|bt):  0| 0| 0| 0| runtime:  482.6 ms | cr: 1930.2
    433. dt:  0.25 ms | #newton:  1 | ph:  0.0% | #CG/newton:  915 | ls (cap|max|inv|bt):  0| 0| 0| 0| runtime:  527.2 ms | cr: 2108.7
    434. dt:  0.25 ms | #newton:  1 | ph:  0.0% | #CG/newton:  837 | ls (cap|max|inv|bt):  0| 0| 0| 0| runtime:  500.9 ms | cr: 2003.5
    435. dt:  0.25 ms | #newton:  1 | ph:  0.0% | #CG/newton:  840 | ls (cap|max|inv|bt):  0| 0| 0| 0| runtime:  493.1 ms | cr: 1972.6
    436. dt:  0.25 ms | #newton:  1 | ph:  0.0% | #CG/newton:  917 | ls (cap|max|inv|bt):  0| 0| 0| 0| runtime:  520.7 ms | cr: 2082.8
    437. dt:  0.25 ms | #newton:  1 | ph:  0.0% | #CG/newton:  835 | ls (cap|max|inv|bt):  0| 0| 0| 0| runtime:  486.7 ms | cr: 1946.7
    438. dt:  0.25 ms | #newton:  1 | ph:  0.0% | #CG/newton:  835 | ls (cap|max|inv|bt):  0| 0| 0| 0| runtime:  481.6 ms | cr: 1926.6
    439. dt:  0.25 ms | #newton:  1 | ph:  0.0% | #CG/newton:  865 | ls (cap|max|inv|bt):  0| 0| 0| 0| runtime:  497.3 ms | cr: 1989.2
    440. dt:  0.25 ms | #newton:  1 | ph:  0.0% | #CG/newton:  807 | ls (cap|max|inv|bt):  0| 0| 0| 0| runtime:  474.5 ms | cr: 1898.0
    441. dt:  0.25 ms | #newton:  1 | ph:  0.0% | #CG/newton:  905 | ls (cap|max|inv|bt):  0| 0| 0| 0| runtime:  516.6 ms | cr: 2066.5
    442. dt:  0.25 ms | #newton:  1 | ph:  0.0% | #CG/newton:  834 | ls (cap|max|inv|bt):  0| 0| 0| 0| runtime:  484.0 ms | cr: 1935.8
    443. dt:  0.25 ms | #newton:  1 | ph:  0.0% | #CG/newton:  864 | ls (cap|max|inv|bt):  0| 0| 0| 0| runtime:  512.7 ms | cr: 2050.8
    444. dt:  0.25 ms | #newton:  1 | ph:  0.0% | #CG/newton:  836 | ls (cap|max|inv|bt):  0| 0| 0| 0| runtime:  489.2 ms | cr: 1956.8
    445. dt:  0.25 ms | #newton:  1 | ph:  0.0% | #CG/newton:  882 | ls (cap|max|inv|bt):  0| 0| 0| 0| runtime:  503.8 ms | cr: 2015.0
    446. dt:  0.25 ms | #newton:  1 | ph:  0.0% | #CG/newton:  832 | ls (cap|max|inv|bt):  0| 0| 0| 0| runtime:  488.1 ms | cr: 1952.3
    447. dt:  0.25 ms | #newton:  1 | ph:  0.0% | #CG/newton:  910 | ls (cap|max|inv|bt):  0| 0| 0| 0| runtime:  518.3 ms | cr: 2073.2
    448. dt:  0.25 ms | #newton:  1 | ph:  0.0% | #CG/newton:  837 | ls (cap|max|inv|bt):  0| 0| 0| 0| runtime:  491.7 ms | cr: 1966.6
    449. dt:  0.25 ms | #newton:  1 | ph:  0.0% | #CG/newton:  870 | ls (cap|max|inv|bt):  0| 0| 0| 0| runtime:  508.5 ms | cr: 2033.9
    450. dt:  0.25 ms | #newton:  1 | ph:  0.0% | #CG/newton:  828 | ls (cap|max|inv|bt):  0| 0| 0| 0| runtime:  485.8 ms | cr: 1943.2
    451. dt:  0.25 ms | #newton:  1 | ph:  0.0% | #CG/newton:  910 | ls (cap|max|inv|bt):  0| 0| 0| 0| runtime:  517.7 ms | cr: 2070.7
    452. dt:  0.25 ms | #newton:  1 | ph:  0.0% | #CG/newton:  833 | ls (cap|max|inv|bt):  0| 0| 0| 0| runtime:  486.1 ms | cr: 1944.5
    453. dt:  0.25 ms | #newton:  1 | ph:  0.0% | #CG/newton:  786 | ls (cap|max|inv|bt):  0| 0| 0| 0| runtime:  474.2 ms | cr: 1896.9
    454. dt:  0.25 ms | #newton:  1 | ph:  0.0% | #CG/newton:  925 | ls (cap|max|inv|bt):  0| 0| 0| 0| runtime:  532.3 ms | cr: 2129.1
    455. dt:  0.25 ms | #newton:  1 | ph:  0.0% | #CG/newton:  830 | ls (cap|max|inv|bt):  0| 0| 0| 0| runtime:  488.1 ms | cr: 1952.3
    456. dt:  0.25 ms | #newton:  1 | ph:  0.0% | #CG/newton:  834 | ls (cap|max|inv|bt):  0| 0| 0| 0| runtime:  486.3 ms | cr: 1945.3
    457. dt:  0.25 ms | #newton:  1 | ph:  0.0% | #CG/newton:  907 | ls (cap|max|inv|bt):  0| 0| 0| 0| runtime:  522.2 ms | cr: 2088.7
    458. dt:  0.25 ms | #newton:  1 | ph:  0.0% | #CG/newton:  835 | ls (cap|max|inv|bt):  0| 0| 0| 0| runtime:  494.4 ms | cr: 1977.5
    459. dt:  0.25 ms | #newton:  1 | ph:  0.0% | #CG/newton:  910 | ls (cap|max|inv|bt):  0| 0| 0| 0| runtime:  517.8 ms | cr: 2071.1
    460. dt:  0.25 ms | #newton:  1 | ph:  0.0% | #CG/newton:  837 | ls (cap|max|inv|bt):  0| 0| 0| 0| runtime:  488.0 ms | cr: 1952.2
    461. dt:  0.25 ms | #newton:  1 | ph:  0.0% | #CG/newton:  911 | ls (cap|max|inv|bt):  0| 0| 0| 0| runtime:  529.0 ms | cr: 2115.9
    462. dt:  0.25 ms | #newton:  1 | ph:  0.0% | #CG/newton:  837 | ls (cap|max|inv|bt):  0| 0| 0| 0| runtime:  483.3 ms | cr: 1933.1
    463. dt:  0.25 ms | #newton:  1 | ph:  0.0% | #CG/newton:  916 | ls (cap|max|inv|bt):  0| 0| 0| 0| runtime:  532.3 ms | cr: 2129.1
    464. dt:  0.25 ms | #newton:  1 | ph:  0.0% | #CG/newton:  836 | ls (cap|max|inv|bt):  0| 0| 0| 0| runtime:  531.0 ms | cr: 2124.2
    465. dt:  0.25 ms | #newton:  1 | ph:  0.0% | #CG/newton:  866 | ls (cap|max|inv|bt):  0| 0| 0| 0| runtime:  502.1 ms | cr: 2008.3
    466. dt:  0.25 ms | #newton:  1 | ph:  0.0% | #CG/newton:  834 | ls (cap|max|inv|bt):  0| 0| 0| 0| runtime:  486.7 ms | cr: 1947.0
    467. dt:  0.25 ms | #newton:  1 | ph:  0.0% | #CG/newton:  931 | ls (cap|max|inv|bt):  0| 0| 0| 0| runtime:  527.5 ms | cr: 2109.8
    468. dt:  0.25 ms | #newton:  1 | ph:  0.0% | #CG/newton:  832 | ls (cap|max|inv|bt):  0| 0| 0| 0| runtime:  488.7 ms | cr: 1954.7
    469. dt:  0.25 ms | #newton:  1 | ph:  0.0% | #CG/newton:  834 | ls (cap|max|inv|bt):  0| 0| 0| 0| runtime:  488.6 ms | cr: 1954.6
    470. dt:  0.25 ms | #newton:  1 | ph:  0.0% | #CG/newton:  831 | ls (cap|max|inv|bt):  0| 0| 0| 0| runtime:  492.9 ms | cr: 1971.7
    471. dt:  0.25 ms | #newton:  1 | ph:  0.0% | #CG/newton:  834 | ls (cap|max|inv|bt):  0| 0| 0| 0| runtime:  486.6 ms | cr: 1946.5
    472. dt:  0.25 ms | #newton:  1 | ph:  0.0% | #CG/newton:  831 | ls (cap|max|inv|bt):  0| 0| 0| 0| runtime:  490.8 ms | cr: 1963.2
    473. dt:  0.25 ms | #newton:  1 | ph:  0.0% | #CG/newton:  836 | ls (cap|max|inv|bt):  0| 0| 0| 0| runtime:  491.2 ms | cr: 1965.0
    474. dt:  0.25 ms | #newton:  1 | ph:  0.0% | #CG/newton:  880 | ls (cap|max|inv|bt):  0| 0| 0| 0| runtime:  506.1 ms | cr: 2024.4
    475. dt:  0.25 ms | #newton:  1 | ph:  0.0% | #CG/newton:  831 | ls (cap|max|inv|bt):  0| 0| 0| 0| runtime:  490.7 ms | cr: 1962.9
    476. dt:  0.25 ms | #newton:  1 | ph:  0.0% | #CG/newton:  914 | ls (cap|max|inv|bt):  0| 0| 0| 0| runtime:  522.4 ms | cr: 2089.4
    477. dt:  0.25 ms | #newton:  1 | ph:  0.0% | #CG/newton:  820 | ls (cap|max|inv|bt):  0| 0| 0| 0| runtime:  486.1 ms | cr: 1944.3
    478. dt:  0.25 ms | #newton:  1 | ph:  0.0% | #CG/newton:  843 | ls (cap|max|inv|bt):  0| 0| 0| 0| runtime:  495.1 ms | cr: 1980.4
    479. dt:  0.25 ms | #newton:  1 | ph:  0.0% | #CG/newton:  919 | ls (cap|max|inv|bt):  0| 0| 0| 0| runtime:  526.4 ms | cr: 2105.8
    480. dt:  0.25 ms | #newton:  1 | ph:  0.0% | #CG/newton:  833 | ls (cap|max|inv|bt):  0| 0| 0| 0| runtime:  488.4 ms | cr: 1953.6
    481. dt:  0.25 ms | #newton:  1 | ph:  0.0% | #CG/newton:  831 | ls (cap|max|inv|bt):  0| 0| 0| 0| runtime:  483.1 ms | cr: 1932.5
    482. dt:  0.25 ms | #newton:  1 | ph:  0.0% | #CG/newton:  834 | ls (cap|max|inv|bt):  0| 0| 0| 0| runtime:  490.1 ms | cr: 1960.5
    483. dt:  0.25 ms | #newton:  1 | ph:  0.0% | #CG/newton:  833 | ls (cap|max|inv|bt):  0| 0| 0| 0| runtime:  492.5 ms | cr: 1970.2
    484. dt:  0.25 ms | #newton:  1 | ph:  0.0% | #CG/newton:  832 | ls (cap|max|inv|bt):  0| 0| 0| 0| runtime:  492.4 ms | cr: 1969.6
    485. dt:  0.25 ms | #newton:  1 | ph:  0.0% | #CG/newton:  834 | ls (cap|max|inv|bt):  0| 0| 0| 0| runtime:  493.7 ms | cr: 1974.9
    486. dt:  0.25 ms | #newton:  1 | ph:  0.0% | #CG/newton:  834 | ls (cap|max|inv|bt):  0| 0| 0| 0| runtime:  488.8 ms | cr: 1955.1
    487. dt:  0.25 ms | #newton:  1 | ph:  0.0% | #CG/newton:  838 | ls (cap|max|inv|bt):  0| 0| 0| 0| runtime:  492.5 ms | cr: 1970.1
    488. dt:  0.25 ms | #newton:  1 | ph:  0.0% | #CG/newton:  905 | ls (cap|max|inv|bt):  0| 0| 0| 0| runtime:  522.6 ms | cr: 2090.4
    489. dt:  0.25 ms | #newton:  1 | ph:  0.0% | #CG/newton:  834 | ls (cap|max|inv|bt):  0| 0| 0| 0| runtime:  495.1 ms | cr: 1980.5
    490. dt:  0.25 ms | #newton:  1 | ph:  0.0% | #CG/newton:  879 | ls (cap|max|inv|bt):  0| 0| 0| 0| runtime:  502.6 ms | cr: 2010.3
    491. dt:  0.25 ms | #newton:  1 | ph:  0.0% | #CG/newton:  827 | ls (cap|max|inv|bt):  0| 0| 0| 0| runtime:  491.2 ms | cr: 1964.6
    492. dt:  0.25 ms | #newton:  1 | ph:  0.0% | #CG/newton:  914 | ls (cap|max|inv|bt):  0| 0| 0| 0| runtime:  527.2 ms | cr: 2108.8
    493. dt:  0.25 ms | #newton:  1 | ph:  0.0% | #CG/newton:  831 | ls (cap|max|inv|bt):  0| 0| 0| 0| runtime:  494.6 ms | cr: 1978.4
    494. dt:  0.25 ms | #newton:  1 | ph:  0.0% | #CG/newton:  920 | ls (cap|max|inv|bt):  0| 0| 0| 0| runtime:  528.8 ms | cr: 2115.0
    495. dt:  0.25 ms | #newton:  1 | ph:  0.0% | #CG/newton:  830 | ls (cap|max|inv|bt):  0| 0| 0| 0| runtime:  490.3 ms | cr: 1961.0
    496. dt:  0.25 ms | #newton:  1 | ph:  0.0% | #CG/newton:  865 | ls (cap|max|inv|bt):  0| 0| 0| 0| runtime:  508.6 ms | cr: 2034.5
    497. dt:  0.25 ms | #newton:  1 | ph:  0.0% | #CG/newton:  834 | ls (cap|max|inv|bt):  0| 0| 0| 0| runtime:  486.9 ms | cr: 1947.5
    498. dt:  0.25 ms | #newton:  1 | ph:  0.0% | #CG/newton:  908 | ls (cap|max|inv|bt):  0| 0| 0| 0| runtime:  517.5 ms | cr: 2070.0
    499. dt:  0.25 ms | #newton:  1 | ph:  0.0% | #CG/newton:  832 | ls (cap|max|inv|bt):  0| 0| 0| 0| runtime:  490.3 ms | cr: 1961.4
    500. dt:  0.25 ms | #newton:  1 | ph:  0.0% | #CG/newton:  831 | ls (cap|max|inv|bt):  0| 0| 0| 0| runtime:  489.5 ms | cr: 1957.9
    501. dt:  0.25 ms | #newton:  1 | ph:  0.0% | #CG/newton:  834 | ls (cap|max|inv|bt):  0| 0| 0| 0| runtime:  488.8 ms | cr: 1955.3
    502. dt:  0.25 ms | #newton:  1 | ph:  0.0% | #CG/newton:  830 | ls (cap|max|inv|bt):  0| 0| 0| 0| runtime:  490.8 ms | cr: 1963.2
    503. dt:  0.25 ms | #newton:  1 | ph:  0.0% | #CG/newton:  834 | ls (cap|max|inv|bt):  0| 0| 0| 0| runtime:  494.2 ms | cr: 1976.9
    504. dt:  0.25 ms | #newton:  1 | ph:  0.0% | #CG/newton:  835 | ls (cap|max|inv|bt):  0| 0| 0| 0| runtime:  491.4 ms | cr: 1965.6
    505. dt:  0.25 ms | #newton:  1 | ph:  0.0% | #CG/newton:  910 | ls (cap|max|inv|bt):  0| 0| 0| 0| runtime:  521.6 ms | cr: 2086.3
    506. dt:  0.25 ms | #newton:  1 | ph:  0.0% | #CG/newton:  834 | ls (cap|max|inv|bt):  0| 0| 0| 0| runtime:  492.8 ms | cr: 1971.2
    507. dt:  0.25 ms | #newton:  1 | ph:  0.0% | #CG/newton:  859 | ls (cap|max|inv|bt):  0| 0| 0| 0| runtime:  503.4 ms | cr: 2013.7
    508. dt:  0.25 ms | #newton:  1 | ph:  0.0% | #CG/newton:  805 | ls (cap|max|inv|bt):  0| 0| 0| 0| runtime:  470.8 ms | cr: 1883.0
    509. dt:  0.25 ms | #newton:  1 | ph:  0.0% | #CG/newton:  927 | ls (cap|max|inv|bt):  0| 0| 0| 0| runtime:  523.0 ms | cr: 2092.1
    510. dt:  0.25 ms | #newton:  1 | ph:  0.0% | #CG/newton:  832 | ls (cap|max|inv|bt):  0| 0| 0| 0| runtime:  490.3 ms | cr: 1961.2
    511. dt:  0.25 ms | #newton:  1 | ph:  0.0% | #CG/newton:  911 | ls (cap|max|inv|bt):  0| 0| 0| 0| runtime:  512.6 ms | cr: 2050.5
    512. dt:  0.25 ms | #newton:  1 | ph:  0.0% | #CG/newton:  834 | ls (cap|max|inv|bt):  0| 0| 0| 0| runtime:  482.1 ms | cr: 1928.6
    513. dt:  0.25 ms | #newton:  1 | ph:  0.0% | #CG/newton:  859 | ls (cap|max|inv|bt):  0| 0| 0| 0| runtime:  499.4 ms | cr: 1997.4
    514. dt:  0.25 ms | #newton:  1 | ph:  0.0% | #CG/newton:  835 | ls (cap|max|inv|bt):  0| 0| 0| 0| runtime:  482.1 ms | cr: 1928.4
    515. dt:  0.25 ms | #newton:  1 | ph:  0.0% | #CG/newton:  917 | ls (cap|max|inv|bt):  0| 0| 0| 0| runtime:  514.7 ms | cr: 2058.8
    516. dt:  0.25 ms | #newton:  1 | ph:  0.0% | #CG/newton:  834 | ls (cap|max|inv|bt):  0| 0| 0| 0| runtime:  485.4 ms | cr: 1941.4
    517. dt:  0.25 ms | #newton:  1 | ph:  0.0% | #CG/newton:  782 | ls (cap|max|inv|bt):  0| 0| 0| 0| runtime:  468.4 ms | cr: 1873.7
    518. dt:  0.25 ms | #newton:  1 | ph:  0.0% | #CG/newton:  916 | ls (cap|max|inv|bt):  0| 0| 0| 0| runtime:  510.0 ms | cr: 2039.9
    519. dt:  0.25 ms | #newton:  1 | ph:  0.0% | #CG/newton:  805 | ls (cap|max|inv|bt):  0| 0| 0| 0| runtime:  473.5 ms | cr: 1894.0
    520. dt:  0.25 ms | #newton:  1 | ph:  0.0% | #CG/newton:  839 | ls (cap|max|inv|bt):  0| 0| 0| 0| runtime:  482.5 ms | cr: 1930.2
    521. dt:  0.25 ms | #newton:  1 | ph:  0.0% | #CG/newton:  911 | ls (cap|max|inv|bt):  0| 0| 0| 0| runtime:  519.1 ms | cr: 2076.2
    522. dt:  0.25 ms | #newton:  1 | ph:  0.0% | #CG/newton:  832 | ls (cap|max|inv|bt):  0| 0| 0| 0| runtime:  486.6 ms | cr: 1946.6
    523. dt:  0.25 ms | #newton:  1 | ph:  0.0% | #CG/newton:  832 | ls (cap|max|inv|bt):  0| 0| 0| 0| runtime:  486.4 ms | cr: 1945.8
    524. dt:  0.25 ms | #newton:  1 | ph:  0.0% | #CG/newton:  832 | ls (cap|max|inv|bt):  0| 0| 0| 0| runtime:  495.5 ms | cr: 1981.9
    525. dt:  0.25 ms | #newton:  1 | ph:  0.0% | #CG/newton:  830 | ls (cap|max|inv|bt):  0| 0| 0| 0| runtime:  495.4 ms | cr: 1981.5
    526. dt:  0.25 ms | #newton:  1 | ph:  0.0% | #CG/newton:  831 | ls (cap|max|inv|bt):  0| 0| 0| 0| runtime:  493.7 ms | cr: 1974.8
    527. dt:  0.25 ms | #newton:  1 | ph:  0.0% | #CG/newton:  831 | ls (cap|max|inv|bt):  0| 0| 0| 0| runtime:  497.0 ms | cr: 1987.9
    528. dt:  0.25 ms | #newton:  1 | ph:  0.0% | #CG/newton:  831 | ls (cap|max|inv|bt):  0| 0| 0| 0| runtime:  491.9 ms | cr: 1967.6
    529. dt:  0.25 ms | #newton:  1 | ph:  0.0% | #CG/newton:  828 | ls (cap|max|inv|bt):  0| 0| 0| 0| runtime:  494.2 ms | cr: 1976.6
    530. dt:  0.25 ms | #newton:  1 | ph:  0.0% | #CG/newton:  832 | ls (cap|max|inv|bt):  0| 0| 0| 0| runtime:  491.6 ms | cr: 1966.6
    531. dt:  0.25 ms | #newton:  1 | ph:  0.0% | #CG/newton:  839 | ls (cap|max|inv|bt):  0| 0| 0| 0| runtime:  487.7 ms | cr: 1950.7
    532. dt:  0.25 ms | #newton:  1 | ph:  0.0% | #CG/newton:  806 | ls (cap|max|inv|bt):  0| 0| 0| 0| runtime:  472.7 ms | cr: 1890.9
    533. dt:  0.25 ms | #newton:  1 | ph:  0.0% | #CG/newton:  905 | ls (cap|max|inv|bt):  0| 0| 0| 0| runtime:  513.5 ms | cr: 2054.0
[Frame: 4] Time: 0.134 s
    534. dt:  0.25 ms | #newton:  1 | ph:  0.0% | #CG/newton:  788 | ls (cap|max|inv|bt):  0| 0| 0| 0| runtime:  464.0 ms | cr: 1856.1
    535. dt:  0.25 ms | #newton:  1 | ph:  0.0% | #CG/newton:  830 | ls (cap|max|inv|bt):  0| 0| 0| 0| runtime:  481.2 ms | cr: 1924.7
    536. dt:  0.25 ms | #newton:  1 | ph:  0.0% | #CG/newton:  788 | ls (cap|max|inv|bt):  0| 0| 0| 0| runtime:  473.9 ms | cr: 1895.4
    537. dt:  0.25 ms | #newton:  1 | ph:  0.0% | #CG/newton:  826 | ls (cap|max|inv|bt):  0| 0| 0| 0| runtime:  484.6 ms | cr: 1938.4
    538. dt:  0.25 ms | #newton:  1 | ph:  0.0% | #CG/newton:  831 | ls (cap|max|inv|bt):  0| 0| 0| 0| runtime:  497.8 ms | cr: 1991.3
    539. dt:  0.25 ms | #newton:  2 | ph:  0.0% | #CG/newton: 1220 | ls (cap|max|inv|bt):  0| 0| 0| 0| runtime: 1234.6 ms | cr: 4938.6
    540. dt:  0.25 ms | #newton:  1 | ph:  0.0% | #CG/newton: 1230 | ls (cap|max|inv|bt):  0| 0| 0| 0| runtime:  645.6 ms | cr: 2582.3
    541. dt:  0.25 ms | #newton:  1 | ph:  0.0% | #CG/newton: 1233 | ls (cap|max|inv|bt):  0| 0| 0| 0| runtime:  648.2 ms | cr: 2593.0
    542. dt:  0.25 ms | #newton:  1 | ph:  0.0% | #CG/newton: 1246 | ls (cap|max|inv|bt):  0| 0| 0| 0| runtime:  657.2 ms | cr: 2628.9
    543. dt:  0.25 ms | #newton:  1 | ph:  0.0% | #CG/newton: 1210 | ls (cap|max|inv|bt):  0| 0| 0| 0| runtime:  647.0 ms | cr: 2588.1
    544. dt:  0.25 ms | #newton:  1 | ph:  0.0% | #CG/newton: 1227 | ls (cap|max|inv|bt):  0| 0| 0| 0| runtime:  639.3 ms | cr: 2557.2
    545. dt:  0.25 ms | #newton:  1 | ph:  0.0% | #CG/newton: 1248 | ls (cap|max|inv|bt):  0| 0| 0| 0| runtime:  642.5 ms | cr: 2570.1
    546. dt:  0.25 ms | #newton:  1 | ph:  0.0% | #CG/newton: 1253 | ls (cap|max|inv|bt):  0| 0| 0| 0| runtime:  657.4 ms | cr: 2629.5
    547. dt:  0.25 ms | #newton:  1 | ph:  0.0% | #CG/newton: 1272 | ls (cap|max|inv|bt):  0| 0| 0| 0| runtime:  665.1 ms | cr: 2660.3
    548. dt:  0.25 ms | #newton:  1 | ph:  0.0% | #CG/newton: 1249 | ls (cap|max|inv|bt):  0| 0| 0| 0| runtime:  668.1 ms | cr: 2672.5
    549. dt:  0.25 ms | #newton:  1 | ph:  0.0% | #CG/newton:  844 | ls (cap|max|inv|bt):  0| 0| 0| 0| runtime:  494.0 ms | cr: 1976.2
    550. dt:  0.25 ms | #newton:  1 | ph:  0.0% | #CG/newton:  953 | ls (cap|max|inv|bt):  0| 0| 0| 0| runtime:  531.0 ms | cr: 2123.9
    551. dt:  0.25 ms | #newton:  1 | ph:  0.0% | #CG/newton:  833 | ls (cap|max|inv|bt):  0| 0| 0| 0| runtime:  487.4 ms | cr: 1949.7
    552. dt:  0.25 ms | #newton:  1 | ph:  0.0% | #CG/newton:  836 | ls (cap|max|inv|bt):  0| 0| 0| 0| runtime:  489.3 ms | cr: 1957.3
    553. dt:  0.25 ms | #newton:  1 | ph:  0.0% | #CG/newton:  985 | ls (cap|max|inv|bt):  0| 0| 0| 0| runtime:  592.3 ms | cr: 2369.2
    554. dt:  0.25 ms | #newton:  1 | ph:  0.0% | #CG/newton: 1240 | ls (cap|max|inv|bt):  0| 0| 0| 0| runtime:  652.1 ms | cr: 2608.5
    555. dt:  0.25 ms | #newton:  1 | ph:  0.0% | #CG/newton: 1246 | ls (cap|max|inv|bt):  0| 0| 0| 0| runtime:  650.2 ms | cr: 2600.6
    556. dt:  0.25 ms | #newton:  1 | ph:  0.0% | #CG/newton: 1271 | ls (cap|max|inv|bt):  0| 0| 0| 0| runtime:  656.3 ms | cr: 2625.3
    557. dt:  0.25 ms | #newton:  1 | ph:  0.0% | #CG/newton: 1220 | ls (cap|max|inv|bt):  0| 0| 0| 0| runtime:  647.4 ms | cr: 2589.7
    558. dt:  0.25 ms | #newton:  1 | ph:  0.0% | #CG/newton:  840 | ls (cap|max|inv|bt):  0| 0| 0| 0| runtime:  486.5 ms | cr: 1945.9
    559. dt:  0.25 ms | #newton:  1 | ph:  0.0% | #CG/newton:  979 | ls (cap|max|inv|bt):  0| 0| 0| 0| runtime:  538.8 ms | cr: 2155.3
    560. dt:  0.25 ms | #newton:  1 | ph:  0.0% | #CG/newton: 1244 | ls (cap|max|inv|bt):  0| 0| 0| 0| runtime:  647.5 ms | cr: 2589.9
    561. dt:  0.25 ms | #newton:  1 | ph:  0.0% | #CG/newton: 1236 | ls (cap|max|inv|bt):  0| 0| 0| 0| runtime:  646.3 ms | cr: 2585.0
    562. dt:  0.25 ms | #newton:  1 | ph:  0.0% | #CG/newton:  845 | ls (cap|max|inv|bt):  0| 0| 0| 0| runtime:  489.2 ms | cr: 1956.7
    563. dt:  0.25 ms | #newton:  1 | ph:  0.0% | #CG/newton: 1222 | ls (cap|max|inv|bt):  0| 0| 0| 0| runtime:  649.8 ms | cr: 2599.1
    564. dt:  0.25 ms | #newton:  1 | ph:  0.0% | #CG/newton: 1246 | ls (cap|max|inv|bt):  0| 0| 0| 0| runtime:  649.1 ms | cr: 2596.5
    565. dt:  0.25 ms | #newton:  1 | ph:  0.0% | #CG/newton: 1271 | ls (cap|max|inv|bt):  0| 0| 0| 0| runtime:  661.2 ms | cr: 2644.8
    566. dt:  0.25 ms | #newton:  1 | ph:  0.0% | #CG/newton: 1246 | ls (cap|max|inv|bt):  0| 0| 0| 0| runtime:  645.8 ms | cr: 2583.1
    567. dt:  0.25 ms | #newton:  1 | ph:  0.0% | #CG/newton:  848 | ls (cap|max|inv|bt):  0| 0| 0| 0| runtime:  492.3 ms | cr: 1969.1
    568. dt:  0.25 ms | #newton:  1 | ph:  0.0% | #CG/newton:  958 | ls (cap|max|inv|bt):  0| 0| 0| 0| runtime:  538.5 ms | cr: 2153.9
    569. dt:  0.25 ms | #newton:  1 | ph:  0.0% | #CG/newton:  846 | ls (cap|max|inv|bt):  0| 0| 0| 0| runtime:  487.4 ms | cr: 1949.6
    570. dt:  0.25 ms | #newton:  1 | ph:  0.0% | #CG/newton: 1238 | ls (cap|max|inv|bt):  0| 0| 0| 0| runtime:  641.4 ms | cr: 2565.7
    571. dt:  0.25 ms | #newton:  1 | ph:  0.0% | #CG/newton: 1270 | ls (cap|max|inv|bt):  0| 0| 0| 0| runtime:  659.0 ms | cr: 2636.0
    572. dt:  0.25 ms | #newton:  1 | ph:  0.0% | #CG/newton: 1263 | ls (cap|max|inv|bt):  0| 0| 0| 0| runtime:  659.2 ms | cr: 2636.8
    573. dt:  0.25 ms | #newton:  1 | ph:  0.0% | #CG/newton: 1254 | ls (cap|max|inv|bt):  0| 0| 0| 0| runtime:  671.6 ms | cr: 2686.3
    574. dt:  0.25 ms | #newton:  1 | ph:  0.0% | #CG/newton: 1263 | ls (cap|max|inv|bt):  0| 0| 0| 0| runtime:  666.9 ms | cr: 2667.5
    575. dt:  0.25 ms | #newton:  1 | ph:  0.0% | #CG/newton: 1220 | ls (cap|max|inv|bt):  0| 0| 0| 0| runtime:  639.2 ms | cr: 2556.9
    576. dt:  0.25 ms | #newton:  1 | ph:  0.0% | #CG/newton:  848 | ls (cap|max|inv|bt):  0| 0| 0| 0| runtime:  491.3 ms | cr: 1965.2
    577. dt:  0.25 ms | #newton:  1 | ph:  0.0% | #CG/newton: 1242 | ls (cap|max|inv|bt):  0| 0| 0| 0| runtime:  651.5 ms | cr: 2605.9
    578. dt:  0.25 ms | #newton:  1 | ph:  0.0% | #CG/newton: 1270 | ls (cap|max|inv|bt):  0| 0| 0| 0| runtime:  656.5 ms | cr: 2625.9
    579. dt:  0.25 ms | #newton:  1 | ph:  0.0% | #CG/newton: 1267 | ls (cap|max|inv|bt):  0| 0| 0| 0| runtime:  662.9 ms | cr: 2651.5
    580. dt:  0.25 ms | #newton:  1 | ph:  0.0% | #CG/newton: 1250 | ls (cap|max|inv|bt):  0| 0| 0| 0| runtime:  650.3 ms | cr: 2601.3
    581. dt:  0.25 ms | #newton:  1 | ph:  0.0% | #CG/newton: 1247 | ls (cap|max|inv|bt):  0| 0| 0| 0| runtime:  652.4 ms | cr: 2609.8
    582. dt:  0.25 ms | #newton:  1 | ph:  0.0% | #CG/newton: 1202 | ls (cap|max|inv|bt):  0| 0| 0| 0| runtime:  626.7 ms | cr: 2506.8
    583. dt:  0.25 ms | #newton:  1 | ph:  0.0% | #CG/newton: 1266 | ls (cap|max|inv|bt):  0| 0| 0| 0| runtime:  663.2 ms | cr: 2652.6
    584. dt:  0.25 ms | #newton:  1 | ph:  0.0% | #CG/newton: 1243 | ls (cap|max|inv|bt):  0| 0| 0| 0| runtime:  647.7 ms | cr: 2590.9
    585. dt:  0.25 ms | #newton:  1 | ph:  0.0% | #CG/newton: 1258 | ls (cap|max|inv|bt):  0| 0| 0| 0| runtime:  651.6 ms | cr: 2606.5
    586. dt:  0.25 ms | #newton:  1 | ph:  0.0% | #CG/newton: 1250 | ls (cap|max|inv|bt):  0| 0| 0| 0| runtime:  654.0 ms | cr: 2615.9
    587. dt:  0.25 ms | #newton:  1 | ph:  0.0% | #CG/newton: 1246 | ls (cap|max|inv|bt):  0| 0| 0| 0| runtime:  658.6 ms | cr: 2634.5
    588. dt:  0.25 ms | #newton:  1 | ph:  0.0% | #CG/newton: 1249 | ls (cap|max|inv|bt):  0| 0| 0| 0| runtime:  653.5 ms | cr: 2613.8
    589. dt:  0.25 ms | #newton:  1 | ph:  0.0% | #CG/newton: 1207 | ls (cap|max|inv|bt):  0| 0| 0| 0| runtime:  627.0 ms | cr: 2508.2
    590. dt:  0.25 ms | #newton:  1 | ph:  0.0% | #CG/newton: 1265 | ls (cap|max|inv|bt):  0| 0| 0| 0| runtime:  654.8 ms | cr: 2619.0
    591. dt:  0.25 ms | #newton:  1 | ph:  0.0% | #CG/newton: 1193 | ls (cap|max|inv|bt):  0| 0| 0| 0| runtime:  624.2 ms | cr: 2496.8
    592. dt:  0.25 ms | #newton:  1 | ph:  0.0% | #CG/newton: 1270 | ls (cap|max|inv|bt):  0| 0| 0| 0| runtime:  659.3 ms | cr: 2637.3
    593. dt:  0.25 ms | #newton:  1 | ph:  0.0% | #CG/newton: 1210 | ls (cap|max|inv|bt):  0| 0| 0| 0| runtime:  645.5 ms | cr: 2582.1
    594. dt:  0.25 ms | #newton:  1 | ph:  0.0% | #CG/newton: 1226 | ls (cap|max|inv|bt):  0| 0| 0| 0| runtime:  631.8 ms | cr: 2527.1
    595. dt:  0.25 ms | #newton:  1 | ph:  0.0% | #CG/newton: 1218 | ls (cap|max|inv|bt):  0| 0| 0| 0| runtime:  639.3 ms | cr: 2557.4
    596. dt:  0.25 ms | #newton:  1 | ph:  0.0% | #CG/newton: 1263 | ls (cap|max|inv|bt):  0| 0| 0| 0| runtime:  661.8 ms | cr: 2647.1
    597. dt:  0.25 ms | #newton:  1 | ph:  0.0% | #CG/newton: 1242 | ls (cap|max|inv|bt):  0| 0| 0| 0| runtime:  639.8 ms | cr: 2559.1
    598. dt:  0.25 ms | #newton:  1 | ph:  0.0% | #CG/newton: 1214 | ls (cap|max|inv|bt):  0| 0| 0| 0| runtime:  642.3 ms | cr: 2569.2
    599. dt:  0.25 ms | #newton:  1 | ph:  0.0% | #CG/newton: 1242 | ls (cap|max|inv|bt):  0| 0| 0| 0| runtime:  624.6 ms | cr: 2498.2
    600. dt:  0.25 ms | #newton:  1 | ph:  0.0% | #CG/newton: 1245 | ls (cap|max|inv|bt):  0| 0| 0| 0| runtime:  633.4 ms | cr: 2533.6
    601. dt:  0.25 ms | #newton:  1 | ph:  0.0% | #CG/newton: 1241 | ls (cap|max|inv|bt):  0| 0| 0| 0| runtime:  645.1 ms | cr: 2580.4
    602. dt:  0.25 ms | #newton:  1 | ph:  0.0% | #CG/newton: 1246 | ls (cap|max|inv|bt):  0| 0| 0| 0| runtime:  643.5 ms | cr: 2573.9
    603. dt:  0.25 ms | #newton:  1 | ph:  0.0% | #CG/newton: 1250 | ls (cap|max|inv|bt):  0| 0| 0| 0| runtime:  651.2 ms | cr: 2604.7
    604. dt:  0.25 ms | #newton:  1 | ph:  0.0% | #CG/newton: 1502 | ls (cap|max|inv|bt):  0| 0| 0| 0| runtime:  758.0 ms | cr: 3031.8
    605. dt:  0.25 ms | #newton:  1 | ph:  0.0% | #CG/newton: 1509 | ls (cap|max|inv|bt):  0| 0| 0| 0| runtime:  746.2 ms | cr: 2984.7
    606. dt:  0.25 ms | #newton:  1 | ph:  0.0% | #CG/newton: 1494 | ls (cap|max|inv|bt):  0| 0| 0| 0| runtime:  754.3 ms | cr: 3017.2
    607. dt:  0.25 ms | #newton:  1 | ph:  0.0% | #CG/newton: 1463 | ls (cap|max|inv|bt):  0| 0| 0| 0| runtime:  738.1 ms | cr: 2952.5
    608. dt:  0.25 ms | #newton:  1 | ph:  0.0% | #CG/newton: 1467 | ls (cap|max|inv|bt):  0| 0| 0| 0| runtime:  734.5 ms | cr: 2938.2
    609. dt:  0.25 ms | #newton:  1 | ph:  0.0% | #CG/newton: 1514 | ls (cap|max|inv|bt):  0| 0| 0| 0| runtime:  758.0 ms | cr: 3032.1
    610. dt:  0.25 ms | #newton:  1 | ph:  0.0% | #CG/newton: 1493 | ls (cap|max|inv|bt):  0| 0| 0| 0| runtime:  746.3 ms | cr: 2985.1
    611. dt:  0.25 ms | #newton:  1 | ph:  0.0% | #CG/newton: 1523 | ls (cap|max|inv|bt):  0| 0| 0| 0| runtime:  766.6 ms | cr: 3066.4
    612. dt:  0.25 ms | #newton:  1 | ph:  0.0% | #CG/newton: 1479 | ls (cap|max|inv|bt):  0| 0| 0| 0| runtime:  739.4 ms | cr: 2957.6
    613. dt:  0.25 ms | #newton:  1 | ph:  0.0% | #CG/newton: 1524 | ls (cap|max|inv|bt):  0| 0| 0| 0| runtime:  755.2 ms | cr: 3020.9
    614. dt:  0.25 ms | #newton:  1 | ph:  0.0% | #CG/newton: 1480 | ls (cap|max|inv|bt):  0| 0| 0| 0| runtime:  742.9 ms | cr: 2971.5
    615. dt:  0.25 ms | #newton:  1 | ph:  0.0% | #CG/newton: 1474 | ls (cap|max|inv|bt):  0| 0| 0| 0| runtime:  751.8 ms | cr: 3007.2
    616. dt:  0.25 ms | #newton:  1 | ph:  0.0% | #CG/newton: 1476 | ls (cap|max|inv|bt):  0| 0| 0| 0| runtime:  734.5 ms | cr: 2938.0
    617. dt:  0.25 ms | #newton:  1 | ph:  0.0% | #CG/newton: 1479 | ls (cap|max|inv|bt):  0| 0| 0| 0| runtime:  735.4 ms | cr: 2941.8
    618. dt:  0.25 ms | #newton:  1 | ph:  0.0% | #CG/newton: 1487 | ls (cap|max|inv|bt):  0| 0| 0| 0| runtime:  756.1 ms | cr: 3024.5
    619. dt:  0.25 ms | #newton:  1 | ph:  0.0% | #CG/newton: 1479 | ls (cap|max|inv|bt):  0| 0| 0| 0| runtime:  757.8 ms | cr: 3031.1
    620. dt:  0.25 ms | #newton:  1 | ph:  0.0% | #CG/newton: 1473 | ls (cap|max|inv|bt):  0| 0| 0| 0| runtime:  747.3 ms | cr: 2989.3
    621. dt:  0.25 ms | #newton:  1 | ph:  0.0% | #CG/newton: 1493 | ls (cap|max|inv|bt):  0| 0| 0| 0| runtime:  748.4 ms | cr: 2993.5
    622. dt:  0.25 ms | #newton:  1 | ph:  0.0% | #CG/newton: 1478 | ls (cap|max|inv|bt):  0| 0| 0| 0| runtime:  746.6 ms | cr: 2986.2
    623. dt:  0.25 ms | #newton:  1 | ph:  0.0% | #CG/newton: 1510 | ls (cap|max|inv|bt):  0| 0| 0| 0| runtime:  749.6 ms | cr: 2998.2
    624. dt:  0.25 ms | #newton:  1 | ph:  0.0% | #CG/newton: 1478 | ls (cap|max|inv|bt):  0| 0| 0| 0| runtime:  747.1 ms | cr: 2988.6
    625. dt:  0.25 ms | #newton:  1 | ph:  0.0% | #CG/newton: 1515 | ls (cap|max|inv|bt):  0| 0| 0| 0| runtime:  755.2 ms | cr: 3020.7
    626. dt:  0.25 ms | #newton:  1 | ph:  0.0% | #CG/newton: 1522 | ls (cap|max|inv|bt):  0| 0| 0| 0| runtime:  805.9 ms | cr: 3223.6
    627. dt:  0.25 ms | #newton:  1 | ph:  0.0% | #CG/newton: 1517 | ls (cap|max|inv|bt):  0| 0| 0| 0| runtime:  754.7 ms | cr: 3019.0
    628. dt:  0.25 ms | #newton:  1 | ph:  0.0% | #CG/newton: 1523 | ls (cap|max|inv|bt):  0| 0| 0| 0| runtime:  755.0 ms | cr: 3020.2
    629. dt:  0.25 ms | #newton:  1 | ph:  0.0% | #CG/newton: 1516 | ls (cap|max|inv|bt):  0| 0| 0| 0| runtime:  751.9 ms | cr: 3007.7
    630. dt:  0.25 ms | #newton:  1 | ph:  0.0% | #CG/newton: 1516 | ls (cap|max|inv|bt):  0| 0| 0| 0| runtime:  751.1 ms | cr: 3004.6
    631. dt:  0.25 ms | #newton:  1 | ph:  0.0% | #CG/newton: 1503 | ls (cap|max|inv|bt):  0| 0| 0| 0| runtime:  750.7 ms | cr: 3002.6
    632. dt:  0.25 ms | #newton:  1 | ph:  0.0% | #CG/newton: 1492 | ls (cap|max|inv|bt):  0| 0| 0| 0| runtime:  747.6 ms | cr: 2990.4
    633. dt:  0.25 ms | #newton:  1 | ph:  0.0% | #CG/newton: 1492 | ls (cap|max|inv|bt):  0| 0| 0| 0| runtime:  745.5 ms | cr: 2982.2
    634. dt:  0.25 ms | #newton:  1 | ph:  0.0% | #CG/newton: 1496 | ls (cap|max|inv|bt):  0| 0| 0| 0| runtime:  742.1 ms | cr: 2968.4
    635. dt:  0.25 ms | #newton:  1 | ph:  0.0% | #CG/newton: 1515 | ls (cap|max|inv|bt):  0| 0| 0| 0| runtime:  750.7 ms | cr: 3002.7
    636. dt:  0.25 ms | #newton:  1 | ph:  0.0% | #CG/newton: 1505 | ls (cap|max|inv|bt):  0| 0| 0| 0| runtime:  753.1 ms | cr: 3012.4
    637. dt:  0.25 ms | #newton:  1 | ph:  0.0% | #CG/newton: 1496 | ls (cap|max|inv|bt):  0| 0| 0| 0| runtime:  742.7 ms | cr: 2970.7
    638. dt:  0.25 ms | #newton:  1 | ph:  0.0% | #CG/newton: 1509 | ls (cap|max|inv|bt):  0| 0| 0| 0| runtime:  744.8 ms | cr: 2979.4
    639. dt:  0.25 ms | #newton:  1 | ph:  0.0% | #CG/newton: 1520 | ls (cap|max|inv|bt):  0| 0| 0| 0| runtime:  751.5 ms | cr: 3005.9
    640. dt:  0.25 ms | #newton:  1 | ph:  0.0% | #CG/newton: 1532 | ls (cap|max|inv|bt):  0| 0| 0| 0| runtime:  752.8 ms | cr: 3011.2
    641. dt:  0.25 ms | #newton:  1 | ph:  0.0% | #CG/newton: 1539 | ls (cap|max|inv|bt):  0| 0| 0| 0| runtime:  759.3 ms | cr: 3037.2
    642. dt:  0.25 ms | #newton:  1 | ph:  0.0% | #CG/newton: 1515 | ls (cap|max|inv|bt):  0| 0| 0| 0| runtime:  758.4 ms | cr: 3033.4
    643. dt:  0.25 ms | #newton:  1 | ph:  0.0% | #CG/newton: 1526 | ls (cap|max|inv|bt):  0| 0| 0| 0| runtime:  748.6 ms | cr: 2994.3
    644. dt:  0.25 ms | #newton:  1 | ph:  0.0% | #CG/newton: 1519 | ls (cap|max|inv|bt):  0| 0| 0| 0| runtime:  742.5 ms | cr: 2970.2
    645. dt:  0.25 ms | #newton:  1 | ph:  0.0% | #CG/newton: 1528 | ls (cap|max|inv|bt):  0| 0| 0| 0| runtime:  748.8 ms | cr: 2995.3
    646. dt:  0.25 ms | #newton:  1 | ph:  0.0% | #CG/newton: 1524 | ls (cap|max|inv|bt):  0| 0| 0| 0| runtime:  765.0 ms | cr: 3060.1
    647. dt:  0.25 ms | #newton:  1 | ph:  0.0% | #CG/newton: 1537 | ls (cap|max|inv|bt):  0| 0| 0| 0| runtime:  768.6 ms | cr: 3074.6
    648. dt:  0.25 ms | #newton:  1 | ph:  0.0% | #CG/newton: 1533 | ls (cap|max|inv|bt):  0| 0| 0| 0| runtime:  750.7 ms | cr: 3002.9
    649. dt:  0.25 ms | #newton:  1 | ph:  0.0% | #CG/newton: 1552 | ls (cap|max|inv|bt):  0| 0| 0| 0| runtime:  761.5 ms | cr: 3046.1
    650. dt:  0.25 ms | #newton:  1 | ph:  0.0% | #CG/newton: 1535 | ls (cap|max|inv|bt):  0| 0| 0| 0| runtime:  753.0 ms | cr: 3011.8
    651. dt:  0.25 ms | #newton:  1 | ph:  0.0% | #CG/newton: 1297 | ls (cap|max|inv|bt):  0| 0| 0| 0| runtime:  662.8 ms | cr: 2651.1
    652. dt:  0.25 ms | #newton:  1 | ph:  0.0% | #CG/newton: 1285 | ls (cap|max|inv|bt):  0| 0| 0| 0| runtime:  655.7 ms | cr: 2622.7
    653. dt:  0.25 ms | #newton:  1 | ph:  0.0% | #CG/newton: 1295 | ls (cap|max|inv|bt):  0| 0| 0| 0| runtime:  652.1 ms | cr: 2608.5
    654. dt:  0.25 ms | #newton:  1 | ph:  0.0% | #CG/newton: 1290 | ls (cap|max|inv|bt):  0| 0| 0| 0| runtime:  661.6 ms | cr: 2646.6
    655. dt:  0.25 ms | #newton:  1 | ph:  0.0% | #CG/newton: 1296 | ls (cap|max|inv|bt):  0| 0| 0| 0| runtime:  662.7 ms | cr: 2650.8
    656. dt:  0.25 ms | #newton:  1 | ph:  0.0% | #CG/newton: 1292 | ls (cap|max|inv|bt):  0| 0| 0| 0| runtime:  665.2 ms | cr: 2660.8
    657. dt:  0.25 ms | #newton:  1 | ph:  0.0% | #CG/newton: 1294 | ls (cap|max|inv|bt):  0| 0| 0| 0| runtime:  709.3 ms | cr: 2837.2
    658. dt:  0.25 ms | #newton:  1 | ph:  0.0% | #CG/newton: 1291 | ls (cap|max|inv|bt):  0| 0| 0| 0| runtime:  656.8 ms | cr: 2627.1
    659. dt:  0.25 ms | #newton:  1 | ph:  0.0% | #CG/newton: 1292 | ls (cap|max|inv|bt):  0| 0| 0| 0| runtime:  657.9 ms | cr: 2631.8
    660. dt:  0.25 ms | #newton:  1 | ph:  0.0% | #CG/newton: 1251 | ls (cap|max|inv|bt):  0| 0| 0| 0| runtime:  645.3 ms | cr: 2581.1
    661. dt:  0.25 ms | #newton:  1 | ph:  0.0% | #CG/newton: 1276 | ls (cap|max|inv|bt):  0| 0| 0| 0| runtime:  647.1 ms | cr: 2588.6
    662. dt:  0.25 ms | #newton:  1 | ph:  0.0% | #CG/newton: 1303 | ls (cap|max|inv|bt):  0| 0| 0| 0| runtime:  661.8 ms | cr: 2647.0
    663. dt:  0.25 ms | #newton:  1 | ph:  0.0% | #CG/newton: 1293 | ls (cap|max|inv|bt):  0| 0| 0| 0| runtime:  654.4 ms | cr: 2617.6
    664. dt:  0.25 ms | #newton:  1 | ph:  0.0% | #CG/newton: 1300 | ls (cap|max|inv|bt):  0| 0| 0| 0| runtime:  672.1 ms | cr: 2688.6
    665. dt:  0.25 ms | #newton:  1 | ph:  0.0% | #CG/newton: 1295 | ls (cap|max|inv|bt):  0| 0| 0| 0| runtime:  656.6 ms | cr: 2626.5
    666. dt:  0.25 ms | #newton:  1 | ph:  0.0% | #CG/newton: 1297 | ls (cap|max|inv|bt):  0| 0| 0| 0| runtime:  655.5 ms | cr: 2622.1
[Frame: 5] Time: 0.167 s
    667. dt:  0.25 ms | #newton:  1 | ph:  0.0% | #CG/newton: 1271 | ls (cap|max|inv|bt):  0| 0| 0| 0| runtime:  642.0 ms | cr: 2568.2
    668. dt:  0.25 ms | #newton:  1 | ph:  0.0% | #CG/newton: 1298 | ls (cap|max|inv|bt):  0| 0| 0| 0| runtime:  661.0 ms | cr: 2644.0
    669. dt:  0.25 ms | #newton:  1 | ph:  0.0% | #CG/newton: 1299 | ls (cap|max|inv|bt):  0| 0| 0| 0| runtime:  662.5 ms | cr: 2650.1
    670. dt:  0.25 ms | #newton:  1 | ph:  0.0% | #CG/newton: 1300 | ls (cap|max|inv|bt):  0| 0| 0| 0| runtime:  654.7 ms | cr: 2618.9
    671. dt:  0.25 ms | #newton:  1 | ph:  0.0% | #CG/newton: 1296 | ls (cap|max|inv|bt):  0| 0| 0| 0| runtime:  658.8 ms | cr: 2635.1
    672. dt:  0.25 ms | #newton:  1 | ph:  0.0% | #CG/newton: 1297 | ls (cap|max|inv|bt):  0| 0| 0| 0| runtime:  659.3 ms | cr: 2637.1
    673. dt:  0.25 ms | #newton:  1 | ph:  0.0% | #CG/newton: 1290 | ls (cap|max|inv|bt):  0| 0| 0| 0| runtime:  657.3 ms | cr: 2629.4
    674. dt:  0.25 ms | #newton:  1 | ph:  0.0% | #CG/newton: 1250 | ls (cap|max|inv|bt):  0| 0| 0| 0| runtime:  645.6 ms | cr: 2582.6
    675. dt:  0.25 ms | #newton:  1 | ph:  0.0% | #CG/newton: 1275 | ls (cap|max|inv|bt):  0| 0| 0| 0| runtime:  664.4 ms | cr: 2657.6
    676. dt:  0.25 ms | #newton:  1 | ph:  0.0% | #CG/newton: 1301 | ls (cap|max|inv|bt):  0| 0| 0| 0| runtime:  664.9 ms | cr: 2659.4
    677. dt:  0.25 ms | #newton:  1 | ph:  0.0% | #CG/newton: 1293 | ls (cap|max|inv|bt):  0| 0| 0| 0| runtime:  657.5 ms | cr: 2630.1
    678. dt:  0.25 ms | #newton:  1 | ph:  0.0% | #CG/newton: 1299 | ls (cap|max|inv|bt):  0| 0| 0| 0| runtime:  673.6 ms | cr: 2694.4
    679. dt:  0.25 ms | #newton:  1 | ph:  0.0% | #CG/newton: 1294 | ls (cap|max|inv|bt):  0| 0| 0| 0| runtime:  665.9 ms | cr: 2663.6
    680. dt:  0.25 ms | #newton:  1 | ph:  0.0% | #CG/newton: 1290 | ls (cap|max|inv|bt):  0| 0| 0| 0| runtime:  664.8 ms | cr: 2659.3
    681. dt:  0.25 ms | #newton:  1 | ph:  0.0% | #CG/newton: 1284 | ls (cap|max|inv|bt):  0| 0| 0| 0| runtime:  660.8 ms | cr: 2643.2
    682. dt:  0.25 ms | #newton:  1 | ph:  0.0% | #CG/newton: 1297 | ls (cap|max|inv|bt):  0| 0| 0| 0| runtime:  664.1 ms | cr: 2656.4
    683. dt:  0.25 ms | #newton:  1 | ph:  0.0% | #CG/newton: 1298 | ls (cap|max|inv|bt):  0| 0| 0| 0| runtime:  670.4 ms | cr: 2681.6
    684. dt:  0.25 ms | #newton:  1 | ph:  0.0% | #CG/newton: 1294 | ls (cap|max|inv|bt):  0| 0| 0| 0| runtime:  665.0 ms | cr: 2660.1
    685. dt:  0.25 ms | #newton:  1 | ph:  0.0% | #CG/newton: 1296 | ls (cap|max|inv|bt):  0| 0| 0| 0| runtime:  665.2 ms | cr: 2660.9
    686. dt:  0.25 ms | #newton:  1 | ph:  0.0% | #CG/newton: 1283 | ls (cap|max|inv|bt):  0| 0| 0| 0| runtime:  659.6 ms | cr: 2638.5
    687. dt:  0.25 ms | #newton:  1 | ph:  0.0% | #CG/newton: 1294 | ls (cap|max|inv|bt):  0| 0| 0| 0| runtime:  673.4 ms | cr: 2693.5
    688. dt:  0.25 ms | #newton:  1 | ph:  0.0% | #CG/newton: 1293 | ls (cap|max|inv|bt):  0| 0| 0| 0| runtime:  663.4 ms | cr: 2653.6
    689. dt:  0.25 ms | #newton:  1 | ph:  0.0% | #CG/newton: 1300 | ls (cap|max|inv|bt):  0| 0| 0| 0| runtime:  661.3 ms | cr: 2645.3
    690. dt:  0.25 ms | #newton:  1 | ph:  0.0% | #CG/newton: 1290 | ls (cap|max|inv|bt):  0| 0| 0| 0| runtime:  667.7 ms | cr: 2670.7
    691. dt:  0.25 ms | #newton:  1 | ph:  0.0% | #CG/newton: 1297 | ls (cap|max|inv|bt):  0| 0| 0| 0| runtime:  657.3 ms | cr: 2629.2
    692. dt:  0.25 ms | #newton:  1 | ph:  0.0% | #CG/newton: 1286 | ls (cap|max|inv|bt):  0| 0| 0| 0| runtime:  661.6 ms | cr: 2646.3
    693. dt:  0.25 ms | #newton:  1 | ph:  0.0% | #CG/newton: 1262 | ls (cap|max|inv|bt):  0| 0| 0| 0| runtime:  645.6 ms | cr: 2582.5
    694. dt:  0.25 ms | #newton:  1 | ph:  0.0% | #CG/newton: 1280 | ls (cap|max|inv|bt):  0| 0| 0| 0| runtime:  653.8 ms | cr: 2615.1
    695. dt:  0.25 ms | #newton:  1 | ph:  0.0% | #CG/newton: 1301 | ls (cap|max|inv|bt):  0| 0| 0| 0| runtime:  655.1 ms | cr: 2620.4
    696. dt:  0.25 ms | #newton:  1 | ph:  0.0% | #CG/newton: 1291 | ls (cap|max|inv|bt):  0| 0| 0| 0| runtime:  654.7 ms | cr: 2619.0
    697. dt:  0.25 ms | #newton:  1 | ph:  0.0% | #CG/newton: 1297 | ls (cap|max|inv|bt):  0| 0| 0| 0| runtime:  654.5 ms | cr: 2618.0
    698. dt:  0.25 ms | #newton:  1 | ph:  0.0% | #CG/newton: 1282 | ls (cap|max|inv|bt):  0| 0| 0| 0| runtime:  653.1 ms | cr: 2612.4
    699. dt:  0.25 ms | #newton:  1 | ph:  0.0% | #CG/newton: 1291 | ls (cap|max|inv|bt):  0| 0| 0| 0| runtime:  658.7 ms | cr: 2634.8
    700. dt:  0.25 ms | #newton:  1 | ph:  0.0% | #CG/newton: 1300 | ls (cap|max|inv|bt):  0| 0| 0| 0| runtime:  659.8 ms | cr: 2639.3
    701. dt:  0.25 ms | #newton:  1 | ph:  0.0% | #CG/newton: 1250 | ls (cap|max|inv|bt):  0| 0| 0| 0| runtime:  632.3 ms | cr: 2529.1
    702. dt:  0.25 ms | #newton:  1 | ph:  0.0% | #CG/newton: 1269 | ls (cap|max|inv|bt):  0| 0| 0| 0| runtime:  647.4 ms | cr: 2589.8
    703. dt:  0.25 ms | #newton:  1 | ph:  0.0% | #CG/newton: 1263 | ls (cap|max|inv|bt):  0| 0| 0| 0| runtime:  642.6 ms | cr: 2570.2
    704. dt:  0.25 ms | #newton:  1 | ph:  0.0% | #CG/newton: 1297 | ls (cap|max|inv|bt):  0| 0| 0| 0| runtime:  669.8 ms | cr: 2679.0
    705. dt:  0.25 ms | #newton:  1 | ph:  0.0% | #CG/newton: 1296 | ls (cap|max|inv|bt):  0| 0| 0| 0| runtime:  664.8 ms | cr: 2659.1
    706. dt:  0.25 ms | #newton:  1 | ph:  0.0% | #CG/newton: 1295 | ls (cap|max|inv|bt):  0| 0| 0| 0| runtime:  657.6 ms | cr: 2630.6
    707. dt:  0.25 ms | #newton:  1 | ph:  0.0% | #CG/newton: 1306 | ls (cap|max|inv|bt):  0| 0| 0| 0| runtime:  665.4 ms | cr: 2661.6
    708. dt:  0.25 ms | #newton:  1 | ph:  0.0% | #CG/newton: 1279 | ls (cap|max|inv|bt):  0| 0| 0| 0| runtime:  647.7 ms | cr: 2590.6
    709. dt:  0.25 ms | #newton:  1 | ph:  0.0% | #CG/newton: 1301 | ls (cap|max|inv|bt):  0| 0| 0| 0| runtime:  659.4 ms | cr: 2637.5
    710. dt:  0.25 ms | #newton:  1 | ph:  0.0% | #CG/newton: 1300 | ls (cap|max|inv|bt):  0| 0| 0| 0| runtime:  662.2 ms | cr: 2648.8
    711. dt:  0.25 ms | #newton:  1 | ph:  0.0% | #CG/newton: 1258 | ls (cap|max|inv|bt):  0| 0| 0| 0| runtime:  655.5 ms | cr: 2622.1
    712. dt:  0.25 ms | #newton:  1 | ph:  0.0% | #CG/newton: 1263 | ls (cap|max|inv|bt):  0| 0| 0| 0| runtime:  645.1 ms | cr: 2580.6
    713. dt:  0.25 ms | #newton:  1 | ph:  0.0% | #CG/newton: 1296 | ls (cap|max|inv|bt):  0| 0| 0| 0| runtime:  663.8 ms | cr: 2655.2
    714. dt:  0.25 ms | #newton:  1 | ph:  0.0% | #CG/newton: 1266 | ls (cap|max|inv|bt):  0| 0| 0| 0| runtime:  647.2 ms | cr: 2588.7
    715. dt:  0.25 ms | #newton:  1 | ph:  0.0% | #CG/newton: 1300 | ls (cap|max|inv|bt):  0| 0| 0| 0| runtime:  661.9 ms | cr: 2647.8
    716. dt:  0.25 ms | #newton:  1 | ph:  0.0% | #CG/newton: 1265 | ls (cap|max|inv|bt):  0| 0| 0| 0| runtime:  633.0 ms | cr: 2531.8
    717. dt:  0.25 ms | #newton:  1 | ph:  0.0% | #CG/newton: 1253 | ls (cap|max|inv|bt):  0| 0| 0| 0| runtime:  644.0 ms | cr: 2575.9
    718. dt:  0.25 ms | #newton:  1 | ph:  0.0% | #CG/newton: 1259 | ls (cap|max|inv|bt):  0| 0| 0| 0| runtime:  627.4 ms | cr: 2509.8
    719. dt:  0.25 ms | #newton:  1 | ph:  0.0% | #CG/newton: 1291 | ls (cap|max|inv|bt):  0| 0| 0| 0| runtime:  642.7 ms | cr: 2570.9
    720. dt:  0.25 ms | #newton:  1 | ph:  0.0% | #CG/newton: 1263 | ls (cap|max|inv|bt):  0| 0| 0| 0| runtime:  648.6 ms | cr: 2594.5
    721. dt:  0.25 ms | #newton:  1 | ph:  0.0% | #CG/newton: 1300 | ls (cap|max|inv|bt):  0| 0| 0| 0| runtime:  651.0 ms | cr: 2603.9
    722. dt:  0.25 ms | #newton:  1 | ph:  0.0% | #CG/newton: 1258 | ls (cap|max|inv|bt):  0| 0| 0| 0| runtime:  649.7 ms | cr: 2598.8
    723. dt:  0.25 ms | #newton:  1 | ph:  0.0% | #CG/newton: 1296 | ls (cap|max|inv|bt):  0| 0| 0| 0| runtime:  660.8 ms | cr: 2643.2
    724. dt:  0.25 ms | #newton:  1 | ph:  0.0% | #CG/newton: 1294 | ls (cap|max|inv|bt):  0| 0| 0| 0| runtime:  655.4 ms | cr: 2621.6
    725. dt:  0.25 ms | #newton:  1 | ph:  0.0% | #CG/newton: 1169 | ls (cap|max|inv|bt):  0| 0| 0| 0| runtime:  603.5 ms | cr: 2414.1
    726. dt:  0.25 ms | #newton:  1 | ph:  0.0% | #CG/newton: 1263 | ls (cap|max|inv|bt):  0| 0| 0| 0| runtime:  692.9 ms | cr: 2771.7
    727. dt:  0.25 ms | #newton:  1 | ph:  0.0% | #CG/newton: 1296 | ls (cap|max|inv|bt):  0| 0| 0| 0| runtime:  653.3 ms | cr: 2613.3
    728. dt:  0.25 ms | #newton:  1 | ph:  0.0% | #CG/newton: 1275 | ls (cap|max|inv|bt):  0| 0| 0| 0| runtime:  653.0 ms | cr: 2612.1
    729. dt:  0.25 ms | #newton:  1 | ph:  0.0% | #CG/newton: 1295 | ls (cap|max|inv|bt):  0| 0| 0| 0| runtime:  659.0 ms | cr: 2635.8
    730. dt:  0.25 ms | #newton:  1 | ph:  0.0% | #CG/newton: 1260 | ls (cap|max|inv|bt):  0| 0| 0| 0| runtime:  646.9 ms | cr: 2587.6
    731. dt:  0.25 ms | #newton:  1 | ph:  0.0% | #CG/newton: 1297 | ls (cap|max|inv|bt):  0| 0| 0| 0| runtime:  657.1 ms | cr: 2628.2
    732. dt:  0.25 ms | #newton:  1 | ph:  0.0% | #CG/newton: 1296 | ls (cap|max|inv|bt):  0| 0| 0| 0| runtime:  655.8 ms | cr: 2623.1
    733. dt:  0.25 ms | #newton:  1 | ph:  0.0% | #CG/newton: 1293 | ls (cap|max|inv|bt):  0| 0| 0| 0| runtime:  652.3 ms | cr: 2609.2
    734. dt:  0.25 ms | #newton:  1 | ph:  0.0% | #CG/newton: 1277 | ls (cap|max|inv|bt):  0| 0| 0| 0| runtime:  652.4 ms | cr: 2609.6
    735. dt:  0.25 ms | #newton:  1 | ph:  0.0% | #CG/newton: 1274 | ls (cap|max|inv|bt):  0| 0| 0| 0| runtime:  651.3 ms | cr: 2605.0
    736. dt:  0.25 ms | #newton:  1 | ph:  0.0% | #CG/newton: 1290 | ls (cap|max|inv|bt):  0| 0| 0| 0| runtime:  651.9 ms | cr: 2607.6
    737. dt:  0.25 ms | #newton:  1 | ph:  0.0% | #CG/newton: 1289 | ls (cap|max|inv|bt):  0| 0| 0| 0| runtime:  649.9 ms | cr: 2599.5
    738. dt:  0.25 ms | #newton:  1 | ph:  0.0% | #CG/newton: 1294 | ls (cap|max|inv|bt):  0| 0| 0| 0| runtime:  654.4 ms | cr: 2617.4
    739. dt:  0.25 ms | #newton:  1 | ph:  0.0% | #CG/newton: 1296 | ls (cap|max|inv|bt):  0| 0| 0| 0| runtime:  655.3 ms | cr: 2621.0
    740. dt:  0.25 ms | #newton:  1 | ph:  0.0% | #CG/newton: 1290 | ls (cap|max|inv|bt):  0| 0| 0| 0| runtime:  657.1 ms | cr: 2628.4
    741. dt:  0.25 ms | #newton:  1 | ph:  0.0% | #CG/newton: 1236 | ls (cap|max|inv|bt):  0| 0| 0| 0| runtime:  630.2 ms | cr: 2520.6
    742. dt:  0.25 ms | #newton:  1 | ph:  0.0% | #CG/newton: 1265 | ls (cap|max|inv|bt):  0| 0| 0| 0| runtime:  639.5 ms | cr: 2557.9
    743. dt:  0.25 ms | #newton:  1 | ph:  0.0% | #CG/newton: 1292 | ls (cap|max|inv|bt):  0| 0| 0| 0| runtime:  655.4 ms | cr: 2621.5
    744. dt:  0.25 ms | #newton:  1 | ph:  0.0% | #CG/newton: 1280 | ls (cap|max|inv|bt):  0| 0| 0| 0| runtime:  654.4 ms | cr: 2617.6
    745. dt:  0.25 ms | #newton:  1 | ph:  0.0% | #CG/newton: 1276 | ls (cap|max|inv|bt):  0| 0| 0| 0| runtime:  652.9 ms | cr: 2611.6
    746. dt:  0.25 ms | #newton:  1 | ph:  0.0% | #CG/newton: 1275 | ls (cap|max|inv|bt):  0| 0| 0| 0| runtime:  653.1 ms | cr: 2612.6
    747. dt:  0.25 ms | #newton:  1 | ph:  0.0% | #CG/newton: 1290 | ls (cap|max|inv|bt):  0| 0| 0| 0| runtime:  660.4 ms | cr: 2641.5
    748. dt:  0.25 ms | #newton:  1 | ph:  0.0% | #CG/newton: 1237 | ls (cap|max|inv|bt):  0| 0| 0| 0| runtime:  633.9 ms | cr: 2535.5
    749. dt:  0.25 ms | #newton:  1 | ph:  0.0% | #CG/newton: 1249 | ls (cap|max|inv|bt):  0| 0| 0| 0| runtime:  640.5 ms | cr: 2562.0
    750. dt:  0.25 ms | #newton:  1 | ph:  0.0% | #CG/newton: 1139 | ls (cap|max|inv|bt):  0| 0| 0| 0| runtime:  604.0 ms | cr: 2416.0
    751. dt:  0.25 ms | #newton:  1 | ph:  0.0% | #CG/newton: 1246 | ls (cap|max|inv|bt):  0| 0| 0| 0| runtime:  634.7 ms | cr: 2538.9
    752. dt:  0.25 ms | #newton:  1 | ph:  0.0% | #CG/newton: 1293 | ls (cap|max|inv|bt):  0| 0| 0| 0| runtime:  637.7 ms | cr: 2550.9
    753. dt:  0.25 ms | #newton:  1 | ph:  0.0% | #CG/newton: 1278 | ls (cap|max|inv|bt):  0| 0| 0| 0| runtime:  648.1 ms | cr: 2592.3
    754. dt:  0.25 ms | #newton:  1 | ph:  0.0% | #CG/newton: 1265 | ls (cap|max|inv|bt):  0| 0| 0| 0| runtime:  652.5 ms | cr: 2609.9
    755. dt:  0.25 ms | #newton:  1 | ph:  0.0% | #CG/newton: 1289 | ls (cap|max|inv|bt):  0| 0| 0| 0| runtime:  655.6 ms | cr: 2622.5
    756. dt:  0.25 ms | #newton:  1 | ph:  0.0% | #CG/newton: 1288 | ls (cap|max|inv|bt):  0| 0| 0| 0| runtime:  649.9 ms | cr: 2599.6
    757. dt:  0.25 ms | #newton:  1 | ph:  0.0% | #CG/newton: 1289 | ls (cap|max|inv|bt):  0| 0| 0| 0| runtime:  659.8 ms | cr: 2639.2
    758. dt:  0.25 ms | #newton:  1 | ph:  0.0% | #CG/newton: 1285 | ls (cap|max|inv|bt):  0| 0| 0| 0| runtime:  648.1 ms | cr: 2592.4
    759. dt:  0.25 ms | #newton:  1 | ph:  0.0% | #CG/newton: 1228 | ls (cap|max|inv|bt):  0| 0| 0| 0| runtime:  632.8 ms | cr: 2531.2
    760. dt:  0.25 ms | #newton:  1 | ph:  0.0% | #CG/newton: 1172 | ls (cap|max|inv|bt):  0| 0| 0| 0| runtime:  614.0 ms | cr: 2455.9
    761. dt:  0.25 ms | #newton:  1 | ph:  0.0% | #CG/newton: 1254 | ls (cap|max|inv|bt):  0| 0| 0| 0| runtime:  638.4 ms | cr: 2553.5
    762. dt:  0.25 ms | #newton:  1 | ph:  0.0% | #CG/newton: 1263 | ls (cap|max|inv|bt):  0| 0| 0| 0| runtime:  637.6 ms | cr: 2550.5
    763. dt:  0.25 ms | #newton:  1 | ph:  0.0% | #CG/newton: 1256 | ls (cap|max|inv|bt):  0| 0| 0| 0| runtime:  642.4 ms | cr: 2569.7
    764. dt:  0.25 ms | #newton:  1 | ph:  0.0% | #CG/newton: 1219 | ls (cap|max|inv|bt):  0| 0| 0| 0| runtime:  632.7 ms | cr: 2530.7
    765. dt:  0.25 ms | #newton:  1 | ph:  0.0% | #CG/newton: 1247 | ls (cap|max|inv|bt):  0| 0| 0| 0| runtime:  643.9 ms | cr: 2575.6
    766. dt:  0.25 ms | #newton:  1 | ph:  0.0% | #CG/newton: 1191 | ls (cap|max|inv|bt):  0| 0| 0| 0| runtime:  629.5 ms | cr: 2518.0
    767. dt:  0.25 ms | #newton:  2 | ph:  0.0% | #CG/newton: 1426 | ls (cap|max|inv|bt):  0| 0| 0| 0| runtime: 1359.5 ms | cr: 5438.1
    768. dt:  0.25 ms | #newton:  2 | ph:  0.0% | #CG/newton: 1454 | ls (cap|max|inv|bt):  0| 0| 0| 0| runtime: 1383.5 ms | cr: 5534.2
    769. dt:  0.25 ms | #newton:  1 | ph:  0.0% | #CG/newton: 2842 | ls (cap|max|inv|bt):  0| 0| 0| 0| runtime: 1294.3 ms | cr: 5177.2
    770. dt:  0.25 ms | #newton:  1 | ph:  0.0% | #CG/newton: 1503 | ls (cap|max|inv|bt):  0| 0| 0| 0| runtime:  744.2 ms | cr: 2976.9
    771. dt:  0.25 ms | #newton:  1 | ph:  0.0% | #CG/newton: 1506 | ls (cap|max|inv|bt):  0| 0| 0| 0| runtime:  740.9 ms | cr: 2963.7
    772. dt:  0.25 ms | #newton:  1 | ph:  0.0% | #CG/newton: 1484 | ls (cap|max|inv|bt):  0| 0| 0| 0| runtime:  735.3 ms | cr: 2941.1
    773. dt:  0.25 ms | #newton:  1 | ph:  0.0% | #CG/newton: 1251 | ls (cap|max|inv|bt):  0| 0| 0| 0| runtime:  646.0 ms | cr: 2583.9
    774. dt:  0.25 ms | #newton:  1 | ph:  0.0% | #CG/newton: 1190 | ls (cap|max|inv|bt):  0| 0| 0| 0| runtime:  609.0 ms | cr: 2436.0
    775. dt:  0.25 ms | #newton:  1 | ph:  0.0% | #CG/newton: 1245 | ls (cap|max|inv|bt):  0| 0| 0| 0| runtime:  636.6 ms | cr: 2546.2
    776. dt:  0.25 ms | #newton:  1 | ph:  0.0% | #CG/newton: 1194 | ls (cap|max|inv|bt):  0| 0| 0| 0| runtime:  626.1 ms | cr: 2504.3
    777. dt:  0.25 ms | #newton:  1 | ph:  0.0% | #CG/newton: 1246 | ls (cap|max|inv|bt):  0| 0| 0| 0| runtime:  641.7 ms | cr: 2567.0
    778. dt:  0.25 ms | #newton:  1 | ph:  0.0% | #CG/newton: 1185 | ls (cap|max|inv|bt):  0| 0| 0| 0| runtime:  614.1 ms | cr: 2456.3
    779. dt:  0.25 ms | #newton:  1 | ph:  0.0% | #CG/newton: 2655 | ls (cap|max|inv|bt):  0| 0| 0| 0| runtime: 1239.0 ms | cr: 4956.0
    780. dt:  0.25 ms | #newton:  1 | ph:  0.0% | #CG/newton: 1247 | ls (cap|max|inv|bt):  0| 0| 0| 0| runtime:  646.7 ms | cr: 2586.7
    781. dt:  0.25 ms | #newton:  2 | ph:  0.0% | #CG/newton: 1365 | ls (cap|max|inv|bt):  0| 0| 0| 0| runtime: 1307.3 ms | cr: 5229.1
    782. dt:  0.25 ms | #newton:  1 | ph:  0.0% | #CG/newton: 3072 | ls (cap|max|inv|bt):  0| 0| 0| 0| runtime: 1387.0 ms | cr: 5547.8
    783. dt:  0.25 ms | #newton:  1 | ph:  0.0% | #CG/newton: 3102 | ls (cap|max|inv|bt):  0| 0| 0| 0| runtime: 1402.9 ms | cr: 5611.6
    784. dt:  0.25 ms | #newton:  1 | ph:  0.0% | #CG/newton: 1482 | ls (cap|max|inv|bt):  0| 0| 0| 0| runtime:  739.8 ms | cr: 2959.0
    785. dt:  0.25 ms | #newton:  1 | ph:  0.0% | #CG/newton: 1479 | ls (cap|max|inv|bt):  0| 0| 0| 0| runtime:  729.2 ms | cr: 2916.8
    786. dt:  0.25 ms | #newton:  1 | ph:  0.0% | #CG/newton: 1471 | ls (cap|max|inv|bt):  0| 0| 0| 0| runtime:  731.5 ms | cr: 2925.9
    787. dt:  0.25 ms | #newton:  1 | ph:  0.0% | #CG/newton: 1493 | ls (cap|max|inv|bt):  0| 0| 0| 0| runtime:  742.7 ms | cr: 2970.7
    788. dt:  0.25 ms | #newton:  1 | ph:  0.0% | #CG/newton: 3254 | ls (cap|max|inv|bt):  0| 0| 0| 0| runtime: 1450.3 ms | cr: 5801.4
    789. dt:  0.25 ms | #newton:  1 | ph:  0.0% | #CG/newton: 3251 | ls (cap|max|inv|bt):  0| 0| 0| 0| runtime: 1446.5 ms | cr: 5785.9
    790. dt:  0.25 ms | #newton:  1 | ph:  0.0% | #CG/newton: 3474 | ls (cap|max|inv|bt):  0| 0| 0| 0| runtime: 1559.7 ms | cr: 6238.8
    791. dt:  0.25 ms | #newton:  1 | ph:  0.0% | #CG/newton: 3467 | ls (cap|max|inv|bt):  0| 0| 0| 0| runtime: 1539.5 ms | cr: 6157.8
    792. dt:  0.25 ms | #newton:  1 | ph:  0.0% | #CG/newton: 3464 | ls (cap|max|inv|bt):  0| 0| 0| 0| runtime: 1506.2 ms | cr: 6024.9
    793. dt:  0.25 ms | #newton:  1 | ph:  0.0% | #CG/newton: 3460 | ls (cap|max|inv|bt):  0| 0| 0| 0| runtime: 1570.8 ms | cr: 6283.1
    794. dt:  0.25 ms | #newton:  1 | ph:  0.0% | #CG/newton: 3413 | ls (cap|max|inv|bt):  0| 0| 0| 0| runtime: 1521.6 ms | cr: 6086.6
    795. dt:  0.25 ms | #newton:  1 | ph:  0.0% | #CG/newton: 1674 | ls (cap|max|inv|bt):  0| 0| 0| 0| runtime:  823.1 ms | cr: 3292.4
    796. dt:  0.25 ms | #newton:  1 | ph:  0.0% | #CG/newton: 1449 | ls (cap|max|inv|bt):  0| 0| 0| 0| runtime:  724.6 ms | cr: 2898.6
    797. dt:  0.25 ms | #newton:  1 | ph:  0.0% | #CG/newton: 1664 | ls (cap|max|inv|bt):  0| 0| 0| 0| runtime:  808.4 ms | cr: 3233.7
    798. dt:  0.25 ms | #newton:  1 | ph:  0.0% | #CG/newton: 1666 | ls (cap|max|inv|bt):  0| 0| 0| 0| runtime:  803.3 ms | cr: 3213.3
    799. dt:  0.25 ms | #newton:  1 | ph:  0.0% | #CG/newton: 1643 | ls (cap|max|inv|bt):  0| 0| 0| 0| runtime:  790.8 ms | cr: 3163.2
    800. dt:  0.25 ms | #newton:  1 | ph:  0.0% | #CG/newton: 1666 | ls (cap|max|inv|bt):  0| 0| 0| 0| runtime:  812.8 ms | cr: 3251.4
[Frame: 6] Time: 0.200 s
    801. dt:  0.25 ms | #newton:  1 | ph:  0.0% | #CG/newton: 1666 | ls (cap|max|inv|bt):  0| 0| 0| 0| runtime:  817.3 ms | cr: 3269.1
    802. dt:  0.25 ms | #newton:  1 | ph:  0.0% | #CG/newton: 1656 | ls (cap|max|inv|bt):  0| 0| 0| 0| runtime:  792.0 ms | cr: 3168.0
    803. dt:  0.25 ms | #newton:  1 | ph:  0.0% | #CG/newton: 1658 | ls (cap|max|inv|bt):  0| 0| 0| 0| runtime:  800.9 ms | cr: 3203.5
    804. dt:  0.25 ms | #newton:  1 | ph:  0.0% | #CG/newton: 1662 | ls (cap|max|inv|bt):  0| 0| 0| 0| runtime:  811.6 ms | cr: 3246.2
    805. dt:  0.25 ms | #newton:  1 | ph:  0.0% | #CG/newton: 1638 | ls (cap|max|inv|bt):  0| 0| 0| 0| runtime:  801.6 ms | cr: 3206.4
    806. dt:  0.25 ms | #newton:  1 | ph:  0.0% | #CG/newton: 1635 | ls (cap|max|inv|bt):  0| 0| 0| 0| runtime:  805.3 ms | cr: 3221.0
    807. dt:  0.25 ms | #newton:  1 | ph:  0.0% | #CG/newton: 1665 | ls (cap|max|inv|bt):  0| 0| 0| 0| runtime:  804.2 ms | cr: 3216.8
    808. dt:  0.25 ms | #newton:  1 | ph:  0.0% | #CG/newton: 1673 | ls (cap|max|inv|bt):  0| 0| 0| 0| runtime:  811.0 ms | cr: 3244.1
    809. dt:  0.25 ms | #newton:  1 | ph:  0.0% | #CG/newton: 1675 | ls (cap|max|inv|bt):  0| 0| 0| 0| runtime:  818.2 ms | cr: 3272.9
    810. dt:  0.25 ms | #newton:  1 | ph:  0.0% | #CG/newton: 1681 | ls (cap|max|inv|bt):  0| 0| 0| 0| runtime:  812.2 ms | cr: 3248.6
    811. dt:  0.25 ms | #newton:  1 | ph:  0.0% | #CG/newton: 1686 | ls (cap|max|inv|bt):  0| 0| 0| 0| runtime:  813.5 ms | cr: 3253.9
    812. dt:  0.25 ms | #newton:  1 | ph:  0.0% | #CG/newton: 1693 | ls (cap|max|inv|bt):  0| 0| 0| 0| runtime:  818.4 ms | cr: 3273.7
    813. dt:  0.25 ms | #newton:  1 | ph:  0.0% | #CG/newton: 1695 | ls (cap|max|inv|bt):  0| 0| 0| 0| runtime:  821.3 ms | cr: 3285.1
    814. dt:  0.25 ms | #newton:  1 | ph:  0.0% | #CG/newton: 3234 | ls (cap|max|inv|bt):  0| 0| 0| 0| runtime: 1449.5 ms | cr: 5798.2
    815. dt:  0.25 ms | #newton:  1 | ph:  0.0% | #CG/newton: 3236 | ls (cap|max|inv|bt):  0| 0| 0| 0| runtime: 1442.3 ms | cr: 5769.2
    816. dt:  0.25 ms | #newton:  1 | ph:  0.0% | #CG/newton: 1704 | ls (cap|max|inv|bt):  0| 0| 0| 0| runtime:  823.8 ms | cr: 3295.0
    817. dt:  0.25 ms | #newton:  1 | ph:  0.0% | #CG/newton: 1702 | ls (cap|max|inv|bt):  0| 0| 0| 0| runtime:  822.1 ms | cr: 3288.4
    818. dt:  0.25 ms | #newton:  1 | ph:  0.0% | #CG/newton: 1701 | ls (cap|max|inv|bt):  0| 0| 0| 0| runtime:  813.0 ms | cr: 3252.2
    819. dt:  0.25 ms | #newton:  1 | ph:  0.0% | #CG/newton: 1701 | ls (cap|max|inv|bt):  0| 0| 0| 0| runtime:  816.8 ms | cr: 3267.3
    820. dt:  0.25 ms | #newton:  1 | ph:  0.0% | #CG/newton: 1697 | ls (cap|max|inv|bt):  0| 0| 0| 0| runtime:  812.1 ms | cr: 3248.6
    821. dt:  0.25 ms | #newton:  1 | ph:  0.0% | #CG/newton: 1710 | ls (cap|max|inv|bt):  0| 0| 0| 0| runtime:  820.7 ms | cr: 3282.9
    822. dt:  0.25 ms | #newton:  1 | ph:  0.0% | #CG/newton: 1718 | ls (cap|max|inv|bt):  0| 0| 0| 0| runtime:  825.7 ms | cr: 3302.8
    823. dt:  0.25 ms | #newton:  1 | ph:  0.0% | #CG/newton: 1712 | ls (cap|max|inv|bt):  0| 0| 0| 0| runtime:  827.9 ms | cr: 3311.4
    824. dt:  0.25 ms | #newton:  1 | ph:  0.0% | #CG/newton: 1710 | ls (cap|max|inv|bt):  0| 0| 0| 0| runtime:  817.7 ms | cr: 3271.0
    825. dt:  0.25 ms | #newton:  1 | ph:  0.0% | #CG/newton: 1709 | ls (cap|max|inv|bt):  0| 0| 0| 0| runtime:  824.6 ms | cr: 3298.4
    826. dt:  0.25 ms | #newton:  1 | ph:  0.0% | #CG/newton: 1708 | ls (cap|max|inv|bt):  0| 0| 0| 0| runtime:  820.1 ms | cr: 3280.3
    827. dt:  0.25 ms | #newton:  1 | ph:  0.0% | #CG/newton: 1710 | ls (cap|max|inv|bt):  0| 0| 0| 0| runtime:  821.2 ms | cr: 3284.7
    828. dt:  0.25 ms | #newton:  1 | ph:  0.0% | #CG/newton: 1714 | ls (cap|max|inv|bt):  0| 0| 0| 0| runtime:  821.0 ms | cr: 3284.0
    829. dt:  0.25 ms | #newton:  1 | ph:  0.0% | #CG/newton: 1712 | ls (cap|max|inv|bt):  0| 0| 0| 0| runtime:  823.8 ms | cr: 3295.1
    830. dt:  0.25 ms | #newton:  1 | ph:  0.0% | #CG/newton: 1714 | ls (cap|max|inv|bt):  0| 0| 0| 0| runtime:  821.7 ms | cr: 3286.9
    831. dt:  0.25 ms | #newton:  1 | ph:  0.0% | #CG/newton: 1709 | ls (cap|max|inv|bt):  0| 0| 0| 0| runtime:  828.0 ms | cr: 3312.0
    832. dt:  0.25 ms | #newton:  1 | ph:  0.0% | #CG/newton: 1709 | ls (cap|max|inv|bt):  0| 0| 0| 0| runtime:  821.7 ms | cr: 3286.6
    833. dt:  0.25 ms | #newton:  1 | ph:  0.0% | #CG/newton: 1706 | ls (cap|max|inv|bt):  0| 0| 0| 0| runtime:  823.2 ms | cr: 3292.9
    834. dt:  0.25 ms | #newton:  1 | ph:  0.0% | #CG/newton: 1696 | ls (cap|max|inv|bt):  0| 0| 0| 0| runtime:  817.7 ms | cr: 3270.7
    835. dt:  0.25 ms | #newton:  1 | ph:  0.0% | #CG/newton: 1712 | ls (cap|max|inv|bt):  0| 0| 0| 0| runtime:  824.1 ms | cr: 3296.6
    836. dt:  0.25 ms | #newton:  1 | ph:  0.0% | #CG/newton: 1686 | ls (cap|max|inv|bt):  0| 0| 0| 0| runtime:  822.0 ms | cr: 3288.0
    837. dt:  0.25 ms | #newton:  1 | ph:  0.0% | #CG/newton: 1695 | ls (cap|max|inv|bt):  0| 0| 0| 0| runtime:  818.5 ms | cr: 3274.0
    838. dt:  0.25 ms | #newton:  1 | ph:  0.0% | #CG/newton: 1683 | ls (cap|max|inv|bt):  0| 0| 0| 0| runtime:  812.0 ms | cr: 3248.1
    839. dt:  0.25 ms | #newton:  1 | ph:  0.0% | #CG/newton: 1696 | ls (cap|max|inv|bt):  0| 0| 0| 0| runtime:  818.4 ms | cr: 3273.5
    840. dt:  0.25 ms | #newton:  1 | ph:  0.0% | #CG/newton: 1679 | ls (cap|max|inv|bt):  0| 0| 0| 0| runtime:  794.7 ms | cr: 3178.7
    841. dt:  0.25 ms | #newton:  1 | ph:  0.0% | #CG/newton: 1680 | ls (cap|max|inv|bt):  0| 0| 0| 0| runtime:  816.4 ms | cr: 3265.7
    842. dt:  0.25 ms | #newton:  1 | ph:  0.0% | #CG/newton: 1677 | ls (cap|max|inv|bt):  0| 0| 0| 0| runtime:  813.2 ms | cr: 3252.6
    843. dt:  0.25 ms | #newton:  1 | ph:  0.0% | #CG/newton: 1675 | ls (cap|max|inv|bt):  0| 0| 0| 0| runtime:  815.9 ms | cr: 3263.5
    844. dt:  0.25 ms | #newton:  1 | ph:  0.0% | #CG/newton: 1671 | ls (cap|max|inv|bt):  0| 0| 0| 0| runtime:  812.5 ms | cr: 3249.9
    845. dt:  0.25 ms | #newton:  1 | ph:  0.0% | #CG/newton: 1672 | ls (cap|max|inv|bt):  0| 0| 0| 0| runtime:  812.0 ms | cr: 3247.9
    846. dt:  0.25 ms | #newton:  1 | ph:  0.0% | #CG/newton: 1666 | ls (cap|max|inv|bt):  0| 0| 0| 0| runtime:  809.9 ms | cr: 3239.5
    847. dt:  0.25 ms | #newton:  1 | ph:  0.0% | #CG/newton: 1667 | ls (cap|max|inv|bt):  0| 0| 0| 0| runtime:  805.6 ms | cr: 3222.4
    848. dt:  0.25 ms | #newton:  1 | ph:  0.0% | #CG/newton: 1666 | ls (cap|max|inv|bt):  0| 0| 0| 0| runtime:  803.8 ms | cr: 3215.1
    849. dt:  0.25 ms | #newton:  1 | ph:  0.0% | #CG/newton: 1666 | ls (cap|max|inv|bt):  0| 0| 0| 0| runtime:  804.4 ms | cr: 3217.8
    850. dt:  0.25 ms | #newton:  1 | ph:  0.0% | #CG/newton: 1667 | ls (cap|max|inv|bt):  0| 0| 0| 0| runtime:  811.8 ms | cr: 3247.3
    851. dt:  0.25 ms | #newton:  1 | ph:  0.0% | #CG/newton: 1667 | ls (cap|max|inv|bt):  0| 0| 0| 0| runtime:  811.9 ms | cr: 3247.7
    852. dt:  0.25 ms | #newton:  1 | ph:  0.0% | #CG/newton: 1668 | ls (cap|max|inv|bt):  0| 0| 0| 0| runtime:  811.3 ms | cr: 3245.2
    853. dt:  0.25 ms | #newton:  1 | ph:  0.0% | #CG/newton: 1673 | ls (cap|max|inv|bt):  0| 0| 0| 0| runtime:  824.2 ms | cr: 3297.0
    854. dt:  0.25 ms | #newton:  1 | ph:  0.0% | #CG/newton: 1677 | ls (cap|max|inv|bt):  0| 0| 0| 0| runtime:  813.6 ms | cr: 3254.4
    855. dt:  0.25 ms | #newton:  1 | ph:  0.0% | #CG/newton: 1680 | ls (cap|max|inv|bt):  0| 0| 0| 0| runtime:  810.7 ms | cr: 3242.9
    856. dt:  0.25 ms | #newton:  1 | ph:  0.0% | #CG/newton: 1678 | ls (cap|max|inv|bt):  0| 0| 0| 0| runtime:  781.8 ms | cr: 3127.2
    857. dt:  0.25 ms | #newton:  1 | ph:  0.0% | #CG/newton: 1680 | ls (cap|max|inv|bt):  0| 0| 0| 0| runtime:  792.5 ms | cr: 3170.0
    858. dt:  0.25 ms | #newton:  1 | ph:  0.0% | #CG/newton: 1681 | ls (cap|max|inv|bt):  0| 0| 0| 0| runtime:  775.8 ms | cr: 3103.1
    859. dt:  0.25 ms | #newton:  1 | ph:  0.0% | #CG/newton: 1883 | ls (cap|max|inv|bt):  0| 0| 0| 0| runtime:  851.1 ms | cr: 3404.4
    860. dt:  0.25 ms | #newton:  1 | ph:  0.0% | #CG/newton: 1883 | ls (cap|max|inv|bt):  0| 0| 0| 0| runtime:  864.1 ms | cr: 3456.5
    861. dt:  0.25 ms | #newton:  1 | ph:  0.0% | #CG/newton: 1884 | ls (cap|max|inv|bt):  0| 0| 0| 0| runtime:  903.8 ms | cr: 3615.3
    862. dt:  0.25 ms | #newton:  1 | ph:  0.0% | #CG/newton: 1885 | ls (cap|max|inv|bt):  0| 0| 0| 0| runtime:  896.2 ms | cr: 3584.9
    863. dt:  0.25 ms | #newton:  1 | ph:  0.0% | #CG/newton: 1885 | ls (cap|max|inv|bt):  0| 0| 0| 0| runtime:  844.1 ms | cr: 3376.4
    864. dt:  0.25 ms | #newton:  1 | ph:  0.0% | #CG/newton: 1885 | ls (cap|max|inv|bt):  0| 0| 0| 0| runtime:  890.8 ms | cr: 3563.2
    865. dt:  0.25 ms | #newton:  1 | ph:  0.0% | #CG/newton: 1887 | ls (cap|max|inv|bt):  0| 0| 0| 0| runtime:  892.6 ms | cr: 3570.3
    866. dt:  0.25 ms | #newton:  1 | ph:  0.0% | #CG/newton: 1692 | ls (cap|max|inv|bt):  0| 0| 0| 0| runtime:  812.0 ms | cr: 3248.0
    867. dt:  0.25 ms | #newton:  1 | ph:  0.0% | #CG/newton: 1690 | ls (cap|max|inv|bt):  0| 0| 0| 0| runtime:  814.0 ms | cr: 3256.0
    868. dt:  0.25 ms | #newton:  1 | ph:  0.0% | #CG/newton: 1690 | ls (cap|max|inv|bt):  0| 0| 0| 0| runtime:  822.4 ms | cr: 3289.7
    869. dt:  0.25 ms | #newton:  1 | ph:  0.0% | #CG/newton: 1692 | ls (cap|max|inv|bt):  0| 0| 0| 0| runtime:  873.0 ms | cr: 3491.9
    870. dt:  0.25 ms | #newton:  1 | ph:  0.0% | #CG/newton: 1691 | ls (cap|max|inv|bt):  0| 0| 0| 0| runtime:  821.7 ms | cr: 3286.9
    871. dt:  0.25 ms | #newton:  1 | ph:  0.0% | #CG/newton: 1692 | ls (cap|max|inv|bt):  0| 0| 0| 0| runtime:  823.4 ms | cr: 3293.7
    872. dt:  0.25 ms | #newton:  1 | ph:  0.0% | #CG/newton: 1693 | ls (cap|max|inv|bt):  0| 0| 0| 0| runtime:  818.6 ms | cr: 3274.5
    873. dt:  0.25 ms | #newton:  1 | ph:  0.0% | #CG/newton: 1691 | ls (cap|max|inv|bt):  0| 0| 0| 0| runtime:  822.5 ms | cr: 3290.0
    874. dt:  0.25 ms | #newton:  1 | ph:  0.0% | #CG/newton: 1690 | ls (cap|max|inv|bt):  0| 0| 0| 0| runtime:  817.1 ms | cr: 3268.4
    875. dt:  0.25 ms | #newton:  1 | ph:  0.0% | #CG/newton: 1691 | ls (cap|max|inv|bt):  0| 0| 0| 0| runtime:  823.2 ms | cr: 3292.9
    876. dt:  0.25 ms | #newton:  1 | ph:  0.0% | #CG/newton: 1690 | ls (cap|max|inv|bt):  0| 0| 0| 0| runtime:  821.6 ms | cr: 3286.2
    877. dt:  0.25 ms | #newton:  1 | ph:  0.0% | #CG/newton: 1691 | ls (cap|max|inv|bt):  0| 0| 0| 0| runtime:  820.5 ms | cr: 3282.2
    878. dt:  0.25 ms | #newton:  1 | ph:  0.0% | #CG/newton: 1693 | ls (cap|max|inv|bt):  0| 0| 0| 0| runtime:  821.5 ms | cr: 3286.0
    879. dt:  0.25 ms | #newton:  1 | ph:  0.0% | #CG/newton: 1693 | ls (cap|max|inv|bt):  0| 0| 0| 0| runtime:  819.2 ms | cr: 3277.0
    880. dt:  0.25 ms | #newton:  1 | ph:  0.0% | #CG/newton: 1693 | ls (cap|max|inv|bt):  0| 0| 0| 0| runtime:  813.1 ms | cr: 3252.6
    881. dt:  0.25 ms | #newton:  1 | ph:  0.0% | #CG/newton: 1693 | ls (cap|max|inv|bt):  0| 0| 0| 0| runtime:  822.5 ms | cr: 3289.9
    882. dt:  0.25 ms | #newton:  1 | ph:  0.0% | #CG/newton: 1691 | ls (cap|max|inv|bt):  0| 0| 0| 0| runtime:  819.0 ms | cr: 3276.1
    883. dt:  0.25 ms | #newton:  1 | ph:  0.0% | #CG/newton: 1691 | ls (cap|max|inv|bt):  0| 0| 0| 0| runtime:  826.2 ms | cr: 3304.6
    884. dt:  0.25 ms | #newton:  1 | ph:  0.0% | #CG/newton: 1690 | ls (cap|max|inv|bt):  0| 0| 0| 0| runtime:  815.6 ms | cr: 3262.6
    885. dt:  0.25 ms | #newton:  1 | ph:  0.0% | #CG/newton: 1690 | ls (cap|max|inv|bt):  0| 0| 0| 0| runtime:  826.1 ms | cr: 3304.4
    886. dt:  0.25 ms | #newton:  1 | ph:  0.0% | #CG/newton: 1688 | ls (cap|max|inv|bt):  0| 0| 0| 0| runtime:  821.9 ms | cr: 3287.8
    887. dt:  0.25 ms | #newton:  1 | ph:  0.0% | #CG/newton: 1687 | ls (cap|max|inv|bt):  0| 0| 0| 0| runtime:  819.5 ms | cr: 3278.0
    888. dt:  0.25 ms | #newton:  1 | ph:  0.0% | #CG/newton: 1687 | ls (cap|max|inv|bt):  0| 0| 0| 0| runtime:  821.1 ms | cr: 3284.5
    889. dt:  0.25 ms | #newton:  1 | ph:  0.0% | #CG/newton: 1688 | ls (cap|max|inv|bt):  0| 0| 0| 0| runtime:  847.6 ms | cr: 3390.4
    890. dt:  0.25 ms | #newton:  1 | ph:  0.0% | #CG/newton: 1689 | ls (cap|max|inv|bt):  0| 0| 0| 0| runtime:  867.3 ms | cr: 3469.0
    891. dt:  0.25 ms | #newton:  1 | ph:  0.0% | #CG/newton: 1688 | ls (cap|max|inv|bt):  0| 0| 0| 0| runtime:  824.5 ms | cr: 3297.9
    892. dt:  0.25 ms | #newton:  1 | ph:  0.0% | #CG/newton: 1688 | ls (cap|max|inv|bt):  0| 0| 0| 0| runtime:  817.5 ms | cr: 3270.1
    893. dt:  0.25 ms | #newton:  1 | ph:  0.0% | #CG/newton: 1690 | ls (cap|max|inv|bt):  0| 0| 0| 0| runtime:  822.4 ms | cr: 3289.6
    894. dt:  0.25 ms | #newton:  1 | ph:  0.0% | #CG/newton: 1885 | ls (cap|max|inv|bt):  0| 0| 0| 0| runtime:  907.1 ms | cr: 3628.5
    895. dt:  0.25 ms | #newton:  1 | ph:  0.0% | #CG/newton: 1692 | ls (cap|max|inv|bt):  0| 0| 0| 0| runtime:  821.3 ms | cr: 3285.2
    896. dt:  0.25 ms | #newton:  1 | ph:  0.0% | #CG/newton: 1695 | ls (cap|max|inv|bt):  0| 0| 0| 0| runtime:  824.3 ms | cr: 3297.2
    897. dt:  0.25 ms | #newton:  1 | ph:  0.0% | #CG/newton: 1886 | ls (cap|max|inv|bt):  0| 0| 0| 0| runtime:  905.8 ms | cr: 3623.2
    898. dt:  0.25 ms | #newton:  1 | ph:  0.0% | #CG/newton: 1884 | ls (cap|max|inv|bt):  0| 0| 0| 0| runtime:  901.8 ms | cr: 3607.2
    899. dt:  0.25 ms | #newton:  1 | ph:  0.0% | #CG/newton: 1881 | ls (cap|max|inv|bt):  0| 0| 0| 0| runtime:  896.1 ms | cr: 3584.4
    900. dt:  0.25 ms | #newton:  1 | ph:  0.0% | #CG/newton: 1861 | ls (cap|max|inv|bt):  0| 0| 0| 0| runtime:  888.3 ms | cr: 3553.1
    901. dt:  0.25 ms | #newton:  1 | ph:  0.0% | #CG/newton: 1887 | ls (cap|max|inv|bt):  0| 0| 0| 0| runtime:  903.8 ms | cr: 3615.2
    902. dt:  0.25 ms | #newton:  1 | ph:  0.0% | #CG/newton: 1887 | ls (cap|max|inv|bt):  0| 0| 0| 0| runtime:  897.3 ms | cr: 3589.3
    903. dt:  0.25 ms | #newton:  1 | ph:  0.0% | #CG/newton: 1884 | ls (cap|max|inv|bt):  0| 0| 0| 0| runtime:  891.6 ms | cr: 3566.3
    904. dt:  0.25 ms | #newton:  1 | ph:  0.0% | #CG/newton: 1697 | ls (cap|max|inv|bt):  0| 0| 0| 0| runtime:  827.4 ms | cr: 3309.6
    905. dt:  0.25 ms | #newton:  1 | ph:  0.0% | #CG/newton: 1854 | ls (cap|max|inv|bt):  0| 0| 0| 0| runtime:  893.4 ms | cr: 3573.8
    906. dt:  0.25 ms | #newton:  1 | ph:  0.0% | #CG/newton: 1882 | ls (cap|max|inv|bt):  0| 0| 0| 0| runtime:  903.5 ms | cr: 3614.0
    907. dt:  0.25 ms | #newton:  1 | ph:  0.0% | #CG/newton: 1888 | ls (cap|max|inv|bt):  0| 0| 0| 0| runtime:  890.9 ms | cr: 3563.5
    908. dt:  0.25 ms | #newton:  1 | ph:  0.0% | #CG/newton: 1857 | ls (cap|max|inv|bt):  0| 0| 0| 0| runtime:  884.4 ms | cr: 3537.8
    909. dt:  0.25 ms | #newton:  1 | ph:  0.0% | #CG/newton: 1861 | ls (cap|max|inv|bt):  0| 0| 0| 0| runtime:  887.4 ms | cr: 3549.7
    910. dt:  0.25 ms | #newton:  1 | ph:  0.0% | #CG/newton: 1714 | ls (cap|max|inv|bt):  0| 0| 0| 0| runtime:  830.1 ms | cr: 3320.2
    911. dt:  0.25 ms | #newton:  1 | ph:  0.0% | #CG/newton: 1718 | ls (cap|max|inv|bt):  0| 0| 0| 0| runtime:  833.4 ms | cr: 3333.7
    912. dt:  0.25 ms | #newton:  1 | ph:  0.0% | #CG/newton: 1896 | ls (cap|max|inv|bt):  0| 0| 0| 0| runtime:  902.7 ms | cr: 3610.9
    913. dt:  0.25 ms | #newton:  1 | ph:  0.0% | #CG/newton: 1892 | ls (cap|max|inv|bt):  0| 0| 0| 0| runtime:  896.9 ms | cr: 3587.4
    914. dt:  0.25 ms | #newton:  1 | ph:  0.0% | #CG/newton: 1898 | ls (cap|max|inv|bt):  0| 0| 0| 0| runtime:  909.7 ms | cr: 3638.6
    915. dt:  0.25 ms | #newton:  1 | ph:  0.0% | #CG/newton: 1713 | ls (cap|max|inv|bt):  0| 0| 0| 0| runtime:  825.7 ms | cr: 3302.7
    916. dt:  0.25 ms | #newton:  1 | ph:  0.0% | #CG/newton: 1879 | ls (cap|max|inv|bt):  0| 0| 0| 0| runtime:  898.6 ms | cr: 3594.2
    917. dt:  0.25 ms | #newton:  1 | ph:  0.0% | #CG/newton: 1901 | ls (cap|max|inv|bt):  0| 0| 0| 0| runtime:  904.6 ms | cr: 3618.3
    918. dt:  0.25 ms | #newton:  1 | ph:  0.0% | #CG/newton: 1713 | ls (cap|max|inv|bt):  0| 0| 0| 0| runtime:  835.5 ms | cr: 3342.1
    919. dt:  0.25 ms | #newton:  1 | ph:  0.0% | #CG/newton: 1727 | ls (cap|max|inv|bt):  0| 0| 0| 0| runtime:  830.5 ms | cr: 3321.9
    920. dt:  0.25 ms | #newton:  1 | ph:  0.0% | #CG/newton: 1719 | ls (cap|max|inv|bt):  0| 0| 0| 0| runtime:  834.7 ms | cr: 3339.0
    921. dt:  0.25 ms | #newton:  1 | ph:  0.0% | #CG/newton: 1735 | ls (cap|max|inv|bt):  0| 0| 0| 0| runtime:  833.8 ms | cr: 3335.1
    922. dt:  0.25 ms | #newton:  1 | ph:  0.0% | #CG/newton: 1734 | ls (cap|max|inv|bt):  0| 0| 0| 0| runtime:  838.5 ms | cr: 3354.0
    923. dt:  0.25 ms | #newton:  1 | ph:  0.0% | #CG/newton: 1730 | ls (cap|max|inv|bt):  0| 0| 0| 0| runtime:  829.3 ms | cr: 3317.4
    924. dt:  0.25 ms | #newton:  1 | ph:  0.0% | #CG/newton: 1700 | ls (cap|max|inv|bt):  0| 0| 0| 0| runtime:  830.9 ms | cr: 3323.8
    925. dt:  0.25 ms | #newton:  1 | ph:  0.0% | #CG/newton: 1717 | ls (cap|max|inv|bt):  0| 0| 0| 0| runtime:  824.8 ms | cr: 3299.2
    926. dt:  0.25 ms | #newton:  1 | ph:  0.0% | #CG/newton: 1740 | ls (cap|max|inv|bt):  0| 0| 0| 0| runtime:  852.1 ms | cr: 3408.2
    927. dt:  0.25 ms | #newton:  1 | ph:  0.0% | #CG/newton: 1733 | ls (cap|max|inv|bt):  0| 0| 0| 0| runtime:  834.2 ms | cr: 3336.8
    928. dt:  0.25 ms | #newton:  1 | ph:  0.0% | #CG/newton: 1728 | ls (cap|max|inv|bt):  0| 0| 0| 0| runtime:  832.5 ms | cr: 3329.9
    929. dt:  0.25 ms | #newton:  1 | ph:  0.0% | #CG/newton: 1745 | ls (cap|max|inv|bt):  0| 0| 0| 0| runtime:  844.5 ms | cr: 3377.8
    930. dt:  0.25 ms | #newton:  1 | ph:  0.0% | #CG/newton: 1741 | ls (cap|max|inv|bt):  0| 0| 0| 0| runtime:  839.8 ms | cr: 3359.1
    931. dt:  0.25 ms | #newton:  1 | ph:  0.0% | #CG/newton: 1705 | ls (cap|max|inv|bt):  0| 0| 0| 0| runtime:  819.7 ms | cr: 3278.8
    932. dt:  0.25 ms | #newton:  1 | ph:  0.0% | #CG/newton: 1684 | ls (cap|max|inv|bt):  0| 0| 0| 0| runtime:  827.1 ms | cr: 3308.4
    933. dt:  0.25 ms | #newton:  1 | ph:  0.0% | #CG/newton: 1747 | ls (cap|max|inv|bt):  0| 0| 0| 0| runtime:  843.0 ms | cr: 3372.0
[Frame: 7] Time: 0.234 s
    934. dt:  0.25 ms | #newton:  1 | ph:  0.0% | #CG/newton: 1514 | ls (cap|max|inv|bt):  0| 0| 0| 0| runtime:  747.6 ms | cr: 2990.4
    935. dt:  0.25 ms | #newton:  1 | ph:  0.0% | #CG/newton: 1513 | ls (cap|max|inv|bt):  0| 0| 0| 0| runtime:  749.5 ms | cr: 2998.0
    936. dt:  0.25 ms | #newton:  1 | ph:  0.0% | #CG/newton: 1513 | ls (cap|max|inv|bt):  0| 0| 0| 0| runtime:  744.0 ms | cr: 2976.1
    937. dt:  0.25 ms | #newton:  1 | ph:  0.0% | #CG/newton: 1516 | ls (cap|max|inv|bt):  0| 0| 0| 0| runtime:  756.1 ms | cr: 3024.5
    938. dt:  0.25 ms | #newton:  1 | ph:  0.0% | #CG/newton: 1515 | ls (cap|max|inv|bt):  0| 0| 0| 0| runtime:  753.5 ms | cr: 3014.2
    939. dt:  0.25 ms | #newton:  1 | ph:  0.0% | #CG/newton: 1518 | ls (cap|max|inv|bt):  0| 0| 0| 0| runtime:  759.2 ms | cr: 3036.8
    940. dt:  0.25 ms | #newton:  1 | ph:  0.0% | #CG/newton: 1517 | ls (cap|max|inv|bt):  0| 0| 0| 0| runtime:  753.3 ms | cr: 3013.1
    941. dt:  0.25 ms | #newton:  1 | ph:  0.0% | #CG/newton: 1516 | ls (cap|max|inv|bt):  0| 0| 0| 0| runtime:  759.0 ms | cr: 3036.1
    942. dt:  0.25 ms | #newton:  1 | ph:  0.0% | #CG/newton: 1517 | ls (cap|max|inv|bt):  0| 0| 0| 0| runtime:  760.9 ms | cr: 3043.6
    943. dt:  0.25 ms | #newton:  1 | ph:  0.0% | #CG/newton: 1517 | ls (cap|max|inv|bt):  0| 0| 0| 0| runtime:  759.8 ms | cr: 3039.1
    944. dt:  0.25 ms | #newton:  1 | ph:  0.0% | #CG/newton: 1517 | ls (cap|max|inv|bt):  0| 0| 0| 0| runtime:  759.1 ms | cr: 3036.4
    945. dt:  0.25 ms | #newton:  1 | ph:  0.0% | #CG/newton: 1516 | ls (cap|max|inv|bt):  0| 0| 0| 0| runtime:  752.4 ms | cr: 3009.8
    946. dt:  0.25 ms | #newton:  1 | ph:  0.0% | #CG/newton: 1516 | ls (cap|max|inv|bt):  0| 0| 0| 0| runtime:  751.8 ms | cr: 3007.1
    947. dt:  0.25 ms | #newton:  1 | ph:  0.0% | #CG/newton: 1515 | ls (cap|max|inv|bt):  0| 0| 0| 0| runtime:  745.7 ms | cr: 2982.8
    948. dt:  0.25 ms | #newton:  1 | ph:  0.0% | #CG/newton: 1516 | ls (cap|max|inv|bt):  0| 0| 0| 0| runtime:  750.9 ms | cr: 3003.7
    949. dt:  0.25 ms | #newton:  1 | ph:  0.0% | #CG/newton: 1515 | ls (cap|max|inv|bt):  0| 0| 0| 0| runtime:  756.1 ms | cr: 3024.5
    950. dt:  0.25 ms | #newton:  1 | ph:  0.0% | #CG/newton: 1516 | ls (cap|max|inv|bt):  0| 0| 0| 0| runtime:  758.8 ms | cr: 3035.0
    951. dt:  0.25 ms | #newton:  1 | ph:  0.0% | #CG/newton: 1517 | ls (cap|max|inv|bt):  0| 0| 0| 0| runtime:  744.5 ms | cr: 2978.0
    952. dt:  0.25 ms | #newton:  1 | ph:  0.0% | #CG/newton: 1515 | ls (cap|max|inv|bt):  0| 0| 0| 0| runtime:  746.7 ms | cr: 2986.7
    953. dt:  0.25 ms | #newton:  1 | ph:  0.0% | #CG/newton: 1514 | ls (cap|max|inv|bt):  0| 0| 0| 0| runtime:  755.0 ms | cr: 3020.1
    954. dt:  0.25 ms | #newton:  1 | ph:  0.0% | #CG/newton: 1514 | ls (cap|max|inv|bt):  0| 0| 0| 0| runtime:  751.3 ms | cr: 3005.3
    955. dt:  0.25 ms | #newton:  1 | ph:  0.0% | #CG/newton: 1515 | ls (cap|max|inv|bt):  0| 0| 0| 0| runtime:  756.3 ms | cr: 3025.0
    956. dt:  0.25 ms | #newton:  1 | ph:  0.0% | #CG/newton: 1515 | ls (cap|max|inv|bt):  0| 0| 0| 0| runtime:  758.9 ms | cr: 3035.7
    957. dt:  0.25 ms | #newton:  1 | ph:  0.0% | #CG/newton: 1515 | ls (cap|max|inv|bt):  0| 0| 0| 0| runtime:  749.0 ms | cr: 2996.0
    958. dt:  0.25 ms | #newton:  1 | ph:  0.0% | #CG/newton: 1517 | ls (cap|max|inv|bt):  0| 0| 0| 0| runtime:  742.5 ms | cr: 2969.9
    959. dt:  0.25 ms | #newton:  1 | ph:  0.0% | #CG/newton: 1514 | ls (cap|max|inv|bt):  0| 0| 0| 0| runtime:  747.7 ms | cr: 2991.0
    960. dt:  0.25 ms | #newton:  1 | ph:  0.0% | #CG/newton: 1515 | ls (cap|max|inv|bt):  0| 0| 0| 0| runtime:  795.8 ms | cr: 3183.1
    961. dt:  0.25 ms | #newton:  1 | ph:  0.0% | #CG/newton: 1516 | ls (cap|max|inv|bt):  0| 0| 0| 0| runtime:  743.7 ms | cr: 2974.6
    962. dt:  0.25 ms | #newton:  1 | ph:  0.0% | #CG/newton: 1517 | ls (cap|max|inv|bt):  0| 0| 0| 0| runtime:  740.6 ms | cr: 2962.3
    963. dt:  0.25 ms | #newton:  1 | ph:  0.0% | #CG/newton: 1517 | ls (cap|max|inv|bt):  0| 0| 0| 0| runtime:  751.8 ms | cr: 3007.1
    964. dt:  0.25 ms | #newton:  1 | ph:  0.0% | #CG/newton: 1518 | ls (cap|max|inv|bt):  0| 0| 0| 0| runtime:  757.6 ms | cr: 3030.5
    965. dt:  0.25 ms | #newton:  1 | ph:  0.0% | #CG/newton: 1519 | ls (cap|max|inv|bt):  0| 0| 0| 0| runtime:  745.7 ms | cr: 2982.8
    966. dt:  0.25 ms | #newton:  1 | ph:  0.0% | #CG/newton: 1520 | ls (cap|max|inv|bt):  0| 0| 0| 0| runtime:  751.3 ms | cr: 3005.1
    967. dt:  0.25 ms | #newton:  1 | ph:  0.0% | #CG/newton: 1520 | ls (cap|max|inv|bt):  0| 0| 0| 0| runtime:  741.1 ms | cr: 2964.6
    968. dt:  0.25 ms | #newton:  1 | ph:  0.0% | #CG/newton: 1525 | ls (cap|max|inv|bt):  0| 0| 0| 0| runtime:  751.7 ms | cr: 3006.8
    969. dt:  0.25 ms | #newton:  1 | ph:  0.0% | #CG/newton: 1519 | ls (cap|max|inv|bt):  0| 0| 0| 0| runtime:  752.4 ms | cr: 3009.6
    970. dt:  0.25 ms | #newton:  1 | ph:  0.0% | #CG/newton: 1527 | ls (cap|max|inv|bt):  0| 0| 0| 0| runtime:  754.0 ms | cr: 3016.0
    971. dt:  0.25 ms | #newton:  1 | ph:  0.0% | #CG/newton: 1526 | ls (cap|max|inv|bt):  0| 0| 0| 0| runtime:  751.3 ms | cr: 3005.3
    972. dt:  0.25 ms | #newton:  1 | ph:  0.0% | #CG/newton: 1532 | ls (cap|max|inv|bt):  0| 0| 0| 0| runtime:  753.0 ms | cr: 3011.9
    973. dt:  0.25 ms | #newton:  1 | ph:  0.0% | #CG/newton: 1529 | ls (cap|max|inv|bt):  0| 0| 0| 0| runtime:  752.2 ms | cr: 3008.8
    974. dt:  0.25 ms | #newton:  1 | ph:  0.0% | #CG/newton: 1533 | ls (cap|max|inv|bt):  0| 0| 0| 0| runtime:  751.5 ms | cr: 3006.2
    975. dt:  0.25 ms | #newton:  1 | ph:  0.0% | #CG/newton: 1530 | ls (cap|max|inv|bt):  0| 0| 0| 0| runtime:  744.3 ms | cr: 2977.0
    976. dt:  0.25 ms | #newton:  1 | ph:  0.0% | #CG/newton: 1298 | ls (cap|max|inv|bt):  0| 0| 0| 0| runtime:  653.9 ms | cr: 2615.6
    977. dt:  0.25 ms | #newton:  1 | ph:  0.0% | #CG/newton: 1301 | ls (cap|max|inv|bt):  0| 0| 0| 0| runtime:  654.1 ms | cr: 2616.2
    978. dt:  0.25 ms | #newton:  1 | ph:  0.0% | #CG/newton: 1233 | ls (cap|max|inv|bt):  0| 0| 0| 0| runtime:  635.3 ms | cr: 2541.1
    979. dt:  0.25 ms | #newton:  1 | ph:  0.0% | #CG/newton: 1235 | ls (cap|max|inv|bt):  0| 0| 0| 0| runtime:  633.3 ms | cr: 2533.2
    980. dt:  0.25 ms | #newton:  1 | ph:  0.0% | #CG/newton: 1293 | ls (cap|max|inv|bt):  0| 0| 0| 0| runtime:  656.0 ms | cr: 2624.2
    981. dt:  0.25 ms | #newton:  1 | ph:  0.0% | #CG/newton: 1293 | ls (cap|max|inv|bt):  0| 0| 0| 0| runtime:  660.4 ms | cr: 2641.6
    982. dt:  0.25 ms | #newton:  1 | ph:  0.0% | #CG/newton: 1293 | ls (cap|max|inv|bt):  0| 0| 0| 0| runtime:  657.9 ms | cr: 2631.5
    983. dt:  0.25 ms | #newton:  1 | ph:  0.0% | #CG/newton: 1293 | ls (cap|max|inv|bt):  0| 0| 0| 0| runtime:  657.3 ms | cr: 2629.2
    984. dt:  0.25 ms | #newton:  1 | ph:  0.0% | #CG/newton: 1289 | ls (cap|max|inv|bt):  0| 0| 0| 0| runtime:  666.6 ms | cr: 2666.3
    985. dt:  0.25 ms | #newton:  1 | ph:  0.0% | #CG/newton: 1234 | ls (cap|max|inv|bt):  0| 0| 0| 0| runtime:  632.8 ms | cr: 2531.0
    986. dt:  0.25 ms | #newton:  1 | ph:  0.0% | #CG/newton: 1290 | ls (cap|max|inv|bt):  0| 0| 0| 0| runtime:  655.2 ms | cr: 2620.6
    987. dt:  0.25 ms | #newton:  1 | ph:  0.0% | #CG/newton: 1258 | ls (cap|max|inv|bt):  0| 0| 0| 0| runtime:  642.3 ms | cr: 2569.3
    988. dt:  0.25 ms | #newton:  1 | ph:  0.0% | #CG/newton: 1270 | ls (cap|max|inv|bt):  0| 0| 0| 0| runtime:  643.8 ms | cr: 2575.1
    989. dt:  0.25 ms | #newton:  1 | ph:  0.0% | #CG/newton: 1293 | ls (cap|max|inv|bt):  0| 0| 0| 0| runtime:  662.0 ms | cr: 2648.0
    990. dt:  0.25 ms | #newton:  1 | ph:  0.0% | #CG/newton: 1261 | ls (cap|max|inv|bt):  0| 0| 0| 0| runtime:  644.8 ms | cr: 2579.1
    991. dt:  0.25 ms | #newton:  1 | ph:  0.0% | #CG/newton: 1292 | ls (cap|max|inv|bt):  0| 0| 0| 0| runtime:  659.9 ms | cr: 2639.6
    992. dt:  0.25 ms | #newton:  1 | ph:  0.0% | #CG/newton: 1293 | ls (cap|max|inv|bt):  0| 0| 0| 0| runtime:  651.5 ms | cr: 2606.0
    993. dt:  0.25 ms | #newton:  1 | ph:  0.0% | #CG/newton: 1261 | ls (cap|max|inv|bt):  0| 0| 0| 0| runtime:  644.1 ms | cr: 2576.5
    994. dt:  0.25 ms | #newton:  1 | ph:  0.0% | #CG/newton: 1293 | ls (cap|max|inv|bt):  0| 0| 0| 0| runtime:  653.5 ms | cr: 2614.1
    995. dt:  0.25 ms | #newton:  1 | ph:  0.0% | #CG/newton: 1262 | ls (cap|max|inv|bt):  0| 0| 0| 0| runtime:  643.7 ms | cr: 2574.7
    996. dt:  0.25 ms | #newton:  1 | ph:  0.0% | #CG/newton: 1288 | ls (cap|max|inv|bt):  0| 0| 0| 0| runtime:  663.1 ms | cr: 2652.3
    997. dt:  0.25 ms | #newton:  1 | ph:  0.0% | #CG/newton: 1268 | ls (cap|max|inv|bt):  0| 0| 0| 0| runtime:  657.5 ms | cr: 2629.9
    998. dt:  0.25 ms | #newton:  1 | ph:  0.0% | #CG/newton: 1295 | ls (cap|max|inv|bt):  0| 0| 0| 0| runtime:  659.3 ms | cr: 2637.0
    999. dt:  0.25 ms | #newton:  1 | ph:  0.0% | #CG/newton: 1265 | ls (cap|max|inv|bt):  0| 0| 0| 0| runtime:  640.3 ms | cr: 2561.1
    1000. dt:  0.25 ms | #newton:  1 | ph:  0.0% | #CG/newton: 1247 | ls (cap|max|inv|bt):  0| 0| 0| 0| runtime:  639.4 ms | cr: 2557.8
    1001. dt:  0.25 ms | #newton:  1 | ph:  0.0% | #CG/newton: 1293 | ls (cap|max|inv|bt):  0| 0| 0| 0| runtime:  667.6 ms | cr: 2670.4
    1002. dt:  0.25 ms | #newton:  1 | ph:  0.0% | #CG/newton: 1286 | ls (cap|max|inv|bt):  0| 0| 0| 0| runtime:  672.9 ms | cr: 2691.6
    1003. dt:  0.25 ms | #newton:  1 | ph:  0.0% | #CG/newton: 1241 | ls (cap|max|inv|bt):  0| 0| 0| 0| runtime:  647.7 ms | cr: 2591.0
    1004. dt:  0.25 ms | #newton:  1 | ph:  0.0% | #CG/newton: 1256 | ls (cap|max|inv|bt):  0| 0| 0| 0| runtime:  649.7 ms | cr: 2598.6
    1005. dt:  0.25 ms | #newton:  1 | ph:  0.0% | #CG/newton: 1293 | ls (cap|max|inv|bt):  0| 0| 0| 0| runtime:  664.8 ms | cr: 2659.3
    1006. dt:  0.25 ms | #newton:  1 | ph:  0.0% | #CG/newton:  890 | ls (cap|max|inv|bt):  0| 0| 0| 0| runtime:  514.0 ms | cr: 2055.8
    1007. dt:  0.25 ms | #newton:  1 | ph:  0.0% | #CG/newton:  969 | ls (cap|max|inv|bt):  0| 0| 0| 0| runtime:  540.4 ms | cr: 2161.6
    1008. dt:  0.25 ms | #newton:  1 | ph:  0.0% | #CG/newton:  884 | ls (cap|max|inv|bt):  0| 0| 0| 0| runtime:  499.6 ms | cr: 1998.4
    1009. dt:  0.25 ms | #newton:  1 | ph:  0.0% | #CG/newton: 1262 | ls (cap|max|inv|bt):  0| 0| 0| 0| runtime:  656.9 ms | cr: 2627.8
    1010. dt:  0.25 ms | #newton:  1 | ph:  0.0% | #CG/newton: 1293 | ls (cap|max|inv|bt):  0| 0| 0| 0| runtime:  668.0 ms | cr: 2672.1
    1011. dt:  0.25 ms | #newton:  1 | ph:  0.0% | #CG/newton: 1294 | ls (cap|max|inv|bt):  0| 0| 0| 0| runtime:  695.9 ms | cr: 2783.6
    1012. dt:  0.25 ms | #newton:  1 | ph:  0.0% | #CG/newton: 1262 | ls (cap|max|inv|bt):  0| 0| 0| 0| runtime:  644.2 ms | cr: 2576.8
    1013. dt:  0.25 ms | #newton:  1 | ph:  0.0% | #CG/newton: 1292 | ls (cap|max|inv|bt):  0| 0| 0| 0| runtime:  669.0 ms | cr: 2676.2
    1014. dt:  0.25 ms | #newton:  1 | ph:  0.0% | #CG/newton: 1256 | ls (cap|max|inv|bt):  0| 0| 0| 0| runtime:  650.2 ms | cr: 2600.8
    1015. dt:  0.25 ms | #newton:  1 | ph:  0.0% | #CG/newton: 1286 | ls (cap|max|inv|bt):  0| 0| 0| 0| runtime:  656.9 ms | cr: 2627.8
    1016. dt:  0.25 ms | #newton:  1 | ph:  0.0% | #CG/newton: 1240 | ls (cap|max|inv|bt):  0| 0| 0| 0| runtime:  637.9 ms | cr: 2551.8
    1017. dt:  0.25 ms | #newton:  1 | ph:  0.0% | #CG/newton: 1286 | ls (cap|max|inv|bt):  0| 0| 0| 0| runtime:  660.2 ms | cr: 2640.9
    1018. dt:  0.25 ms | #newton:  1 | ph:  0.0% | #CG/newton:  888 | ls (cap|max|inv|bt):  0| 0| 0| 0| runtime:  501.0 ms | cr: 2003.9
    1019. dt:  0.25 ms | #newton:  1 | ph:  0.0% | #CG/newton:  965 | ls (cap|max|inv|bt):  0| 0| 0| 0| runtime:  539.1 ms | cr: 2156.6
    1020. dt:  0.25 ms | #newton:  1 | ph:  0.0% | #CG/newton:  875 | ls (cap|max|inv|bt):  0| 0| 0| 0| runtime:  502.5 ms | cr: 2010.0
    1021. dt:  0.25 ms | #newton:  1 | ph:  0.0% | #CG/newton:  970 | ls (cap|max|inv|bt):  0| 0| 0| 0| runtime:  534.3 ms | cr: 2137.2
    1022. dt:  0.25 ms | #newton:  1 | ph:  0.0% | #CG/newton:  879 | ls (cap|max|inv|bt):  0| 0| 0| 0| runtime:  499.6 ms | cr: 1998.3
    1023. dt:  0.25 ms | #newton:  1 | ph:  0.0% | #CG/newton: 1265 | ls (cap|max|inv|bt):  0| 0| 0| 0| runtime:  646.0 ms | cr: 2584.0
    1024. dt:  0.25 ms | #newton:  1 | ph:  0.0% | #CG/newton: 1293 | ls (cap|max|inv|bt):  0| 0| 0| 0| runtime:  663.5 ms | cr: 2654.2
    1025. dt:  0.25 ms | #newton:  1 | ph:  0.0% | #CG/newton: 1294 | ls (cap|max|inv|bt):  0| 0| 0| 0| runtime:  665.6 ms | cr: 2662.3
    1026. dt:  0.25 ms | #newton:  1 | ph:  0.0% | #CG/newton: 1259 | ls (cap|max|inv|bt):  0| 0| 0| 0| runtime:  651.7 ms | cr: 2607.0
    1027. dt:  0.25 ms | #newton:  1 | ph:  0.0% | #CG/newton: 1293 | ls (cap|max|inv|bt):  0| 0| 0| 0| runtime:  668.1 ms | cr: 2672.3
    1028. dt:  0.25 ms | #newton:  1 | ph:  0.0% | #CG/newton: 1257 | ls (cap|max|inv|bt):  0| 0| 0| 0| runtime:  652.0 ms | cr: 2608.0
    1029. dt:  0.25 ms | #newton:  1 | ph:  0.0% | #CG/newton: 1293 | ls (cap|max|inv|bt):  0| 0| 0| 0| runtime:  666.7 ms | cr: 2666.7
    1030. dt:  0.25 ms | #newton:  1 | ph:  0.0% | #CG/newton: 1240 | ls (cap|max|inv|bt):  0| 0| 0| 0| runtime:  642.9 ms | cr: 2571.5
    1031. dt:  0.25 ms | #newton:  1 | ph:  0.0% | #CG/newton: 1287 | ls (cap|max|inv|bt):  0| 0| 0| 0| runtime:  655.9 ms | cr: 2623.5
    1032. dt:  0.25 ms | #newton:  1 | ph:  0.0% | #CG/newton: 1290 | ls (cap|max|inv|bt):  0| 0| 0| 0| runtime:  676.9 ms | cr: 2707.7
    1033. dt:  0.25 ms | #newton:  1 | ph:  0.0% | #CG/newton:  890 | ls (cap|max|inv|bt):  0| 0| 0| 0| runtime:  499.3 ms | cr: 1997.0
    1034. dt:  0.25 ms | #newton:  1 | ph:  0.0% | #CG/newton:  966 | ls (cap|max|inv|bt):  0| 0| 0| 0| runtime:  532.2 ms | cr: 2128.7
    1035. dt:  0.25 ms | #newton:  1 | ph:  0.0% | #CG/newton:  881 | ls (cap|max|inv|bt):  0| 0| 0| 0| runtime:  501.9 ms | cr: 2007.5
    1036. dt:  0.25 ms | #newton:  1 | ph:  0.0% | #CG/newton: 1261 | ls (cap|max|inv|bt):  0| 0| 0| 0| runtime:  645.7 ms | cr: 2582.8
    1037. dt:  0.25 ms | #newton:  1 | ph:  0.0% | #CG/newton: 1266 | ls (cap|max|inv|bt):  0| 0| 0| 0| runtime:  650.6 ms | cr: 2602.3
    1038. dt:  0.25 ms | #newton:  1 | ph:  0.0% | #CG/newton: 1295 | ls (cap|max|inv|bt):  0| 0| 0| 0| runtime:  661.2 ms | cr: 2644.8
    1039. dt:  0.25 ms | #newton:  1 | ph:  0.0% | #CG/newton: 1254 | ls (cap|max|inv|bt):  0| 0| 0| 0| runtime:  640.8 ms | cr: 2563.1
    1040. dt:  0.25 ms | #newton:  1 | ph:  0.0% | #CG/newton: 1270 | ls (cap|max|inv|bt):  0| 0| 0| 0| runtime:  658.1 ms | cr: 2632.4
    1041. dt:  0.25 ms | #newton:  1 | ph:  0.0% | #CG/newton: 1255 | ls (cap|max|inv|bt):  0| 0| 0| 0| runtime:  645.5 ms | cr: 2581.9
    1042. dt:  0.25 ms | #newton:  1 | ph:  0.0% | #CG/newton: 1292 | ls (cap|max|inv|bt):  0| 0| 0| 0| runtime:  673.3 ms | cr: 2693.1
    1043. dt:  0.25 ms | #newton:  1 | ph:  0.0% | #CG/newton: 1253 | ls (cap|max|inv|bt):  0| 0| 0| 0| runtime:  641.7 ms | cr: 2566.6
    1044. dt:  0.25 ms | #newton:  1 | ph:  0.0% | #CG/newton: 1246 | ls (cap|max|inv|bt):  0| 0| 0| 0| runtime:  645.5 ms | cr: 2582.1
    1045. dt:  0.25 ms | #newton:  1 | ph:  0.0% | #CG/newton: 1259 | ls (cap|max|inv|bt):  0| 0| 0| 0| runtime:  657.8 ms | cr: 2631.1
    1046. dt:  0.25 ms | #newton:  1 | ph:  0.0% | #CG/newton: 1294 | ls (cap|max|inv|bt):  0| 0| 0| 0| runtime:  665.5 ms | cr: 2662.2
    1047. dt:  0.25 ms | #newton:  1 | ph:  0.0% | #CG/newton: 1254 | ls (cap|max|inv|bt):  0| 0| 0| 0| runtime:  649.3 ms | cr: 2597.3
    1048. dt:  0.25 ms | #newton:  1 | ph:  0.0% | #CG/newton: 1235 | ls (cap|max|inv|bt):  0| 0| 0| 0| runtime:  640.5 ms | cr: 2561.9
    1049. dt:  0.25 ms | #newton:  1 | ph:  0.0% | #CG/newton: 1271 | ls (cap|max|inv|bt):  0| 0| 0| 0| runtime:  658.7 ms | cr: 2634.8
    1050. dt:  0.25 ms | #newton:  1 | ph:  0.0% | #CG/newton: 1291 | ls (cap|max|inv|bt):  0| 0| 0| 0| runtime:  659.9 ms | cr: 2639.6
    1051. dt:  0.25 ms | #newton:  1 | ph:  0.0% | #CG/newton: 1238 | ls (cap|max|inv|bt):  0| 0| 0| 0| runtime:  635.7 ms | cr: 2542.7
    1052. dt:  0.25 ms | #newton:  1 | ph:  0.0% | #CG/newton: 1286 | ls (cap|max|inv|bt):  0| 0| 0| 0| runtime:  657.8 ms | cr: 2631.4
    1053. dt:  0.25 ms | #newton:  1 | ph:  0.0% | #CG/newton: 1272 | ls (cap|max|inv|bt):  0| 0| 0| 0| runtime:  649.9 ms | cr: 2599.5
    1054. dt:  0.25 ms | #newton:  1 | ph:  0.0% | #CG/newton: 1294 | ls (cap|max|inv|bt):  0| 0| 0| 0| runtime:  662.3 ms | cr: 2649.1
    1055. dt:  0.25 ms | #newton:  1 | ph:  0.0% | #CG/newton: 1254 | ls (cap|max|inv|bt):  0| 0| 0| 0| runtime:  644.0 ms | cr: 2575.9
    1056. dt:  0.25 ms | #newton:  1 | ph:  0.0% | #CG/newton: 1290 | ls (cap|max|inv|bt):  0| 0| 0| 0| runtime:  658.0 ms | cr: 2632.0
    1057. dt:  0.25 ms | #newton:  1 | ph:  0.0% | #CG/newton: 1238 | ls (cap|max|inv|bt):  0| 0| 0| 0| runtime:  638.3 ms | cr: 2553.3
    1058. dt:  0.25 ms | #newton:  1 | ph:  0.0% | #CG/newton: 1284 | ls (cap|max|inv|bt):  0| 0| 0| 0| runtime:  652.4 ms | cr: 2609.5
    1059. dt:  0.25 ms | #newton:  1 | ph:  0.0% | #CG/newton: 1278 | ls (cap|max|inv|bt):  0| 0| 0| 0| runtime:  657.7 ms | cr: 2630.9
    1060. dt:  0.25 ms | #newton:  1 | ph:  0.0% | #CG/newton: 1293 | ls (cap|max|inv|bt):  0| 0| 0| 0| runtime:  665.9 ms | cr: 2663.7
    1061. dt:  0.25 ms | #newton:  1 | ph:  0.0% | #CG/newton: 1259 | ls (cap|max|inv|bt):  0| 0| 0| 0| runtime:  647.5 ms | cr: 2589.9
    1062. dt:  0.25 ms | #newton:  1 | ph:  0.0% | #CG/newton: 1265 | ls (cap|max|inv|bt):  0| 0| 0| 0| runtime:  650.4 ms | cr: 2601.6
    1063. dt:  0.25 ms | #newton:  1 | ph:  0.0% | #CG/newton: 1288 | ls (cap|max|inv|bt):  0| 0| 0| 0| runtime:  657.8 ms | cr: 2631.2
    1064. dt:  0.25 ms | #newton:  1 | ph:  0.0% | #CG/newton: 1273 | ls (cap|max|inv|bt):  0| 0| 0| 0| runtime:  654.0 ms | cr: 2616.1
    1065. dt:  0.25 ms | #newton:  1 | ph:  0.0% | #CG/newton: 1265 | ls (cap|max|inv|bt):  0| 0| 0| 0| runtime:  648.3 ms | cr: 2593.1
    1066. dt:  0.25 ms | #newton:  1 | ph:  0.0% | #CG/newton: 1263 | ls (cap|max|inv|bt):  0| 0| 0| 0| runtime:  626.5 ms | cr: 2506.0
[Frame: 8] Time: 0.267 s
    1067. dt:  0.25 ms | #newton:  1 | ph:  0.0% | #CG/newton: 1292 | ls (cap|max|inv|bt):  0| 0| 0| 0| runtime:  644.5 ms | cr: 2578.1
    1068. dt:  0.25 ms | #newton:  1 | ph:  0.0% | #CG/newton: 1251 | ls (cap|max|inv|bt):  0| 0| 0| 0| runtime:  651.1 ms | cr: 2604.6
    1069. dt:  0.25 ms | #newton:  1 | ph:  0.0% | #CG/newton: 1275 | ls (cap|max|inv|bt):  0| 0| 0| 0| runtime:  648.2 ms | cr: 2592.6
    1070. dt:  0.25 ms | #newton:  1 | ph:  0.0% | #CG/newton: 1266 | ls (cap|max|inv|bt):  0| 0| 0| 0| runtime:  641.7 ms | cr: 2566.9
    1071. dt:  0.25 ms | #newton:  1 | ph:  0.0% | #CG/newton: 1290 | ls (cap|max|inv|bt):  0| 0| 0| 0| runtime:  662.2 ms | cr: 2648.6
    1072. dt:  0.25 ms | #newton:  1 | ph:  0.0% | #CG/newton: 1249 | ls (cap|max|inv|bt):  0| 0| 0| 0| runtime:  646.0 ms | cr: 2583.8
    1073. dt:  0.25 ms | #newton:  1 | ph:  0.0% | #CG/newton: 1256 | ls (cap|max|inv|bt):  0| 0| 0| 0| runtime:  641.9 ms | cr: 2567.7
    1074. dt:  0.25 ms | #newton:  1 | ph:  0.0% | #CG/newton: 1289 | ls (cap|max|inv|bt):  0| 0| 0| 0| runtime:  662.8 ms | cr: 2651.2
    1075. dt:  0.25 ms | #newton:  1 | ph:  0.0% | #CG/newton: 1247 | ls (cap|max|inv|bt):  0| 0| 0| 0| runtime:  650.0 ms | cr: 2600.1
    1076. dt:  0.25 ms | #newton:  1 | ph:  0.0% | #CG/newton: 1289 | ls (cap|max|inv|bt):  0| 0| 0| 0| runtime:  667.0 ms | cr: 2667.9
    1077. dt:  0.25 ms | #newton:  1 | ph:  0.0% | #CG/newton: 1255 | ls (cap|max|inv|bt):  0| 0| 0| 0| runtime:  651.1 ms | cr: 2604.5
    1078. dt:  0.25 ms | #newton:  1 | ph:  0.0% | #CG/newton: 1258 | ls (cap|max|inv|bt):  0| 0| 0| 0| runtime:  657.5 ms | cr: 2630.2
    1079. dt:  0.25 ms | #newton:  1 | ph:  0.0% | #CG/newton: 1253 | ls (cap|max|inv|bt):  0| 0| 0| 0| runtime:  647.7 ms | cr: 2590.6
    1080. dt:  0.25 ms | #newton:  1 | ph:  0.0% | #CG/newton: 1283 | ls (cap|max|inv|bt):  0| 0| 0| 0| runtime:  665.4 ms | cr: 2661.5
    1081. dt:  0.25 ms | #newton:  1 | ph:  0.0% | #CG/newton: 1234 | ls (cap|max|inv|bt):  0| 0| 0| 0| runtime:  644.6 ms | cr: 2578.4
    1082. dt:  0.25 ms | #newton:  1 | ph:  0.0% | #CG/newton: 1250 | ls (cap|max|inv|bt):  0| 0| 0| 0| runtime:  647.0 ms | cr: 2587.9
    1083. dt:  0.25 ms | #newton:  1 | ph:  0.0% | #CG/newton: 1265 | ls (cap|max|inv|bt):  0| 0| 0| 0| runtime:  651.5 ms | cr: 2606.1
    1084. dt:  0.25 ms | #newton:  1 | ph:  0.0% | #CG/newton: 1278 | ls (cap|max|inv|bt):  0| 0| 0| 0| runtime:  652.0 ms | cr: 2607.9
    1085. dt:  0.25 ms | #newton:  1 | ph:  0.0% | #CG/newton: 1254 | ls (cap|max|inv|bt):  0| 0| 0| 0| runtime:  655.6 ms | cr: 2622.3
    1086. dt:  0.25 ms | #newton:  1 | ph:  0.0% | #CG/newton: 1287 | ls (cap|max|inv|bt):  0| 0| 0| 0| runtime:  659.3 ms | cr: 2637.1
    1087. dt:  0.25 ms | #newton:  1 | ph:  0.0% | #CG/newton: 1232 | ls (cap|max|inv|bt):  0| 0| 0| 0| runtime:  648.3 ms | cr: 2593.1
    1088. dt:  0.25 ms | #newton:  1 | ph:  0.0% | #CG/newton: 1246 | ls (cap|max|inv|bt):  0| 0| 0| 0| runtime:  647.1 ms | cr: 2588.4
    1089. dt:  0.25 ms | #newton:  1 | ph:  0.0% | #CG/newton: 1262 | ls (cap|max|inv|bt):  0| 0| 0| 0| runtime:  656.2 ms | cr: 2624.9
    1090. dt:  0.25 ms | #newton:  1 | ph:  0.0% | #CG/newton: 1232 | ls (cap|max|inv|bt):  0| 0| 0| 0| runtime:  641.4 ms | cr: 2565.5
    1091. dt:  0.25 ms | #newton:  1 | ph:  0.0% | #CG/newton: 1270 | ls (cap|max|inv|bt):  0| 0| 0| 0| runtime:  653.4 ms | cr: 2613.8
    1092. dt:  0.25 ms | #newton:  1 | ph:  0.0% | #CG/newton: 1235 | ls (cap|max|inv|bt):  0| 0| 0| 0| runtime:  640.8 ms | cr: 2563.3
    1093. dt:  0.25 ms | #newton:  1 | ph:  0.0% | #CG/newton: 1255 | ls (cap|max|inv|bt):  0| 0| 0| 0| runtime:  653.0 ms | cr: 2612.0
    1094. dt:  0.25 ms | #newton:  1 | ph:  0.0% | #CG/newton: 1290 | ls (cap|max|inv|bt):  0| 0| 0| 0| runtime:  659.7 ms | cr: 2638.8
    1095. dt:  0.25 ms | #newton:  1 | ph:  0.0% | #CG/newton: 1258 | ls (cap|max|inv|bt):  0| 0| 0| 0| runtime:  646.2 ms | cr: 2584.6
    1096. dt:  0.25 ms | #newton:  1 | ph:  0.0% | #CG/newton: 1292 | ls (cap|max|inv|bt):  0| 0| 0| 0| runtime:  659.6 ms | cr: 2638.5
    1097. dt:  0.25 ms | #newton:  1 | ph:  0.0% | #CG/newton: 1290 | ls (cap|max|inv|bt):  0| 0| 0| 0| runtime:  654.3 ms | cr: 2617.2
    1098. dt:  0.25 ms | #newton:  1 | ph:  0.0% | #CG/newton: 1253 | ls (cap|max|inv|bt):  0| 0| 0| 0| runtime:  656.1 ms | cr: 2624.5
    1099. dt:  0.25 ms | #newton:  1 | ph:  0.0% | #CG/newton: 1290 | ls (cap|max|inv|bt):  0| 0| 0| 0| runtime:  665.5 ms | cr: 2662.0
    1100. dt:  0.25 ms | #newton:  1 | ph:  0.0% | #CG/newton: 1252 | ls (cap|max|inv|bt):  0| 0| 0| 0| runtime:  642.8 ms | cr: 2571.4
    1101. dt:  0.25 ms | #newton:  1 | ph:  0.0% | #CG/newton: 1283 | ls (cap|max|inv|bt):  0| 0| 0| 0| runtime:  663.0 ms | cr: 2652.1
    1102. dt:  0.25 ms | #newton:  1 | ph:  0.0% | #CG/newton: 1238 | ls (cap|max|inv|bt):  0| 0| 0| 0| runtime:  641.4 ms | cr: 2565.6
    1103. dt:  0.25 ms | #newton:  1 | ph:  0.0% | #CG/newton: 1287 | ls (cap|max|inv|bt):  0| 0| 0| 0| runtime:  653.5 ms | cr: 2613.9
    1104. dt:  0.25 ms | #newton:  1 | ph:  0.0% | #CG/newton: 1266 | ls (cap|max|inv|bt):  0| 0| 0| 0| runtime:  645.4 ms | cr: 2581.6
    1105. dt:  0.25 ms | #newton:  1 | ph:  0.0% | #CG/newton: 1289 | ls (cap|max|inv|bt):  0| 0| 0| 0| runtime:  667.1 ms | cr: 2668.6
    1106. dt:  0.25 ms | #newton:  1 | ph:  0.0% | #CG/newton: 1255 | ls (cap|max|inv|bt):  0| 0| 0| 0| runtime:  648.2 ms | cr: 2592.9
    1107. dt:  0.25 ms | #newton:  1 | ph:  0.0% | #CG/newton: 1287 | ls (cap|max|inv|bt):  0| 0| 0| 0| runtime:  661.3 ms | cr: 2645.1
    1108. dt:  0.25 ms | #newton:  1 | ph:  0.0% | #CG/newton: 1236 | ls (cap|max|inv|bt):  0| 0| 0| 0| runtime:  641.0 ms | cr: 2563.9
    1109. dt:  0.25 ms | #newton:  1 | ph:  0.0% | #CG/newton: 1286 | ls (cap|max|inv|bt):  0| 0| 0| 0| runtime:  647.4 ms | cr: 2589.5
    1110. dt:  0.25 ms | #newton:  1 | ph:  0.0% | #CG/newton: 1265 | ls (cap|max|inv|bt):  0| 0| 0| 0| runtime:  650.3 ms | cr: 2601.1
    1111. dt:  0.25 ms | #newton:  1 | ph:  0.0% | #CG/newton: 1293 | ls (cap|max|inv|bt):  0| 0| 0| 0| runtime:  666.6 ms | cr: 2666.4
    1112. dt:  0.25 ms | #newton:  1 | ph:  0.0% | #CG/newton: 1255 | ls (cap|max|inv|bt):  0| 0| 0| 0| runtime:  642.7 ms | cr: 2570.9
    1113. dt:  0.25 ms | #newton:  1 | ph:  0.0% | #CG/newton: 1279 | ls (cap|max|inv|bt):  0| 0| 0| 0| runtime:  654.7 ms | cr: 2618.7
    1114. dt:  0.25 ms | #newton:  1 | ph:  0.0% | #CG/newton: 1293 | ls (cap|max|inv|bt):  0| 0| 0| 0| runtime:  653.7 ms | cr: 2614.6
    1115. dt:  0.25 ms | #newton:  1 | ph:  0.0% | #CG/newton: 1258 | ls (cap|max|inv|bt):  0| 0| 0| 0| runtime:  646.2 ms | cr: 2584.8
    1116. dt:  0.25 ms | #newton:  1 | ph:  0.0% | #CG/newton: 1286 | ls (cap|max|inv|bt):  0| 0| 0| 0| runtime:  655.6 ms | cr: 2622.4
    1117. dt:  0.25 ms | #newton:  1 | ph:  0.0% | #CG/newton: 1258 | ls (cap|max|inv|bt):  0| 0| 0| 0| runtime:  638.4 ms | cr: 2553.8
    1118. dt:  0.25 ms | #newton:  1 | ph:  0.0% | #CG/newton: 1294 | ls (cap|max|inv|bt):  0| 0| 0| 0| runtime:  657.9 ms | cr: 2631.7
    1119. dt:  0.25 ms | #newton:  1 | ph:  0.0% | #CG/newton: 1253 | ls (cap|max|inv|bt):  0| 0| 0| 0| runtime:  639.6 ms | cr: 2558.2
    1120. dt:  0.25 ms | #newton:  1 | ph:  0.0% | #CG/newton: 1266 | ls (cap|max|inv|bt):  0| 0| 0| 0| runtime:  649.7 ms | cr: 2598.8
    1121. dt:  0.25 ms | #newton:  1 | ph:  0.0% | #CG/newton: 1294 | ls (cap|max|inv|bt):  0| 0| 0| 0| runtime:  654.8 ms | cr: 2619.0
    1122. dt:  0.25 ms | #newton:  1 | ph:  0.0% | #CG/newton: 1258 | ls (cap|max|inv|bt):  0| 0| 0| 0| runtime:  642.7 ms | cr: 2570.6
    1123. dt:  0.25 ms | #newton:  1 | ph:  0.0% | #CG/newton: 1262 | ls (cap|max|inv|bt):  0| 0| 0| 0| runtime:  649.2 ms | cr: 2596.9
    1124. dt:  0.25 ms | #newton:  1 | ph:  0.0% | #CG/newton: 1294 | ls (cap|max|inv|bt):  0| 0| 0| 0| runtime:  660.3 ms | cr: 2641.1
    1125. dt:  0.25 ms | #newton:  1 | ph:  0.0% | #CG/newton: 1262 | ls (cap|max|inv|bt):  0| 0| 0| 0| runtime:  641.1 ms | cr: 2564.2
    1126. dt:  0.25 ms | #newton:  1 | ph:  0.0% | #CG/newton: 1240 | ls (cap|max|inv|bt):  0| 0| 0| 0| runtime:  641.1 ms | cr: 2564.5
    1127. dt:  0.25 ms | #newton:  1 | ph:  0.0% | #CG/newton: 1266 | ls (cap|max|inv|bt):  0| 0| 0| 0| runtime:  647.9 ms | cr: 2591.4
    1128. dt:  0.25 ms | #newton:  1 | ph:  0.0% | #CG/newton: 1293 | ls (cap|max|inv|bt):  0| 0| 0| 0| runtime:  659.3 ms | cr: 2637.1
    1129. dt:  0.25 ms | #newton:  1 | ph:  0.0% | #CG/newton: 1262 | ls (cap|max|inv|bt):  0| 0| 0| 0| runtime:  643.9 ms | cr: 2575.4
    1130. dt:  0.25 ms | #newton:  1 | ph:  0.0% | #CG/newton: 1293 | ls (cap|max|inv|bt):  0| 0| 0| 0| runtime:  659.8 ms | cr: 2639.4
    1131. dt:  0.25 ms | #newton:  1 | ph:  0.0% | #CG/newton: 1294 | ls (cap|max|inv|bt):  0| 0| 0| 0| runtime:  670.1 ms | cr: 2680.5
    1132. dt:  0.25 ms | #newton:  1 | ph:  0.0% | #CG/newton: 1256 | ls (cap|max|inv|bt):  0| 0| 0| 0| runtime:  651.2 ms | cr: 2604.8
    1133. dt:  0.25 ms | #newton:  1 | ph:  0.0% | #CG/newton: 1291 | ls (cap|max|inv|bt):  0| 0| 0| 0| runtime:  658.5 ms | cr: 2633.9
    1134. dt:  0.25 ms | #newton:  1 | ph:  0.0% | #CG/newton: 1258 | ls (cap|max|inv|bt):  0| 0| 0| 0| runtime:  643.5 ms | cr: 2573.9
    1135. dt:  0.25 ms | #newton:  1 | ph:  0.0% | #CG/newton: 1290 | ls (cap|max|inv|bt):  0| 0| 0| 0| runtime:  662.9 ms | cr: 2651.7
    1136. dt:  0.25 ms | #newton:  1 | ph:  0.0% | #CG/newton: 1253 | ls (cap|max|inv|bt):  0| 0| 0| 0| runtime:  640.4 ms | cr: 2561.4
    1137. dt:  0.25 ms | #newton:  1 | ph:  0.0% | #CG/newton: 1263 | ls (cap|max|inv|bt):  0| 0| 0| 0| runtime:  654.8 ms | cr: 2619.4
    1138. dt:  0.25 ms | #newton:  1 | ph:  0.0% | #CG/newton: 1287 | ls (cap|max|inv|bt):  0| 0| 0| 0| runtime:  664.0 ms | cr: 2656.1
    1139. dt:  0.25 ms | #newton:  1 | ph:  0.0% | #CG/newton: 1291 | ls (cap|max|inv|bt):  0| 0| 0| 0| runtime:  664.3 ms | cr: 2657.2
    1140. dt:  0.25 ms | #newton:  1 | ph:  0.0% | #CG/newton: 1266 | ls (cap|max|inv|bt):  0| 0| 0| 0| runtime:  651.2 ms | cr: 2605.0
    1141. dt:  0.25 ms | #newton:  1 | ph:  0.0% | #CG/newton: 1276 | ls (cap|max|inv|bt):  0| 0| 0| 0| runtime:  661.6 ms | cr: 2646.5
    1142. dt:  0.25 ms | #newton:  1 | ph:  0.0% | #CG/newton: 1264 | ls (cap|max|inv|bt):  0| 0| 0| 0| runtime:  684.8 ms | cr: 2739.1
    1143. dt:  0.25 ms | #newton:  1 | ph:  0.0% | #CG/newton: 1294 | ls (cap|max|inv|bt):  0| 0| 0| 0| runtime:  665.0 ms | cr: 2659.8
    1144. dt:  0.25 ms | #newton:  1 | ph:  0.0% | #CG/newton: 1252 | ls (cap|max|inv|bt):  0| 0| 0| 0| runtime:  642.7 ms | cr: 2570.6
    1145. dt:  0.25 ms | #newton:  1 | ph:  0.0% | #CG/newton: 1235 | ls (cap|max|inv|bt):  0| 0| 0| 0| runtime:  634.7 ms | cr: 2538.6
    1146. dt:  0.25 ms | #newton:  1 | ph:  0.0% | #CG/newton: 1287 | ls (cap|max|inv|bt):  0| 0| 0| 0| runtime:  658.0 ms | cr: 2632.2
    1147. dt:  0.25 ms | #newton:  1 | ph:  0.0% | #CG/newton: 1280 | ls (cap|max|inv|bt):  0| 0| 0| 0| runtime:  658.4 ms | cr: 2633.6
    1148. dt:  0.25 ms | #newton:  1 | ph:  0.0% | #CG/newton: 1241 | ls (cap|max|inv|bt):  0| 0| 0| 0| runtime:  645.8 ms | cr: 2583.4
    1149. dt:  0.25 ms | #newton:  1 | ph:  0.0% | #CG/newton: 1258 | ls (cap|max|inv|bt):  0| 0| 0| 0| runtime:  650.2 ms | cr: 2600.8
    1150. dt:  0.25 ms | #newton:  1 | ph:  0.0% | #CG/newton: 1292 | ls (cap|max|inv|bt):  0| 0| 0| 0| runtime:  653.6 ms | cr: 2614.5
    1151. dt:  0.25 ms | #newton:  1 | ph:  0.0% | #CG/newton: 1258 | ls (cap|max|inv|bt):  0| 0| 0| 0| runtime:  657.3 ms | cr: 2629.3
    1152. dt:  0.25 ms | #newton:  1 | ph:  0.0% | #CG/newton: 1292 | ls (cap|max|inv|bt):  0| 0| 0| 0| runtime:  657.7 ms | cr: 2630.7
    1153. dt:  0.25 ms | #newton:  1 | ph:  0.0% | #CG/newton: 1291 | ls (cap|max|inv|bt):  0| 0| 0| 0| runtime:  661.5 ms | cr: 2646.0
    1154. dt:  0.25 ms | #newton:  1 | ph:  0.0% | #CG/newton: 1253 | ls (cap|max|inv|bt):  0| 0| 0| 0| runtime:  645.7 ms | cr: 2582.8
    1155. dt:  0.25 ms | #newton:  1 | ph:  0.0% | #CG/newton: 1292 | ls (cap|max|inv|bt):  0| 0| 0| 0| runtime:  662.8 ms | cr: 2651.2
    1156. dt:  0.25 ms | #newton:  1 | ph:  0.0% | #CG/newton: 1257 | ls (cap|max|inv|bt):  0| 0| 0| 0| runtime:  644.0 ms | cr: 2576.1
    1157. dt:  0.25 ms | #newton:  1 | ph:  0.0% | #CG/newton: 1263 | ls (cap|max|inv|bt):  0| 0| 0| 0| runtime:  657.0 ms | cr: 2628.1
    1158. dt:  0.25 ms | #newton:  1 | ph:  0.0% | #CG/newton: 1287 | ls (cap|max|inv|bt):  0| 0| 0| 0| runtime:  652.6 ms | cr: 2610.6
    1159. dt:  0.25 ms | #newton:  1 | ph:  0.0% | #CG/newton: 1291 | ls (cap|max|inv|bt):  0| 0| 0| 0| runtime:  653.8 ms | cr: 2615.4
    1160. dt:  0.25 ms | #newton:  1 | ph:  0.0% | #CG/newton: 1251 | ls (cap|max|inv|bt):  0| 0| 0| 0| runtime:  644.6 ms | cr: 2578.6
    1161. dt:  0.25 ms | #newton:  1 | ph:  0.0% | #CG/newton: 1289 | ls (cap|max|inv|bt):  0| 0| 0| 0| runtime:  647.3 ms | cr: 2589.4
    1162. dt:  0.25 ms | #newton:  1 | ph:  0.0% | #CG/newton: 1265 | ls (cap|max|inv|bt):  0| 0| 0| 0| runtime:  644.8 ms | cr: 2579.3
    1163. dt:  0.25 ms | #newton:  1 | ph:  0.0% | #CG/newton: 1233 | ls (cap|max|inv|bt):  0| 0| 0| 0| runtime:  634.3 ms | cr: 2537.2
    1164. dt:  0.25 ms | #newton:  1 | ph:  0.0% | #CG/newton: 1266 | ls (cap|max|inv|bt):  0| 0| 0| 0| runtime:  652.2 ms | cr: 2608.7
    1165. dt:  0.25 ms | #newton:  1 | ph:  0.0% | #CG/newton: 1230 | ls (cap|max|inv|bt):  0| 0| 0| 0| runtime:  646.3 ms | cr: 2585.1
    1166. dt:  0.25 ms | #newton:  1 | ph:  0.0% | #CG/newton: 1246 | ls (cap|max|inv|bt):  0| 0| 0| 0| runtime:  632.0 ms | cr: 2528.0
    1167. dt:  0.25 ms | #newton:  1 | ph:  0.0% | #CG/newton: 1270 | ls (cap|max|inv|bt):  0| 0| 0| 0| runtime:  643.5 ms | cr: 2573.9
    1168. dt:  0.25 ms | #newton:  1 | ph:  0.0% | #CG/newton: 1287 | ls (cap|max|inv|bt):  0| 0| 0| 0| runtime:  660.1 ms | cr: 2640.5
    1169. dt:  0.25 ms | #newton:  1 | ph:  0.0% | #CG/newton: 1261 | ls (cap|max|inv|bt):  0| 0| 0| 0| runtime:  651.1 ms | cr: 2604.5
    1170. dt:  0.25 ms | #newton:  1 | ph:  0.0% | #CG/newton: 1254 | ls (cap|max|inv|bt):  0| 0| 0| 0| runtime:  651.4 ms | cr: 2605.5
    1171. dt:  0.25 ms | #newton:  1 | ph:  0.0% | #CG/newton: 1265 | ls (cap|max|inv|bt):  0| 0| 0| 0| runtime:  652.6 ms | cr: 2610.2
    1172. dt:  0.25 ms | #newton:  1 | ph:  0.0% | #CG/newton: 1291 | ls (cap|max|inv|bt):  0| 0| 0| 0| runtime:  658.6 ms | cr: 2634.4
    1173. dt:  0.25 ms | #newton:  1 | ph:  0.0% | #CG/newton: 1246 | ls (cap|max|inv|bt):  0| 0| 0| 0| runtime:  635.5 ms | cr: 2542.1
    1174. dt:  0.25 ms | #newton:  1 | ph:  0.0% | #CG/newton: 1269 | ls (cap|max|inv|bt):  0| 0| 0| 0| runtime:  656.9 ms | cr: 2627.5
    1175. dt:  0.25 ms | #newton:  1 | ph:  0.0% | #CG/newton: 1275 | ls (cap|max|inv|bt):  0| 0| 0| 0| runtime:  669.2 ms | cr: 2676.6
    1176. dt:  0.25 ms | #newton:  1 | ph:  0.0% | #CG/newton: 1233 | ls (cap|max|inv|bt):  0| 0| 0| 0| runtime:  642.3 ms | cr: 2569.3
    1177. dt:  0.25 ms | #newton:  1 | ph:  0.0% | #CG/newton: 1257 | ls (cap|max|inv|bt):  0| 0| 0| 0| runtime:  646.8 ms | cr: 2587.3
    1178. dt:  0.25 ms | #newton:  1 | ph:  0.0% | #CG/newton: 1275 | ls (cap|max|inv|bt):  0| 0| 0| 0| runtime:  656.2 ms | cr: 2624.9
    1179. dt:  0.25 ms | #newton:  1 | ph:  0.0% | #CG/newton: 1254 | ls (cap|max|inv|bt):  0| 0| 0| 0| runtime:  647.1 ms | cr: 2588.5
    1180. dt:  0.25 ms | #newton:  1 | ph:  0.0% | #CG/newton: 1287 | ls (cap|max|inv|bt):  0| 0| 0| 0| runtime:  664.2 ms | cr: 2656.9
    1181. dt:  0.25 ms | #newton:  1 | ph:  0.0% | #CG/newton: 1286 | ls (cap|max|inv|bt):  0| 0| 0| 0| runtime:  661.7 ms | cr: 2646.9
    1182. dt:  0.25 ms | #newton:  1 | ph:  0.0% | #CG/newton: 1234 | ls (cap|max|inv|bt):  0| 0| 0| 0| runtime:  657.5 ms | cr: 2630.1
    1183. dt:  0.25 ms | #newton:  1 | ph:  0.0% | #CG/newton: 1253 | ls (cap|max|inv|bt):  0| 0| 0| 0| runtime:  651.2 ms | cr: 2604.8
    1184. dt:  0.25 ms | #newton:  1 | ph:  0.0% | #CG/newton: 1285 | ls (cap|max|inv|bt):  0| 0| 0| 0| runtime:  670.0 ms | cr: 2679.8
    1185. dt:  0.25 ms | #newton:  1 | ph:  0.0% | #CG/newton: 1258 | ls (cap|max|inv|bt):  0| 0| 0| 0| runtime:  647.8 ms | cr: 2591.1
    1186. dt:  0.25 ms | #newton:  1 | ph:  0.0% | #CG/newton: 1290 | ls (cap|max|inv|bt):  0| 0| 0| 0| runtime:  663.9 ms | cr: 2655.7
    1187. dt:  0.25 ms | #newton:  1 | ph:  0.0% | #CG/newton: 1266 | ls (cap|max|inv|bt):  0| 0| 0| 0| runtime:  648.8 ms | cr: 2595.1
    1188. dt:  0.25 ms | #newton:  1 | ph:  0.0% | #CG/newton: 1243 | ls (cap|max|inv|bt):  0| 0| 0| 0| runtime:  648.4 ms | cr: 2593.5
    1189. dt:  0.25 ms | #newton:  1 | ph:  0.0% | #CG/newton: 1267 | ls (cap|max|inv|bt):  0| 0| 0| 0| runtime:  652.7 ms | cr: 2610.7
    1190. dt:  0.25 ms | #newton:  1 | ph:  0.0% | #CG/newton: 1286 | ls (cap|max|inv|bt):  0| 0| 0| 0| runtime:  649.1 ms | cr: 2596.3
    1191. dt:  0.25 ms | #newton:  1 | ph:  0.0% | #CG/newton: 1256 | ls (cap|max|inv|bt):  0| 0| 0| 0| runtime:  641.7 ms | cr: 2566.7
    1192. dt:  0.25 ms | #newton:  1 | ph:  0.0% | #CG/newton: 1292 | ls (cap|max|inv|bt):  0| 0| 0| 0| runtime:  649.6 ms | cr: 2598.2
    1193. dt:  0.25 ms | #newton:  1 | ph:  0.0% | #CG/newton: 1255 | ls (cap|max|inv|bt):  0| 0| 0| 0| runtime:  645.9 ms | cr: 2583.6
    1194. dt:  0.25 ms | #newton:  1 | ph:  0.0% | #CG/newton: 1289 | ls (cap|max|inv|bt):  0| 0| 0| 0| runtime:  656.9 ms | cr: 2627.5
    1195. dt:  0.25 ms | #newton:  1 | ph:  0.0% | #CG/newton: 1262 | ls (cap|max|inv|bt):  0| 0| 0| 0| runtime:  646.4 ms | cr: 2585.5
    1196. dt:  0.25 ms | #newton:  1 | ph:  0.0% | #CG/newton: 1233 | ls (cap|max|inv|bt):  0| 0| 0| 0| runtime:  633.4 ms | cr: 2533.5
    1197. dt:  0.25 ms | #newton:  1 | ph:  0.0% | #CG/newton: 1225 | ls (cap|max|inv|bt):  0| 0| 0| 0| runtime:  632.9 ms | cr: 2531.5
    1198. dt:  0.25 ms | #newton:  1 | ph:  0.0% | #CG/newton: 1287 | ls (cap|max|inv|bt):  0| 0| 0| 0| runtime:  657.0 ms | cr: 2628.1
    1199. dt:  0.25 ms | #newton:  1 | ph:  0.0% | #CG/newton: 1261 | ls (cap|max|inv|bt):  0| 0| 0| 0| runtime:  635.7 ms | cr: 2542.7
    1200. dt:  0.25 ms | #newton:  1 | ph:  0.0% | #CG/newton: 1292 | ls (cap|max|inv|bt):  0| 0| 0| 0| runtime:  656.4 ms | cr: 2625.4
[Frame: 9] Time: 0.300 s
    1201. dt:  0.25 ms | #newton:  1 | ph:  0.0% | #CG/newton: 1264 | ls (cap|max|inv|bt):  0| 0| 0| 0| runtime:  646.1 ms | cr: 2584.6
    1202. dt:  0.25 ms | #newton:  1 | ph:  0.0% | #CG/newton: 1242 | ls (cap|max|inv|bt):  0| 0| 0| 0| runtime:  639.5 ms | cr: 2557.8
    1203. dt:  0.25 ms | #newton:  1 | ph:  0.0% | #CG/newton: 1263 | ls (cap|max|inv|bt):  0| 0| 0| 0| runtime:  642.5 ms | cr: 2570.1
    1204. dt:  0.25 ms | #newton:  1 | ph:  0.0% | #CG/newton: 1287 | ls (cap|max|inv|bt):  0| 0| 0| 0| runtime:  650.7 ms | cr: 2602.8
    1205. dt:  0.25 ms | #newton:  1 | ph:  0.0% | #CG/newton: 1254 | ls (cap|max|inv|bt):  0| 0| 0| 0| runtime:  632.4 ms | cr: 2529.7
    1206. dt:  0.25 ms | #newton:  1 | ph:  0.0% | #CG/newton: 1290 | ls (cap|max|inv|bt):  0| 0| 0| 0| runtime:  650.6 ms | cr: 2602.6
    1207. dt:  0.25 ms | #newton:  1 | ph:  0.0% | #CG/newton: 1255 | ls (cap|max|inv|bt):  0| 0| 0| 0| runtime:  641.9 ms | cr: 2567.5
    1208. dt:  0.25 ms | #newton:  1 | ph:  0.0% | #CG/newton: 1290 | ls (cap|max|inv|bt):  0| 0| 0| 0| runtime:  655.0 ms | cr: 2619.8
    1209. dt:  0.25 ms | #newton:  1 | ph:  0.0% | #CG/newton: 1311 | ls (cap|max|inv|bt):  0| 0| 0| 0| runtime:  660.3 ms | cr: 2641.2
    1210. dt:  0.25 ms | #newton:  1 | ph:  0.0% | #CG/newton: 1237 | ls (cap|max|inv|bt):  0| 0| 0| 0| runtime:  633.4 ms | cr: 2533.8
    1211. dt:  0.25 ms | #newton:  1 | ph:  0.0% | #CG/newton: 1252 | ls (cap|max|inv|bt):  0| 0| 0| 0| runtime:  646.6 ms | cr: 2586.5
    1212. dt:  0.25 ms | #newton:  1 | ph:  0.0% | #CG/newton: 1160 | ls (cap|max|inv|bt):  0| 0| 0| 0| runtime:  599.5 ms | cr: 2398.2
    1213. dt:  0.25 ms | #newton:  1 | ph:  0.0% | #CG/newton: 1262 | ls (cap|max|inv|bt):  0| 0| 0| 0| runtime:  641.2 ms | cr: 2564.9
    1214. dt:  0.25 ms | #newton:  1 | ph:  0.0% | #CG/newton: 1229 | ls (cap|max|inv|bt):  0| 0| 0| 0| runtime:  626.3 ms | cr: 2505.2
    1215. dt:  0.25 ms | #newton:  1 | ph:  0.0% | #CG/newton: 1254 | ls (cap|max|inv|bt):  0| 0| 0| 0| runtime:  634.1 ms | cr: 2536.4
    1216. dt:  0.25 ms | #newton:  1 | ph:  0.0% | #CG/newton: 1282 | ls (cap|max|inv|bt):  0| 0| 0| 0| runtime:  653.9 ms | cr: 2615.8
    1217. dt:  0.25 ms | #newton:  1 | ph:  0.0% | #CG/newton: 1255 | ls (cap|max|inv|bt):  0| 0| 0| 0| runtime:  639.2 ms | cr: 2556.9
    1218. dt:  0.25 ms | #newton:  1 | ph:  0.0% | #CG/newton: 1233 | ls (cap|max|inv|bt):  0| 0| 0| 0| runtime:  638.3 ms | cr: 2553.3
    1219. dt:  0.25 ms | #newton:  1 | ph:  0.0% | #CG/newton: 1253 | ls (cap|max|inv|bt):  0| 0| 0| 0| runtime:  650.4 ms | cr: 2601.6
    1220. dt:  0.25 ms | #newton:  1 | ph:  0.0% | #CG/newton: 1276 | ls (cap|max|inv|bt):  0| 0| 0| 0| runtime:  660.8 ms | cr: 2643.1
    1221. dt:  0.25 ms | #newton:  1 | ph:  0.0% | #CG/newton: 1232 | ls (cap|max|inv|bt):  0| 0| 0| 0| runtime:  641.8 ms | cr: 2567.1
    1222. dt:  0.25 ms | #newton:  1 | ph:  0.0% | #CG/newton: 1258 | ls (cap|max|inv|bt):  0| 0| 0| 0| runtime:  647.5 ms | cr: 2589.9
    1223. dt:  0.25 ms | #newton:  1 | ph:  0.0% | #CG/newton: 1270 | ls (cap|max|inv|bt):  0| 0| 0| 0| runtime:  658.4 ms | cr: 2633.8
    1224. dt:  0.25 ms | #newton:  1 | ph:  0.0% | #CG/newton: 1528 | ls (cap|max|inv|bt):  0| 0| 0| 0| runtime:  759.3 ms | cr: 3037.4
    1225. dt:  0.25 ms | #newton:  1 | ph:  0.0% | #CG/newton: 1525 | ls (cap|max|inv|bt):  0| 0| 0| 0| runtime:  762.6 ms | cr: 3050.3
    1226. dt:  0.25 ms | #newton:  1 | ph:  0.0% | #CG/newton: 1523 | ls (cap|max|inv|bt):  0| 0| 0| 0| runtime:  759.6 ms | cr: 3038.5
    1227. dt:  0.25 ms | #newton:  1 | ph:  0.0% | #CG/newton: 1525 | ls (cap|max|inv|bt):  0| 0| 0| 0| runtime:  757.9 ms | cr: 3031.7
    1228. dt:  0.25 ms | #newton:  1 | ph:  0.0% | #CG/newton: 1522 | ls (cap|max|inv|bt):  0| 0| 0| 0| runtime:  765.8 ms | cr: 3063.3
    1229. dt:  0.25 ms | #newton:  1 | ph:  0.0% | #CG/newton: 1505 | ls (cap|max|inv|bt):  0| 0| 0| 0| runtime:  752.8 ms | cr: 3011.2
    1230. dt:  0.25 ms | #newton:  1 | ph:  0.0% | #CG/newton: 1515 | ls (cap|max|inv|bt):  0| 0| 0| 0| runtime:  750.2 ms | cr: 3000.9
    1231. dt:  0.25 ms | #newton:  1 | ph:  0.0% | #CG/newton: 1525 | ls (cap|max|inv|bt):  0| 0| 0| 0| runtime:  755.9 ms | cr: 3023.5
    1232. dt:  0.25 ms | #newton:  1 | ph:  0.0% | #CG/newton: 1522 | ls (cap|max|inv|bt):  0| 0| 0| 0| runtime:  767.3 ms | cr: 3069.0
    1233. dt:  0.25 ms | #newton:  1 | ph:  0.0% | #CG/newton: 1524 | ls (cap|max|inv|bt):  0| 0| 0| 0| runtime:  755.1 ms | cr: 3020.3
    1234. dt:  0.25 ms | #newton:  1 | ph:  0.0% | #CG/newton: 1525 | ls (cap|max|inv|bt):  0| 0| 0| 0| runtime:  762.6 ms | cr: 3050.2
    1235. dt:  0.25 ms | #newton:  1 | ph:  0.0% | #CG/newton: 1519 | ls (cap|max|inv|bt):  0| 0| 0| 0| runtime:  756.7 ms | cr: 3026.7
    1236. dt:  0.25 ms | #newton:  1 | ph:  0.0% | #CG/newton: 1521 | ls (cap|max|inv|bt):  0| 0| 0| 0| runtime:  755.6 ms | cr: 3022.3
    1237. dt:  0.25 ms | #newton:  1 | ph:  0.0% | #CG/newton: 1526 | ls (cap|max|inv|bt):  0| 0| 0| 0| runtime:  753.4 ms | cr: 3013.8
    1238. dt:  0.25 ms | #newton:  1 | ph:  0.0% | #CG/newton: 1519 | ls (cap|max|inv|bt):  0| 0| 0| 0| runtime:  749.1 ms | cr: 2996.5
    1239. dt:  0.25 ms | #newton:  1 | ph:  0.0% | #CG/newton: 1525 | ls (cap|max|inv|bt):  0| 0| 0| 0| runtime:  758.3 ms | cr: 3033.2
    1240. dt:  0.25 ms | #newton:  1 | ph:  0.0% | #CG/newton: 1527 | ls (cap|max|inv|bt):  0| 0| 0| 0| runtime:  752.7 ms | cr: 3011.0
    1241. dt:  0.25 ms | #newton:  1 | ph:  0.0% | #CG/newton: 1505 | ls (cap|max|inv|bt):  0| 0| 0| 0| runtime:  740.5 ms | cr: 2962.1
    1242. dt:  0.25 ms | #newton:  1 | ph:  0.0% | #CG/newton: 1523 | ls (cap|max|inv|bt):  0| 0| 0| 0| runtime:  766.9 ms | cr: 3067.7
    1243. dt:  0.25 ms | #newton:  1 | ph:  0.0% | #CG/newton: 1529 | ls (cap|max|inv|bt):  0| 0| 0| 0| runtime:  751.4 ms | cr: 3005.5
    1244. dt:  0.25 ms | #newton:  1 | ph:  0.0% | #CG/newton: 1510 | ls (cap|max|inv|bt):  0| 0| 0| 0| runtime:  748.6 ms | cr: 2994.4
    1245. dt:  0.25 ms | #newton:  1 | ph:  0.0% | #CG/newton: 1527 | ls (cap|max|inv|bt):  0| 0| 0| 0| runtime:  761.1 ms | cr: 3044.4
    1246. dt:  0.25 ms | #newton:  1 | ph:  0.0% | #CG/newton: 1529 | ls (cap|max|inv|bt):  0| 0| 0| 0| runtime:  758.7 ms | cr: 3034.6
    1247. dt:  0.25 ms | #newton:  1 | ph:  0.0% | #CG/newton: 1269 | ls (cap|max|inv|bt):  0| 0| 0| 0| runtime:  662.8 ms | cr: 2651.3
    1248. dt:  0.25 ms | #newton:  1 | ph:  0.0% | #CG/newton: 1254 | ls (cap|max|inv|bt):  0| 0| 0| 0| runtime:  653.2 ms | cr: 2612.9
    1249. dt:  0.25 ms | #newton:  1 | ph:  0.0% | #CG/newton: 1270 | ls (cap|max|inv|bt):  0| 0| 0| 0| runtime:  663.3 ms | cr: 2653.4
    1250. dt:  0.25 ms | #newton:  1 | ph:  0.0% | #CG/newton: 1236 | ls (cap|max|inv|bt):  0| 0| 0| 0| runtime:  637.9 ms | cr: 2551.7
    1251. dt:  0.25 ms | #newton:  1 | ph:  0.0% | #CG/newton: 1271 | ls (cap|max|inv|bt):  0| 0| 0| 0| runtime:  661.0 ms | cr: 2644.0
    1252. dt:  0.25 ms | #newton:  1 | ph:  0.0% | #CG/newton: 1254 | ls (cap|max|inv|bt):  0| 0| 0| 0| runtime:  656.2 ms | cr: 2624.6
    1253. dt:  0.25 ms | #newton:  1 | ph:  0.0% | #CG/newton: 1254 | ls (cap|max|inv|bt):  0| 0| 0| 0| runtime:  660.3 ms | cr: 2641.1
    1254. dt:  0.25 ms | #newton:  1 | ph:  0.0% | #CG/newton: 1233 | ls (cap|max|inv|bt):  0| 0| 0| 0| runtime:  619.6 ms | cr: 2478.4
    1255. dt:  0.25 ms | #newton:  1 | ph:  0.0% | #CG/newton: 1271 | ls (cap|max|inv|bt):  0| 0| 0| 0| runtime:  657.3 ms | cr: 2629.4
    1256. dt:  0.25 ms | #newton:  1 | ph:  0.0% | #CG/newton: 1262 | ls (cap|max|inv|bt):  0| 0| 0| 0| runtime:  652.6 ms | cr: 2610.6
    1257. dt:  0.25 ms | #newton:  1 | ph:  0.0% | #CG/newton: 1279 | ls (cap|max|inv|bt):  0| 0| 0| 0| runtime:  668.0 ms | cr: 2671.8
    1258. dt:  0.25 ms | #newton:  1 | ph:  0.0% | #CG/newton: 1254 | ls (cap|max|inv|bt):  0| 0| 0| 0| runtime:  645.4 ms | cr: 2581.6
    1259. dt:  0.25 ms | #newton:  1 | ph:  0.0% | #CG/newton: 1243 | ls (cap|max|inv|bt):  0| 0| 0| 0| runtime:  639.4 ms | cr: 2557.4
    1260. dt:  0.25 ms | #newton:  1 | ph:  0.0% | #CG/newton: 1256 | ls (cap|max|inv|bt):  0| 0| 0| 0| runtime:  649.8 ms | cr: 2599.2
    1261. dt:  0.25 ms | #newton:  1 | ph:  0.0% | #CG/newton: 1290 | ls (cap|max|inv|bt):  0| 0| 0| 0| runtime:  658.6 ms | cr: 2634.4
    1262. dt:  0.25 ms | #newton:  1 | ph:  0.0% | #CG/newton: 1210 | ls (cap|max|inv|bt):  0| 0| 0| 0| runtime:  636.9 ms | cr: 2547.7
    1263. dt:  0.25 ms | #newton:  1 | ph:  0.0% | #CG/newton: 1291 | ls (cap|max|inv|bt):  0| 0| 0| 0| runtime:  659.8 ms | cr: 2639.3
    1264. dt:  0.25 ms | #newton:  1 | ph:  0.0% | #CG/newton: 1247 | ls (cap|max|inv|bt):  0| 0| 0| 0| runtime:  645.2 ms | cr: 2580.9
    1265. dt:  0.25 ms | #newton:  1 | ph:  0.0% | #CG/newton: 1267 | ls (cap|max|inv|bt):  0| 0| 0| 0| runtime:  647.8 ms | cr: 2591.3
    1266. dt:  0.25 ms | #newton:  1 | ph:  0.0% | #CG/newton: 1294 | ls (cap|max|inv|bt):  0| 0| 0| 0| runtime:  663.5 ms | cr: 2653.9
    1267. dt:  0.25 ms | #newton:  1 | ph:  0.0% | #CG/newton: 1169 | ls (cap|max|inv|bt):  0| 0| 0| 0| runtime:  608.4 ms | cr: 2433.8
    1268. dt:  0.25 ms | #newton:  1 | ph:  0.0% | #CG/newton: 1295 | ls (cap|max|inv|bt):  0| 0| 0| 0| runtime:  668.3 ms | cr: 2673.1
    1269. dt:  0.25 ms | #newton:  1 | ph:  0.0% | #CG/newton: 1233 | ls (cap|max|inv|bt):  0| 0| 0| 0| runtime:  639.7 ms | cr: 2558.9
    1270. dt:  0.25 ms | #newton:  1 | ph:  0.0% | #CG/newton: 1238 | ls (cap|max|inv|bt):  0| 0| 0| 0| runtime:  645.8 ms | cr: 2583.1
    1271. dt:  0.25 ms | #newton:  1 | ph:  0.0% | #CG/newton: 1289 | ls (cap|max|inv|bt):  0| 0| 0| 0| runtime:  656.8 ms | cr: 2627.2
    1272. dt:  0.25 ms | #newton:  1 | ph:  0.0% | #CG/newton: 1252 | ls (cap|max|inv|bt):  0| 0| 0| 0| runtime:  646.2 ms | cr: 2584.6
    1273. dt:  0.25 ms | #newton:  1 | ph:  0.0% | #CG/newton: 1274 | ls (cap|max|inv|bt):  0| 0| 0| 0| runtime:  666.7 ms | cr: 2666.7
    1274. dt:  0.25 ms | #newton:  1 | ph:  0.0% | #CG/newton: 1293 | ls (cap|max|inv|bt):  0| 0| 0| 0| runtime:  684.9 ms | cr: 2739.5
    1275. dt:  0.25 ms | #newton:  1 | ph:  0.0% | #CG/newton: 1233 | ls (cap|max|inv|bt):  0| 0| 0| 0| runtime:  642.4 ms | cr: 2569.6
    1276. dt:  0.25 ms | #newton:  1 | ph:  0.0% | #CG/newton: 1281 | ls (cap|max|inv|bt):  0| 0| 0| 0| runtime:  661.7 ms | cr: 2646.9
    1277. dt:  0.25 ms | #newton:  1 | ph:  0.0% | #CG/newton: 1269 | ls (cap|max|inv|bt):  0| 0| 0| 0| runtime:  649.9 ms | cr: 2599.4
    1278. dt:  0.25 ms | #newton:  1 | ph:  0.0% | #CG/newton: 1293 | ls (cap|max|inv|bt):  0| 0| 0| 0| runtime:  659.3 ms | cr: 2637.4
    1279. dt:  0.25 ms | #newton:  1 | ph:  0.0% | #CG/newton: 1255 | ls (cap|max|inv|bt):  0| 0| 0| 0| runtime:  649.4 ms | cr: 2597.5
    1280. dt:  0.25 ms | #newton:  1 | ph:  0.0% | #CG/newton: 1234 | ls (cap|max|inv|bt):  0| 0| 0| 0| runtime:  632.9 ms | cr: 2531.4
    1281. dt:  0.25 ms | #newton:  1 | ph:  0.0% | #CG/newton: 1274 | ls (cap|max|inv|bt):  0| 0| 0| 0| runtime:  651.6 ms | cr: 2606.2
    1282. dt:  0.25 ms | #newton:  1 | ph:  0.0% | #CG/newton: 1236 | ls (cap|max|inv|bt):  0| 0| 0| 0| runtime:  636.1 ms | cr: 2544.3
    1283. dt:  0.25 ms | #newton:  1 | ph:  0.0% | #CG/newton: 1285 | ls (cap|max|inv|bt):  0| 0| 0| 0| runtime:  656.5 ms | cr: 2626.0
    1284. dt:  0.25 ms | #newton:  1 | ph:  0.0% | #CG/newton: 1262 | ls (cap|max|inv|bt):  0| 0| 0| 0| runtime:  654.6 ms | cr: 2618.6
    1285. dt:  0.25 ms | #newton:  1 | ph:  0.0% | #CG/newton: 1293 | ls (cap|max|inv|bt):  0| 0| 0| 0| runtime:  663.6 ms | cr: 2654.3
    1286. dt:  0.25 ms | #newton:  1 | ph:  0.0% | #CG/newton: 1253 | ls (cap|max|inv|bt):  0| 0| 0| 0| runtime:  636.6 ms | cr: 2546.4
    1287. dt:  0.25 ms | #newton:  1 | ph:  0.0% | #CG/newton: 1232 | ls (cap|max|inv|bt):  0| 0| 0| 0| runtime:  643.8 ms | cr: 2575.1
    1288. dt:  0.25 ms | #newton:  1 | ph:  0.0% | #CG/newton: 1274 | ls (cap|max|inv|bt):  0| 0| 0| 0| runtime:  656.5 ms | cr: 2625.9
    1289. dt:  0.25 ms | #newton:  1 | ph:  0.0% | #CG/newton: 1234 | ls (cap|max|inv|bt):  0| 0| 0| 0| runtime:  632.1 ms | cr: 2528.5
    1290. dt:  0.25 ms | #newton:  1 | ph:  0.0% | #CG/newton: 1283 | ls (cap|max|inv|bt):  0| 0| 0| 0| runtime:  663.7 ms | cr: 2654.7
    1291. dt:  0.25 ms | #newton:  1 | ph:  0.0% | #CG/newton: 1258 | ls (cap|max|inv|bt):  0| 0| 0| 0| runtime:  644.4 ms | cr: 2577.7
    1292. dt:  0.25 ms | #newton:  1 | ph:  0.0% | #CG/newton: 1290 | ls (cap|max|inv|bt):  0| 0| 0| 0| runtime:  662.0 ms | cr: 2648.2
    1293. dt:  0.25 ms | #newton:  1 | ph:  0.0% | #CG/newton: 1253 | ls (cap|max|inv|bt):  0| 0| 0| 0| runtime:  648.1 ms | cr: 2592.2
    1294. dt:  0.25 ms | #newton:  1 | ph:  0.0% | #CG/newton: 1232 | ls (cap|max|inv|bt):  0| 0| 0| 0| runtime:  632.4 ms | cr: 2529.6
    1295. dt:  0.25 ms | #newton:  1 | ph:  0.0% | #CG/newton: 1253 | ls (cap|max|inv|bt):  0| 0| 0| 0| runtime:  644.1 ms | cr: 2576.4
    1296. dt:  0.25 ms | #newton:  1 | ph:  0.0% | #CG/newton: 1288 | ls (cap|max|inv|bt):  0| 0| 0| 0| runtime:  657.4 ms | cr: 2629.6
    1297. dt:  0.25 ms | #newton:  1 | ph:  0.0% | #CG/newton: 1236 | ls (cap|max|inv|bt):  0| 0| 0| 0| runtime:  636.0 ms | cr: 2544.2
    1298. dt:  0.25 ms | #newton:  1 | ph:  0.0% | #CG/newton: 1253 | ls (cap|max|inv|bt):  0| 0| 0| 0| runtime:  649.3 ms | cr: 2597.2
    1299. dt:  0.25 ms | #newton:  1 | ph:  0.0% | #CG/newton: 1290 | ls (cap|max|inv|bt):  0| 0| 0| 0| runtime:  660.7 ms | cr: 2642.9
    1300. dt:  0.25 ms | #newton:  1 | ph:  0.0% | #CG/newton: 1235 | ls (cap|max|inv|bt):  0| 0| 0| 0| runtime:  631.9 ms | cr: 2527.5
    1301. dt:  0.25 ms | #newton:  1 | ph:  0.0% | #CG/newton: 1286 | ls (cap|max|inv|bt):  0| 0| 0| 0| runtime:  657.6 ms | cr: 2630.5
    1302. dt:  0.25 ms | #newton:  1 | ph:  0.0% | #CG/newton: 1242 | ls (cap|max|inv|bt):  0| 0| 0| 0| runtime:  634.8 ms | cr: 2539.1
    1303. dt:  0.25 ms | #newton:  1 | ph:  0.0% | #CG/newton: 1289 | ls (cap|max|inv|bt):  0| 0| 0| 0| runtime:  651.7 ms | cr: 2606.8
    1304. dt:  0.25 ms | #newton:  1 | ph:  0.0% | #CG/newton: 1253 | ls (cap|max|inv|bt):  0| 0| 0| 0| runtime:  632.5 ms | cr: 2530.2
    1305. dt:  0.25 ms | #newton:  1 | ph:  0.0% | #CG/newton: 1235 | ls (cap|max|inv|bt):  0| 0| 0| 0| runtime:  634.9 ms | cr: 2539.5
    1306. dt:  0.25 ms | #newton:  1 | ph:  0.0% | #CG/newton: 1271 | ls (cap|max|inv|bt):  0| 0| 0| 0| runtime:  650.0 ms | cr: 2600.0
    1307. dt:  0.25 ms | #newton:  1 | ph:  0.0% | #CG/newton: 1291 | ls (cap|max|inv|bt):  0| 0| 0| 0| runtime:  665.5 ms | cr: 2661.9
    1308. dt:  0.25 ms | #newton:  1 | ph:  0.0% | #CG/newton: 1235 | ls (cap|max|inv|bt):  0| 0| 0| 0| runtime:  634.3 ms | cr: 2537.2
    1309. dt:  0.25 ms | #newton:  1 | ph:  0.0% | #CG/newton: 1276 | ls (cap|max|inv|bt):  0| 0| 0| 0| runtime:  657.6 ms | cr: 2630.3
    1310. dt:  0.25 ms | #newton:  1 | ph:  0.0% | #CG/newton: 1236 | ls (cap|max|inv|bt):  0| 0| 0| 0| runtime:  635.5 ms | cr: 2542.1
    1311. dt:  0.25 ms | #newton:  1 | ph:  0.0% | #CG/newton: 1262 | ls (cap|max|inv|bt):  0| 0| 0| 0| runtime:  649.6 ms | cr: 2598.2
    1312. dt:  0.25 ms | #newton:  1 | ph:  0.0% | #CG/newton: 1235 | ls (cap|max|inv|bt):  0| 0| 0| 0| runtime:  635.5 ms | cr: 2542.1
    1313. dt:  0.25 ms | #newton:  1 | ph:  0.0% | #CG/newton: 1263 | ls (cap|max|inv|bt):  0| 0| 0| 0| runtime:  653.3 ms | cr: 2613.4
    1314. dt:  0.25 ms | #newton:  1 | ph:  0.0% | #CG/newton: 1293 | ls (cap|max|inv|bt):  0| 0| 0| 0| runtime:  671.7 ms | cr: 2686.8
    1315. dt:  0.25 ms | #newton:  1 | ph:  0.0% | #CG/newton: 1236 | ls (cap|max|inv|bt):  0| 0| 0| 0| runtime:  637.0 ms | cr: 2548.1
    1316. dt:  0.25 ms | #newton:  1 | ph:  0.0% | #CG/newton: 1276 | ls (cap|max|inv|bt):  0| 0| 0| 0| runtime:  653.8 ms | cr: 2615.1
    1317. dt:  0.25 ms | #newton:  1 | ph:  0.0% | #CG/newton: 1291 | ls (cap|max|inv|bt):  0| 0| 0| 0| runtime:  657.3 ms | cr: 2629.3
    1318. dt:  0.25 ms | #newton:  1 | ph:  0.0% | #CG/newton: 1238 | ls (cap|max|inv|bt):  0| 0| 0| 0| runtime:  632.8 ms | cr: 2531.1
    1319. dt:  0.25 ms | #newton:  1 | ph:  0.0% | #CG/newton: 1269 | ls (cap|max|inv|bt):  0| 0| 0| 0| runtime:  652.1 ms | cr: 2608.2
    1320. dt:  0.25 ms | #newton:  1 | ph:  0.0% | #CG/newton: 1293 | ls (cap|max|inv|bt):  0| 0| 0| 0| runtime:  663.7 ms | cr: 2654.7
    1321. dt:  0.25 ms | #newton:  1 | ph:  0.0% | #CG/newton: 1237 | ls (cap|max|inv|bt):  0| 0| 0| 0| runtime:  662.6 ms | cr: 2650.6
    1322. dt:  0.25 ms | #newton:  1 | ph:  0.0% | #CG/newton: 1271 | ls (cap|max|inv|bt):  0| 0| 0| 0| runtime:  654.9 ms | cr: 2619.6
    1323. dt:  0.25 ms | #newton:  1 | ph:  0.0% | #CG/newton: 1292 | ls (cap|max|inv|bt):  0| 0| 0| 0| runtime:  653.7 ms | cr: 2614.6
    1324. dt:  0.25 ms | #newton:  1 | ph:  0.0% | #CG/newton: 1243 | ls (cap|max|inv|bt):  0| 0| 0| 0| runtime:  639.2 ms | cr: 2557.0
    1325. dt:  0.25 ms | #newton:  1 | ph:  0.0% | #CG/newton: 1250 | ls (cap|max|inv|bt):  0| 0| 0| 0| runtime:  639.1 ms | cr: 2556.4
    1326. dt:  0.25 ms | #newton:  1 | ph:  0.0% | #CG/newton: 1246 | ls (cap|max|inv|bt):  0| 0| 0| 0| runtime:  639.5 ms | cr: 2558.2
    1327. dt:  0.25 ms | #newton:  1 | ph:  0.0% | #CG/newton: 1232 | ls (cap|max|inv|bt):  0| 0| 0| 0| runtime:  633.5 ms | cr: 2533.9
    1328. dt:  0.25 ms | #newton:  1 | ph:  0.0% | #CG/newton: 1232 | ls (cap|max|inv|bt):  0| 0| 0| 0| runtime:  646.2 ms | cr: 2584.6
    1329. dt:  0.25 ms | #newton:  1 | ph:  0.0% | #CG/newton: 1270 | ls (cap|max|inv|bt):  0| 0| 0| 0| runtime:  657.3 ms | cr: 2629.3
    1330. dt:  0.25 ms | #newton:  1 | ph:  0.0% | #CG/newton: 1290 | ls (cap|max|inv|bt):  0| 0| 0| 0| runtime:  659.4 ms | cr: 2637.5
    1331. dt:  0.25 ms | #newton:  1 | ph:  0.0% | #CG/newton: 1251 | ls (cap|max|inv|bt):  0| 0| 0| 0| runtime:  647.4 ms | cr: 2589.7
    1332. dt:  0.25 ms | #newton:  1 | ph:  0.0% | #CG/newton: 1252 | ls (cap|max|inv|bt):  0| 0| 0| 0| runtime:  654.9 ms | cr: 2619.6
    1333. dt:  0.25 ms | #newton:  1 | ph:  0.0% | #CG/newton: 1287 | ls (cap|max|inv|bt):  0| 0| 0| 0| runtime:  666.4 ms | cr: 2665.6
[Frame: 10] Time: 0.333 s
    1334. dt:  0.25 ms | #newton:  1 | ph:  0.0% | #CG/newton: 1250 | ls (cap|max|inv|bt):  0| 0| 0| 0| runtime:  654.9 ms | cr: 2619.7
    1335. dt:  0.25 ms | #newton:  1 | ph:  0.0% | #CG/newton: 1252 | ls (cap|max|inv|bt):  0| 0| 0| 0| runtime:  646.5 ms | cr: 2586.1
    1336. dt:  0.25 ms | #newton:  1 | ph:  0.0% | #CG/newton: 1240 | ls (cap|max|inv|bt):  0| 0| 0| 0| runtime:  631.3 ms | cr: 2525.0
    1337. dt:  0.25 ms | #newton:  1 | ph:  0.0% | #CG/newton: 1287 | ls (cap|max|inv|bt):  0| 0| 0| 0| runtime:  658.1 ms | cr: 2632.4
    1338. dt:  0.25 ms | #newton:  1 | ph:  0.0% | #CG/newton: 1257 | ls (cap|max|inv|bt):  0| 0| 0| 0| runtime:  643.1 ms | cr: 2572.3
    1339. dt:  0.25 ms | #newton:  1 | ph:  0.0% | #CG/newton: 1233 | ls (cap|max|inv|bt):  0| 0| 0| 0| runtime:  638.7 ms | cr: 2554.8
    1340. dt:  0.25 ms | #newton:  1 | ph:  0.0% | #CG/newton: 1275 | ls (cap|max|inv|bt):  0| 0| 0| 0| runtime:  664.7 ms | cr: 2658.6
    1341. dt:  0.25 ms | #newton:  1 | ph:  0.0% | #CG/newton: 1237 | ls (cap|max|inv|bt):  0| 0| 0| 0| runtime:  641.7 ms | cr: 2566.9
    1342. dt:  0.25 ms | #newton:  1 | ph:  0.0% | #CG/newton: 1286 | ls (cap|max|inv|bt):  0| 0| 0| 0| runtime:  661.0 ms | cr: 2644.0
    1343. dt:  0.25 ms | #newton:  1 | ph:  0.0% | #CG/newton: 1255 | ls (cap|max|inv|bt):  0| 0| 0| 0| runtime:  648.2 ms | cr: 2592.7
    1344. dt:  0.25 ms | #newton:  1 | ph:  0.0% | #CG/newton: 1233 | ls (cap|max|inv|bt):  0| 0| 0| 0| runtime:  640.9 ms | cr: 2563.6
    1345. dt:  0.25 ms | #newton:  1 | ph:  0.0% | #CG/newton: 1280 | ls (cap|max|inv|bt):  0| 0| 0| 0| runtime:  654.0 ms | cr: 2615.8
    1346. dt:  0.25 ms | #newton:  1 | ph:  0.0% | #CG/newton: 1243 | ls (cap|max|inv|bt):  0| 0| 0| 0| runtime:  643.2 ms | cr: 2572.9
    1347. dt:  0.25 ms | #newton:  1 | ph:  0.0% | #CG/newton: 1288 | ls (cap|max|inv|bt):  0| 0| 0| 0| runtime:  656.5 ms | cr: 2625.9
    1348. dt:  0.25 ms | #newton:  1 | ph:  0.0% | #CG/newton: 1252 | ls (cap|max|inv|bt):  0| 0| 0| 0| runtime:  641.7 ms | cr: 2566.8
    1349. dt:  0.25 ms | #newton:  1 | ph:  0.0% | #CG/newton: 1236 | ls (cap|max|inv|bt):  0| 0| 0| 0| runtime:  632.6 ms | cr: 2530.3
    1350. dt:  0.25 ms | #newton:  1 | ph:  0.0% | #CG/newton: 1272 | ls (cap|max|inv|bt):  0| 0| 0| 0| runtime:  650.2 ms | cr: 2600.8
    1351. dt:  0.25 ms | #newton:  1 | ph:  0.0% | #CG/newton: 1274 | ls (cap|max|inv|bt):  0| 0| 0| 0| runtime:  647.1 ms | cr: 2588.3
    1352. dt:  0.25 ms | #newton:  1 | ph:  0.0% | #CG/newton: 1255 | ls (cap|max|inv|bt):  0| 0| 0| 0| runtime:  647.0 ms | cr: 2588.2
    1353. dt:  0.25 ms | #newton:  1 | ph:  0.0% | #CG/newton: 1254 | ls (cap|max|inv|bt):  0| 0| 0| 0| runtime:  650.8 ms | cr: 2603.4
    1354. dt:  0.25 ms | #newton:  1 | ph:  0.0% | #CG/newton: 1256 | ls (cap|max|inv|bt):  0| 0| 0| 0| runtime:  653.5 ms | cr: 2614.0
    1355. dt:  0.25 ms | #newton:  1 | ph:  0.0% | #CG/newton: 1256 | ls (cap|max|inv|bt):  0| 0| 0| 0| runtime:  649.1 ms | cr: 2596.5
    1356. dt:  0.25 ms | #newton:  1 | ph:  0.0% | #CG/newton: 1253 | ls (cap|max|inv|bt):  0| 0| 0| 0| runtime:  635.9 ms | cr: 2543.8
    1357. dt:  0.25 ms | #newton:  1 | ph:  0.0% | #CG/newton: 1264 | ls (cap|max|inv|bt):  0| 0| 0| 0| runtime:  643.4 ms | cr: 2573.8
    1358. dt:  0.25 ms | #newton:  1 | ph:  0.0% | #CG/newton: 1256 | ls (cap|max|inv|bt):  0| 0| 0| 0| runtime:  653.4 ms | cr: 2613.5
    1359. dt:  0.25 ms | #newton:  1 | ph:  0.0% | #CG/newton: 1284 | ls (cap|max|inv|bt):  0| 0| 0| 0| runtime:  656.3 ms | cr: 2625.2
    1360. dt:  0.25 ms | #newton:  1 | ph:  0.0% | #CG/newton: 1248 | ls (cap|max|inv|bt):  0| 0| 0| 0| runtime:  642.0 ms | cr: 2567.9
    1361. dt:  0.25 ms | #newton:  1 | ph:  0.0% | #CG/newton: 1275 | ls (cap|max|inv|bt):  0| 0| 0| 0| runtime:  657.5 ms | cr: 2629.9
    1362. dt:  0.25 ms | #newton:  1 | ph:  0.0% | #CG/newton: 1232 | ls (cap|max|inv|bt):  0| 0| 0| 0| runtime:  632.0 ms | cr: 2527.9
    1363. dt:  0.25 ms | #newton:  1 | ph:  0.0% | #CG/newton: 1246 | ls (cap|max|inv|bt):  0| 0| 0| 0| runtime:  644.7 ms | cr: 2578.7
    1364. dt:  0.25 ms | #newton:  1 | ph:  0.0% | #CG/newton: 1245 | ls (cap|max|inv|bt):  0| 0| 0| 0| runtime:  660.9 ms | cr: 2643.6
    1365. dt:  0.25 ms | #newton:  1 | ph:  0.0% | #CG/newton: 1287 | ls (cap|max|inv|bt):  0| 0| 0| 0| runtime:  651.7 ms | cr: 2606.9
    1366. dt:  0.25 ms | #newton:  1 | ph:  0.0% | #CG/newton: 1254 | ls (cap|max|inv|bt):  0| 0| 0| 0| runtime:  645.6 ms | cr: 2582.4
    1367. dt:  0.25 ms | #newton:  1 | ph:  0.0% | #CG/newton: 1523 | ls (cap|max|inv|bt):  0| 0| 0| 0| runtime:  742.4 ms | cr: 2969.7
    1368. dt:  0.25 ms | #newton:  1 | ph:  0.0% | #CG/newton: 1526 | ls (cap|max|inv|bt):  0| 0| 0| 0| runtime:  748.2 ms | cr: 2992.6
    1369. dt:  0.25 ms | #newton:  1 | ph:  0.0% | #CG/newton: 1522 | ls (cap|max|inv|bt):  0| 0| 0| 0| runtime:  746.6 ms | cr: 2986.6
    1370. dt:  0.25 ms | #newton:  1 | ph:  0.0% | #CG/newton: 1504 | ls (cap|max|inv|bt):  0| 0| 0| 0| runtime:  737.6 ms | cr: 2950.3
    1371. dt:  0.25 ms | #newton:  1 | ph:  0.0% | #CG/newton: 1528 | ls (cap|max|inv|bt):  0| 0| 0| 0| runtime:  747.7 ms | cr: 2991.0
    1372. dt:  0.25 ms | #newton:  1 | ph:  0.0% | #CG/newton: 1528 | ls (cap|max|inv|bt):  0| 0| 0| 0| runtime:  751.6 ms | cr: 3006.6
    1373. dt:  0.25 ms | #newton:  1 | ph:  0.0% | #CG/newton: 1264 | ls (cap|max|inv|bt):  0| 0| 0| 0| runtime:  645.3 ms | cr: 2581.1
    1374. dt:  0.25 ms | #newton:  1 | ph:  0.0% | #CG/newton: 1263 | ls (cap|max|inv|bt):  0| 0| 0| 0| runtime:  642.2 ms | cr: 2569.0
    1375. dt:  0.25 ms | #newton:  1 | ph:  0.0% | #CG/newton: 1255 | ls (cap|max|inv|bt):  0| 0| 0| 0| runtime:  645.3 ms | cr: 2581.2
    1376. dt:  0.25 ms | #newton:  1 | ph:  0.0% | #CG/newton: 1247 | ls (cap|max|inv|bt):  0| 0| 0| 0| runtime:  643.2 ms | cr: 2572.8
    1377. dt:  0.25 ms | #newton:  1 | ph:  0.0% | #CG/newton: 1252 | ls (cap|max|inv|bt):  0| 0| 0| 0| runtime:  638.3 ms | cr: 2553.3
    1378. dt:  0.25 ms | #newton:  1 | ph:  0.0% | #CG/newton: 1255 | ls (cap|max|inv|bt):  0| 0| 0| 0| runtime:  647.0 ms | cr: 2588.2
    1379. dt:  0.25 ms | #newton:  1 | ph:  0.0% | #CG/newton: 1215 | ls (cap|max|inv|bt):  0| 0| 0| 0| runtime:  667.0 ms | cr: 2668.0
    1380. dt:  0.25 ms | #newton:  1 | ph:  0.0% | #CG/newton: 1253 | ls (cap|max|inv|bt):  0| 0| 0| 0| runtime:  642.4 ms | cr: 2569.7
    1381. dt:  0.25 ms | #newton:  1 | ph:  0.0% | #CG/newton: 1264 | ls (cap|max|inv|bt):  0| 0| 0| 0| runtime:  643.5 ms | cr: 2574.0
    1382. dt:  0.25 ms | #newton:  1 | ph:  0.0% | #CG/newton: 1251 | ls (cap|max|inv|bt):  0| 0| 0| 0| runtime:  637.2 ms | cr: 2548.9
    1383. dt:  0.25 ms | #newton:  1 | ph:  0.0% | #CG/newton: 1519 | ls (cap|max|inv|bt):  0| 0| 0| 0| runtime:  756.6 ms | cr: 3026.3
    1384. dt:  0.25 ms | #newton:  1 | ph:  0.0% | #CG/newton: 1527 | ls (cap|max|inv|bt):  0| 0| 0| 0| runtime:  742.3 ms | cr: 2969.3
    1385. dt:  0.25 ms | #newton:  1 | ph:  0.0% | #CG/newton: 1523 | ls (cap|max|inv|bt):  0| 0| 0| 0| runtime:  753.8 ms | cr: 3015.3
    1386. dt:  0.25 ms | #newton:  1 | ph:  0.0% | #CG/newton: 1525 | ls (cap|max|inv|bt):  0| 0| 0| 0| runtime:  744.0 ms | cr: 2976.0
    1387. dt:  0.25 ms | #newton:  1 | ph:  0.0% | #CG/newton: 1525 | ls (cap|max|inv|bt):  0| 0| 0| 0| runtime:  747.8 ms | cr: 2991.0
    1388. dt:  0.25 ms | #newton:  1 | ph:  0.0% | #CG/newton: 1510 | ls (cap|max|inv|bt):  0| 0| 0| 0| runtime:  741.7 ms | cr: 2966.8
    1389. dt:  0.25 ms | #newton:  1 | ph:  0.0% | #CG/newton: 1531 | ls (cap|max|inv|bt):  0| 0| 0| 0| runtime:  754.2 ms | cr: 3016.7
    1390. dt:  0.25 ms | #newton:  1 | ph:  0.0% | #CG/newton: 1263 | ls (cap|max|inv|bt):  0| 0| 0| 0| runtime:  651.6 ms | cr: 2606.5
    1391. dt:  0.25 ms | #newton:  1 | ph:  0.0% | #CG/newton: 1256 | ls (cap|max|inv|bt):  0| 0| 0| 0| runtime:  636.8 ms | cr: 2547.2
    1392. dt:  0.25 ms | #newton:  1 | ph:  0.0% | #CG/newton: 1253 | ls (cap|max|inv|bt):  0| 0| 0| 0| runtime:  632.9 ms | cr: 2531.6
    1393. dt:  0.25 ms | #newton:  1 | ph:  0.0% | #CG/newton: 1519 | ls (cap|max|inv|bt):  0| 0| 0| 0| runtime:  751.7 ms | cr: 3006.8
    1394. dt:  0.25 ms | #newton:  1 | ph:  0.0% | #CG/newton: 1527 | ls (cap|max|inv|bt):  0| 0| 0| 0| runtime:  755.7 ms | cr: 3022.8
    1395. dt:  0.25 ms | #newton:  1 | ph:  0.0% | #CG/newton: 1525 | ls (cap|max|inv|bt):  0| 0| 0| 0| runtime:  753.4 ms | cr: 3013.6
    1396. dt:  0.25 ms | #newton:  1 | ph:  0.0% | #CG/newton: 1526 | ls (cap|max|inv|bt):  0| 0| 0| 0| runtime:  749.2 ms | cr: 2996.7
    1397. dt:  0.25 ms | #newton:  1 | ph:  0.0% | #CG/newton: 1527 | ls (cap|max|inv|bt):  0| 0| 0| 0| runtime:  743.4 ms | cr: 2973.5
    1398. dt:  0.25 ms | #newton:  1 | ph:  0.0% | #CG/newton: 1266 | ls (cap|max|inv|bt):  0| 0| 0| 0| runtime:  650.9 ms | cr: 2603.6
    1399. dt:  0.25 ms | #newton:  1 | ph:  0.0% | #CG/newton: 1258 | ls (cap|max|inv|bt):  0| 0| 0| 0| runtime:  651.9 ms | cr: 2607.5
    1400. dt:  0.25 ms | #newton:  1 | ph:  0.0% | #CG/newton: 1298 | ls (cap|max|inv|bt):  0| 0| 0| 0| runtime:  653.8 ms | cr: 2615.1
    1401. dt:  0.25 ms | #newton:  1 | ph:  0.0% | #CG/newton: 1237 | ls (cap|max|inv|bt):  0| 0| 0| 0| runtime:  636.0 ms | cr: 2544.0
    1402. dt:  0.25 ms | #newton:  1 | ph:  0.0% | #CG/newton: 1525 | ls (cap|max|inv|bt):  0| 0| 0| 0| runtime:  753.5 ms | cr: 3013.9
    1403. dt:  0.25 ms | #newton:  1 | ph:  0.0% | #CG/newton: 1525 | ls (cap|max|inv|bt):  0| 0| 0| 0| runtime:  751.9 ms | cr: 3007.4
    1404. dt:  0.25 ms | #newton:  1 | ph:  0.0% | #CG/newton: 1529 | ls (cap|max|inv|bt):  0| 0| 0| 0| runtime:  756.5 ms | cr: 3025.8
    1405. dt:  0.25 ms | #newton:  1 | ph:  0.0% | #CG/newton: 1531 | ls (cap|max|inv|bt):  0| 0| 0| 0| runtime:  759.0 ms | cr: 3035.9
    1406. dt:  0.25 ms | #newton:  1 | ph:  0.0% | #CG/newton: 1532 | ls (cap|max|inv|bt):  0| 0| 0| 0| runtime:  754.2 ms | cr: 3016.9
    1407. dt:  0.25 ms | #newton:  1 | ph:  0.0% | #CG/newton: 2695 | ls (cap|max|inv|bt):  0| 0| 0| 0| runtime: 1224.5 ms | cr: 4897.8
    1408. dt:  0.25 ms | #newton:  1 | ph:  0.0% | #CG/newton: 2668 | ls (cap|max|inv|bt):  0| 0| 0| 0| runtime: 1229.5 ms | cr: 4917.9
    1409. dt:  0.25 ms | #newton:  1 | ph:  0.0% | #CG/newton: 2662 | ls (cap|max|inv|bt):  0| 0| 0| 0| runtime: 1249.0 ms | cr: 4995.9
    1410. dt:  0.25 ms | #newton:  1 | ph:  0.0% | #CG/newton: 2472 | ls (cap|max|inv|bt):  0| 0| 0| 0| runtime: 1143.5 ms | cr: 4574.2
    1411. dt:  0.25 ms | #newton:  1 | ph:  0.0% | #CG/newton: 2667 | ls (cap|max|inv|bt):  0| 0| 0| 0| runtime: 1218.9 ms | cr: 4875.6
    1412. dt:  0.25 ms | #newton:  1 | ph:  0.0% | #CG/newton: 2200 | ls (cap|max|inv|bt):  0| 0| 0| 0| runtime: 1039.1 ms | cr: 4156.5
    1413. dt:  0.25 ms | #newton:  1 | ph:  0.0% | #CG/newton: 2633 | ls (cap|max|inv|bt):  0| 0| 0| 0| runtime: 1214.8 ms | cr: 4859.3
    1414. dt:  0.25 ms | #newton:  1 | ph:  0.0% | #CG/newton: 2624 | ls (cap|max|inv|bt):  0| 0| 0| 0| runtime: 1195.3 ms | cr: 4781.1
    1415. dt:  0.25 ms | #newton:  1 | ph:  0.0% | #CG/newton: 2604 | ls (cap|max|inv|bt):  0| 0| 0| 0| runtime: 1200.8 ms | cr: 4803.2
    1416. dt:  0.25 ms | #newton:  1 | ph:  0.0% | #CG/newton: 2624 | ls (cap|max|inv|bt):  0| 0| 0| 0| runtime: 1198.8 ms | cr: 4795.2
    1417. dt:  0.25 ms | #newton:  1 | ph:  0.0% | #CG/newton: 2662 | ls (cap|max|inv|bt):  0| 0| 0| 0| runtime: 1220.6 ms | cr: 4882.6
    1418. dt:  0.25 ms | #newton:  1 | ph:  0.0% | #CG/newton: 2214 | ls (cap|max|inv|bt):  0| 0| 0| 0| runtime: 1048.4 ms | cr: 4193.6
    1419. dt:  0.25 ms | #newton:  1 | ph:  0.0% | #CG/newton: 2252 | ls (cap|max|inv|bt):  0| 0| 0| 0| runtime: 1061.6 ms | cr: 4246.5
    1420. dt:  0.25 ms | #newton:  1 | ph:  0.0% | #CG/newton: 2259 | ls (cap|max|inv|bt):  0| 0| 0| 0| runtime: 1054.2 ms | cr: 4216.6
    1421. dt:  0.25 ms | #newton:  1 | ph:  0.0% | #CG/newton: 2201 | ls (cap|max|inv|bt):  0| 0| 0| 0| runtime: 1037.6 ms | cr: 4150.3
    1422. dt:  0.25 ms | #newton:  1 | ph:  0.0% | #CG/newton: 2602 | ls (cap|max|inv|bt):  0| 0| 0| 0| runtime: 1209.6 ms | cr: 4838.5
    1423. dt:  0.25 ms | #newton:  1 | ph:  0.0% | #CG/newton: 2240 | ls (cap|max|inv|bt):  0| 0| 0| 0| runtime: 1046.8 ms | cr: 4187.3
    1424. dt:  0.25 ms | #newton:  1 | ph:  0.0% | #CG/newton: 2201 | ls (cap|max|inv|bt):  0| 0| 0| 0| runtime: 1032.0 ms | cr: 4128.1
    1425. dt:  0.25 ms | #newton:  1 | ph:  0.0% | #CG/newton: 2213 | ls (cap|max|inv|bt):  0| 0| 0| 0| runtime: 1042.0 ms | cr: 4168.2
    1426. dt:  0.25 ms | #newton:  1 | ph:  0.0% | #CG/newton: 2204 | ls (cap|max|inv|bt):  0| 0| 0| 0| runtime: 1040.1 ms | cr: 4160.5
    1427. dt:  0.25 ms | #newton:  1 | ph:  0.0% | #CG/newton: 2232 | ls (cap|max|inv|bt):  0| 0| 0| 0| runtime: 1057.3 ms | cr: 4229.3
    1428. dt:  0.25 ms | #newton:  1 | ph:  0.0% | #CG/newton: 2255 | ls (cap|max|inv|bt):  0| 0| 0| 0| runtime: 1054.7 ms | cr: 4218.9
    1429. dt:  0.25 ms | #newton:  1 | ph:  0.0% | #CG/newton: 2279 | ls (cap|max|inv|bt):  0| 0| 0| 0| runtime: 1068.7 ms | cr: 4274.9
    1430. dt:  0.25 ms | #newton:  1 | ph:  0.0% | #CG/newton: 2281 | ls (cap|max|inv|bt):  0| 0| 0| 0| runtime: 1082.8 ms | cr: 4331.0
    1431. dt:  0.25 ms | #newton:  1 | ph:  0.0% | #CG/newton: 2263 | ls (cap|max|inv|bt):  0| 0| 0| 0| runtime: 1059.1 ms | cr: 4236.3
    1432. dt:  0.25 ms | #newton:  1 | ph:  0.0% | #CG/newton: 2288 | ls (cap|max|inv|bt):  0| 0| 0| 0| runtime: 1086.5 ms | cr: 4346.0
    1433. dt:  0.25 ms | #newton:  1 | ph:  0.0% | #CG/newton: 2346 | ls (cap|max|inv|bt):  0| 0| 0| 0| runtime: 1111.7 ms | cr: 4446.7
    1434. dt:  0.25 ms | #newton:  1 | ph:  0.0% | #CG/newton: 2369 | ls (cap|max|inv|bt):  0| 0| 0| 0| runtime: 1110.7 ms | cr: 4442.8
    1435. dt:  0.25 ms | #newton:  1 | ph:  0.0% | #CG/newton: 2333 | ls (cap|max|inv|bt):  0| 0| 0| 0| runtime: 1097.9 ms | cr: 4391.6
    1436. dt:  0.25 ms | #newton:  1 | ph:  0.0% | #CG/newton: 2303 | ls (cap|max|inv|bt):  0| 0| 0| 0| runtime: 1086.0 ms | cr: 4344.1
    1437. dt:  0.25 ms | #newton:  1 | ph:  0.0% | #CG/newton: 2337 | ls (cap|max|inv|bt):  0| 0| 0| 0| runtime: 1150.7 ms | cr: 4602.6
    1438. dt:  0.25 ms | #newton:  1 | ph:  0.0% | #CG/newton: 2316 | ls (cap|max|inv|bt):  0| 0| 0| 0| runtime: 1087.1 ms | cr: 4348.3
    1439. dt:  0.25 ms | #newton:  1 | ph:  0.0% | #CG/newton: 2358 | ls (cap|max|inv|bt):  0| 0| 0| 0| runtime: 1111.9 ms | cr: 4447.4
    1440. dt:  0.25 ms | #newton:  1 | ph:  0.0% | #CG/newton: 2374 | ls (cap|max|inv|bt):  0| 0| 0| 0| runtime: 1109.5 ms | cr: 4437.9
    1441. dt:  0.25 ms | #newton:  1 | ph:  0.0% | #CG/newton: 2353 | ls (cap|max|inv|bt):  0| 0| 0| 0| runtime: 1103.0 ms | cr: 4412.2
    1442. dt:  0.25 ms | #newton:  1 | ph:  0.0% | #CG/newton: 2351 | ls (cap|max|inv|bt):  0| 0| 0| 0| runtime: 1104.1 ms | cr: 4416.6
    1443. dt:  0.25 ms | #newton:  1 | ph:  0.0% | #CG/newton: 2310 | ls (cap|max|inv|bt):  0| 0| 0| 0| runtime: 1086.1 ms | cr: 4344.3
    1444. dt:  0.25 ms | #newton:  1 | ph:  0.0% | #CG/newton: 2336 | ls (cap|max|inv|bt):  0| 0| 0| 0| runtime: 1105.5 ms | cr: 4422.0
    1445. dt:  0.25 ms | #newton:  1 | ph:  0.0% | #CG/newton: 2308 | ls (cap|max|inv|bt):  0| 0| 0| 0| runtime: 1087.6 ms | cr: 4350.5
    1446. dt:  0.25 ms | #newton:  1 | ph:  0.0% | #CG/newton: 2371 | ls (cap|max|inv|bt):  0| 0| 0| 0| runtime: 1116.7 ms | cr: 4466.7
    1447. dt:  0.25 ms | #newton:  1 | ph:  0.0% | #CG/newton: 2336 | ls (cap|max|inv|bt):  0| 0| 0| 0| runtime: 1097.2 ms | cr: 4388.9
    1448. dt:  0.25 ms | #newton:  1 | ph:  0.0% | #CG/newton: 2335 | ls (cap|max|inv|bt):  0| 0| 0| 0| runtime: 1108.5 ms | cr: 4433.9
    1449. dt:  0.25 ms | #newton:  1 | ph:  0.0% | #CG/newton: 2347 | ls (cap|max|inv|bt):  0| 0| 0| 0| runtime: 1110.3 ms | cr: 4441.2
    1450. dt:  0.25 ms | #newton:  1 | ph:  0.0% | #CG/newton: 2343 | ls (cap|max|inv|bt):  0| 0| 0| 0| runtime: 1099.2 ms | cr: 4396.8
    1451. dt:  0.25 ms | #newton:  1 | ph:  0.0% | #CG/newton: 2367 | ls (cap|max|inv|bt):  0| 0| 0| 0| runtime: 1114.9 ms | cr: 4459.4
    1452. dt:  0.25 ms | #newton:  1 | ph:  0.0% | #CG/newton: 2338 | ls (cap|max|inv|bt):  0| 0| 0| 0| runtime: 1099.5 ms | cr: 4398.2
    1453. dt:  0.25 ms | #newton:  1 | ph:  0.0% | #CG/newton: 2343 | ls (cap|max|inv|bt):  0| 0| 0| 0| runtime: 1106.3 ms | cr: 4425.3
    1454. dt:  0.25 ms | #newton:  1 | ph:  0.0% | #CG/newton: 2369 | ls (cap|max|inv|bt):  0| 0| 0| 0| runtime: 1115.8 ms | cr: 4463.3
    1455. dt:  0.25 ms | #newton:  1 | ph:  0.0% | #CG/newton: 2335 | ls (cap|max|inv|bt):  0| 0| 0| 0| runtime: 1104.6 ms | cr: 4418.3
    1456. dt:  0.25 ms | #newton:  1 | ph:  0.0% | #CG/newton: 2334 | ls (cap|max|inv|bt):  0| 0| 0| 0| runtime: 1103.8 ms | cr: 4415.0
    1457. dt:  0.25 ms | #newton:  1 | ph:  0.0% | #CG/newton: 1237 | ls (cap|max|inv|bt):  0| 0| 0| 0| runtime:  643.6 ms | cr: 2574.6
    1458. dt:  0.25 ms | #newton:  1 | ph:  0.0% | #CG/newton: 1284 | ls (cap|max|inv|bt):  0| 0| 0| 0| runtime:  657.0 ms | cr: 2628.1
    1459. dt:  0.25 ms | #newton:  1 | ph:  0.0% | #CG/newton: 1242 | ls (cap|max|inv|bt):  0| 0| 0| 0| runtime:  643.0 ms | cr: 2572.0
    1460. dt:  0.25 ms | #newton:  1 | ph:  0.0% | #CG/newton: 1286 | ls (cap|max|inv|bt):  0| 0| 0| 0| runtime:  655.8 ms | cr: 2623.3
    1461. dt:  0.25 ms | #newton:  1 | ph:  0.0% | #CG/newton: 1265 | ls (cap|max|inv|bt):  0| 0| 0| 0| runtime:  650.4 ms | cr: 2601.4
    1462. dt:  0.25 ms | #newton:  1 | ph:  0.0% | #CG/newton: 1293 | ls (cap|max|inv|bt):  0| 0| 0| 0| runtime:  669.0 ms | cr: 2675.9
    1463. dt:  0.25 ms | #newton:  1 | ph:  0.0% | #CG/newton: 1262 | ls (cap|max|inv|bt):  0| 0| 0| 0| runtime:  650.4 ms | cr: 2601.4
    1464. dt:  0.25 ms | #newton:  1 | ph:  0.0% | #CG/newton: 1254 | ls (cap|max|inv|bt):  0| 0| 0| 0| runtime:  645.6 ms | cr: 2582.3
    1465. dt:  0.25 ms | #newton:  1 | ph:  0.0% | #CG/newton: 1292 | ls (cap|max|inv|bt):  0| 0| 0| 0| runtime:  663.9 ms | cr: 2655.8
    1466. dt:  0.25 ms | #newton:  1 | ph:  0.0% | #CG/newton: 1258 | ls (cap|max|inv|bt):  0| 0| 0| 0| runtime:  651.5 ms | cr: 2606.1
[Frame: 11] Time: 0.367 s
    1467. dt:  0.25 ms | #newton:  1 | ph:  0.0% | #CG/newton: 1239 | ls (cap|max|inv|bt):  0| 0| 0| 0| runtime:  641.7 ms | cr: 2566.9
    1468. dt:  0.25 ms | #newton:  1 | ph:  0.0% | #CG/newton: 1277 | ls (cap|max|inv|bt):  0| 0| 0| 0| runtime:  662.3 ms | cr: 2649.2
    1469. dt:  0.25 ms | #newton:  1 | ph:  0.0% | #CG/newton: 1290 | ls (cap|max|inv|bt):  0| 0| 0| 0| runtime:  660.3 ms | cr: 2641.4
    1470. dt:  0.25 ms | #newton:  1 | ph:  0.0% | #CG/newton: 1245 | ls (cap|max|inv|bt):  0| 0| 0| 0| runtime:  642.7 ms | cr: 2570.9
    1471. dt:  0.25 ms | #newton:  1 | ph:  0.0% | #CG/newton: 1263 | ls (cap|max|inv|bt):  0| 0| 0| 0| runtime:  662.0 ms | cr: 2648.1
    1472. dt:  0.25 ms | #newton:  1 | ph:  0.0% | #CG/newton: 1293 | ls (cap|max|inv|bt):  0| 0| 0| 0| runtime:  663.5 ms | cr: 2654.2
    1473. dt:  0.25 ms | #newton:  1 | ph:  0.0% | #CG/newton: 1252 | ls (cap|max|inv|bt):  0| 0| 0| 0| runtime:  646.8 ms | cr: 2587.1
    1474. dt:  0.25 ms | #newton:  1 | ph:  0.0% | #CG/newton: 1254 | ls (cap|max|inv|bt):  0| 0| 0| 0| runtime:  646.6 ms | cr: 2586.4
    1475. dt:  0.25 ms | #newton:  1 | ph:  0.0% | #CG/newton: 1287 | ls (cap|max|inv|bt):  0| 0| 0| 0| runtime:  662.0 ms | cr: 2647.9
    1476. dt:  0.25 ms | #newton:  1 | ph:  0.0% | #CG/newton: 2299 | ls (cap|max|inv|bt):  0| 0| 0| 0| runtime: 1093.7 ms | cr: 4375.0
    1477. dt:  0.25 ms | #newton:  1 | ph:  0.0% | #CG/newton: 2339 | ls (cap|max|inv|bt):  0| 0| 0| 0| runtime: 1105.7 ms | cr: 4422.7
    1478. dt:  0.25 ms | #newton:  1 | ph:  0.0% | #CG/newton: 2335 | ls (cap|max|inv|bt):  0| 0| 0| 0| runtime: 1104.8 ms | cr: 4419.2
    1479. dt:  0.25 ms | #newton:  1 | ph:  0.0% | #CG/newton: 2347 | ls (cap|max|inv|bt):  0| 0| 0| 0| runtime: 1110.3 ms | cr: 4441.3
    1480. dt:  0.25 ms | #newton:  1 | ph:  0.0% | #CG/newton: 2369 | ls (cap|max|inv|bt):  0| 0| 0| 0| runtime: 1119.6 ms | cr: 4478.2
    1481. dt:  0.25 ms | #newton:  1 | ph:  0.0% | #CG/newton: 2334 | ls (cap|max|inv|bt):  0| 0| 0| 0| runtime: 1106.9 ms | cr: 4427.5
    1482. dt:  0.25 ms | #newton:  1 | ph:  0.0% | #CG/newton: 2338 | ls (cap|max|inv|bt):  0| 0| 0| 0| runtime: 1095.1 ms | cr: 4380.5
    1483. dt:  0.25 ms | #newton:  1 | ph:  0.0% | #CG/newton: 2344 | ls (cap|max|inv|bt):  0| 0| 0| 0| runtime: 1107.5 ms | cr: 4429.8
    1484. dt:  0.25 ms | #newton:  1 | ph:  0.0% | #CG/newton: 2014 | ls (cap|max|inv|bt):  0| 0| 0| 0| runtime:  962.3 ms | cr: 3849.2
    1485. dt:  0.25 ms | #newton:  1 | ph:  0.0% | #CG/newton: 2623 | ls (cap|max|inv|bt):  0| 0| 0| 0| runtime: 1196.1 ms | cr: 4784.5
    1486. dt:  0.25 ms | #newton:  1 | ph:  0.0% | #CG/newton: 1289 | ls (cap|max|inv|bt):  0| 0| 0| 0| runtime:  655.1 ms | cr: 2620.6
    1487. dt:  0.25 ms | #newton:  1 | ph:  0.0% | #CG/newton: 1528 | ls (cap|max|inv|bt):  0| 0| 0| 0| runtime:  756.5 ms | cr: 3025.9
    1488. dt:  0.25 ms | #newton:  1 | ph:  0.0% | #CG/newton: 1525 | ls (cap|max|inv|bt):  0| 0| 0| 0| runtime:  755.8 ms | cr: 3023.3
    1489. dt:  0.25 ms | #newton:  1 | ph:  0.0% | #CG/newton: 1512 | ls (cap|max|inv|bt):  0| 0| 0| 0| runtime:  742.6 ms | cr: 2970.6
    1490. dt:  0.25 ms | #newton:  1 | ph:  0.0% | #CG/newton: 1525 | ls (cap|max|inv|bt):  0| 0| 0| 0| runtime:  749.3 ms | cr: 2997.1
    1491. dt:  0.25 ms | #newton:  1 | ph:  0.0% | #CG/newton: 1492 | ls (cap|max|inv|bt):  0| 0| 0| 0| runtime:  736.2 ms | cr: 2944.7
    1492. dt:  0.25 ms | #newton:  1 | ph:  0.0% | #CG/newton: 1522 | ls (cap|max|inv|bt):  0| 0| 0| 0| runtime:  748.4 ms | cr: 2993.8
    1493. dt:  0.25 ms | #newton:  1 | ph:  0.0% | #CG/newton: 1481 | ls (cap|max|inv|bt):  0| 0| 0| 0| runtime:  737.0 ms | cr: 2947.9
    1494. dt:  0.25 ms | #newton:  1 | ph:  0.0% | #CG/newton: 1520 | ls (cap|max|inv|bt):  0| 0| 0| 0| runtime:  750.8 ms | cr: 3003.3
    1495. dt:  0.25 ms | #newton:  1 | ph:  0.0% | #CG/newton: 1479 | ls (cap|max|inv|bt):  0| 0| 0| 0| runtime:  726.2 ms | cr: 2904.6
    1496. dt:  0.25 ms | #newton:  1 | ph:  0.0% | #CG/newton: 1520 | ls (cap|max|inv|bt):  0| 0| 0| 0| runtime:  744.5 ms | cr: 2978.1
    1497. dt:  0.25 ms | #newton:  1 | ph:  0.0% | #CG/newton: 1522 | ls (cap|max|inv|bt):  0| 0| 0| 0| runtime:  824.6 ms | cr: 3298.5
    1498. dt:  0.25 ms | #newton:  1 | ph:  0.0% | #CG/newton: 1484 | ls (cap|max|inv|bt):  0| 0| 0| 0| runtime:  737.1 ms | cr: 2948.2
    1499. dt:  0.25 ms | #newton:  1 | ph:  0.0% | #CG/newton: 1522 | ls (cap|max|inv|bt):  0| 0| 0| 0| runtime:  747.8 ms | cr: 2991.2
    1500. dt:  0.25 ms | #newton:  1 | ph:  0.0% | #CG/newton: 1522 | ls (cap|max|inv|bt):  0| 0| 0| 0| runtime:  756.1 ms | cr: 3024.2
    1501. dt:  0.25 ms | #newton:  1 | ph:  0.0% | #CG/newton: 2466 | ls (cap|max|inv|bt):  0| 0| 0| 0| runtime: 1150.3 ms | cr: 4601.2
    1502. dt:  0.25 ms | #newton:  1 | ph:  0.0% | #CG/newton: 2449 | ls (cap|max|inv|bt):  0| 0| 0| 0| runtime: 1162.4 ms | cr: 4649.6
    1503. dt:  0.25 ms | #newton:  1 | ph:  0.0% | #CG/newton: 2462 | ls (cap|max|inv|bt):  0| 0| 0| 0| runtime: 1175.0 ms | cr: 4699.8
    1504. dt:  0.25 ms | #newton:  1 | ph:  0.0% | #CG/newton: 2462 | ls (cap|max|inv|bt):  0| 0| 0| 0| runtime: 1149.4 ms | cr: 4597.8
    1505. dt:  0.25 ms | #newton:  1 | ph:  0.0% | #CG/newton: 2460 | ls (cap|max|inv|bt):  0| 0| 0| 0| runtime: 1153.1 ms | cr: 4612.5
    1506. dt:  0.25 ms | #newton:  1 | ph:  0.0% | #CG/newton: 2440 | ls (cap|max|inv|bt):  0| 0| 0| 0| runtime: 1139.1 ms | cr: 4556.5
    1507. dt:  0.25 ms | #newton:  1 | ph:  0.0% | #CG/newton: 2467 | ls (cap|max|inv|bt):  0| 0| 0| 0| runtime: 1146.7 ms | cr: 4586.8
    1508. dt:  0.25 ms | #newton:  1 | ph:  0.0% | #CG/newton: 2574 | ls (cap|max|inv|bt):  0| 0| 0| 0| runtime: 1184.4 ms | cr: 4737.6
    1509. dt:  0.25 ms | #newton:  1 | ph:  0.0% | #CG/newton: 2560 | ls (cap|max|inv|bt):  0| 0| 0| 0| runtime: 1195.9 ms | cr: 4783.4
    1510. dt:  0.25 ms | #newton:  1 | ph:  0.0% | #CG/newton: 2472 | ls (cap|max|inv|bt):  0| 0| 0| 0| runtime: 1147.8 ms | cr: 4591.2
    1511. dt:  0.25 ms | #newton:  1 | ph:  0.0% | #CG/newton: 2820 | ls (cap|max|inv|bt):  0| 0| 0| 0| runtime: 1290.0 ms | cr: 5160.1
    1512. dt:  0.25 ms | #newton:  1 | ph:  0.0% | #CG/newton: 2814 | ls (cap|max|inv|bt):  0| 0| 0| 0| runtime: 1284.7 ms | cr: 5138.6
    1513. dt:  0.25 ms | #newton:  1 | ph:  0.0% | #CG/newton: 2831 | ls (cap|max|inv|bt):  0| 0| 0| 0| runtime: 1305.3 ms | cr: 5221.1
    1514. dt:  0.25 ms | #newton:  1 | ph:  0.0% | #CG/newton: 2804 | ls (cap|max|inv|bt):  0| 0| 0| 0| runtime: 1276.1 ms | cr: 5104.3
    1515. dt:  0.25 ms | #newton:  1 | ph:  0.0% | #CG/newton: 2463 | ls (cap|max|inv|bt):  0| 0| 0| 0| runtime: 1155.3 ms | cr: 4621.3
    1516. dt:  0.25 ms | #newton:  1 | ph:  0.0% | #CG/newton: 2456 | ls (cap|max|inv|bt):  0| 0| 0| 0| runtime: 1151.3 ms | cr: 4605.2
    1517. dt:  0.25 ms | #newton:  1 | ph:  0.0% | #CG/newton: 2440 | ls (cap|max|inv|bt):  0| 0| 0| 0| runtime: 1123.5 ms | cr: 4494.0
    1518. dt:  0.25 ms | #newton:  1 | ph:  0.0% | #CG/newton: 2465 | ls (cap|max|inv|bt):  0| 0| 0| 0| runtime: 1139.4 ms | cr: 4557.7
    1519. dt:  0.25 ms | #newton:  1 | ph:  0.0% | #CG/newton: 2467 | ls (cap|max|inv|bt):  0| 0| 0| 0| runtime: 1152.8 ms | cr: 4611.3
    1520. dt:  0.25 ms | #newton:  1 | ph:  0.0% | #CG/newton: 2460 | ls (cap|max|inv|bt):  0| 0| 0| 0| runtime: 1149.3 ms | cr: 4597.3
    1521. dt:  0.25 ms | #newton:  1 | ph:  0.0% | #CG/newton: 2480 | ls (cap|max|inv|bt):  0| 0| 0| 0| runtime: 1150.3 ms | cr: 4601.1
    1522. dt:  0.25 ms | #newton:  1 | ph:  0.0% | #CG/newton: 2206 | ls (cap|max|inv|bt):  0| 0| 0| 0| runtime: 1057.1 ms | cr: 4228.3
    1523. dt:  0.25 ms | #newton:  1 | ph:  0.0% | #CG/newton: 2222 | ls (cap|max|inv|bt):  0| 0| 0| 0| runtime: 1056.6 ms | cr: 4226.4
    1524. dt:  0.25 ms | #newton:  1 | ph:  0.0% | #CG/newton: 2251 | ls (cap|max|inv|bt):  0| 0| 0| 0| runtime: 1062.9 ms | cr: 4251.5
    1525. dt:  0.25 ms | #newton:  1 | ph:  0.0% | #CG/newton: 2378 | ls (cap|max|inv|bt):  0| 0| 0| 0| runtime: 1129.0 ms | cr: 4516.0
    1526. dt:  0.25 ms | #newton:  1 | ph:  0.0% | #CG/newton: 2217 | ls (cap|max|inv|bt):  0| 0| 0| 0| runtime: 1050.1 ms | cr: 4200.6
    1527. dt:  0.25 ms | #newton:  1 | ph:  0.0% | #CG/newton: 2233 | ls (cap|max|inv|bt):  0| 0| 0| 0| runtime: 1070.3 ms | cr: 4281.2
    1528. dt:  0.25 ms | #newton:  1 | ph:  0.0% | #CG/newton: 2247 | ls (cap|max|inv|bt):  0| 0| 0| 0| runtime: 1062.3 ms | cr: 4249.3
    1529. dt:  0.25 ms | #newton:  1 | ph:  0.0% | #CG/newton: 2204 | ls (cap|max|inv|bt):  0| 0| 0| 0| runtime: 1051.2 ms | cr: 4204.8
    1530. dt:  0.25 ms | #newton:  1 | ph:  0.0% | #CG/newton: 2182 | ls (cap|max|inv|bt):  0| 0| 0| 0| runtime: 1043.1 ms | cr: 4172.4
    1531. dt:  0.25 ms | #newton:  1 | ph:  0.0% | #CG/newton: 2118 | ls (cap|max|inv|bt):  0| 0| 0| 0| runtime: 1015.4 ms | cr: 4061.5
    1532. dt:  0.25 ms | #newton:  1 | ph:  0.0% | #CG/newton: 2251 | ls (cap|max|inv|bt):  0| 0| 0| 0| runtime: 1072.9 ms | cr: 4291.5
    1533. dt:  0.25 ms | #newton:  1 | ph:  0.0% | #CG/newton: 2209 | ls (cap|max|inv|bt):  0| 0| 0| 0| runtime: 1047.9 ms | cr: 4191.5
    1534. dt:  0.25 ms | #newton:  1 | ph:  0.0% | #CG/newton: 2264 | ls (cap|max|inv|bt):  0| 0| 0| 0| runtime: 1085.6 ms | cr: 4342.5
    1535. dt:  0.25 ms | #newton:  1 | ph:  0.0% | #CG/newton: 2209 | ls (cap|max|inv|bt):  0| 0| 0| 0| runtime: 1046.8 ms | cr: 4187.2
    1536. dt:  0.25 ms | #newton:  1 | ph:  0.0% | #CG/newton: 2301 | ls (cap|max|inv|bt):  0| 0| 0| 0| runtime: 1080.4 ms | cr: 4321.5
    1537. dt:  0.25 ms | #newton:  1 | ph:  0.0% | #CG/newton: 2313 | ls (cap|max|inv|bt):  0| 0| 0| 0| runtime: 1090.0 ms | cr: 4359.9
    1538. dt:  0.25 ms | #newton:  1 | ph:  0.0% | #CG/newton: 2322 | ls (cap|max|inv|bt):  0| 0| 0| 0| runtime: 1100.3 ms | cr: 4401.4
    1539. dt:  0.25 ms | #newton:  1 | ph:  0.0% | #CG/newton: 2330 | ls (cap|max|inv|bt):  0| 0| 0| 0| runtime: 1104.2 ms | cr: 4417.0
    1540. dt:  0.25 ms | #newton:  1 | ph:  0.0% | #CG/newton: 2321 | ls (cap|max|inv|bt):  0| 0| 0| 0| runtime: 1088.1 ms | cr: 4352.6
    1541. dt:  0.25 ms | #newton:  1 | ph:  0.0% | #CG/newton: 2336 | ls (cap|max|inv|bt):  0| 0| 0| 0| runtime: 1087.4 ms | cr: 4349.5
    1542. dt:  0.25 ms | #newton:  1 | ph:  0.0% | #CG/newton: 2335 | ls (cap|max|inv|bt):  0| 0| 0| 0| runtime: 1091.4 ms | cr: 4365.6
    1543. dt:  0.25 ms | #newton:  1 | ph:  0.0% | #CG/newton: 2369 | ls (cap|max|inv|bt):  0| 0| 0| 0| runtime: 1102.4 ms | cr: 4409.5
    1544. dt:  0.25 ms | #newton:  1 | ph:  0.0% | #CG/newton: 2374 | ls (cap|max|inv|bt):  0| 0| 0| 0| runtime: 1099.3 ms | cr: 4397.3
    1545. dt:  0.25 ms | #newton:  1 | ph:  0.0% | #CG/newton: 2314 | ls (cap|max|inv|bt):  0| 0| 0| 0| runtime: 1084.1 ms | cr: 4336.3
    1546. dt:  0.25 ms | #newton:  1 | ph:  0.0% | #CG/newton: 2325 | ls (cap|max|inv|bt):  0| 0| 0| 0| runtime: 1094.1 ms | cr: 4376.6
    1547. dt:  0.25 ms | #newton:  1 | ph:  0.0% | #CG/newton: 2313 | ls (cap|max|inv|bt):  0| 0| 0| 0| runtime: 1092.7 ms | cr: 4370.7
    1548. dt:  0.25 ms | #newton:  1 | ph:  0.0% | #CG/newton: 2322 | ls (cap|max|inv|bt):  0| 0| 0| 0| runtime: 1087.2 ms | cr: 4349.0
    1549. dt:  0.25 ms | #newton:  1 | ph:  0.0% | #CG/newton: 2309 | ls (cap|max|inv|bt):  0| 0| 0| 0| runtime: 1090.3 ms | cr: 4361.1
    1550. dt:  0.25 ms | #newton:  1 | ph:  0.0% | #CG/newton: 2298 | ls (cap|max|inv|bt):  0| 0| 0| 0| runtime: 1085.9 ms | cr: 4343.5
    1551. dt:  0.25 ms | #newton:  1 | ph:  0.0% | #CG/newton: 2307 | ls (cap|max|inv|bt):  0| 0| 0| 0| runtime: 1113.7 ms | cr: 4454.7
    1552. dt:  0.25 ms | #newton:  1 | ph:  0.0% | #CG/newton: 2272 | ls (cap|max|inv|bt):  0| 0| 0| 0| runtime: 1076.1 ms | cr: 4304.4
    1553. dt:  0.25 ms | #newton:  1 | ph:  0.0% | #CG/newton: 2350 | ls (cap|max|inv|bt):  0| 0| 0| 0| runtime: 1120.1 ms | cr: 4480.6
    1554. dt:  0.25 ms | #newton:  1 | ph:  0.0% | #CG/newton: 2337 | ls (cap|max|inv|bt):  0| 0| 0| 0| runtime: 1109.5 ms | cr: 4438.1
    1555. dt:  0.25 ms | #newton:  1 | ph:  0.0% | #CG/newton: 2347 | ls (cap|max|inv|bt):  0| 0| 0| 0| runtime: 1101.4 ms | cr: 4405.7
    1556. dt:  0.25 ms | #newton:  1 | ph:  0.0% | #CG/newton: 2318 | ls (cap|max|inv|bt):  0| 0| 0| 0| runtime: 1095.3 ms | cr: 4381.2
    1557. dt:  0.25 ms | #newton:  1 | ph:  0.0% | #CG/newton: 2340 | ls (cap|max|inv|bt):  0| 0| 0| 0| runtime: 1099.1 ms | cr: 4396.3
    1558. dt:  0.25 ms | #newton:  1 | ph:  0.0% | #CG/newton: 2328 | ls (cap|max|inv|bt):  0| 0| 0| 0| runtime: 1091.6 ms | cr: 4366.4
    1559. dt:  0.25 ms | #newton:  1 | ph:  0.0% | #CG/newton: 2342 | ls (cap|max|inv|bt):  0| 0| 0| 0| runtime: 1098.2 ms | cr: 4392.7
    1560. dt:  0.25 ms | #newton:  1 | ph:  0.0% | #CG/newton: 2342 | ls (cap|max|inv|bt):  0| 0| 0| 0| runtime: 1098.9 ms | cr: 4395.5
    1561. dt:  0.25 ms | #newton:  1 | ph:  0.0% | #CG/newton: 2318 | ls (cap|max|inv|bt):  0| 0| 0| 0| runtime: 1096.5 ms | cr: 4386.1
    1562. dt:  0.25 ms | #newton:  1 | ph:  0.0% | #CG/newton: 2342 | ls (cap|max|inv|bt):  0| 0| 0| 0| runtime: 1091.6 ms | cr: 4366.5
    1563. dt:  0.25 ms | #newton:  1 | ph:  0.0% | #CG/newton: 2329 | ls (cap|max|inv|bt):  0| 0| 0| 0| runtime: 1112.6 ms | cr: 4450.5
    1564. dt:  0.25 ms | #newton:  1 | ph:  0.0% | #CG/newton: 2370 | ls (cap|max|inv|bt):  0| 0| 0| 0| runtime: 1107.2 ms | cr: 4428.8
    1565. dt:  0.25 ms | #newton:  1 | ph:  0.0% | #CG/newton: 2338 | ls (cap|max|inv|bt):  0| 0| 0| 0| runtime: 1100.7 ms | cr: 4402.7
    1566. dt:  0.25 ms | #newton:  1 | ph:  0.0% | #CG/newton: 2338 | ls (cap|max|inv|bt):  0| 0| 0| 0| runtime: 1106.1 ms | cr: 4424.3
    1567. dt:  0.25 ms | #newton:  1 | ph:  0.0% | #CG/newton: 2345 | ls (cap|max|inv|bt):  0| 0| 0| 0| runtime: 1088.9 ms | cr: 4355.6
    1568. dt:  0.25 ms | #newton:  1 | ph:  0.0% | #CG/newton: 2360 | ls (cap|max|inv|bt):  0| 0| 0| 0| runtime: 1099.6 ms | cr: 4398.4
    1569. dt:  0.25 ms | #newton:  1 | ph:  0.0% | #CG/newton: 2343 | ls (cap|max|inv|bt):  0| 0| 0| 0| runtime: 1094.8 ms | cr: 4379.3
    1570. dt:  0.25 ms | #newton:  1 | ph:  0.0% | #CG/newton: 2375 | ls (cap|max|inv|bt):  0| 0| 0| 0| runtime: 1115.2 ms | cr: 4460.8
    1571. dt:  0.25 ms | #newton:  1 | ph:  0.0% | #CG/newton: 2312 | ls (cap|max|inv|bt):  0| 0| 0| 0| runtime: 1093.9 ms | cr: 4375.7
    1572. dt:  0.25 ms | #newton:  1 | ph:  0.0% | #CG/newton: 2364 | ls (cap|max|inv|bt):  0| 0| 0| 0| runtime: 1103.1 ms | cr: 4412.6
    1573. dt:  0.25 ms | #newton:  1 | ph:  0.0% | #CG/newton: 2338 | ls (cap|max|inv|bt):  0| 0| 0| 0| runtime: 1096.3 ms | cr: 4385.2
    1574. dt:  0.25 ms | #newton:  1 | ph:  0.0% | #CG/newton: 2348 | ls (cap|max|inv|bt):  0| 0| 0| 0| runtime: 1108.0 ms | cr: 4431.8
    1575. dt:  0.25 ms | #newton:  1 | ph:  0.0% | #CG/newton: 2311 | ls (cap|max|inv|bt):  0| 0| 0| 0| runtime: 1088.0 ms | cr: 4351.9
    1576. dt:  0.25 ms | #newton:  1 | ph:  0.0% | #CG/newton: 2364 | ls (cap|max|inv|bt):  0| 0| 0| 0| runtime: 1104.2 ms | cr: 4416.6
    1577. dt:  0.25 ms | #newton:  1 | ph:  0.0% | #CG/newton: 2346 | ls (cap|max|inv|bt):  0| 0| 0| 0| runtime: 1105.1 ms | cr: 4420.5
    1578. dt:  0.25 ms | #newton:  1 | ph:  0.0% | #CG/newton: 2318 | ls (cap|max|inv|bt):  0| 0| 0| 0| runtime: 1074.5 ms | cr: 4297.8
    1579. dt:  0.25 ms | #newton:  1 | ph:  0.0% | #CG/newton: 2358 | ls (cap|max|inv|bt):  0| 0| 0| 0| runtime: 1097.3 ms | cr: 4389.2
    1580. dt:  0.25 ms | #newton:  1 | ph:  0.0% | #CG/newton: 2357 | ls (cap|max|inv|bt):  0| 0| 0| 0| runtime: 1103.5 ms | cr: 4414.1
    1581. dt:  0.25 ms | #newton:  1 | ph:  0.0% | #CG/newton: 2340 | ls (cap|max|inv|bt):  0| 0| 0| 0| runtime: 1092.4 ms | cr: 4369.6
    1582. dt:  0.25 ms | #newton:  1 | ph:  0.0% | #CG/newton: 2315 | ls (cap|max|inv|bt):  0| 0| 0| 0| runtime: 1120.3 ms | cr: 4481.2
    1583. dt:  0.25 ms | #newton:  1 | ph:  0.0% | #CG/newton: 2354 | ls (cap|max|inv|bt):  0| 0| 0| 0| runtime: 1094.4 ms | cr: 4377.6
    1584. dt:  0.25 ms | #newton:  1 | ph:  0.0% | #CG/newton: 2306 | ls (cap|max|inv|bt):  0| 0| 0| 0| runtime: 1078.9 ms | cr: 4315.5
    1585. dt:  0.25 ms | #newton:  1 | ph:  0.0% | #CG/newton: 2318 | ls (cap|max|inv|bt):  0| 0| 0| 0| runtime: 1089.4 ms | cr: 4357.6
    1586. dt:  0.25 ms | #newton:  1 | ph:  0.0% | #CG/newton: 2205 | ls (cap|max|inv|bt):  0| 0| 0| 0| runtime: 1044.8 ms | cr: 4179.1
    1587. dt:  0.25 ms | #newton:  1 | ph:  0.0% | #CG/newton: 2319 | ls (cap|max|inv|bt):  0| 0| 0| 0| runtime: 1084.5 ms | cr: 4338.0
    1588. dt:  0.25 ms | #newton:  1 | ph:  0.0% | #CG/newton: 2317 | ls (cap|max|inv|bt):  0| 0| 0| 0| runtime: 1096.3 ms | cr: 4385.0
    1589. dt:  0.25 ms | #newton:  1 | ph:  0.0% | #CG/newton: 2300 | ls (cap|max|inv|bt):  0| 0| 0| 0| runtime: 1085.4 ms | cr: 4341.7
    1590. dt:  0.25 ms | #newton:  1 | ph:  0.0% | #CG/newton: 2277 | ls (cap|max|inv|bt):  0| 0| 0| 0| runtime: 1075.0 ms | cr: 4300.0
    1591. dt:  0.25 ms | #newton:  1 | ph:  0.0% | #CG/newton: 2186 | ls (cap|max|inv|bt):  0| 0| 0| 0| runtime: 1042.5 ms | cr: 4169.9
    1592. dt:  0.25 ms | #newton:  1 | ph:  0.0% | #CG/newton: 2285 | ls (cap|max|inv|bt):  0| 0| 0| 0| runtime: 1089.7 ms | cr: 4358.6
    1593. dt:  0.25 ms | #newton:  1 | ph:  0.0% | #CG/newton: 2271 | ls (cap|max|inv|bt):  0| 0| 0| 0| runtime: 1056.0 ms | cr: 4224.1
    1594. dt:  0.25 ms | #newton:  1 | ph:  0.0% | #CG/newton: 2235 | ls (cap|max|inv|bt):  0| 0| 0| 0| runtime: 1062.5 ms | cr: 4250.0
    1595. dt:  0.25 ms | #newton:  1 | ph:  0.0% | #CG/newton: 2198 | ls (cap|max|inv|bt):  0| 0| 0| 0| runtime: 1047.7 ms | cr: 4190.6
    1596. dt:  0.25 ms | #newton:  1 | ph:  0.0% | #CG/newton: 2258 | ls (cap|max|inv|bt):  0| 0| 0| 0| runtime: 1056.9 ms | cr: 4227.4
    1597. dt:  0.25 ms | #newton:  1 | ph:  0.0% | #CG/newton: 2245 | ls (cap|max|inv|bt):  0| 0| 0| 0| runtime: 1073.9 ms | cr: 4295.4
    1598. dt:  0.25 ms | #newton:  1 | ph:  0.0% | #CG/newton: 2243 | ls (cap|max|inv|bt):  0| 0| 0| 0| runtime: 1060.5 ms | cr: 4241.9
    1599. dt:  0.25 ms | #newton:  1 | ph:  0.0% | #CG/newton: 2221 | ls (cap|max|inv|bt):  0| 0| 0| 0| runtime: 1052.7 ms | cr: 4210.8
    1600. dt:  0.25 ms | #newton:  1 | ph:  0.0% | #CG/newton: 2253 | ls (cap|max|inv|bt):  0| 0| 0| 0| runtime: 1063.7 ms | cr: 4254.9
[Frame: 12] Time: 0.400 s
    1601. dt:  0.25 ms | #newton:  1 | ph:  0.0% | #CG/newton: 2243 | ls (cap|max|inv|bt):  0| 0| 0| 0| runtime: 1071.3 ms | cr: 4285.2
    1602. dt:  0.25 ms | #newton:  1 | ph:  0.0% | #CG/newton: 2269 | ls (cap|max|inv|bt):  0| 0| 0| 0| runtime: 1068.5 ms | cr: 4274.1
    1603. dt:  0.25 ms | #newton:  1 | ph:  0.0% | #CG/newton: 2348 | ls (cap|max|inv|bt):  0| 0| 0| 0| runtime: 1100.5 ms | cr: 4402.0
    1604. dt:  0.25 ms | #newton:  1 | ph:  0.0% | #CG/newton: 2256 | ls (cap|max|inv|bt):  0| 0| 0| 0| runtime: 1056.9 ms | cr: 4227.6
    1605. dt:  0.25 ms | #newton:  1 | ph:  0.0% | #CG/newton: 2274 | ls (cap|max|inv|bt):  0| 0| 0| 0| runtime: 1076.9 ms | cr: 4307.7
    1606. dt:  0.25 ms | #newton:  1 | ph:  0.0% | #CG/newton: 2342 | ls (cap|max|inv|bt):  0| 0| 0| 0| runtime: 1090.4 ms | cr: 4361.8
    1607. dt:  0.25 ms | #newton:  1 | ph:  0.0% | #CG/newton: 2259 | ls (cap|max|inv|bt):  0| 0| 0| 0| runtime: 1061.1 ms | cr: 4244.6
    1608. dt:  0.25 ms | #newton:  1 | ph:  0.0% | #CG/newton: 2267 | ls (cap|max|inv|bt):  0| 0| 0| 0| runtime: 1060.9 ms | cr: 4243.7
    1609. dt:  0.25 ms | #newton:  1 | ph:  0.0% | #CG/newton: 2343 | ls (cap|max|inv|bt):  0| 0| 0| 0| runtime: 1086.3 ms | cr: 4345.2
    1610. dt:  0.25 ms | #newton:  1 | ph:  0.0% | #CG/newton: 2260 | ls (cap|max|inv|bt):  0| 0| 0| 0| runtime: 1068.1 ms | cr: 4272.6
    1611. dt:  0.25 ms | #newton:  1 | ph:  0.0% | #CG/newton: 2261 | ls (cap|max|inv|bt):  0| 0| 0| 0| runtime: 1058.4 ms | cr: 4233.6
    1612. dt:  0.25 ms | #newton:  1 | ph:  0.0% | #CG/newton: 2273 | ls (cap|max|inv|bt):  0| 0| 0| 0| runtime: 1074.3 ms | cr: 4297.4
    1613. dt:  0.25 ms | #newton:  1 | ph:  0.0% | #CG/newton: 2252 | ls (cap|max|inv|bt):  0| 0| 0| 0| runtime: 1060.5 ms | cr: 4242.0
    1614. dt:  0.25 ms | #newton:  1 | ph:  0.0% | #CG/newton: 2258 | ls (cap|max|inv|bt):  0| 0| 0| 0| runtime: 1066.6 ms | cr: 4266.5
    1615. dt:  0.25 ms | #newton:  1 | ph:  0.0% | #CG/newton: 2266 | ls (cap|max|inv|bt):  0| 0| 0| 0| runtime: 1106.0 ms | cr: 4423.8
    1616. dt:  0.25 ms | #newton:  1 | ph:  0.0% | #CG/newton: 2246 | ls (cap|max|inv|bt):  0| 0| 0| 0| runtime: 1066.3 ms | cr: 4265.2
    1617. dt:  0.25 ms | #newton:  1 | ph:  0.0% | #CG/newton: 2200 | ls (cap|max|inv|bt):  0| 0| 0| 0| runtime: 1053.3 ms | cr: 4213.0
    1618. dt:  0.25 ms | #newton:  1 | ph:  0.0% | #CG/newton: 2204 | ls (cap|max|inv|bt):  0| 0| 0| 0| runtime: 1045.4 ms | cr: 4181.6
    1619. dt:  0.25 ms | #newton:  1 | ph:  0.0% | #CG/newton: 2361 | ls (cap|max|inv|bt):  0| 0| 0| 0| runtime: 1113.1 ms | cr: 4452.3
    1620. dt:  0.25 ms | #newton:  1 | ph:  0.0% | #CG/newton: 2206 | ls (cap|max|inv|bt):  0| 0| 0| 0| runtime: 1044.6 ms | cr: 4178.3
    1621. dt:  0.25 ms | #newton:  1 | ph:  0.0% | #CG/newton: 2214 | ls (cap|max|inv|bt):  0| 0| 0| 0| runtime: 1052.9 ms | cr: 4211.7
    1622. dt:  0.25 ms | #newton:  1 | ph:  0.0% | #CG/newton: 2330 | ls (cap|max|inv|bt):  0| 0| 0| 0| runtime: 1094.7 ms | cr: 4378.7
    1623. dt:  0.25 ms | #newton:  1 | ph:  0.0% | #CG/newton: 2239 | ls (cap|max|inv|bt):  0| 0| 0| 0| runtime: 1054.6 ms | cr: 4218.3
    1624. dt:  0.25 ms | #newton:  1 | ph:  0.0% | #CG/newton: 2223 | ls (cap|max|inv|bt):  0| 0| 0| 0| runtime: 1048.6 ms | cr: 4194.5
    1625. dt:  0.25 ms | #newton:  1 | ph:  0.0% | #CG/newton: 2184 | ls (cap|max|inv|bt):  0| 0| 0| 0| runtime: 1033.7 ms | cr: 4134.8
    1626. dt:  0.25 ms | #newton:  1 | ph:  0.0% | #CG/newton: 2182 | ls (cap|max|inv|bt):  0| 0| 0| 0| runtime: 1034.6 ms | cr: 4138.3
    1627. dt:  0.25 ms | #newton:  1 | ph:  0.0% | #CG/newton: 2257 | ls (cap|max|inv|bt):  0| 0| 0| 0| runtime: 1076.6 ms | cr: 4306.3
    1628. dt:  0.25 ms | #newton:  1 | ph:  0.0% | #CG/newton: 2250 | ls (cap|max|inv|bt):  0| 0| 0| 0| runtime: 1059.0 ms | cr: 4236.1
    1629. dt:  0.25 ms | #newton:  1 | ph:  0.0% | #CG/newton: 2247 | ls (cap|max|inv|bt):  0| 0| 0| 0| runtime: 1072.0 ms | cr: 4287.9
    1630. dt:  0.25 ms | #newton:  1 | ph:  0.0% | #CG/newton: 2167 | ls (cap|max|inv|bt):  0| 0| 0| 0| runtime: 1048.3 ms | cr: 4193.0
    1631. dt:  0.25 ms | #newton:  1 | ph:  0.0% | #CG/newton: 2252 | ls (cap|max|inv|bt):  0| 0| 0| 0| runtime: 1056.0 ms | cr: 4224.2
    1632. dt:  0.25 ms | #newton:  1 | ph:  0.0% | #CG/newton: 2207 | ls (cap|max|inv|bt):  0| 0| 0| 0| runtime: 1036.3 ms | cr: 4145.3
    1633. dt:  0.25 ms | #newton:  1 | ph:  0.0% | #CG/newton: 2320 | ls (cap|max|inv|bt):  0| 0| 0| 0| runtime: 1091.2 ms | cr: 4364.8
    1634. dt:  0.25 ms | #newton:  1 | ph:  0.0% | #CG/newton: 2239 | ls (cap|max|inv|bt):  0| 0| 0| 0| runtime: 1061.8 ms | cr: 4247.0
    1635. dt:  0.25 ms | #newton:  1 | ph:  0.0% | #CG/newton: 2271 | ls (cap|max|inv|bt):  0| 0| 0| 0| runtime: 1079.2 ms | cr: 4316.7
    1636. dt:  0.25 ms | #newton:  1 | ph:  0.0% | #CG/newton: 2353 | ls (cap|max|inv|bt):  0| 0| 0| 0| runtime: 1106.6 ms | cr: 4426.4
    1637. dt:  0.25 ms | #newton:  1 | ph:  0.0% | #CG/newton: 2206 | ls (cap|max|inv|bt):  0| 0| 0| 0| runtime: 1046.7 ms | cr: 4186.7
    1638. dt:  0.25 ms | #newton:  1 | ph:  0.0% | #CG/newton: 2271 | ls (cap|max|inv|bt):  0| 0| 0| 0| runtime: 1080.3 ms | cr: 4321.2
    1639. dt:  0.25 ms | #newton:  1 | ph:  0.0% | #CG/newton: 2227 | ls (cap|max|inv|bt):  0| 0| 0| 0| runtime: 1036.5 ms | cr: 4146.1
    1640. dt:  0.25 ms | #newton:  1 | ph:  0.0% | #CG/newton: 2294 | ls (cap|max|inv|bt):  0| 0| 0| 0| runtime: 1078.8 ms | cr: 4315.3
    1641. dt:  0.25 ms | #newton:  1 | ph:  0.0% | #CG/newton: 2208 | ls (cap|max|inv|bt):  0| 0| 0| 0| runtime: 1046.5 ms | cr: 4185.9
    1642. dt:  0.25 ms | #newton:  1 | ph:  0.0% | #CG/newton: 2285 | ls (cap|max|inv|bt):  0| 0| 0| 0| runtime: 1089.1 ms | cr: 4356.4
    1643. dt:  0.25 ms | #newton:  1 | ph:  0.0% | #CG/newton: 2347 | ls (cap|max|inv|bt):  0| 0| 0| 0| runtime: 1109.0 ms | cr: 4436.2
    1644. dt:  0.25 ms | #newton:  1 | ph:  0.0% | #CG/newton: 2249 | ls (cap|max|inv|bt):  0| 0| 0| 0| runtime: 1059.9 ms | cr: 4239.7
    1645. dt:  0.25 ms | #newton:  1 | ph:  0.0% | #CG/newton: 2256 | ls (cap|max|inv|bt):  0| 0| 0| 0| runtime: 1058.3 ms | cr: 4233.2
    1646. dt:  0.25 ms | #newton:  1 | ph:  0.0% | #CG/newton: 2202 | ls (cap|max|inv|bt):  0| 0| 0| 0| runtime: 1042.4 ms | cr: 4169.6
    1647. dt:  0.25 ms | #newton:  1 | ph:  0.0% | #CG/newton: 2208 | ls (cap|max|inv|bt):  0| 0| 0| 0| runtime: 1043.2 ms | cr: 4172.9
    1648. dt:  0.25 ms | #newton:  1 | ph:  0.0% | #CG/newton: 2184 | ls (cap|max|inv|bt):  0| 0| 0| 0| runtime: 1028.8 ms | cr: 4115.4
    1649. dt:  0.25 ms | #newton:  1 | ph:  0.0% | #CG/newton: 2625 | ls (cap|max|inv|bt):  0| 0| 0| 0| runtime: 1196.5 ms | cr: 4786.1
    1650. dt:  0.25 ms | #newton:  1 | ph:  0.0% | #CG/newton: 2581 | ls (cap|max|inv|bt):  0| 0| 0| 0| runtime: 1186.8 ms | cr: 4747.0
    1651. dt:  0.25 ms | #newton:  1 | ph:  0.0% | #CG/newton: 2431 | ls (cap|max|inv|bt):  0| 0| 0| 0| runtime: 1131.8 ms | cr: 4527.2
    1652. dt:  0.25 ms | #newton:  1 | ph:  0.0% | #CG/newton: 2465 | ls (cap|max|inv|bt):  0| 0| 0| 0| runtime: 1149.0 ms | cr: 4595.9
    1653. dt:  0.25 ms | #newton:  1 | ph:  0.0% | #CG/newton: 2464 | ls (cap|max|inv|bt):  0| 0| 0| 0| runtime: 1135.4 ms | cr: 4541.5
    1654. dt:  0.25 ms | #newton:  1 | ph:  0.0% | #CG/newton: 2797 | ls (cap|max|inv|bt):  0| 0| 0| 0| runtime: 1276.6 ms | cr: 5106.3
    1655. dt:  0.25 ms | #newton:  1 | ph:  0.0% | #CG/newton: 2473 | ls (cap|max|inv|bt):  0| 0| 0| 0| runtime: 1146.3 ms | cr: 4585.3
    1656. dt:  0.25 ms | #newton:  1 | ph:  0.0% | #CG/newton: 2478 | ls (cap|max|inv|bt):  0| 0| 0| 0| runtime: 1143.7 ms | cr: 4574.8
    1657. dt:  0.25 ms | #newton:  1 | ph:  0.0% | #CG/newton: 2633 | ls (cap|max|inv|bt):  0| 0| 0| 0| runtime: 1198.4 ms | cr: 4793.6
    1658. dt:  0.25 ms | #newton:  1 | ph:  0.0% | #CG/newton: 2595 | ls (cap|max|inv|bt):  0| 0| 0| 0| runtime: 1202.0 ms | cr: 4808.1
    1659. dt:  0.25 ms | #newton:  1 | ph:  0.0% | #CG/newton: 2631 | ls (cap|max|inv|bt):  0| 0| 0| 0| runtime: 1255.1 ms | cr: 5020.3
    1660. dt:  0.25 ms | #newton:  1 | ph:  0.0% | #CG/newton: 2228 | ls (cap|max|inv|bt):  0| 0| 0| 0| runtime: 1054.6 ms | cr: 4218.4
    1661. dt:  0.25 ms | #newton:  1 | ph:  0.0% | #CG/newton: 2221 | ls (cap|max|inv|bt):  0| 0| 0| 0| runtime: 1047.5 ms | cr: 4190.2
    1662. dt:  0.25 ms | #newton:  1 | ph:  0.0% | #CG/newton: 2216 | ls (cap|max|inv|bt):  0| 0| 0| 0| runtime: 1050.5 ms | cr: 4202.0
    1663. dt:  0.25 ms | #newton:  1 | ph:  0.0% | #CG/newton: 2343 | ls (cap|max|inv|bt):  0| 0| 0| 0| runtime: 1083.8 ms | cr: 4335.0
    1664. dt:  0.25 ms | #newton:  1 | ph:  0.0% | #CG/newton: 2240 | ls (cap|max|inv|bt):  0| 0| 0| 0| runtime: 1058.1 ms | cr: 4232.3
    1665. dt:  0.25 ms | #newton:  1 | ph:  0.0% | #CG/newton: 2175 | ls (cap|max|inv|bt):  0| 0| 0| 0| runtime: 1044.1 ms | cr: 4176.4
    1666. dt:  0.25 ms | #newton:  1 | ph:  0.0% | #CG/newton: 2596 | ls (cap|max|inv|bt):  0| 0| 0| 0| runtime: 1196.5 ms | cr: 4785.9
    1667. dt:  0.25 ms | #newton:  1 | ph:  0.0% | #CG/newton: 2571 | ls (cap|max|inv|bt):  0| 0| 0| 0| runtime: 1188.5 ms | cr: 4753.9
    1668. dt:  0.25 ms | #newton:  1 | ph:  0.0% | #CG/newton: 2622 | ls (cap|max|inv|bt):  0| 0| 0| 0| runtime: 1215.8 ms | cr: 4863.2
    1669. dt:  0.25 ms | #newton:  1 | ph:  0.0% | #CG/newton: 2825 | ls (cap|max|inv|bt):  0| 0| 0| 0| runtime: 1287.9 ms | cr: 5151.6
    1670. dt:  0.25 ms | #newton:  1 | ph:  0.0% | #CG/newton: 2794 | ls (cap|max|inv|bt):  0| 0| 0| 0| runtime: 1288.8 ms | cr: 5155.2
    1671. dt:  0.25 ms | #newton:  1 | ph:  0.0% | #CG/newton: 2832 | ls (cap|max|inv|bt):  0| 0| 0| 0| runtime: 1299.3 ms | cr: 5197.2
    1672. dt:  0.25 ms | #newton:  1 | ph:  0.0% | #CG/newton: 2616 | ls (cap|max|inv|bt):  0| 0| 0| 0| runtime: 1197.1 ms | cr: 4788.3
    1673. dt:  0.25 ms | #newton:  1 | ph:  0.0% | #CG/newton: 2527 | ls (cap|max|inv|bt):  0| 0| 0| 0| runtime: 1165.2 ms | cr: 4660.6
    1674. dt:  0.25 ms | #newton:  1 | ph:  0.0% | #CG/newton: 2616 | ls (cap|max|inv|bt):  0| 0| 0| 0| runtime: 1206.4 ms | cr: 4825.7
    1675. dt:  0.25 ms | #newton:  1 | ph:  0.0% | #CG/newton: 2609 | ls (cap|max|inv|bt):  0| 0| 0| 0| runtime: 1213.8 ms | cr: 4855.0
    1676. dt:  0.25 ms | #newton:  1 | ph:  0.0% | #CG/newton: 2595 | ls (cap|max|inv|bt):  0| 0| 0| 0| runtime: 1200.3 ms | cr: 4801.1
    1677. dt:  0.25 ms | #newton:  1 | ph:  0.0% | #CG/newton: 2619 | ls (cap|max|inv|bt):  0| 0| 0| 0| runtime: 1205.7 ms | cr: 4822.7
    1678. dt:  0.25 ms | #newton:  1 | ph:  0.0% | #CG/newton: 2594 | ls (cap|max|inv|bt):  0| 0| 0| 0| runtime: 1202.9 ms | cr: 4811.7
    1679. dt:  0.25 ms | #newton:  1 | ph:  0.0% | #CG/newton: 2621 | ls (cap|max|inv|bt):  0| 0| 0| 0| runtime: 1217.2 ms | cr: 4868.8
    1680. dt:  0.25 ms | #newton:  1 | ph:  0.0% | #CG/newton: 2610 | ls (cap|max|inv|bt):  0| 0| 0| 0| runtime: 1198.9 ms | cr: 4795.5
    1681. dt:  0.25 ms | #newton:  1 | ph:  0.0% | #CG/newton: 2619 | ls (cap|max|inv|bt):  0| 0| 0| 0| runtime: 1210.7 ms | cr: 4842.6
    1682. dt:  0.25 ms | #newton:  1 | ph:  0.0% | #CG/newton: 2560 | ls (cap|max|inv|bt):  0| 0| 0| 0| runtime: 1184.3 ms | cr: 4737.0
    1683. dt:  0.25 ms | #newton:  1 | ph:  0.0% | #CG/newton: 2608 | ls (cap|max|inv|bt):  0| 0| 0| 0| runtime: 1204.5 ms | cr: 4817.8
    1684. dt:  0.25 ms | #newton:  1 | ph:  0.0% | #CG/newton: 2866 | ls (cap|max|inv|bt):  0| 0| 0| 0| runtime: 1320.0 ms | cr: 5280.1
    1685. dt:  0.25 ms | #newton:  1 | ph:  0.0% | #CG/newton: 2624 | ls (cap|max|inv|bt):  0| 0| 0| 0| runtime: 1215.5 ms | cr: 4862.1
    1686. dt:  0.25 ms | #newton:  1 | ph:  0.0% | #CG/newton: 2503 | ls (cap|max|inv|bt):  0| 0| 0| 0| runtime: 1162.4 ms | cr: 4649.5
    1687. dt:  0.25 ms | #newton:  1 | ph:  0.0% | #CG/newton: 2621 | ls (cap|max|inv|bt):  0| 0| 0| 0| runtime: 1219.4 ms | cr: 4877.7
    1688. dt:  0.25 ms | #newton:  1 | ph:  0.0% | #CG/newton: 2202 | ls (cap|max|inv|bt):  0| 0| 0| 0| runtime: 1042.5 ms | cr: 4170.2
    1689. dt:  0.25 ms | #newton:  1 | ph:  0.0% | #CG/newton: 2200 | ls (cap|max|inv|bt):  0| 0| 0| 0| runtime: 1039.8 ms | cr: 4159.4
    1690. dt:  0.25 ms | #newton:  1 | ph:  0.0% | #CG/newton: 2184 | ls (cap|max|inv|bt):  0| 0| 0| 0| runtime: 1046.2 ms | cr: 4184.8
    1691. dt:  0.25 ms | #newton:  1 | ph:  0.0% | #CG/newton: 2207 | ls (cap|max|inv|bt):  0| 0| 0| 0| runtime: 1071.4 ms | cr: 4285.7
    1692. dt:  0.25 ms | #newton:  1 | ph:  0.0% | #CG/newton: 2209 | ls (cap|max|inv|bt):  0| 0| 0| 0| runtime: 1051.6 ms | cr: 4206.5
    1693. dt:  0.25 ms | #newton:  1 | ph:  0.0% | #CG/newton: 2201 | ls (cap|max|inv|bt):  0| 0| 0| 0| runtime: 1040.9 ms | cr: 4163.7
    1694. dt:  0.25 ms | #newton:  1 | ph:  0.0% | #CG/newton: 2282 | ls (cap|max|inv|bt):  0| 0| 0| 0| runtime: 1075.0 ms | cr: 4300.1
    1695. dt:  0.25 ms | #newton:  1 | ph:  0.0% | #CG/newton: 2236 | ls (cap|max|inv|bt):  0| 0| 0| 0| runtime: 1053.1 ms | cr: 4212.6
    1696. dt:  0.25 ms | #newton:  1 | ph:  0.0% | #CG/newton: 2201 | ls (cap|max|inv|bt):  0| 0| 0| 0| runtime: 1041.7 ms | cr: 4166.6
    1697. dt:  0.25 ms | #newton:  1 | ph:  0.0% | #CG/newton: 2237 | ls (cap|max|inv|bt):  0| 0| 0| 0| runtime: 1055.3 ms | cr: 4221.1
    1698. dt:  0.25 ms | #newton:  1 | ph:  0.0% | #CG/newton: 2209 | ls (cap|max|inv|bt):  0| 0| 0| 0| runtime: 1063.8 ms | cr: 4255.1
    1699. dt:  0.25 ms | #newton:  1 | ph:  0.0% | #CG/newton: 2231 | ls (cap|max|inv|bt):  0| 0| 0| 0| runtime: 1065.1 ms | cr: 4260.2
    1700. dt:  0.25 ms | #newton:  1 | ph:  0.0% | #CG/newton: 2243 | ls (cap|max|inv|bt):  0| 0| 0| 0| runtime: 1057.1 ms | cr: 4228.4
    1701. dt:  0.25 ms | #newton:  1 | ph:  0.0% | #CG/newton: 2290 | ls (cap|max|inv|bt):  0| 0| 0| 0| runtime: 1075.2 ms | cr: 4300.8
    1702. dt:  0.25 ms | #newton:  1 | ph:  0.0% | #CG/newton: 2274 | ls (cap|max|inv|bt):  0| 0| 0| 0| runtime: 1065.9 ms | cr: 4263.7
    1703. dt:  0.25 ms | #newton:  1 | ph:  0.0% | #CG/newton: 2258 | ls (cap|max|inv|bt):  0| 0| 0| 0| runtime: 1065.4 ms | cr: 4261.5
    1704. dt:  0.25 ms | #newton:  1 | ph:  0.0% | #CG/newton: 2264 | ls (cap|max|inv|bt):  0| 0| 0| 0| runtime: 1077.9 ms | cr: 4311.6
    1705. dt:  0.25 ms | #newton:  1 | ph:  0.0% | #CG/newton: 2228 | ls (cap|max|inv|bt):  0| 0| 0| 0| runtime: 1046.9 ms | cr: 4187.6
    1706. dt:  0.25 ms | #newton:  1 | ph:  0.0% | #CG/newton: 2270 | ls (cap|max|inv|bt):  0| 0| 0| 0| runtime: 1068.3 ms | cr: 4273.4
    1707. dt:  0.25 ms | #newton:  1 | ph:  0.0% | #CG/newton: 2320 | ls (cap|max|inv|bt):  0| 0| 0| 0| runtime: 1096.2 ms | cr: 4385.0
    1708. dt:  0.25 ms | #newton:  1 | ph:  0.0% | #CG/newton: 2229 | ls (cap|max|inv|bt):  0| 0| 0| 0| runtime: 1051.5 ms | cr: 4206.2
    1709. dt:  0.25 ms | #newton:  1 | ph:  0.0% | #CG/newton: 2321 | ls (cap|max|inv|bt):  0| 0| 0| 0| runtime: 1099.1 ms | cr: 4396.6
    1710. dt:  0.25 ms | #newton:  1 | ph:  0.0% | #CG/newton: 2304 | ls (cap|max|inv|bt):  0| 0| 0| 0| runtime: 1077.6 ms | cr: 4310.3
    1711. dt:  0.25 ms | #newton:  1 | ph:  0.0% | #CG/newton: 2348 | ls (cap|max|inv|bt):  0| 0| 0| 0| runtime: 1114.0 ms | cr: 4456.0
    1712. dt:  0.25 ms | #newton:  1 | ph:  0.0% | #CG/newton: 2337 | ls (cap|max|inv|bt):  0| 0| 0| 0| runtime: 1095.9 ms | cr: 4383.6
    1713. dt:  0.25 ms | #newton:  1 | ph:  0.0% | #CG/newton: 2317 | ls (cap|max|inv|bt):  0| 0| 0| 0| runtime: 1095.2 ms | cr: 4380.6
    1714. dt:  0.25 ms | #newton:  1 | ph:  0.0% | #CG/newton: 2366 | ls (cap|max|inv|bt):  0| 0| 0| 0| runtime: 1107.0 ms | cr: 4428.2
    1715. dt:  0.25 ms | #newton:  1 | ph:  0.0% | #CG/newton: 2337 | ls (cap|max|inv|bt):  0| 0| 0| 0| runtime: 1095.3 ms | cr: 4381.2
    1716. dt:  0.25 ms | #newton:  1 | ph:  0.0% | #CG/newton: 2247 | ls (cap|max|inv|bt):  0| 0| 0| 0| runtime: 1070.0 ms | cr: 4280.0
    1717. dt:  0.25 ms | #newton:  1 | ph:  0.0% | #CG/newton: 2255 | ls (cap|max|inv|bt):  0| 0| 0| 0| runtime: 1077.3 ms | cr: 4309.2
    1718. dt:  0.25 ms | #newton:  1 | ph:  0.0% | #CG/newton: 2369 | ls (cap|max|inv|bt):  0| 0| 0| 0| runtime: 1115.7 ms | cr: 4462.6
    1719. dt:  0.25 ms | #newton:  1 | ph:  0.0% | #CG/newton: 2338 | ls (cap|max|inv|bt):  0| 0| 0| 0| runtime: 1105.8 ms | cr: 4423.0
    1720. dt:  0.25 ms | #newton:  1 | ph:  0.0% | #CG/newton: 2337 | ls (cap|max|inv|bt):  0| 0| 0| 0| runtime: 1107.8 ms | cr: 4431.3
    1721. dt:  0.25 ms | #newton:  1 | ph:  0.0% | #CG/newton: 2309 | ls (cap|max|inv|bt):  0| 0| 0| 0| runtime: 1091.8 ms | cr: 4367.4
    1722. dt:  0.25 ms | #newton:  1 | ph:  0.0% | #CG/newton: 2339 | ls (cap|max|inv|bt):  0| 0| 0| 0| runtime: 1111.1 ms | cr: 4444.4
    1723. dt:  0.25 ms | #newton:  1 | ph:  0.0% | #CG/newton: 2341 | ls (cap|max|inv|bt):  0| 0| 0| 0| runtime: 1113.5 ms | cr: 4453.9
    1724. dt:  0.25 ms | #newton:  1 | ph:  0.0% | #CG/newton: 2370 | ls (cap|max|inv|bt):  0| 0| 0| 0| runtime: 1118.7 ms | cr: 4474.8
    1725. dt:  0.25 ms | #newton:  1 | ph:  0.0% | #CG/newton: 2325 | ls (cap|max|inv|bt):  0| 0| 0| 0| runtime: 1093.0 ms | cr: 4371.8
    1726. dt:  0.25 ms | #newton:  1 | ph:  0.0% | #CG/newton: 2312 | ls (cap|max|inv|bt):  0| 0| 0| 0| runtime: 1091.4 ms | cr: 4365.8
    1727. dt:  0.25 ms | #newton:  1 | ph:  0.0% | #CG/newton: 2360 | ls (cap|max|inv|bt):  0| 0| 0| 0| runtime: 1115.3 ms | cr: 4461.4
    1728. dt:  0.25 ms | #newton:  1 | ph:  0.0% | #CG/newton: 2317 | ls (cap|max|inv|bt):  0| 0| 0| 0| runtime: 1090.8 ms | cr: 4363.2
    1729. dt:  0.25 ms | #newton:  1 | ph:  0.0% | #CG/newton: 2370 | ls (cap|max|inv|bt):  0| 0| 0| 0| runtime: 1110.7 ms | cr: 4442.8
    1730. dt:  0.25 ms | #newton:  1 | ph:  0.0% | #CG/newton: 2336 | ls (cap|max|inv|bt):  0| 0| 0| 0| runtime: 1096.2 ms | cr: 4384.9
    1731. dt:  0.25 ms | #newton:  1 | ph:  0.0% | #CG/newton: 2338 | ls (cap|max|inv|bt):  0| 0| 0| 0| runtime: 1098.0 ms | cr: 4391.8
    1732. dt:  0.25 ms | #newton:  1 | ph:  0.0% | #CG/newton: 2320 | ls (cap|max|inv|bt):  0| 0| 0| 0| runtime: 1102.1 ms | cr: 4408.4
    1733. dt:  0.25 ms | #newton:  1 | ph:  0.0% | #CG/newton: 2376 | ls (cap|max|inv|bt):  0| 0| 0| 0| runtime: 1110.6 ms | cr: 4442.4
[Frame: 13] Time: 0.433 s
    1734. dt:  0.25 ms | #newton:  1 | ph:  0.0% | #CG/newton: 2339 | ls (cap|max|inv|bt):  0| 0| 0| 0| runtime: 1100.8 ms | cr: 4403.2
    1735. dt:  0.25 ms | #newton:  1 | ph:  0.0% | #CG/newton: 2340 | ls (cap|max|inv|bt):  0| 0| 0| 0| runtime: 1109.1 ms | cr: 4436.2
    1736. dt:  0.25 ms | #newton:  1 | ph:  0.0% | #CG/newton: 2373 | ls (cap|max|inv|bt):  0| 0| 0| 0| runtime: 1115.7 ms | cr: 4462.7
    1737. dt:  0.25 ms | #newton:  1 | ph:  0.0% | #CG/newton: 2344 | ls (cap|max|inv|bt):  0| 0| 0| 0| runtime: 1102.7 ms | cr: 4410.6
    1738. dt:  0.25 ms | #newton:  1 | ph:  0.0% | #CG/newton: 2346 | ls (cap|max|inv|bt):  0| 0| 0| 0| runtime: 1099.2 ms | cr: 4396.8
    1739. dt:  0.25 ms | #newton:  1 | ph:  0.0% | #CG/newton: 2368 | ls (cap|max|inv|bt):  0| 0| 0| 0| runtime: 1109.4 ms | cr: 4437.6
    1740. dt:  0.25 ms | #newton:  1 | ph:  0.0% | #CG/newton: 2341 | ls (cap|max|inv|bt):  0| 0| 0| 0| runtime: 1108.0 ms | cr: 4432.1
    1741. dt:  0.25 ms | #newton:  1 | ph:  0.0% | #CG/newton: 2339 | ls (cap|max|inv|bt):  0| 0| 0| 0| runtime: 1101.4 ms | cr: 4405.7
    1742. dt:  0.25 ms | #newton:  1 | ph:  0.0% | #CG/newton: 2303 | ls (cap|max|inv|bt):  0| 0| 0| 0| runtime: 1082.6 ms | cr: 4330.5
    1743. dt:  0.25 ms | #newton:  1 | ph:  0.0% | #CG/newton: 2335 | ls (cap|max|inv|bt):  0| 0| 0| 0| runtime: 1092.1 ms | cr: 4368.5
    1744. dt:  0.25 ms | #newton:  1 | ph:  0.0% | #CG/newton: 2265 | ls (cap|max|inv|bt):  0| 0| 0| 0| runtime: 1071.1 ms | cr: 4284.5
    1745. dt:  0.25 ms | #newton:  1 | ph:  0.0% | #CG/newton: 2264 | ls (cap|max|inv|bt):  0| 0| 0| 0| runtime: 1078.2 ms | cr: 4312.7
    1746. dt:  0.25 ms | #newton:  1 | ph:  0.0% | #CG/newton: 2257 | ls (cap|max|inv|bt):  0| 0| 0| 0| runtime: 1074.0 ms | cr: 4295.8
    1747. dt:  0.25 ms | #newton:  1 | ph:  0.0% | #CG/newton: 2286 | ls (cap|max|inv|bt):  0| 0| 0| 0| runtime: 1083.2 ms | cr: 4333.0
    1748. dt:  0.25 ms | #newton:  1 | ph:  0.0% | #CG/newton: 2261 | ls (cap|max|inv|bt):  0| 0| 0| 0| runtime: 1072.8 ms | cr: 4291.1
    1749. dt:  0.25 ms | #newton:  1 | ph:  0.0% | #CG/newton: 2199 | ls (cap|max|inv|bt):  0| 0| 0| 0| runtime: 1041.0 ms | cr: 4164.0
    1750. dt:  0.25 ms | #newton:  1 | ph:  0.0% | #CG/newton: 2277 | ls (cap|max|inv|bt):  0| 0| 0| 0| runtime: 1074.7 ms | cr: 4298.9
    1751. dt:  0.25 ms | #newton:  1 | ph:  0.0% | #CG/newton: 2209 | ls (cap|max|inv|bt):  0| 0| 0| 0| runtime: 1042.4 ms | cr: 4169.6
    1752. dt:  0.25 ms | #newton:  1 | ph:  0.0% | #CG/newton: 2254 | ls (cap|max|inv|bt):  0| 0| 0| 0| runtime: 1059.9 ms | cr: 4239.6
    1753. dt:  0.25 ms | #newton:  1 | ph:  0.0% | #CG/newton: 2213 | ls (cap|max|inv|bt):  0| 0| 0| 0| runtime: 1051.4 ms | cr: 4205.6
    1754. dt:  0.25 ms | #newton:  1 | ph:  0.0% | #CG/newton: 2237 | ls (cap|max|inv|bt):  0| 0| 0| 0| runtime: 1056.8 ms | cr: 4227.2
    1755. dt:  0.25 ms | #newton:  1 | ph:  0.0% | #CG/newton: 2232 | ls (cap|max|inv|bt):  0| 0| 0| 0| runtime: 1053.8 ms | cr: 4215.2
    1756. dt:  0.25 ms | #newton:  1 | ph:  0.0% | #CG/newton: 2223 | ls (cap|max|inv|bt):  0| 0| 0| 0| runtime: 1055.8 ms | cr: 4223.0
    1757. dt:  0.25 ms | #newton:  1 | ph:  0.0% | #CG/newton: 2247 | ls (cap|max|inv|bt):  0| 0| 0| 0| runtime: 1064.0 ms | cr: 4256.1
    1758. dt:  0.25 ms | #newton:  1 | ph:  0.0% | #CG/newton: 2260 | ls (cap|max|inv|bt):  0| 0| 0| 0| runtime: 1073.3 ms | cr: 4293.4
    1759. dt:  0.25 ms | #newton:  1 | ph:  0.0% | #CG/newton: 2203 | ls (cap|max|inv|bt):  0| 0| 0| 0| runtime: 1054.0 ms | cr: 4216.2
    1760. dt:  0.25 ms | #newton:  1 | ph:  0.0% | #CG/newton: 2245 | ls (cap|max|inv|bt):  0| 0| 0| 0| runtime: 1069.2 ms | cr: 4277.0
    1761. dt:  0.25 ms | #newton:  1 | ph:  0.0% | #CG/newton: 2198 | ls (cap|max|inv|bt):  0| 0| 0| 0| runtime: 1041.9 ms | cr: 4167.8
    1762. dt:  0.25 ms | #newton:  1 | ph:  0.0% | #CG/newton: 2242 | ls (cap|max|inv|bt):  0| 0| 0| 0| runtime: 1062.2 ms | cr: 4248.7
    1763. dt:  0.25 ms | #newton:  1 | ph:  0.0% | #CG/newton: 2234 | ls (cap|max|inv|bt):  0| 0| 0| 0| runtime: 1057.4 ms | cr: 4229.7
    1764. dt:  0.25 ms | #newton:  1 | ph:  0.0% | #CG/newton: 2232 | ls (cap|max|inv|bt):  0| 0| 0| 0| runtime: 1055.9 ms | cr: 4223.6
    1765. dt:  0.25 ms | #newton:  1 | ph:  0.0% | #CG/newton: 2241 | ls (cap|max|inv|bt):  0| 0| 0| 0| runtime: 1056.3 ms | cr: 4225.1
    1766. dt:  0.25 ms | #newton:  1 | ph:  0.0% | #CG/newton: 2238 | ls (cap|max|inv|bt):  0| 0| 0| 0| runtime: 1084.9 ms | cr: 4339.7
    1767. dt:  0.25 ms | #newton:  1 | ph:  0.0% | #CG/newton: 2241 | ls (cap|max|inv|bt):  0| 0| 0| 0| runtime: 1062.2 ms | cr: 4248.8
    1768. dt:  0.25 ms | #newton:  1 | ph:  0.0% | #CG/newton: 2245 | ls (cap|max|inv|bt):  0| 0| 0| 0| runtime: 1056.9 ms | cr: 4227.6
    1769. dt:  0.25 ms | #newton:  1 | ph:  0.0% | #CG/newton: 2247 | ls (cap|max|inv|bt):  0| 0| 0| 0| runtime: 1057.5 ms | cr: 4230.0
    1770. dt:  0.25 ms | #newton:  1 | ph:  0.0% | #CG/newton: 2244 | ls (cap|max|inv|bt):  0| 0| 0| 0| runtime: 1053.2 ms | cr: 4212.7
    1771. dt:  0.25 ms | #newton:  1 | ph:  0.0% | #CG/newton: 2246 | ls (cap|max|inv|bt):  0| 0| 0| 0| runtime: 1065.2 ms | cr: 4260.8
    1772. dt:  0.25 ms | #newton:  1 | ph:  0.0% | #CG/newton: 2258 | ls (cap|max|inv|bt):  0| 0| 0| 0| runtime: 1070.1 ms | cr: 4280.3
    1773. dt:  0.25 ms | #newton:  1 | ph:  0.0% | #CG/newton: 2255 | ls (cap|max|inv|bt):  0| 0| 0| 0| runtime: 1073.1 ms | cr: 4292.5
    1774. dt:  0.25 ms | #newton:  1 | ph:  0.0% | #CG/newton: 2244 | ls (cap|max|inv|bt):  0| 0| 0| 0| runtime: 1055.9 ms | cr: 4223.5
    1775. dt:  0.25 ms | #newton:  1 | ph:  0.0% | #CG/newton: 2266 | ls (cap|max|inv|bt):  0| 0| 0| 0| runtime: 1083.9 ms | cr: 4335.5
    1776. dt:  0.25 ms | #newton:  1 | ph:  0.0% | #CG/newton: 2255 | ls (cap|max|inv|bt):  0| 0| 0| 0| runtime: 1070.9 ms | cr: 4283.8
    1777. dt:  0.25 ms | #newton:  1 | ph:  0.0% | #CG/newton: 2251 | ls (cap|max|inv|bt):  0| 0| 0| 0| runtime: 1070.5 ms | cr: 4281.9
    1778. dt:  0.25 ms | #newton:  1 | ph:  0.0% | #CG/newton: 2270 | ls (cap|max|inv|bt):  0| 0| 0| 0| runtime: 1067.0 ms | cr: 4267.8
    1779. dt:  0.25 ms | #newton:  1 | ph:  0.0% | #CG/newton: 2241 | ls (cap|max|inv|bt):  0| 0| 0| 0| runtime: 1123.5 ms | cr: 4493.8
    1780. dt:  0.25 ms | #newton:  1 | ph:  0.0% | #CG/newton: 2243 | ls (cap|max|inv|bt):  0| 0| 0| 0| runtime: 1061.0 ms | cr: 4244.0
    1781. dt:  0.25 ms | #newton:  1 | ph:  0.0% | #CG/newton: 2214 | ls (cap|max|inv|bt):  0| 0| 0| 0| runtime: 1044.4 ms | cr: 4177.4
    1782. dt:  0.25 ms | #newton:  1 | ph:  0.0% | #CG/newton: 2193 | ls (cap|max|inv|bt):  0| 0| 0| 0| runtime: 1039.5 ms | cr: 4158.1
    1783. dt:  0.25 ms | #newton:  1 | ph:  0.0% | #CG/newton: 2209 | ls (cap|max|inv|bt):  0| 0| 0| 0| runtime: 1042.3 ms | cr: 4169.3
    1784. dt:  0.25 ms | #newton:  1 | ph:  0.0% | #CG/newton: 2188 | ls (cap|max|inv|bt):  0| 0| 0| 0| runtime: 1038.9 ms | cr: 4155.5
    1785. dt:  0.25 ms | #newton:  1 | ph:  0.0% | #CG/newton: 2360 | ls (cap|max|inv|bt):  0| 0| 0| 0| runtime: 1115.3 ms | cr: 4461.0
    1786. dt:  0.25 ms | #newton:  1 | ph:  0.0% | #CG/newton: 2347 | ls (cap|max|inv|bt):  0| 0| 0| 0| runtime: 1107.2 ms | cr: 4428.6
    1787. dt:  0.25 ms | #newton:  1 | ph:  0.0% | #CG/newton: 2214 | ls (cap|max|inv|bt):  0| 0| 0| 0| runtime: 1045.4 ms | cr: 4181.5
    1788. dt:  0.25 ms | #newton:  1 | ph:  0.0% | #CG/newton: 2455 | ls (cap|max|inv|bt):  0| 0| 0| 0| runtime: 1139.8 ms | cr: 4559.4
    1789. dt:  0.25 ms | #newton:  1 | ph:  0.0% | #CG/newton: 2465 | ls (cap|max|inv|bt):  0| 0| 0| 0| runtime: 1146.2 ms | cr: 4584.9
    1790. dt:  0.25 ms | #newton:  1 | ph:  0.0% | #CG/newton: 2466 | ls (cap|max|inv|bt):  0| 0| 0| 0| runtime: 1151.0 ms | cr: 4604.1
    1791. dt:  0.25 ms | #newton:  1 | ph:  0.0% | #CG/newton: 2438 | ls (cap|max|inv|bt):  0| 0| 0| 0| runtime: 1136.1 ms | cr: 4544.3
    1792. dt:  0.25 ms | #newton:  1 | ph:  0.0% | #CG/newton: 2465 | ls (cap|max|inv|bt):  0| 0| 0| 0| runtime: 1143.4 ms | cr: 4573.5
    1793. dt:  0.25 ms | #newton:  1 | ph:  0.0% | #CG/newton: 2456 | ls (cap|max|inv|bt):  0| 0| 0| 0| runtime: 1144.3 ms | cr: 4577.1
    1794. dt:  0.25 ms | #newton:  1 | ph:  0.0% | #CG/newton: 2463 | ls (cap|max|inv|bt):  0| 0| 0| 0| runtime: 1161.1 ms | cr: 4644.4
    1795. dt:  0.25 ms | #newton:  1 | ph:  0.0% | #CG/newton: 2464 | ls (cap|max|inv|bt):  0| 0| 0| 0| runtime: 1157.6 ms | cr: 4630.3
    1796. dt:  0.25 ms | #newton:  1 | ph:  0.0% | #CG/newton: 2430 | ls (cap|max|inv|bt):  0| 0| 0| 0| runtime: 1154.3 ms | cr: 4617.2
    1797. dt:  0.25 ms | #newton:  1 | ph:  0.0% | #CG/newton: 2454 | ls (cap|max|inv|bt):  0| 0| 0| 0| runtime: 1150.1 ms | cr: 4600.5
    1798. dt:  0.25 ms | #newton:  1 | ph:  0.0% | #CG/newton: 2444 | ls (cap|max|inv|bt):  0| 0| 0| 0| runtime: 1137.2 ms | cr: 4548.9
    1799. dt:  0.25 ms | #newton:  1 | ph:  0.0% | #CG/newton: 2452 | ls (cap|max|inv|bt):  0| 0| 0| 0| runtime: 1140.9 ms | cr: 4563.6
    1800. dt:  0.25 ms | #newton:  1 | ph:  0.0% | #CG/newton: 2453 | ls (cap|max|inv|bt):  0| 0| 0| 0| runtime: 1149.3 ms | cr: 4597.4
    1801. dt:  0.25 ms | #newton:  1 | ph:  0.0% | #CG/newton: 2455 | ls (cap|max|inv|bt):  0| 0| 0| 0| runtime: 1188.2 ms | cr: 4752.9
    1802. dt:  0.25 ms | #newton:  1 | ph:  0.0% | #CG/newton: 2462 | ls (cap|max|inv|bt):  0| 0| 0| 0| runtime: 1145.5 ms | cr: 4582.1
    1803. dt:  0.25 ms | #newton:  1 | ph:  0.0% | #CG/newton: 2452 | ls (cap|max|inv|bt):  0| 0| 0| 0| runtime: 1138.5 ms | cr: 4553.9
    1804. dt:  0.25 ms | #newton:  1 | ph:  0.0% | #CG/newton: 2448 | ls (cap|max|inv|bt):  0| 0| 0| 0| runtime: 1144.5 ms | cr: 4578.1
    1805. dt:  0.25 ms | #newton:  1 | ph:  0.0% | #CG/newton: 2447 | ls (cap|max|inv|bt):  0| 0| 0| 0| runtime: 1142.9 ms | cr: 4571.6
    1806. dt:  0.25 ms | #newton:  1 | ph:  0.0% | #CG/newton: 2460 | ls (cap|max|inv|bt):  0| 0| 0| 0| runtime: 1144.7 ms | cr: 4578.9
    1807. dt:  0.25 ms | #newton:  1 | ph:  0.0% | #CG/newton: 2444 | ls (cap|max|inv|bt):  0| 0| 0| 0| runtime: 1147.7 ms | cr: 4591.0
    1808. dt:  0.25 ms | #newton:  1 | ph:  0.0% | #CG/newton: 2452 | ls (cap|max|inv|bt):  0| 0| 0| 0| runtime: 1141.6 ms | cr: 4566.4
    1809. dt:  0.25 ms | #newton:  1 | ph:  0.0% | #CG/newton: 2446 | ls (cap|max|inv|bt):  0| 0| 0| 0| runtime: 1147.6 ms | cr: 4590.3
    1810. dt:  0.25 ms | #newton:  1 | ph:  0.0% | #CG/newton: 2458 | ls (cap|max|inv|bt):  0| 0| 0| 0| runtime: 1158.9 ms | cr: 4635.6
    1811. dt:  0.25 ms | #newton:  1 | ph:  0.0% | #CG/newton: 2448 | ls (cap|max|inv|bt):  0| 0| 0| 0| runtime: 1146.5 ms | cr: 4586.0
    1812. dt:  0.25 ms | #newton:  1 | ph:  0.0% | #CG/newton: 2439 | ls (cap|max|inv|bt):  0| 0| 0| 0| runtime: 1141.3 ms | cr: 4565.2
    1813. dt:  0.25 ms | #newton:  1 | ph:  0.0% | #CG/newton: 2443 | ls (cap|max|inv|bt):  0| 0| 0| 0| runtime: 1145.2 ms | cr: 4581.0
    1814. dt:  0.25 ms | #newton:  1 | ph:  0.0% | #CG/newton: 2456 | ls (cap|max|inv|bt):  0| 0| 0| 0| runtime: 1147.3 ms | cr: 4589.3
    1815. dt:  0.25 ms | #newton:  1 | ph:  0.0% | #CG/newton: 2433 | ls (cap|max|inv|bt):  0| 0| 0| 0| runtime: 1135.6 ms | cr: 4542.4
    1816. dt:  0.25 ms | #newton:  1 | ph:  0.0% | #CG/newton: 2456 | ls (cap|max|inv|bt):  0| 0| 0| 0| runtime: 1145.3 ms | cr: 4581.3
    1817. dt:  0.25 ms | #newton:  1 | ph:  0.0% | #CG/newton: 2457 | ls (cap|max|inv|bt):  0| 0| 0| 0| runtime: 1147.3 ms | cr: 4589.4
    1818. dt:  0.25 ms | #newton:  1 | ph:  0.0% | #CG/newton: 2454 | ls (cap|max|inv|bt):  0| 0| 0| 0| runtime: 1143.8 ms | cr: 4575.2
    1819. dt:  0.25 ms | #newton:  1 | ph:  0.0% | #CG/newton: 2437 | ls (cap|max|inv|bt):  0| 0| 0| 0| runtime: 1145.4 ms | cr: 4581.5
    1820. dt:  0.25 ms | #newton:  1 | ph:  0.0% | #CG/newton: 2451 | ls (cap|max|inv|bt):  0| 0| 0| 0| runtime: 1130.5 ms | cr: 4522.2
    1821. dt:  0.25 ms | #newton:  1 | ph:  0.0% | #CG/newton: 2443 | ls (cap|max|inv|bt):  0| 0| 0| 0| runtime: 1131.3 ms | cr: 4525.0
    1822. dt:  0.25 ms | #newton:  1 | ph:  0.0% | #CG/newton: 2705 | ls (cap|max|inv|bt):  0| 0| 0| 0| runtime: 1249.2 ms | cr: 4996.7
    1823. dt:  0.25 ms | #newton:  1 | ph:  0.0% | #CG/newton: 2817 | ls (cap|max|inv|bt):  0| 0| 0| 0| runtime: 1274.6 ms | cr: 5098.5
    1824. dt:  0.25 ms | #newton:  1 | ph:  0.0% | #CG/newton: 2822 | ls (cap|max|inv|bt):  0| 0| 0| 0| runtime: 1277.2 ms | cr: 5108.9
    1825. dt:  0.25 ms | #newton:  1 | ph:  0.0% | #CG/newton: 2829 | ls (cap|max|inv|bt):  0| 0| 0| 0| runtime: 1291.6 ms | cr: 5166.6
    1826. dt:  0.25 ms | #newton:  1 | ph:  0.0% | #CG/newton: 2827 | ls (cap|max|inv|bt):  0| 0| 0| 0| runtime: 1283.8 ms | cr: 5135.0
    1827. dt:  0.25 ms | #newton:  1 | ph:  0.0% | #CG/newton: 2850 | ls (cap|max|inv|bt):  0| 0| 0| 0| runtime: 1295.5 ms | cr: 5181.9
    1828. dt:  0.25 ms | #newton:  1 | ph:  0.0% | #CG/newton: 2458 | ls (cap|max|inv|bt):  0| 0| 0| 0| runtime: 1182.7 ms | cr: 4730.7
    1829. dt:  0.25 ms | #newton:  1 | ph:  0.0% | #CG/newton: 2443 | ls (cap|max|inv|bt):  0| 0| 0| 0| runtime: 1141.8 ms | cr: 4567.3
    1830. dt:  0.25 ms | #newton:  1 | ph:  0.0% | #CG/newton: 2445 | ls (cap|max|inv|bt):  0| 0| 0| 0| runtime: 1138.2 ms | cr: 4553.0
    1831. dt:  0.25 ms | #newton:  1 | ph:  0.0% | #CG/newton: 2451 | ls (cap|max|inv|bt):  0| 0| 0| 0| runtime: 1130.8 ms | cr: 4523.3
    1832. dt:  0.25 ms | #newton:  1 | ph:  0.0% | #CG/newton: 2451 | ls (cap|max|inv|bt):  0| 0| 0| 0| runtime: 1135.1 ms | cr: 4540.2
    1833. dt:  0.25 ms | #newton:  1 | ph:  0.0% | #CG/newton: 2455 | ls (cap|max|inv|bt):  0| 0| 0| 0| runtime: 1138.0 ms | cr: 4551.9
    1834. dt:  0.25 ms | #newton:  1 | ph:  0.0% | #CG/newton: 2836 | ls (cap|max|inv|bt):  0| 0| 0| 0| runtime: 1290.2 ms | cr: 5161.0
    1835. dt:  0.25 ms | #newton:  1 | ph:  0.0% | #CG/newton: 2807 | ls (cap|max|inv|bt):  0| 0| 0| 0| runtime: 1274.0 ms | cr: 5095.9
    1836. dt:  0.25 ms | #newton:  1 | ph:  0.0% | #CG/newton: 2821 | ls (cap|max|inv|bt):  0| 0| 0| 0| runtime: 1287.4 ms | cr: 5149.8
    1837. dt:  0.25 ms | #newton:  1 | ph:  0.0% | #CG/newton: 2824 | ls (cap|max|inv|bt):  0| 0| 0| 0| runtime: 1283.3 ms | cr: 5133.2
    1838. dt:  0.25 ms | #newton:  1 | ph:  0.0% | #CG/newton: 2829 | ls (cap|max|inv|bt):  0| 0| 0| 0| runtime: 1292.2 ms | cr: 5168.8
    1839. dt:  0.25 ms | #newton:  1 | ph:  0.0% | #CG/newton: 2826 | ls (cap|max|inv|bt):  0| 0| 0| 0| runtime: 1287.0 ms | cr: 5148.2
    1840. dt:  0.25 ms | #newton:  1 | ph:  0.0% | #CG/newton: 2848 | ls (cap|max|inv|bt):  0| 0| 0| 0| runtime: 1299.9 ms | cr: 5199.5
    1841. dt:  0.25 ms | #newton:  1 | ph:  0.0% | #CG/newton: 2838 | ls (cap|max|inv|bt):  0| 0| 0| 0| runtime: 1289.5 ms | cr: 5158.0
    1842. dt:  0.25 ms | #newton:  1 | ph:  0.0% | #CG/newton: 2687 | ls (cap|max|inv|bt):  0| 0| 0| 0| runtime: 1236.3 ms | cr: 4945.0
    1843. dt:  0.25 ms | #newton:  1 | ph:  0.0% | #CG/newton: 2849 | ls (cap|max|inv|bt):  0| 0| 0| 0| runtime: 1291.1 ms | cr: 5164.4
    1844. dt:  0.25 ms | #newton:  1 | ph:  0.0% | #CG/newton: 2443 | ls (cap|max|inv|bt):  0| 0| 0| 0| runtime: 1137.4 ms | cr: 4549.6
    1845. dt:  0.25 ms | #newton:  1 | ph:  0.0% | #CG/newton: 2424 | ls (cap|max|inv|bt):  0| 0| 0| 0| runtime: 1129.6 ms | cr: 4518.4
    1846. dt:  0.25 ms | #newton:  1 | ph:  0.0% | #CG/newton: 2453 | ls (cap|max|inv|bt):  0| 0| 0| 0| runtime: 1140.2 ms | cr: 4561.0
    1847. dt:  0.25 ms | #newton:  1 | ph:  0.0% | #CG/newton: 2457 | ls (cap|max|inv|bt):  0| 0| 0| 0| runtime: 1150.8 ms | cr: 4603.4
    1848. dt:  0.25 ms | #newton:  1 | ph:  0.0% | #CG/newton: 2455 | ls (cap|max|inv|bt):  0| 0| 0| 0| runtime: 1146.2 ms | cr: 4584.8
    1849. dt:  0.25 ms | #newton:  1 | ph:  0.0% | #CG/newton: 2451 | ls (cap|max|inv|bt):  0| 0| 0| 0| runtime: 1128.8 ms | cr: 4515.3
    1850. dt:  0.25 ms | #newton:  1 | ph:  0.0% | #CG/newton: 2460 | ls (cap|max|inv|bt):  0| 0| 0| 0| runtime: 1147.3 ms | cr: 4589.3
    1851. dt:  0.25 ms | #newton:  1 | ph:  0.0% | #CG/newton: 2471 | ls (cap|max|inv|bt):  0| 0| 0| 0| runtime: 1153.9 ms | cr: 4615.7
    1852. dt:  0.25 ms | #newton:  1 | ph:  0.0% | #CG/newton: 2469 | ls (cap|max|inv|bt):  0| 0| 0| 0| runtime: 1146.4 ms | cr: 4585.8
    1853. dt:  0.25 ms | #newton:  1 | ph:  0.0% | #CG/newton: 2463 | ls (cap|max|inv|bt):  0| 0| 0| 0| runtime: 1146.5 ms | cr: 4586.1
    1854. dt:  0.25 ms | #newton:  1 | ph:  0.0% | #CG/newton: 2444 | ls (cap|max|inv|bt):  0| 0| 0| 0| runtime: 1146.7 ms | cr: 4586.7
    1855. dt:  0.25 ms | #newton:  1 | ph:  0.0% | #CG/newton: 2464 | ls (cap|max|inv|bt):  0| 0| 0| 0| runtime: 1152.6 ms | cr: 4610.2
    1856. dt:  0.25 ms | #newton:  1 | ph:  0.0% | #CG/newton: 2462 | ls (cap|max|inv|bt):  0| 0| 0| 0| runtime: 1140.7 ms | cr: 4562.7
    1857. dt:  0.25 ms | #newton:  1 | ph:  0.0% | #CG/newton: 2442 | ls (cap|max|inv|bt):  0| 0| 0| 0| runtime: 1139.9 ms | cr: 4559.8
    1858. dt:  0.25 ms | #newton:  1 | ph:  0.0% | #CG/newton: 2442 | ls (cap|max|inv|bt):  0| 0| 0| 0| runtime: 1117.8 ms | cr: 4471.0
    1859. dt:  0.25 ms | #newton:  1 | ph:  0.0% | #CG/newton: 2465 | ls (cap|max|inv|bt):  0| 0| 0| 0| runtime: 1147.9 ms | cr: 4591.6
    1860. dt:  0.25 ms | #newton:  1 | ph:  0.0% | #CG/newton: 2436 | ls (cap|max|inv|bt):  0| 0| 0| 0| runtime: 1123.5 ms | cr: 4494.1
    1861. dt:  0.25 ms | #newton:  1 | ph:  0.0% | #CG/newton: 2452 | ls (cap|max|inv|bt):  0| 0| 0| 0| runtime: 1146.9 ms | cr: 4587.7
    1862. dt:  0.25 ms | #newton:  1 | ph:  0.0% | #CG/newton: 2468 | ls (cap|max|inv|bt):  0| 0| 0| 0| runtime: 1138.8 ms | cr: 4555.2
    1863. dt:  0.25 ms | #newton:  1 | ph:  0.0% | #CG/newton: 2453 | ls (cap|max|inv|bt):  0| 0| 0| 0| runtime: 1143.4 ms | cr: 4573.6
    1864. dt:  0.25 ms | #newton:  1 | ph:  0.0% | #CG/newton: 2428 | ls (cap|max|inv|bt):  0| 0| 0| 0| runtime: 1142.5 ms | cr: 4570.0
    1865. dt:  0.25 ms | #newton:  1 | ph:  0.0% | #CG/newton: 2410 | ls (cap|max|inv|bt):  0| 0| 0| 0| runtime: 1128.1 ms | cr: 4512.6
    1866. dt:  0.25 ms | #newton:  1 | ph:  0.0% | #CG/newton: 2246 | ls (cap|max|inv|bt):  0| 0| 0| 0| runtime: 1061.8 ms | cr: 4247.2
[Frame: 14] Time: 0.467 s
    1867. dt:  0.25 ms | #newton:  1 | ph:  0.0% | #CG/newton: 2274 | ls (cap|max|inv|bt):  0| 0| 0| 0| runtime: 1073.1 ms | cr: 4292.3
    1868. dt:  0.25 ms | #newton:  1 | ph:  0.0% | #CG/newton: 2250 | ls (cap|max|inv|bt):  0| 0| 0| 0| runtime: 1053.7 ms | cr: 4214.8
    1869. dt:  0.25 ms | #newton:  1 | ph:  0.0% | #CG/newton: 2246 | ls (cap|max|inv|bt):  0| 0| 0| 0| runtime: 1073.7 ms | cr: 4294.8
    1870. dt:  0.25 ms | #newton:  1 | ph:  0.0% | #CG/newton: 2231 | ls (cap|max|inv|bt):  0| 0| 0| 0| runtime: 1053.5 ms | cr: 4214.1
    1871. dt:  0.25 ms | #newton:  1 | ph:  0.0% | #CG/newton: 2214 | ls (cap|max|inv|bt):  0| 0| 0| 0| runtime: 1044.5 ms | cr: 4178.1
    1872. dt:  0.25 ms | #newton:  1 | ph:  0.0% | #CG/newton: 2251 | ls (cap|max|inv|bt):  0| 0| 0| 0| runtime: 1068.0 ms | cr: 4272.2
    1873. dt:  0.25 ms | #newton:  1 | ph:  0.0% | #CG/newton: 2235 | ls (cap|max|inv|bt):  0| 0| 0| 0| runtime: 1046.8 ms | cr: 4187.0
    1874. dt:  0.25 ms | #newton:  1 | ph:  0.0% | #CG/newton: 2251 | ls (cap|max|inv|bt):  0| 0| 0| 0| runtime: 1066.7 ms | cr: 4266.8
    1875. dt:  0.25 ms | #newton:  1 | ph:  0.0% | #CG/newton: 2298 | ls (cap|max|inv|bt):  0| 0| 0| 0| runtime: 1081.3 ms | cr: 4325.3
    1876. dt:  0.25 ms | #newton:  1 | ph:  0.0% | #CG/newton: 2343 | ls (cap|max|inv|bt):  0| 0| 0| 0| runtime: 1095.2 ms | cr: 4380.9
    1877. dt:  0.25 ms | #newton:  1 | ph:  0.0% | #CG/newton: 2266 | ls (cap|max|inv|bt):  0| 0| 0| 0| runtime: 1066.0 ms | cr: 4263.9
    1878. dt:  0.25 ms | #newton:  1 | ph:  0.0% | #CG/newton: 2346 | ls (cap|max|inv|bt):  0| 0| 0| 0| runtime: 1110.0 ms | cr: 4439.8
    1879. dt:  0.25 ms | #newton:  1 | ph:  0.0% | #CG/newton: 2276 | ls (cap|max|inv|bt):  0| 0| 0| 0| runtime: 1076.5 ms | cr: 4306.0
    1880. dt:  0.25 ms | #newton:  1 | ph:  0.0% | #CG/newton: 2303 | ls (cap|max|inv|bt):  0| 0| 0| 0| runtime: 1091.6 ms | cr: 4366.3
    1881. dt:  0.25 ms | #newton:  1 | ph:  0.0% | #CG/newton: 2208 | ls (cap|max|inv|bt):  0| 0| 0| 0| runtime: 1039.1 ms | cr: 4156.3
    1882. dt:  0.25 ms | #newton:  1 | ph:  0.0% | #CG/newton: 2267 | ls (cap|max|inv|bt):  0| 0| 0| 0| runtime: 1066.8 ms | cr: 4267.1
    1883. dt:  0.25 ms | #newton:  1 | ph:  0.0% | #CG/newton: 2325 | ls (cap|max|inv|bt):  0| 0| 0| 0| runtime: 1093.9 ms | cr: 4375.5
    1884. dt:  0.25 ms | #newton:  1 | ph:  0.0% | #CG/newton: 2280 | ls (cap|max|inv|bt):  0| 0| 0| 0| runtime: 1079.0 ms | cr: 4316.0
    1885. dt:  0.25 ms | #newton:  1 | ph:  0.0% | #CG/newton: 2319 | ls (cap|max|inv|bt):  0| 0| 0| 0| runtime: 1090.8 ms | cr: 4363.3
    1886. dt:  0.25 ms | #newton:  1 | ph:  0.0% | #CG/newton: 2207 | ls (cap|max|inv|bt):  0| 0| 0| 0| runtime: 1042.3 ms | cr: 4169.3
    1887. dt:  0.25 ms | #newton:  1 | ph:  0.0% | #CG/newton: 2313 | ls (cap|max|inv|bt):  0| 0| 0| 0| runtime: 1089.4 ms | cr: 4357.5
    1888. dt:  0.25 ms | #newton:  1 | ph:  0.0% | #CG/newton: 2335 | ls (cap|max|inv|bt):  0| 0| 0| 0| runtime: 1098.6 ms | cr: 4394.4
    1889. dt:  0.25 ms | #newton:  1 | ph:  0.0% | #CG/newton: 2264 | ls (cap|max|inv|bt):  0| 0| 0| 0| runtime: 1071.3 ms | cr: 4285.3
    1890. dt:  0.25 ms | #newton:  1 | ph:  0.0% | #CG/newton: 2344 | ls (cap|max|inv|bt):  0| 0| 0| 0| runtime: 1097.2 ms | cr: 4388.7
    1891. dt:  0.25 ms | #newton:  1 | ph:  0.0% | #CG/newton: 2228 | ls (cap|max|inv|bt):  0| 0| 0| 0| runtime: 1050.7 ms | cr: 4202.9
    1892. dt:  0.25 ms | #newton:  1 | ph:  0.0% | #CG/newton: 2264 | ls (cap|max|inv|bt):  0| 0| 0| 0| runtime: 1025.2 ms | cr: 4100.8
    1893. dt:  0.25 ms | #newton:  1 | ph:  0.0% | #CG/newton: 2206 | ls (cap|max|inv|bt):  0| 0| 0| 0| runtime: 1022.1 ms | cr: 4088.4
    1894. dt:  0.25 ms | #newton:  1 | ph:  0.0% | #CG/newton: 2249 | ls (cap|max|inv|bt):  0| 0| 0| 0| runtime: 1071.3 ms | cr: 4285.3
    1895. dt:  0.25 ms | #newton:  1 | ph:  0.0% | #CG/newton: 2249 | ls (cap|max|inv|bt):  0| 0| 0| 0| runtime: 1064.7 ms | cr: 4258.8
    1896. dt:  0.25 ms | #newton:  1 | ph:  0.0% | #CG/newton: 2274 | ls (cap|max|inv|bt):  0| 0| 0| 0| runtime: 1077.8 ms | cr: 4311.0
    1897. dt:  0.25 ms | #newton:  1 | ph:  0.0% | #CG/newton: 2228 | ls (cap|max|inv|bt):  0| 0| 0| 0| runtime: 1060.7 ms | cr: 4243.0
    1898. dt:  0.25 ms | #newton:  1 | ph:  0.0% | #CG/newton: 2246 | ls (cap|max|inv|bt):  0| 0| 0| 0| runtime: 1063.4 ms | cr: 4253.6
    1899. dt:  0.25 ms | #newton:  1 | ph:  0.0% | #CG/newton: 2237 | ls (cap|max|inv|bt):  0| 0| 0| 0| runtime: 1066.0 ms | cr: 4264.1
    1900. dt:  0.25 ms | #newton:  1 | ph:  0.0% | #CG/newton: 2210 | ls (cap|max|inv|bt):  0| 0| 0| 0| runtime: 1054.2 ms | cr: 4216.8
    1901. dt:  0.25 ms | #newton:  1 | ph:  0.0% | #CG/newton: 2205 | ls (cap|max|inv|bt):  0| 0| 0| 0| runtime: 1059.0 ms | cr: 4236.0
    1902. dt:  0.25 ms | #newton:  1 | ph:  0.0% | #CG/newton: 2222 | ls (cap|max|inv|bt):  0| 0| 0| 0| runtime: 1055.2 ms | cr: 4220.9
    1903. dt:  0.25 ms | #newton:  1 | ph:  0.0% | #CG/newton: 2206 | ls (cap|max|inv|bt):  0| 0| 0| 0| runtime: 1048.8 ms | cr: 4195.4
    1904. dt:  0.25 ms | #newton:  1 | ph:  0.0% | #CG/newton: 2247 | ls (cap|max|inv|bt):  0| 0| 0| 0| runtime: 1004.0 ms | cr: 4016.0
    1905. dt:  0.25 ms | #newton:  1 | ph:  0.0% | #CG/newton: 2232 | ls (cap|max|inv|bt):  0| 0| 0| 0| runtime: 1048.2 ms | cr: 4192.8
    1906. dt:  0.25 ms | #newton:  1 | ph:  0.0% | #CG/newton: 2208 | ls (cap|max|inv|bt):  0| 0| 0| 0| runtime: 1069.5 ms | cr: 4278.1
    1907. dt:  0.25 ms | #newton:  1 | ph:  0.0% | #CG/newton: 2386 | ls (cap|max|inv|bt):  0| 0| 0| 0| runtime: 1126.0 ms | cr: 4503.8
    1908. dt:  0.25 ms | #newton:  1 | ph:  0.0% | #CG/newton: 2394 | ls (cap|max|inv|bt):  0| 0| 0| 0| runtime: 1119.8 ms | cr: 4479.3
    1909. dt:  0.25 ms | #newton:  1 | ph:  0.0% | #CG/newton: 2471 | ls (cap|max|inv|bt):  0| 0| 0| 0| runtime: 1149.9 ms | cr: 4599.7
    1910. dt:  0.25 ms | #newton:  1 | ph:  0.0% | #CG/newton: 2390 | ls (cap|max|inv|bt):  0| 0| 0| 0| runtime: 1117.6 ms | cr: 4470.3
    1911. dt:  0.25 ms | #newton:  1 | ph:  0.0% | #CG/newton: 2433 | ls (cap|max|inv|bt):  0| 0| 0| 0| runtime: 1132.7 ms | cr: 4530.7
    1912. dt:  0.25 ms | #newton:  1 | ph:  0.0% | #CG/newton: 2388 | ls (cap|max|inv|bt):  0| 0| 0| 0| runtime: 1111.6 ms | cr: 4446.4
    1913. dt:  0.25 ms | #newton:  1 | ph:  0.0% | #CG/newton: 2680 | ls (cap|max|inv|bt):  0| 0| 0| 0| runtime: 1237.8 ms | cr: 4951.0
    1914. dt:  0.25 ms | #newton:  1 | ph:  0.0% | #CG/newton: 2598 | ls (cap|max|inv|bt):  0| 0| 0| 0| runtime: 1202.2 ms | cr: 4808.7
    1915. dt:  0.25 ms | #newton:  1 | ph:  0.0% | #CG/newton: 2462 | ls (cap|max|inv|bt):  0| 0| 0| 0| runtime: 1135.7 ms | cr: 4542.7
    1916. dt:  0.25 ms | #newton:  1 | ph:  0.0% | #CG/newton: 2472 | ls (cap|max|inv|bt):  0| 0| 0| 0| runtime: 1155.2 ms | cr: 4620.7
    1917. dt:  0.25 ms | #newton:  1 | ph:  0.0% | #CG/newton: 2383 | ls (cap|max|inv|bt):  0| 0| 0| 0| runtime: 1076.9 ms | cr: 4307.7
    1918. dt:  0.25 ms | #newton:  1 | ph:  0.0% | #CG/newton: 2452 | ls (cap|max|inv|bt):  0| 0| 0| 0| runtime: 1099.3 ms | cr: 4397.0
    1919. dt:  0.25 ms | #newton:  1 | ph:  0.0% | #CG/newton: 2388 | ls (cap|max|inv|bt):  0| 0| 0| 0| runtime: 1103.0 ms | cr: 4412.2
    1920. dt:  0.25 ms | #newton:  1 | ph:  0.0% | #CG/newton: 2462 | ls (cap|max|inv|bt):  0| 0| 0| 0| runtime: 1159.9 ms | cr: 4639.6
    1921. dt:  0.25 ms | #newton:  1 | ph:  0.0% | #CG/newton: 2418 | ls (cap|max|inv|bt):  0| 0| 0| 0| runtime: 1120.3 ms | cr: 4481.1
    1922. dt:  0.25 ms | #newton:  1 | ph:  0.0% | #CG/newton: 2445 | ls (cap|max|inv|bt):  0| 0| 0| 0| runtime: 1114.3 ms | cr: 4457.1
    1923. dt:  0.25 ms | #newton:  1 | ph:  0.0% | #CG/newton: 2384 | ls (cap|max|inv|bt):  0| 0| 0| 0| runtime: 1126.8 ms | cr: 4507.2
    1924. dt:  0.25 ms | #newton:  1 | ph:  0.0% | #CG/newton: 2429 | ls (cap|max|inv|bt):  0| 0| 0| 0| runtime: 1135.4 ms | cr: 4541.4
    1925. dt:  0.25 ms | #newton:  1 | ph:  0.0% | #CG/newton: 2382 | ls (cap|max|inv|bt):  0| 0| 0| 0| runtime: 1110.1 ms | cr: 4440.2
    1926. dt:  0.25 ms | #newton:  1 | ph:  0.0% | #CG/newton: 2673 | ls (cap|max|inv|bt):  0| 0| 0| 0| runtime: 1231.5 ms | cr: 4926.1
    1927. dt:  0.25 ms | #newton:  1 | ph:  0.0% | #CG/newton: 2574 | ls (cap|max|inv|bt):  0| 0| 0| 0| runtime: 1181.0 ms | cr: 4723.9
    1928. dt:  0.25 ms | #newton:  1 | ph:  0.0% | #CG/newton: 2746 | ls (cap|max|inv|bt):  0| 0| 0| 0| runtime: 1267.1 ms | cr: 5068.3
    1929. dt:  0.25 ms | #newton:  1 | ph:  0.0% | #CG/newton: 2811 | ls (cap|max|inv|bt):  0| 0| 0| 0| runtime: 1288.1 ms | cr: 5152.5
    1930. dt:  0.25 ms | #newton:  1 | ph:  0.0% | #CG/newton: 2831 | ls (cap|max|inv|bt):  0| 0| 0| 0| runtime: 1285.5 ms | cr: 5142.0
    1931. dt:  0.25 ms | #newton:  1 | ph:  0.0% | #CG/newton: 2468 | ls (cap|max|inv|bt):  0| 0| 0| 0| runtime: 1158.0 ms | cr: 4631.8
    1932. dt:  0.25 ms | #newton:  1 | ph:  0.0% | #CG/newton: 2461 | ls (cap|max|inv|bt):  0| 0| 0| 0| runtime: 1134.9 ms | cr: 4539.6
    1933. dt:  0.25 ms | #newton:  1 | ph:  0.0% | #CG/newton: 2462 | ls (cap|max|inv|bt):  0| 0| 0| 0| runtime: 1181.8 ms | cr: 4727.2
    1934. dt:  0.25 ms | #newton:  1 | ph:  0.0% | #CG/newton: 2454 | ls (cap|max|inv|bt):  0| 0| 0| 0| runtime: 1142.4 ms | cr: 4569.7
    1935. dt:  0.25 ms | #newton:  1 | ph:  0.0% | #CG/newton: 2433 | ls (cap|max|inv|bt):  0| 0| 0| 0| runtime: 1131.5 ms | cr: 4525.9
    1936. dt:  0.25 ms | #newton:  1 | ph:  0.0% | #CG/newton: 2446 | ls (cap|max|inv|bt):  0| 0| 0| 0| runtime: 1124.0 ms | cr: 4495.8
    1937. dt:  0.25 ms | #newton:  1 | ph:  0.0% | #CG/newton: 2464 | ls (cap|max|inv|bt):  0| 0| 0| 0| runtime: 1132.9 ms | cr: 4531.5
    1938. dt:  0.25 ms | #newton:  1 | ph:  0.0% | #CG/newton: 2448 | ls (cap|max|inv|bt):  0| 0| 0| 0| runtime: 1113.3 ms | cr: 4453.3
    1939. dt:  0.25 ms | #newton:  1 | ph:  0.0% | #CG/newton: 2459 | ls (cap|max|inv|bt):  0| 0| 0| 0| runtime: 1138.7 ms | cr: 4554.9
    1940. dt:  0.25 ms | #newton:  1 | ph:  0.0% | #CG/newton: 2463 | ls (cap|max|inv|bt):  0| 0| 0| 0| runtime: 1114.5 ms | cr: 4458.1
    1941. dt:  0.25 ms | #newton:  1 | ph:  0.0% | #CG/newton: 2451 | ls (cap|max|inv|bt):  0| 0| 0| 0| runtime: 1100.6 ms | cr: 4402.3
    1942. dt:  0.25 ms | #newton:  1 | ph:  0.0% | #CG/newton: 2466 | ls (cap|max|inv|bt):  0| 0| 0| 0| runtime: 1105.2 ms | cr: 4420.7
    1943. dt:  0.25 ms | #newton:  1 | ph:  0.0% | #CG/newton: 2464 | ls (cap|max|inv|bt):  0| 0| 0| 0| runtime: 1100.6 ms | cr: 4402.2
    1944. dt:  0.25 ms | #newton:  1 | ph:  0.0% | #CG/newton: 2467 | ls (cap|max|inv|bt):  0| 0| 0| 0| runtime: 1101.3 ms | cr: 4405.1
    1945. dt:  0.25 ms | #newton:  1 | ph:  0.0% | #CG/newton: 2797 | ls (cap|max|inv|bt):  0| 0| 0| 0| runtime: 1243.2 ms | cr: 4972.9
    1946. dt:  0.25 ms | #newton:  1 | ph:  0.0% | #CG/newton: 2807 | ls (cap|max|inv|bt):  0| 0| 0| 0| runtime: 1272.5 ms | cr: 5089.8
    1947. dt:  0.25 ms | #newton:  1 | ph:  0.0% | #CG/newton: 2832 | ls (cap|max|inv|bt):  0| 0| 0| 0| runtime: 1301.5 ms | cr: 5206.2
    1948. dt:  0.25 ms | #newton:  1 | ph:  0.0% | #CG/newton: 2821 | ls (cap|max|inv|bt):  0| 0| 0| 0| runtime: 1295.1 ms | cr: 5180.2
    1949. dt:  0.25 ms | #newton:  1 | ph:  0.0% | #CG/newton: 2800 | ls (cap|max|inv|bt):  0| 0| 0| 0| runtime: 1285.3 ms | cr: 5141.1
    1950. dt:  0.25 ms | #newton:  1 | ph:  0.0% | #CG/newton: 2807 | ls (cap|max|inv|bt):  0| 0| 0| 0| runtime: 1242.6 ms | cr: 4970.4
    1951. dt:  0.25 ms | #newton:  1 | ph:  0.0% | #CG/newton: 2832 | ls (cap|max|inv|bt):  0| 0| 0| 0| runtime: 1236.8 ms | cr: 4947.3
    1952. dt:  0.25 ms | #newton:  1 | ph:  0.0% | #CG/newton: 2815 | ls (cap|max|inv|bt):  0| 0| 0| 0| runtime: 1233.9 ms | cr: 4935.5
    1953. dt:  0.25 ms | #newton:  1 | ph:  0.0% | #CG/newton: 2798 | ls (cap|max|inv|bt):  0| 0| 0| 0| runtime: 1233.3 ms | cr: 4933.1
    1954. dt:  0.25 ms | #newton:  1 | ph:  0.0% | #CG/newton: 2809 | ls (cap|max|inv|bt):  0| 0| 0| 0| runtime: 1279.5 ms | cr: 5117.9
    1955. dt:  0.25 ms | #newton:  1 | ph:  0.0% | #CG/newton: 2833 | ls (cap|max|inv|bt):  0| 0| 0| 0| runtime: 1295.7 ms | cr: 5182.9
    1956. dt:  0.25 ms | #newton:  1 | ph:  0.0% | #CG/newton: 2792 | ls (cap|max|inv|bt):  0| 0| 0| 0| runtime: 1284.5 ms | cr: 5138.1
    1957. dt:  0.25 ms | #newton:  1 | ph:  0.0% | #CG/newton: 2829 | ls (cap|max|inv|bt):  0| 0| 0| 0| runtime: 1292.5 ms | cr: 5170.1
    1958. dt:  0.25 ms | #newton:  1 | ph:  0.0% | #CG/newton: 2814 | ls (cap|max|inv|bt):  0| 0| 0| 0| runtime: 1283.2 ms | cr: 5132.6
    1959. dt:  0.25 ms | #newton:  1 | ph:  0.0% | #CG/newton: 2809 | ls (cap|max|inv|bt):  0| 0| 0| 0| runtime: 1287.5 ms | cr: 5149.9
    1960. dt:  0.25 ms | #newton:  1 | ph:  0.0% | #CG/newton: 2803 | ls (cap|max|inv|bt):  0| 0| 0| 0| runtime: 1293.3 ms | cr: 5173.0
    1961. dt:  0.25 ms | #newton:  1 | ph:  0.0% | #CG/newton: 2801 | ls (cap|max|inv|bt):  0| 0| 0| 0| runtime: 1281.4 ms | cr: 5125.7
    1962. dt:  0.25 ms | #newton:  1 | ph:  0.0% | #CG/newton: 2836 | ls (cap|max|inv|bt):  0| 0| 0| 0| runtime: 1298.8 ms | cr: 5195.2
    1963. dt:  0.25 ms | #newton:  1 | ph:  0.0% | #CG/newton: 2467 | ls (cap|max|inv|bt):  0| 0| 0| 0| runtime: 1144.1 ms | cr: 4576.4
    1964. dt:  0.25 ms | #newton:  1 | ph:  0.0% | #CG/newton: 2455 | ls (cap|max|inv|bt):  0| 0| 0| 0| runtime: 1131.8 ms | cr: 4527.2
    1965. dt:  0.25 ms | #newton:  1 | ph:  0.0% | #CG/newton: 2448 | ls (cap|max|inv|bt):  0| 0| 0| 0| runtime: 1152.4 ms | cr: 4609.4
    1966. dt:  0.25 ms | #newton:  1 | ph:  0.0% | #CG/newton: 2469 | ls (cap|max|inv|bt):  0| 0| 0| 0| runtime: 1161.4 ms | cr: 4645.6
    1967. dt:  0.25 ms | #newton:  1 | ph:  0.0% | #CG/newton: 2455 | ls (cap|max|inv|bt):  0| 0| 0| 0| runtime: 1175.5 ms | cr: 4702.1
    1968. dt:  0.25 ms | #newton:  1 | ph:  0.0% | #CG/newton: 2461 | ls (cap|max|inv|bt):  0| 0| 0| 0| runtime: 1267.7 ms | cr: 5070.7
    1969. dt:  0.25 ms | #newton:  1 | ph:  0.0% | #CG/newton: 2461 | ls (cap|max|inv|bt):  0| 0| 0| 0| runtime: 1141.6 ms | cr: 4566.3
    1970. dt:  0.25 ms | #newton:  1 | ph:  0.0% | #CG/newton: 2462 | ls (cap|max|inv|bt):  0| 0| 0| 0| runtime: 1145.4 ms | cr: 4581.8
    1971. dt:  0.25 ms | #newton:  1 | ph:  0.0% | #CG/newton: 2451 | ls (cap|max|inv|bt):  0| 0| 0| 0| runtime: 1139.5 ms | cr: 4558.0
    1972. dt:  0.25 ms | #newton:  1 | ph:  0.0% | #CG/newton: 2461 | ls (cap|max|inv|bt):  0| 0| 0| 0| runtime: 1168.0 ms | cr: 4672.0
    1973. dt:  0.25 ms | #newton:  1 | ph:  0.0% | #CG/newton: 2462 | ls (cap|max|inv|bt):  0| 0| 0| 0| runtime: 1151.3 ms | cr: 4605.3
    1974. dt:  0.25 ms | #newton:  1 | ph:  0.0% | #CG/newton: 2440 | ls (cap|max|inv|bt):  0| 0| 0| 0| runtime: 1153.4 ms | cr: 4613.5
    1975. dt:  0.25 ms | #newton:  1 | ph:  0.0% | #CG/newton: 2436 | ls (cap|max|inv|bt):  0| 0| 0| 0| runtime: 1127.4 ms | cr: 4509.7
    1976. dt:  0.25 ms | #newton:  1 | ph:  0.0% | #CG/newton: 2458 | ls (cap|max|inv|bt):  0| 0| 0| 0| runtime: 1140.5 ms | cr: 4561.9
    1977. dt:  0.25 ms | #newton:  1 | ph:  0.0% | #CG/newton: 2439 | ls (cap|max|inv|bt):  0| 0| 0| 0| runtime: 1140.1 ms | cr: 4560.3
    1978. dt:  0.25 ms | #newton:  1 | ph:  0.0% | #CG/newton: 2461 | ls (cap|max|inv|bt):  0| 0| 0| 0| runtime: 1136.0 ms | cr: 4544.2
    1979. dt:  0.25 ms | #newton:  1 | ph:  0.0% | #CG/newton: 2458 | ls (cap|max|inv|bt):  0| 0| 0| 0| runtime: 1140.9 ms | cr: 4563.7
    1980. dt:  0.25 ms | #newton:  1 | ph:  0.0% | #CG/newton: 2448 | ls (cap|max|inv|bt):  0| 0| 0| 0| runtime: 1143.9 ms | cr: 4575.5
    1981. dt:  0.25 ms | #newton:  1 | ph:  0.0% | #CG/newton: 2458 | ls (cap|max|inv|bt):  0| 0| 0| 0| runtime: 1141.3 ms | cr: 4565.1
    1982. dt:  0.25 ms | #newton:  1 | ph:  0.0% | #CG/newton: 2462 | ls (cap|max|inv|bt):  0| 0| 0| 0| runtime: 1155.6 ms | cr: 4622.6
    1983. dt:  0.25 ms | #newton:  1 | ph:  0.0% | #CG/newton: 2441 | ls (cap|max|inv|bt):  0| 0| 0| 0| runtime: 1136.7 ms | cr: 4546.9
    1984. dt:  0.25 ms | #newton:  1 | ph:  0.0% | #CG/newton: 2462 | ls (cap|max|inv|bt):  0| 0| 0| 0| runtime: 1112.9 ms | cr: 4451.8
    1985. dt:  0.25 ms | #newton:  1 | ph:  0.0% | #CG/newton: 2465 | ls (cap|max|inv|bt):  0| 0| 0| 0| runtime: 1137.6 ms | cr: 4550.2
    1986. dt:  0.25 ms | #newton:  1 | ph:  0.0% | #CG/newton: 2446 | ls (cap|max|inv|bt):  0| 0| 0| 0| runtime: 1139.5 ms | cr: 4558.1
    1987. dt:  0.25 ms | #newton:  1 | ph:  0.0% | #CG/newton: 2450 | ls (cap|max|inv|bt):  0| 0| 0| 0| runtime: 1143.9 ms | cr: 4575.8
    1988. dt:  0.25 ms | #newton:  1 | ph:  0.0% | #CG/newton: 2454 | ls (cap|max|inv|bt):  0| 0| 0| 0| runtime: 1140.4 ms | cr: 4561.6
    1989. dt:  0.25 ms | #newton:  1 | ph:  0.0% | #CG/newton: 2460 | ls (cap|max|inv|bt):  0| 0| 0| 0| runtime: 1175.7 ms | cr: 4702.7
    1990. dt:  0.25 ms | #newton:  1 | ph:  0.0% | #CG/newton: 2468 | ls (cap|max|inv|bt):  0| 0| 0| 0| runtime: 1145.1 ms | cr: 4580.3
    1991. dt:  0.25 ms | #newton:  1 | ph:  0.0% | #CG/newton: 2460 | ls (cap|max|inv|bt):  0| 0| 0| 0| runtime: 1147.8 ms | cr: 4591.4
    1992. dt:  0.25 ms | #newton:  1 | ph:  0.0% | #CG/newton: 2466 | ls (cap|max|inv|bt):  0| 0| 0| 0| runtime: 1141.7 ms | cr: 4566.9
    1993. dt:  0.25 ms | #newton:  1 | ph:  0.0% | #CG/newton: 2438 | ls (cap|max|inv|bt):  0| 0| 0| 0| runtime: 1143.0 ms | cr: 4571.9
    1994. dt:  0.25 ms | #newton:  1 | ph:  0.0% | #CG/newton: 2453 | ls (cap|max|inv|bt):  0| 0| 0| 0| runtime: 1145.6 ms | cr: 4582.3
    1995. dt:  0.25 ms | #newton:  1 | ph:  0.0% | #CG/newton: 2468 | ls (cap|max|inv|bt):  0| 0| 0| 0| runtime: 1145.7 ms | cr: 4583.0
    1996. dt:  0.25 ms | #newton:  1 | ph:  0.0% | #CG/newton: 2450 | ls (cap|max|inv|bt):  0| 0| 0| 0| runtime: 1150.7 ms | cr: 4602.6
    1997. dt:  0.25 ms | #newton:  1 | ph:  0.0% | #CG/newton: 2469 | ls (cap|max|inv|bt):  0| 0| 0| 0| runtime: 1150.8 ms | cr: 4603.1
    1998. dt:  0.25 ms | #newton:  1 | ph:  0.0% | #CG/newton: 2466 | ls (cap|max|inv|bt):  0| 0| 0| 0| runtime: 1150.5 ms | cr: 4602.0
    1999. dt:  0.25 ms | #newton:  1 | ph:  0.0% | #CG/newton: 2464 | ls (cap|max|inv|bt):  0| 0| 0| 0| runtime: 1156.8 ms | cr: 4627.3
    2000. dt:  0.25 ms | #newton:  1 | ph:  0.0% | #CG/newton: 2468 | ls (cap|max|inv|bt):  0| 0| 0| 0| runtime: 1154.8 ms | cr: 4619.1
[Frame: 15] Time: 0.500 s
    2001. dt:  0.25 ms | #newton:  1 | ph:  0.0% | #CG/newton: 2439 | ls (cap|max|inv|bt):  0| 0| 0| 0| runtime: 1101.1 ms | cr: 4404.4
    2002. dt:  0.25 ms | #newton:  1 | ph:  0.0% | #CG/newton: 2465 | ls (cap|max|inv|bt):  0| 0| 0| 0| runtime: 1135.4 ms | cr: 4541.6
    2003. dt:  0.25 ms | #newton:  1 | ph:  0.0% | #CG/newton: 2455 | ls (cap|max|inv|bt):  0| 0| 0| 0| runtime: 1139.1 ms | cr: 4556.3
    2004. dt:  0.25 ms | #newton:  1 | ph:  0.0% | #CG/newton: 2469 | ls (cap|max|inv|bt):  0| 0| 0| 0| runtime: 1139.4 ms | cr: 4557.5
    2005. dt:  0.25 ms | #newton:  1 | ph:  0.0% | #CG/newton: 2468 | ls (cap|max|inv|bt):  0| 0| 0| 0| runtime: 1148.9 ms | cr: 4595.7
    2006. dt:  0.25 ms | #newton:  1 | ph:  0.0% | #CG/newton: 2467 | ls (cap|max|inv|bt):  0| 0| 0| 0| runtime: 1161.4 ms | cr: 4645.6
    2007. dt:  0.25 ms | #newton:  1 | ph:  0.0% | #CG/newton: 2468 | ls (cap|max|inv|bt):  0| 0| 0| 0| runtime: 1142.5 ms | cr: 4569.9
    2008. dt:  0.25 ms | #newton:  1 | ph:  0.0% | #CG/newton: 2467 | ls (cap|max|inv|bt):  0| 0| 0| 0| runtime: 1151.2 ms | cr: 4604.7
    2009. dt:  0.25 ms | #newton:  1 | ph:  0.0% | #CG/newton: 2473 | ls (cap|max|inv|bt):  0| 0| 0| 0| runtime: 1145.7 ms | cr: 4583.0
    2010. dt:  0.25 ms | #newton:  1 | ph:  0.0% | #CG/newton: 2452 | ls (cap|max|inv|bt):  0| 0| 0| 0| runtime: 1146.5 ms | cr: 4586.1
    2011. dt:  0.25 ms | #newton:  1 | ph:  0.0% | #CG/newton: 2468 | ls (cap|max|inv|bt):  0| 0| 0| 0| runtime: 1153.8 ms | cr: 4615.1
    2012. dt:  0.25 ms | #newton:  1 | ph:  0.0% | #CG/newton: 2454 | ls (cap|max|inv|bt):  0| 0| 0| 0| runtime: 1143.9 ms | cr: 4575.4
    2013. dt:  0.25 ms | #newton:  1 | ph:  0.0% | #CG/newton: 2455 | ls (cap|max|inv|bt):  0| 0| 0| 0| runtime: 1117.7 ms | cr: 4470.7
    2014. dt:  0.25 ms | #newton:  1 | ph:  0.0% | #CG/newton: 2482 | ls (cap|max|inv|bt):  0| 0| 0| 0| runtime: 1118.2 ms | cr: 4472.9
    2015. dt:  0.25 ms | #newton:  1 | ph:  0.0% | #CG/newton: 2427 | ls (cap|max|inv|bt):  0| 0| 0| 0| runtime: 1130.1 ms | cr: 4520.5
    2016. dt:  0.25 ms | #newton:  2 | ph:  0.0% | #CG/newton: 1204 | ls (cap|max|inv|bt):  0| 0| 0| 0| runtime: 1197.7 ms | cr: 4790.8
    2017. dt:  0.25 ms | #newton:  1 | ph:  0.0% | #CG/newton: 2168 | ls (cap|max|inv|bt):  0| 0| 0| 0| runtime: 1025.8 ms | cr: 4103.0
    2018. dt:  0.25 ms | #newton:  1 | ph:  0.0% | #CG/newton: 2469 | ls (cap|max|inv|bt):  0| 0| 0| 0| runtime: 1152.1 ms | cr: 4608.2
    2019. dt:  0.25 ms | #newton:  2 | ph:  0.0% | #CG/newton: 1204 | ls (cap|max|inv|bt):  0| 0| 0| 0| runtime: 1204.5 ms | cr: 4818.2
    2020. dt:  0.25 ms | #newton:  1 | ph:  0.0% | #CG/newton: 2178 | ls (cap|max|inv|bt):  0| 0| 0| 0| runtime: 1042.1 ms | cr: 4168.4
    2021. dt:  0.25 ms | #newton:  2 | ph:  0.0% | #CG/newton: 1112 | ls (cap|max|inv|bt):  0| 0| 0| 0| runtime: 1115.0 ms | cr: 4460.2
    2022. dt:  0.25 ms | #newton:  1 | ph:  0.0% | #CG/newton: 2443 | ls (cap|max|inv|bt):  0| 0| 0| 0| runtime: 1139.4 ms | cr: 4557.5
    2023. dt:  0.25 ms | #newton:  2 | ph:  0.0% | #CG/newton: 1311 | ls (cap|max|inv|bt):  0| 0| 0| 0| runtime: 1257.0 ms | cr: 5028.2
    2024. dt:  0.25 ms | #newton:  1 | ph:  0.0% | #CG/newton: 2171 | ls (cap|max|inv|bt):  0| 0| 0| 0| runtime:  980.5 ms | cr: 3921.9
    2025. dt:  0.25 ms | #newton:  2 | ph:  0.0% | #CG/newton: 1300 | ls (cap|max|inv|bt):  0| 0| 0| 0| runtime: 1240.6 ms | cr: 4962.5
    2026. dt:  0.25 ms | #newton:  1 | ph:  0.0% | #CG/newton: 2152 | ls (cap|max|inv|bt):  0| 0| 0| 0| runtime: 1000.1 ms | cr: 4000.3
    2027. dt:  0.25 ms | #newton:  2 | ph:  0.0% | #CG/newton: 1325 | ls (cap|max|inv|bt):  0| 0| 0| 0| runtime: 1225.9 ms | cr: 4903.7
    2028. dt:  0.25 ms | #newton:  1 | ph:  0.0% | #CG/newton: 2169 | ls (cap|max|inv|bt):  0| 0| 0| 0| runtime:  966.1 ms | cr: 3864.2
    2029. dt:  0.25 ms | #newton:  2 | ph:  0.0% | #CG/newton: 1090 | ls (cap|max|inv|bt):  0| 0| 0| 0| runtime: 1046.8 ms | cr: 4187.2
    2030. dt:  0.25 ms | #newton:  1 | ph:  0.0% | #CG/newton: 2167 | ls (cap|max|inv|bt):  0| 0| 0| 0| runtime:  967.6 ms | cr: 3870.5
    2031. dt:  0.25 ms | #newton:  2 | ph:  0.0% | #CG/newton: 1120 | ls (cap|max|inv|bt):  0| 0| 0| 0| runtime: 1058.9 ms | cr: 4235.7
    2032. dt:  0.25 ms | #newton:  1 | ph:  0.0% | #CG/newton: 2174 | ls (cap|max|inv|bt):  0| 0| 0| 0| runtime:  968.7 ms | cr: 3874.8
    2033. dt:  0.25 ms | #newton:  2 | ph:  0.0% | #CG/newton: 1122 | ls (cap|max|inv|bt):  0| 0| 0| 0| runtime: 1061.4 ms | cr: 4245.5
    2034. dt:  0.25 ms | #newton:  1 | ph:  0.0% | #CG/newton: 2186 | ls (cap|max|inv|bt):  0| 0| 0| 0| runtime:  976.3 ms | cr: 3905.1
    2035. dt:  0.25 ms | #newton:  2 | ph:  0.0% | #CG/newton: 1123 | ls (cap|max|inv|bt):  0| 0| 0| 0| runtime: 1076.0 ms | cr: 4304.2
    2036. dt:  0.25 ms | #newton:  1 | ph:  0.0% | #CG/newton: 2189 | ls (cap|max|inv|bt):  0| 0| 0| 0| runtime:  975.5 ms | cr: 3902.2
    2037. dt:  0.25 ms | #newton:  2 | ph:  0.0% | #CG/newton: 1126 | ls (cap|max|inv|bt):  0| 0| 0| 0| runtime: 1055.8 ms | cr: 4223.3
    2038. dt:  0.25 ms | #newton:  1 | ph:  0.0% | #CG/newton: 2251 | ls (cap|max|inv|bt):  0| 0| 0| 0| runtime:  998.6 ms | cr: 3994.5
    2039. dt:  0.25 ms | #newton:  1 | ph:  0.0% | #CG/newton: 2632 | ls (cap|max|inv|bt):  0| 0| 0| 0| runtime: 1146.8 ms | cr: 4587.0
    2040. dt:  0.25 ms | #newton:  1 | ph:  0.0% | #CG/newton: 2578 | ls (cap|max|inv|bt):  0| 0| 0| 0| runtime: 1121.2 ms | cr: 4485.0
    2041. dt:  0.25 ms | #newton:  1 | ph:  0.0% | #CG/newton: 2454 | ls (cap|max|inv|bt):  0| 0| 0| 0| runtime: 1101.3 ms | cr: 4405.3
    2042. dt:  0.25 ms | #newton:  1 | ph:  0.0% | #CG/newton: 2584 | ls (cap|max|inv|bt):  0| 0| 0| 0| runtime: 1130.5 ms | cr: 4521.9
    2043. dt:  0.25 ms | #newton:  1 | ph:  0.0% | #CG/newton: 2606 | ls (cap|max|inv|bt):  0| 0| 0| 0| runtime: 1139.2 ms | cr: 4556.9
    2044. dt:  0.25 ms | #newton:  1 | ph:  0.0% | #CG/newton: 2665 | ls (cap|max|inv|bt):  0| 0| 0| 0| runtime: 1162.7 ms | cr: 4650.9
    2045. dt:  0.25 ms | #newton:  1 | ph:  0.0% | #CG/newton: 2263 | ls (cap|max|inv|bt):  0| 0| 0| 0| runtime: 1013.0 ms | cr: 4052.0
    2046. dt:  0.25 ms | #newton:  1 | ph:  0.0% | #CG/newton: 2648 | ls (cap|max|inv|bt):  0| 0| 0| 0| runtime: 1145.9 ms | cr: 4583.5
    2047. dt:  0.25 ms | #newton:  1 | ph:  0.0% | #CG/newton: 2273 | ls (cap|max|inv|bt):  0| 0| 0| 0| runtime: 1047.8 ms | cr: 4191.4
    2048. dt:  0.25 ms | #newton:  1 | ph:  0.0% | #CG/newton: 2264 | ls (cap|max|inv|bt):  0| 0| 0| 0| runtime: 1042.6 ms | cr: 4170.5
    2049. dt:  0.25 ms | #newton:  1 | ph:  0.0% | #CG/newton: 2688 | ls (cap|max|inv|bt):  0| 0| 0| 0| runtime: 1181.4 ms | cr: 4725.8
    2050. dt:  0.25 ms | #newton:  1 | ph:  0.0% | #CG/newton: 2485 | ls (cap|max|inv|bt):  0| 0| 0| 0| runtime: 1098.1 ms | cr: 4392.4
    2051. dt:  0.25 ms | #newton:  1 | ph:  0.0% | #CG/newton: 2598 | ls (cap|max|inv|bt):  0| 0| 0| 0| runtime: 1135.0 ms | cr: 4540.1
    2052. dt:  0.25 ms | #newton:  1 | ph:  0.0% | #CG/newton: 2626 | ls (cap|max|inv|bt):  0| 0| 0| 0| runtime: 1137.8 ms | cr: 4551.3
    2053. dt:  0.25 ms | #newton:  1 | ph:  0.0% | #CG/newton: 2477 | ls (cap|max|inv|bt):  0| 0| 0| 0| runtime: 1111.1 ms | cr: 4444.3
    2054. dt:  0.25 ms | #newton:  1 | ph:  0.0% | #CG/newton: 2464 | ls (cap|max|inv|bt):  0| 0| 0| 0| runtime: 1116.6 ms | cr: 4466.6
    2055. dt:  0.25 ms | #newton:  1 | ph:  0.0% | #CG/newton: 2823 | ls (cap|max|inv|bt):  0| 0| 0| 0| runtime: 1232.1 ms | cr: 4928.2
    2056. dt:  0.25 ms | #newton:  1 | ph:  0.0% | #CG/newton: 2822 | ls (cap|max|inv|bt):  0| 0| 0| 0| runtime: 1245.5 ms | cr: 4982.0
    2057. dt:  0.25 ms | #newton:  1 | ph:  0.0% | #CG/newton: 2815 | ls (cap|max|inv|bt):  0| 0| 0| 0| runtime: 1222.7 ms | cr: 4890.9
    2058. dt:  0.25 ms | #newton:  1 | ph:  0.0% | #CG/newton: 2816 | ls (cap|max|inv|bt):  0| 0| 0| 0| runtime: 1254.0 ms | cr: 5016.0
    2059. dt:  0.25 ms | #newton:  1 | ph:  0.0% | #CG/newton: 2830 | ls (cap|max|inv|bt):  0| 0| 0| 0| runtime: 1264.3 ms | cr: 5057.3
    2060. dt:  0.25 ms | #newton:  1 | ph:  0.0% | #CG/newton: 2798 | ls (cap|max|inv|bt):  0| 0| 0| 0| runtime: 1218.8 ms | cr: 4875.1
    2061. dt:  0.25 ms | #newton:  1 | ph:  0.0% | #CG/newton: 2803 | ls (cap|max|inv|bt):  0| 0| 0| 0| runtime: 1237.0 ms | cr: 4947.9
    2062. dt:  0.25 ms | #newton:  1 | ph:  0.0% | #CG/newton: 2862 | ls (cap|max|inv|bt):  0| 0| 0| 0| runtime: 1294.7 ms | cr: 5178.7
    2063. dt:  0.25 ms | #newton:  1 | ph:  0.0% | #CG/newton: 2856 | ls (cap|max|inv|bt):  0| 0| 0| 0| runtime: 1326.9 ms | cr: 5307.7
    2064. dt:  0.25 ms | #newton:  1 | ph:  0.0% | #CG/newton: 3086 | ls (cap|max|inv|bt):  0| 0| 0| 0| runtime: 1395.6 ms | cr: 5582.3
    2065. dt:  0.25 ms | #newton:  1 | ph:  0.0% | #CG/newton: 3070 | ls (cap|max|inv|bt):  0| 0| 0| 0| runtime: 1389.4 ms | cr: 5557.8
    2066. dt:  0.25 ms | #newton:  1 | ph:  0.0% | #CG/newton: 3088 | ls (cap|max|inv|bt):  0| 0| 0| 0| runtime: 1393.5 ms | cr: 5574.2
    2067. dt:  0.25 ms | #newton:  1 | ph:  0.0% | #CG/newton: 3273 | ls (cap|max|inv|bt):  0| 0| 0| 0| runtime: 1450.2 ms | cr: 5800.6
    2068. dt:  0.25 ms | #newton:  1 | ph:  0.0% | #CG/newton: 3049 | ls (cap|max|inv|bt):  0| 0| 0| 0| runtime: 1374.7 ms | cr: 5498.8
    2069. dt:  0.25 ms | #newton:  1 | ph:  0.0% | #CG/newton: 3307 | ls (cap|max|inv|bt):  0| 0| 0| 0| runtime: 1472.0 ms | cr: 5888.0
    2070. dt:  0.25 ms | #newton:  1 | ph:  0.0% | #CG/newton: 3295 | ls (cap|max|inv|bt):  0| 0| 0| 0| runtime: 1463.5 ms | cr: 5854.0
    2071. dt:  0.25 ms | #newton:  1 | ph:  0.0% | #CG/newton: 3270 | ls (cap|max|inv|bt):  0| 0| 0| 0| runtime: 1476.5 ms | cr: 5906.0
    2072. dt:  0.25 ms | #newton:  1 | ph:  0.0% | #CG/newton: 3282 | ls (cap|max|inv|bt):  0| 0| 0| 0| runtime: 1467.5 ms | cr: 5870.1
    2073. dt:  0.25 ms | #newton:  1 | ph:  0.0% | #CG/newton: 3262 | ls (cap|max|inv|bt):  0| 0| 0| 0| runtime: 1465.7 ms | cr: 5862.6
    2074. dt:  0.25 ms | #newton:  1 | ph:  0.0% | #CG/newton: 3251 | ls (cap|max|inv|bt):  0| 0| 0| 0| runtime: 1477.2 ms | cr: 5908.9
    2075. dt:  0.25 ms | #newton:  1 | ph:  0.0% | #CG/newton: 3245 | ls (cap|max|inv|bt):  0| 0| 0| 0| runtime: 1420.5 ms | cr: 5681.8
    2076. dt:  0.25 ms | #newton:  1 | ph:  0.0% | #CG/newton: 3246 | ls (cap|max|inv|bt):  0| 0| 0| 0| runtime: 1451.7 ms | cr: 5806.9
    2077. dt:  0.25 ms | #newton:  1 | ph:  0.0% | #CG/newton: 3235 | ls (cap|max|inv|bt):  0| 0| 0| 0| runtime: 1442.8 ms | cr: 5771.1
    2078. dt:  0.25 ms | #newton:  1 | ph:  0.0% | #CG/newton: 3241 | ls (cap|max|inv|bt):  0| 0| 0| 0| runtime: 1456.3 ms | cr: 5825.2
    2079. dt:  0.25 ms | #newton:  1 | ph:  0.0% | #CG/newton: 3233 | ls (cap|max|inv|bt):  0| 0| 0| 0| runtime: 1452.7 ms | cr: 5811.0
    2080. dt:  0.25 ms | #newton:  1 | ph:  0.0% | #CG/newton: 3226 | ls (cap|max|inv|bt):  0| 0| 0| 0| runtime: 1450.7 ms | cr: 5802.9
    2081. dt:  0.25 ms | #newton:  1 | ph:  0.0% | #CG/newton: 3176 | ls (cap|max|inv|bt):  0| 0| 0| 0| runtime: 1422.7 ms | cr: 5690.7
    2082. dt:  0.25 ms | #newton:  1 | ph:  0.0% | #CG/newton: 3204 | ls (cap|max|inv|bt):  0| 0| 0| 0| runtime: 1440.5 ms | cr: 5762.2
    2083. dt:  0.25 ms | #newton:  1 | ph:  0.0% | #CG/newton: 1438 | ls (cap|max|inv|bt):  0| 0| 0| 0| runtime:  712.8 ms | cr: 2851.2
    2084. dt:  0.25 ms | #newton:  1 | ph:  0.0% | #CG/newton: 1663 | ls (cap|max|inv|bt):  0| 0| 0| 0| runtime:  804.2 ms | cr: 3216.9
    2085. dt:  0.25 ms | #newton:  1 | ph:  0.0% | #CG/newton: 1642 | ls (cap|max|inv|bt):  0| 0| 0| 0| runtime:  799.2 ms | cr: 3196.9
    2086. dt:  0.25 ms | #newton:  1 | ph:  0.0% | #CG/newton: 1631 | ls (cap|max|inv|bt):  0| 0| 0| 0| runtime:  793.5 ms | cr: 3174.0
    2087. dt:  0.25 ms | #newton:  1 | ph:  0.0% | #CG/newton: 1626 | ls (cap|max|inv|bt):  0| 0| 0| 0| runtime:  786.7 ms | cr: 3146.7
    2088. dt:  0.25 ms | #newton:  1 | ph:  0.0% | #CG/newton: 1614 | ls (cap|max|inv|bt):  0| 0| 0| 0| runtime:  790.4 ms | cr: 3161.5
    2089. dt:  0.25 ms | #newton:  1 | ph:  0.0% | #CG/newton: 1594 | ls (cap|max|inv|bt):  0| 0| 0| 0| runtime:  777.1 ms | cr: 3108.3
    2090. dt:  0.25 ms | #newton:  1 | ph:  0.0% | #CG/newton: 1605 | ls (cap|max|inv|bt):  0| 0| 0| 0| runtime:  778.4 ms | cr: 3113.5
    2091. dt:  0.25 ms | #newton:  1 | ph:  0.0% | #CG/newton: 1601 | ls (cap|max|inv|bt):  0| 0| 0| 0| runtime:  779.3 ms | cr: 3117.3
    2092. dt:  0.25 ms | #newton:  1 | ph:  0.0% | #CG/newton: 1600 | ls (cap|max|inv|bt):  0| 0| 0| 0| runtime:  779.2 ms | cr: 3116.7
    2093. dt:  0.25 ms | #newton:  1 | ph:  0.0% | #CG/newton: 1602 | ls (cap|max|inv|bt):  0| 0| 0| 0| runtime:  781.0 ms | cr: 3124.1
    2094. dt:  0.25 ms | #newton:  1 | ph:  0.0% | #CG/newton: 1600 | ls (cap|max|inv|bt):  0| 0| 0| 0| runtime:  778.4 ms | cr: 3113.4
    2095. dt:  0.25 ms | #newton:  1 | ph:  0.0% | #CG/newton: 1607 | ls (cap|max|inv|bt):  0| 0| 0| 0| runtime:  787.2 ms | cr: 3148.9
    2096. dt:  0.25 ms | #newton:  1 | ph:  0.0% | #CG/newton: 1603 | ls (cap|max|inv|bt):  0| 0| 0| 0| runtime:  789.0 ms | cr: 3156.1
    2097. dt:  0.25 ms | #newton:  1 | ph:  0.0% | #CG/newton: 3489 | ls (cap|max|inv|bt):  0| 0| 0| 0| runtime: 1557.0 ms | cr: 6228.1
    2098. dt:  0.25 ms | #newton:  1 | ph:  0.0% | #CG/newton: 3474 | ls (cap|max|inv|bt):  0| 0| 0| 0| runtime: 1541.1 ms | cr: 6164.6
    2099. dt:  0.25 ms | #newton:  1 | ph:  0.0% | #CG/newton: 3443 | ls (cap|max|inv|bt):  0| 0| 0| 0| runtime: 1530.7 ms | cr: 6122.7
    2100. dt:  0.25 ms | #newton:  1 | ph:  0.0% | #CG/newton: 3432 | ls (cap|max|inv|bt):  0| 0| 0| 0| runtime: 1490.5 ms | cr: 5961.8
    2101. dt:  0.25 ms | #newton:  1 | ph:  0.0% | #CG/newton: 3430 | ls (cap|max|inv|bt):  0| 0| 0| 0| runtime: 1490.8 ms | cr: 5963.3
    2102. dt:  0.25 ms | #newton:  1 | ph:  0.0% | #CG/newton: 3429 | ls (cap|max|inv|bt):  0| 0| 0| 0| runtime: 1486.9 ms | cr: 5947.7
    2103. dt:  0.25 ms | #newton:  1 | ph:  0.0% | #CG/newton: 3219 | ls (cap|max|inv|bt):  0| 0| 0| 0| runtime: 1405.0 ms | cr: 5620.1
    2104. dt:  0.25 ms | #newton:  1 | ph:  0.0% | #CG/newton: 3429 | ls (cap|max|inv|bt):  0| 0| 0| 0| runtime: 1484.5 ms | cr: 5938.1
    2105. dt:  0.25 ms | #newton:  1 | ph:  0.0% | #CG/newton: 3424 | ls (cap|max|inv|bt):  0| 0| 0| 0| runtime: 1486.5 ms | cr: 5945.9
    2106. dt:  0.25 ms | #newton:  1 | ph:  0.0% | #CG/newton: 3641 | ls (cap|max|inv|bt):  0| 0| 0| 0| runtime: 1585.8 ms | cr: 6343.1
    2107. dt:  0.25 ms | #newton:  1 | ph:  0.0% | #CG/newton: 3647 | ls (cap|max|inv|bt):  0| 0| 0| 0| runtime: 1555.0 ms | cr: 6220.2
    2108. dt:  0.25 ms | #newton:  1 | ph:  0.0% | #CG/newton: 3649 | ls (cap|max|inv|bt):  0| 0| 0| 0| runtime: 1552.0 ms | cr: 6207.9
    2109. dt:  0.25 ms | #newton:  1 | ph:  0.0% | #CG/newton: 3633 | ls (cap|max|inv|bt):  0| 0| 0| 0| runtime: 1554.2 ms | cr: 6216.8
    2110. dt:  0.25 ms | #newton:  1 | ph:  0.0% | #CG/newton: 3635 | ls (cap|max|inv|bt):  0| 0| 0| 0| runtime: 1610.6 ms | cr: 6442.4
    2111. dt:  0.25 ms | #newton:  1 | ph:  0.0% | #CG/newton: 3594 | ls (cap|max|inv|bt):  0| 0| 0| 0| runtime: 1540.6 ms | cr: 6162.4
    2112. dt:  0.25 ms | #newton:  1 | ph:  0.0% | #CG/newton: 3631 | ls (cap|max|inv|bt):  0| 0| 0| 0| runtime: 1560.9 ms | cr: 6243.5
    2113. dt:  0.25 ms | #newton:  1 | ph:  0.0% | #CG/newton: 3630 | ls (cap|max|inv|bt):  0| 0| 0| 0| runtime: 1568.4 ms | cr: 6273.8
    2114. dt:  0.25 ms | #newton:  1 | ph:  0.0% | #CG/newton: 3619 | ls (cap|max|inv|bt):  0| 0| 0| 0| runtime: 1614.8 ms | cr: 6459.1
    2115. dt:  0.25 ms | #newton:  1 | ph:  0.0% | #CG/newton: 3619 | ls (cap|max|inv|bt):  0| 0| 0| 0| runtime: 1556.5 ms | cr: 6225.8
    2116. dt:  0.25 ms | #newton:  1 | ph:  0.0% | #CG/newton: 3600 | ls (cap|max|inv|bt):  0| 0| 0| 0| runtime: 1549.2 ms | cr: 6196.9
    2117. dt:  0.25 ms | #newton:  1 | ph:  0.0% | #CG/newton: 3603 | ls (cap|max|inv|bt):  0| 0| 0| 0| runtime: 1536.9 ms | cr: 6147.7
    2118. dt:  0.25 ms | #newton:  1 | ph:  0.0% | #CG/newton: 3590 | ls (cap|max|inv|bt):  0| 0| 0| 0| runtime: 1600.7 ms | cr: 6402.7
    2119. dt:  0.25 ms | #newton:  1 | ph:  0.0% | #CG/newton: 3579 | ls (cap|max|inv|bt):  0| 0| 0| 0| runtime: 1558.2 ms | cr: 6232.9
    2120. dt:  0.25 ms | #newton:  1 | ph:  0.0% | #CG/newton: 3576 | ls (cap|max|inv|bt):  0| 0| 0| 0| runtime: 1546.4 ms | cr: 6185.7
    2121. dt:  0.25 ms | #newton:  1 | ph:  0.0% | #CG/newton: 3572 | ls (cap|max|inv|bt):  0| 0| 0| 0| runtime: 1549.9 ms | cr: 6199.7
    2122. dt:  0.25 ms | #newton:  1 | ph:  0.0% | #CG/newton: 3570 | ls (cap|max|inv|bt):  0| 0| 0| 0| runtime: 1550.1 ms | cr: 6200.4
    2123. dt:  0.25 ms | #newton:  1 | ph:  0.0% | #CG/newton: 3567 | ls (cap|max|inv|bt):  0| 0| 0| 0| runtime: 1544.2 ms | cr: 6176.7
    2124. dt:  0.25 ms | #newton:  1 | ph:  0.0% | #CG/newton: 3564 | ls (cap|max|inv|bt):  0| 0| 0| 0| runtime: 1581.6 ms | cr: 6326.4
    2125. dt:  0.25 ms | #newton:  1 | ph:  0.0% | #CG/newton: 3573 | ls (cap|max|inv|bt):  0| 0| 0| 0| runtime: 1537.2 ms | cr: 6148.9
    2126. dt:  0.25 ms | #newton:  1 | ph:  0.0% | #CG/newton: 3560 | ls (cap|max|inv|bt):  0| 0| 0| 0| runtime: 1539.5 ms | cr: 6158.0
    2127. dt:  0.25 ms | #newton:  1 | ph:  0.0% | #CG/newton: 3552 | ls (cap|max|inv|bt):  0| 0| 0| 0| runtime: 1537.2 ms | cr: 6148.7
    2128. dt:  0.25 ms | #newton:  1 | ph:  0.0% | #CG/newton: 3550 | ls (cap|max|inv|bt):  0| 0| 0| 0| runtime: 1534.6 ms | cr: 6138.5
    2129. dt:  0.25 ms | #newton:  1 | ph:  0.0% | #CG/newton: 3547 | ls (cap|max|inv|bt):  0| 0| 0| 0| runtime: 1548.6 ms | cr: 6194.3
    2130. dt:  0.25 ms | #newton:  1 | ph:  0.0% | #CG/newton: 3544 | ls (cap|max|inv|bt):  0| 0| 0| 0| runtime: 1545.7 ms | cr: 6183.0
    2131. dt:  0.25 ms | #newton:  1 | ph:  0.0% | #CG/newton: 3544 | ls (cap|max|inv|bt):  0| 0| 0| 0| runtime: 1532.6 ms | cr: 6130.3
    2132. dt:  0.25 ms | #newton:  1 | ph:  0.0% | #CG/newton: 3544 | ls (cap|max|inv|bt):  0| 0| 0| 0| runtime: 1546.1 ms | cr: 6184.2
    2133. dt:  0.25 ms | #newton:  1 | ph:  0.0% | #CG/newton: 3684 | ls (cap|max|inv|bt):  0| 0| 0| 0| runtime: 1581.4 ms | cr: 6325.5
[Frame: 16] Time: 0.533 s
    2134. dt:  0.25 ms | #newton:  1 | ph:  0.0% | #CG/newton: 3551 | ls (cap|max|inv|bt):  0| 0| 0| 0| runtime: 1548.8 ms | cr: 6195.3
    2135. dt:  0.25 ms | #newton:  1 | ph:  0.0% | #CG/newton: 3548 | ls (cap|max|inv|bt):  0| 0| 0| 0| runtime: 1529.5 ms | cr: 6118.2
    2136. dt:  0.25 ms | #newton:  1 | ph:  0.0% | #CG/newton: 3552 | ls (cap|max|inv|bt):  0| 0| 0| 0| runtime: 1533.9 ms | cr: 6135.7
    2137. dt:  0.25 ms | 
    Penetration couldn't be avoided. Contact stiffness hardened from 1.0e+08 to 2.0e+08.
