
================================== Settings ==============================
Stark Settings
     Output
         simulation_name: "mechanical_eval"
         output_directory: "/Users/wikios/.codex/worktrees/2c13/sim/examples/rotary_transmission/runs/candidate_019_contract_1_6_0/vtk"
         codegen_directory: "/Users/wikios/.codex/worktrees/2c13/sim/examples/rotary_transmission/runs/candidate_019_contract_1_6_0/codegen"
         time_stamp: "2026-08-17__19-27-50"
         fps: 30
         console_verbosity: Summary
         file_verbosity: Full
         enable_frame_writes: true
         enable_output: true
     Simulation
         gravity: (0.000000, 0.000000, -9.810000)
         init_frictional_contact: true
         max_time_step_size: 5.0000e-04
         use_adaptive_time_step: false
         time_step_size_success_multiplier: 1.05
         time_step_size_lower_bound: 1.0e-06
     Newton's Method
         Iteration limits
             max_iterations: 2147483647
             min_iterations: 0
         Convergence
             residual_tolerance_abs: 1.0e-06
             residual_tolerance_rel: 0.0e+00
             step_tolerance: 1.0e-03
             max_iterations_as_success: false
         Line search
             step_cap: inf
             enable_armijo_backtracking: true
             armijo_beta: 1.0e-04
             max_armijo_iterations: 20
             max_invalid_state_iterations: 8
             print_line_search_upon_failure: false
         Hessian projection
             projection_mode: Progressive
             projection_eps: 1.0e-10
             use_mirroring: false
             on_demand_countdown: 4
             ppn_tightening_factor: 0.50
             ppn_release_factor: 2.00
         Linear solver
             solver: BDPCG
             cg_max_iterations: 10000
             cg_abs_tolerance: 1.0e-12
             cg_rel_tolerance: 1.0e-04
             cg_stop_on_indefiniteness: true
             bailout_residual: 1.0e-10
     Execution
         allowed_execution_time: 1.8e+308
         end_simulation_time: 1.8e+308
         end_frame: 2147483647
         n_threads: 5

==================================== SymX ================================
Second Order Potentials:
    EnergyLumpedInertia.............................queued for compilation
    EnergyPrescribedPositions.......................queued for compilation
    EnergyAttachments_d_d_e_e.......................queued for compilation
    EnergySegmentStrain.............................queued for compilation
    friction_d_d_pt_C0..............................queued for compilation
    rb_constraint_global_directions.................queued for compilation
    EnergySegmentStrain_Elasticity_Only.............queued for compilation
    friction_d_d_ee_C0..............................queued for compilation
    EnergyAttachments_rb_d..........................queued for compilation
    contact_d_d_pt_pp_cubic.........................queued for compilation
    EnergyTriangleStrain............................queued for compilation
    contact_d_d_pt_pe_cubic.........................queued for compilation
    rb_constraint_points............................queued for compilation
    friction_rb_rb_pp_C0............................queued for compilation
    contact_rb_rb_ee_ee_cubic.......................queued for compilation
    EnergyTriangleStrain_Elasticity_Only............queued for compilation
    contact_d_d_pt_pt_cubic.........................queued for compilation
    contact_rb_d_pt_pp_cubic........................queued for compilation
    rb_constraint_point_on_axis.....................queued for compilation
    friction_rb_rb_pe_C0............................queued for compilation
    contact_d_d_ee_pp_cubic.........................queued for compilation
    contact_rb_d_pt_pe_cubic........................queued for compilation
    contact_d_d_ee_pe_cubic.........................queued for compilation
    rb_constraint_distances.........................queued for compilation
    EnergyDiscreteShells............................queued for compilation
    contact_d_d_ee_ee_cubic.........................queued for compilation
    contact_rb_d_pt_pt_cubic........................queued for compilation
    EnergyBendingFlat...............................queued for compilation
    friction_rb_rb_pt_C0............................queued for compilation
    rb_constraint_distance_limits...................queued for compilation
    contact_rb_d_pt_ep_cubic........................queued for compilation
    contact_rb_rb_pt_pp_cubic.......................queued for compilation
    contact_rb_d_pt_tp_cubic........................queued for compilation
    rb_constraint_directions........................queued for compilation
    contact_rb_rb_pt_pe_cubic.......................queued for compilation
    rb_constraint_angle_limits......................queued for compilation
    friction_rb_rb_ee_C0............................queued for compilation
    contact_rb_d_ee_pp_cubic........................queued for compilation
    contact_rb_rb_pt_pt_cubic.......................queued for compilation
    EnergyTetStrain.................................queued for compilation
    rb_constraint_damped_spring.....................queued for compilation
    rb_constraint_linear_velocity...................queued for compilation
    friction_rb_d_pp_C0.............................queued for compilation
    rb_constraint_angular_velocity..................queued for compilation
    EnergyAttachments_d_d_p_p.......................queued for compilation
    EnergyAttachments_d_d_p_e.......................queued for compilation
    EnergyAttachments_d_d_p_t.......................queued for compilation
    EnergyTetStrain_Elasticity_Only.................queued for compilation
    contact_rb_d_ee_pe_cubic........................queued for compilation
    EnergyRigidBodyInertia_Linear...................queued for compilation
    EnergyRigidBodyInertia_Angular..................queued for compilation
    friction_rb_d_pe_C0.............................queued for compilation
    rb_constraint_global_points.....................queued for compilation
    contact_rb_d_ee_ee_cubic........................queued for compilation
    friction_d_d_pe_C0..............................queued for compilation
    friction_d_d_pp_C0..............................queued for compilation
    contact_rb_rb_ee_pp_cubic.......................queued for compilation
    friction_rb_d_ep_C0.............................queued for compilation
    friction_rb_d_pt_C0.............................queued for compilation
    contact_rb_d_ee_ep_cubic........................queued for compilation
    friction_rb_d_tp_C0.............................queued for compilation
    contact_rb_rb_ee_pe_cubic.......................queued for compilation
    friction_rb_d_ee_C0.............................queued for compilation
Compiling... done.
Total time: 26.137380 s

Degrees of freedom:
soft.v1: 63825
rigid.v1: 21
rigid.w1: 21
Total: 63867

==================================== STARK ===============================
[Frame: 0] Time: 0.000 s
    0. dt:  0.50 ms | #newton:  2 | ph:  0.0% | #CG/newton: 1828 | ls (cap|max|inv|bt):  0| 0| 0| 0| runtime: 1689.7 ms | cr: 3379.3
    1. dt:  0.50 ms | #newton:  1 | ph:  0.0% | #CG/newton: 4144 | ls (cap|max|inv|bt):  0| 0| 0| 0| runtime: 1859.9 ms | cr: 3719.8
    2. dt:  0.50 ms | #newton:  1 | ph:  0.0% | #CG/newton: 4000 | ls (cap|max|inv|bt):  0| 0| 0| 0| runtime: 1720.9 ms | cr: 3441.9
    3. dt:  0.50 ms | #newton:  1 | ph:  0.0% | #CG/newton: 2066 | ls (cap|max|inv|bt):  0| 0| 0| 0| runtime:  955.6 ms | cr: 1911.3
    4. dt:  0.50 ms | #newton:  1 | ph:  0.0% | #CG/newton: 2042 | ls (cap|max|inv|bt):  0| 0| 0| 0| runtime:  956.7 ms | cr: 1913.5
    5. dt:  0.50 ms | #newton:  1 | ph:  0.0% | #CG/newton: 1790 | ls (cap|max|inv|bt):  0| 0| 0| 0| runtime:  854.0 ms | cr: 1708.0
    6. dt:  0.50 ms | #newton:  0 | ph:  0.0% | #CG/newton:    0 | ls (cap|max|inv|bt):  0| 0| 0| 0| runtime:  675.0 ms | cr: 1349.9
    7. dt:  0.50 ms | #newton:  1 | ph:  0.0% | #CG/newton: 2066 | ls (cap|max|inv|bt):  0| 0| 0| 0| runtime:  958.5 ms | cr: 1917.1
    8. dt:  0.50 ms | #newton:  1 | ph:  0.0% | #CG/newton: 2077 | ls (cap|max|inv|bt):  0| 0| 0| 0| runtime:  958.9 ms | cr: 1917.7
    9. dt:  0.50 ms | #newton:  1 | ph:  0.0% | #CG/newton: 2090 | ls (cap|max|inv|bt):  0| 0| 0| 0| runtime:  961.6 ms | cr: 1923.2
    10. dt:  0.50 ms | #newton:  1 | ph:  0.0% | #CG/newton: 1856 | ls (cap|max|inv|bt):  0| 0| 0| 0| runtime:  890.7 ms | cr: 1781.4
    11. dt:  0.50 ms | #newton:  1 | ph:  0.0% | #CG/newton: 1601 | ls (cap|max|inv|bt):  0| 0| 0| 0| runtime:  787.6 ms | cr: 1575.2
    12. dt:  0.50 ms | #newton:  0 | ph:  0.0% | #CG/newton:    0 | ls (cap|max|inv|bt):  0| 0| 0| 0| runtime:  686.3 ms | cr: 1372.6
    13. dt:  0.50 ms | #newton:  0 | ph:  0.0% | #CG/newton:    0 | ls (cap|max|inv|bt):  0| 0| 0| 0| runtime:  823.0 ms | cr: 1646.1
    14. dt:  0.50 ms | #newton:  0 | ph:  0.0% | #CG/newton:    0 | ls (cap|max|inv|bt):  0| 0| 0| 0| runtime:  797.2 ms | cr: 1594.3
    15. dt:  0.50 ms | #newton:  0 | ph:  0.0% | #CG/newton:    0 | ls (cap|max|inv|bt):  0| 0| 0| 0| runtime:  887.8 ms | cr: 1775.6
    16. dt:  0.50 ms | #newton:  0 | ph:  0.0% | #CG/newton:    0 | ls (cap|max|inv|bt):  0| 0| 0| 0| runtime:  816.3 ms | cr: 1632.6
    17. dt:  0.50 ms | #newton:  0 | ph:  0.0% | #CG/newton:    0 | ls (cap|max|inv|bt):  0| 0| 0| 0| runtime:  825.3 ms | cr: 1650.6
    18. dt:  0.50 ms | #newton:  0 | ph:  0.0% | #CG/newton:    0 | ls (cap|max|inv|bt):  0| 0| 0| 0| runtime:  809.4 ms | cr: 1618.8
    19. dt:  0.50 ms | #newton:  0 | ph:  0.0% | #CG/newton:    0 | ls (cap|max|inv|bt):  0| 0| 0| 0| runtime:  809.5 ms | cr: 1618.9
    20. dt:  0.50 ms | #newton:  0 | ph:  0.0% | #CG/newton:    0 | ls (cap|max|inv|bt):  0| 0| 0| 0| runtime:  823.2 ms | cr: 1646.5
    21. dt:  0.50 ms | #newton:  0 | ph:  0.0% | #CG/newton:    0 | ls (cap|max|inv|bt):  0| 0| 0| 0| runtime:  798.1 ms | cr: 1596.3
    22. dt:  0.50 ms | #newton:  1 | ph:  0.0% | #CG/newton: 1853 | ls (cap|max|inv|bt):  0| 0| 0| 0| runtime:  852.2 ms | cr: 1704.5
    23. dt:  0.50 ms | #newton:  1 | ph:  0.0% | #CG/newton: 1854 | ls (cap|max|inv|bt):  0| 0| 0| 0| runtime:  853.7 ms | cr: 1707.4
    24. dt:  0.50 ms | #newton:  1 | ph:  0.0% | #CG/newton: 1869 | ls (cap|max|inv|bt):  0| 0| 0| 0| runtime:  884.5 ms | cr: 1769.0
    25. dt:  0.50 ms | #newton:  1 | ph:  0.0% | #CG/newton: 1872 | ls (cap|max|inv|bt):  0| 0| 0| 0| runtime:  876.5 ms | cr: 1753.1
    26. dt:  0.50 ms | #newton:  1 | ph:  0.0% | #CG/newton: 1609 | ls (cap|max|inv|bt):  0| 0| 0| 0| runtime:  783.2 ms | cr: 1566.4
    27. dt:  0.50 ms | #newton:  1 | ph:  0.0% | #CG/newton: 1576 | ls (cap|max|inv|bt):  0| 0| 0| 0| runtime:  762.4 ms | cr: 1524.9
    28. dt:  0.50 ms | #newton:  1 | ph:  0.0% | #CG/newton: 1599 | ls (cap|max|inv|bt):  0| 0| 0| 0| runtime:  770.2 ms | cr: 1540.5
    29. dt:  0.50 ms | #newton:  1 | ph:  0.0% | #CG/newton: 1829 | ls (cap|max|inv|bt):  0| 0| 0| 0| runtime:  897.3 ms | cr: 1794.6
    30. dt:  0.50 ms | #newton:  1 | ph:  0.0% | #CG/newton: 1841 | ls (cap|max|inv|bt):  0| 0| 0| 0| runtime:  869.2 ms | cr: 1738.4
    31. dt:  0.50 ms | #newton:  1 | ph:  0.0% | #CG/newton: 1601 | ls (cap|max|inv|bt):  0| 0| 0| 0| runtime:  772.0 ms | cr: 1544.0
    32. dt:  0.50 ms | #newton:  1 | ph:  0.0% | #CG/newton: 1587 | ls (cap|max|inv|bt):  0| 0| 0| 0| runtime:  772.6 ms | cr: 1545.1
    33. dt:  0.50 ms | #newton:  1 | ph:  0.0% | #CG/newton: 1571 | ls (cap|max|inv|bt):  0| 0| 0| 0| runtime:  753.8 ms | cr: 1507.5
    34. dt:  0.50 ms | #newton:  1 | ph:  0.0% | #CG/newton: 1523 | ls (cap|max|inv|bt):  0| 0| 0| 0| runtime:  734.0 ms | cr: 1468.0
    35. dt:  0.50 ms | #newton:  1 | ph:  0.0% | #CG/newton: 1576 | ls (cap|max|inv|bt):  0| 0| 0| 0| runtime:  760.6 ms | cr: 1521.2
    36. dt:  0.50 ms | #newton:  1 | ph:  0.0% | #CG/newton: 1578 | ls (cap|max|inv|bt):  0| 0| 0| 0| runtime:  769.2 ms | cr: 1538.4
    37. dt:  0.50 ms | #newton:  1 | ph:  0.0% | #CG/newton: 1311 | ls (cap|max|inv|bt):  0| 0| 0| 0| runtime:  677.6 ms | cr: 1355.2
    38. dt:  0.50 ms | #newton:  1 | ph:  0.0% | #CG/newton: 1308 | ls (cap|max|inv|bt):  0| 0| 0| 0| runtime:  657.3 ms | cr: 1314.6
    39. dt:  0.50 ms | #newton:  1 | ph:  0.0% | #CG/newton: 1532 | ls (cap|max|inv|bt):  0| 0| 0| 0| runtime:  736.2 ms | cr: 1472.4
    40. dt:  0.50 ms | #newton:  1 | ph:  0.0% | #CG/newton: 1517 | ls (cap|max|inv|bt):  0| 0| 0| 0| runtime:  744.1 ms | cr: 1488.2
    41. dt:  0.50 ms | #newton:  1 | ph:  0.0% | #CG/newton: 1543 | ls (cap|max|inv|bt):  0| 0| 0| 0| runtime:  755.6 ms | cr: 1511.1
    42. dt:  0.50 ms | #newton:  1 | ph:  0.0% | #CG/newton: 1527 | ls (cap|max|inv|bt):  0| 0| 0| 0| runtime:  740.6 ms | cr: 1481.3
    43. dt:  0.50 ms | #newton:  1 | ph:  0.0% | #CG/newton: 1533 | ls (cap|max|inv|bt):  0| 0| 0| 0| runtime:  801.8 ms | cr: 1603.6
    44. dt:  0.50 ms | #newton:  1 | ph:  0.0% | #CG/newton: 1552 | ls (cap|max|inv|bt):  0| 0| 0| 0| runtime:  762.5 ms | cr: 1524.9
    45. dt:  0.50 ms | #newton:  1 | ph:  0.0% | #CG/newton: 1524 | ls (cap|max|inv|bt):  0| 0| 0| 0| runtime:  800.8 ms | cr: 1601.6
    46. dt:  0.50 ms | #newton:  1 | ph:  0.0% | #CG/newton: 1547 | ls (cap|max|inv|bt):  0| 0| 0| 0| runtime:  741.6 ms | cr: 1483.3
    47. dt:  0.50 ms | #newton:  1 | ph:  0.0% | #CG/newton: 1529 | ls (cap|max|inv|bt):  0| 0| 0| 0| runtime:  738.0 ms | cr: 1476.0
    48. dt:  0.50 ms | #newton:  1 | ph:  0.0% | #CG/newton: 1519 | ls (cap|max|inv|bt):  0| 0| 0| 0| runtime:  733.8 ms | cr: 1467.6
    49. dt:  0.50 ms | #newton:  1 | ph:  0.0% | #CG/newton: 1506 | ls (cap|max|inv|bt):  0| 0| 0| 0| runtime:  742.3 ms | cr: 1484.6
    50. dt:  0.50 ms | #newton:  1 | ph:  0.0% | #CG/newton: 1521 | ls (cap|max|inv|bt):  0| 0| 0| 0| runtime:  745.6 ms | cr: 1491.1
    51. dt:  0.50 ms | #newton:  1 | ph:  0.0% | #CG/newton: 1523 | ls (cap|max|inv|bt):  0| 0| 0| 0| runtime:  757.7 ms | cr: 1515.4
    52. dt:  0.50 ms | #newton:  1 | ph:  0.0% | #CG/newton: 1531 | ls (cap|max|inv|bt):  0| 0| 0| 0| runtime:  736.6 ms | cr: 1473.3
    53. dt:  0.50 ms | #newton:  1 | ph:  0.0% | #CG/newton: 1515 | ls (cap|max|inv|bt):  0| 0| 0| 0| runtime:  759.9 ms | cr: 1519.8
    54. dt:  0.50 ms | #newton:  1 | ph:  0.0% | #CG/newton: 1531 | ls (cap|max|inv|bt):  0| 0| 0| 0| runtime:  751.9 ms | cr: 1503.8
    55. dt:  0.50 ms | #newton:  1 | ph:  0.0% | #CG/newton: 1532 | ls (cap|max|inv|bt):  0| 0| 0| 0| runtime:  737.7 ms | cr: 1475.3
    56. dt:  0.50 ms | #newton:  1 | ph:  0.0% | #CG/newton: 1539 | ls (cap|max|inv|bt):  0| 0| 0| 0| runtime:  753.4 ms | cr: 1506.7
    57. dt:  0.50 ms | #newton:  1 | ph:  0.0% | #CG/newton: 1537 | ls (cap|max|inv|bt):  0| 0| 0| 0| runtime:  752.3 ms | cr: 1504.7
    58. dt:  0.50 ms | #newton:  1 | ph:  0.0% | #CG/newton: 1534 | ls (cap|max|inv|bt):  0| 0| 0| 0| runtime:  764.7 ms | cr: 1529.4
    59. dt:  0.50 ms | #newton:  1 | ph:  0.0% | #CG/newton: 1524 | ls (cap|max|inv|bt):  0| 0| 0| 0| runtime:  755.2 ms | cr: 1510.4
    60. dt:  0.50 ms | #newton:  1 | ph:  0.0% | #CG/newton: 1522 | ls (cap|max|inv|bt):  0| 0| 0| 0| runtime:  743.4 ms | cr: 1486.8
    61. dt:  0.50 ms | #newton:  1 | ph:  0.0% | #CG/newton: 1510 | ls (cap|max|inv|bt):  0| 0| 0| 0| runtime:  747.1 ms | cr: 1494.2
    62. dt:  0.50 ms | #newton:  1 | ph:  0.0% | #CG/newton: 1551 | ls (cap|max|inv|bt):  0| 0| 0| 0| runtime:  767.0 ms | cr: 1534.1
    63. dt:  0.50 ms | #newton:  1 | ph:  0.0% | #CG/newton: 1539 | ls (cap|max|inv|bt):  0| 0| 0| 0| runtime:  747.2 ms | cr: 1494.3
    64. dt:  0.50 ms | #newton:  1 | ph:  0.0% | #CG/newton: 1540 | ls (cap|max|inv|bt):  0| 0| 0| 0| runtime:  775.1 ms | cr: 1550.3
    65. dt:  0.50 ms | #newton:  1 | ph:  0.0% | #CG/newton: 1543 | ls (cap|max|inv|bt):  0| 0| 0| 0| runtime:  760.7 ms | cr: 1521.5
    66. dt:  0.50 ms | #newton:  1 | ph:  0.0% | #CG/newton: 1540 | ls (cap|max|inv|bt):  0| 0| 0| 0| runtime:  756.1 ms | cr: 1512.3
[Frame: 1] Time: 0.034 s
    67. dt:  0.50 ms | #newton:  1 | ph:  0.0% | #CG/newton: 1545 | ls (cap|max|inv|bt):  0| 0| 0| 0| runtime:  748.7 ms | cr: 1497.4
    68. dt:  0.50 ms | #newton:  1 | ph:  0.0% | #CG/newton: 1531 | ls (cap|max|inv|bt):  0| 0| 0| 0| runtime:  738.0 ms | cr: 1476.1
    69. dt:  0.50 ms | #newton:  1 | ph:  0.0% | #CG/newton: 1520 | ls (cap|max|inv|bt):  0| 0| 0| 0| runtime:  729.0 ms | cr: 1458.1
    70. dt:  0.50 ms | #newton:  1 | ph:  0.0% | #CG/newton: 1523 | ls (cap|max|inv|bt):  0| 0| 0| 0| runtime:  741.4 ms | cr: 1482.9
    71. dt:  0.50 ms | #newton:  1 | ph:  0.0% | #CG/newton: 1534 | ls (cap|max|inv|bt):  0| 0| 0| 0| runtime:  739.2 ms | cr: 1478.5
    72. dt:  0.50 ms | #newton:  1 | ph:  0.0% | #CG/newton: 1534 | ls (cap|max|inv|bt):  0| 0| 0| 0| runtime:  718.5 ms | cr: 1437.1
    73. dt:  0.50 ms | #newton:  1 | ph:  0.0% | #CG/newton: 1517 | ls (cap|max|inv|bt):  0| 0| 0| 0| runtime:  714.7 ms | cr: 1429.3
    74. dt:  0.50 ms | #newton:  1 | ph:  0.0% | #CG/newton: 1541 | ls (cap|max|inv|bt):  0| 0| 0| 0| runtime:  724.3 ms | cr: 1448.6
    75. dt:  0.50 ms | #newton:  1 | ph:  0.0% | #CG/newton: 1547 | ls (cap|max|inv|bt):  0| 0| 0| 0| runtime:  736.9 ms | cr: 1473.8
    76. dt:  0.50 ms | #newton:  1 | ph:  0.0% | #CG/newton: 1535 | ls (cap|max|inv|bt):  0| 0| 0| 0| runtime:  755.6 ms | cr: 1511.1
    77. dt:  0.50 ms | #newton:  1 | ph:  0.0% | #CG/newton: 1538 | ls (cap|max|inv|bt):  0| 0| 0| 0| runtime:  818.6 ms | cr: 1637.2
    78. dt:  0.50 ms | #newton:  1 | ph:  0.0% | #CG/newton: 1526 | ls (cap|max|inv|bt):  0| 0| 0| 0| runtime:  800.6 ms | cr: 1601.3
    79. dt:  0.50 ms | #newton:  1 | ph:  0.0% | #CG/newton: 1521 | ls (cap|max|inv|bt):  0| 0| 0| 0| runtime:  767.3 ms | cr: 1534.6
    80. dt:  0.50 ms | #newton:  1 | ph:  0.0% | #CG/newton: 1538 | ls (cap|max|inv|bt):  0| 0| 0| 0| runtime:  834.7 ms | cr: 1669.4
    81. dt:  0.50 ms | #newton:  1 | ph:  0.0% | #CG/newton: 1521 | ls (cap|max|inv|bt):  0| 0| 0| 0| runtime:  746.2 ms | cr: 1492.3
    82. dt:  0.50 ms | #newton:  1 | ph:  0.0% | #CG/newton: 1511 | ls (cap|max|inv|bt):  0| 0| 0| 0| runtime:  780.2 ms | cr: 1560.3
    83. dt:  0.50 ms | #newton:  1 | ph:  0.0% | #CG/newton: 1531 | ls (cap|max|inv|bt):  0| 0| 0| 0| runtime:  806.5 ms | cr: 1613.0
    84. dt:  0.50 ms | #newton:  1 | ph:  0.0% | #CG/newton: 1510 | ls (cap|max|inv|bt):  0| 0| 0| 0| runtime:  738.7 ms | cr: 1477.5
    85. dt:  0.50 ms | #newton:  1 | ph:  0.0% | #CG/newton: 1535 | ls (cap|max|inv|bt):  0| 0| 0| 0| runtime:  805.9 ms | cr: 1611.8
    86. dt:  0.50 ms | #newton:  1 | ph:  0.0% | #CG/newton: 1537 | ls (cap|max|inv|bt):  0| 0| 0| 0| runtime:  812.9 ms | cr: 1625.7
    87. dt:  0.50 ms | #newton:  1 | ph:  0.0% | #CG/newton: 1524 | ls (cap|max|inv|bt):  0| 0| 0| 0| runtime:  796.1 ms | cr: 1592.1
    88. dt:  0.50 ms | #newton:  1 | ph:  0.0% | #CG/newton: 1537 | ls (cap|max|inv|bt):  0| 0| 0| 0| runtime:  814.8 ms | cr: 1629.6
    89. dt:  0.50 ms | #newton:  1 | ph:  0.0% | #CG/newton: 1517 | ls (cap|max|inv|bt):  0| 0| 0| 0| runtime:  750.3 ms | cr: 1500.6
    90. dt:  0.50 ms | #newton:  1 | ph:  0.0% | #CG/newton: 1535 | ls (cap|max|inv|bt):  0| 0| 0| 0| runtime:  814.9 ms | cr: 1629.9
    91. dt:  0.50 ms | #newton:  1 | ph:  0.0% | #CG/newton: 1543 | ls (cap|max|inv|bt):  0| 0| 0| 0| runtime:  844.2 ms | cr: 1688.3
    92. dt:  0.50 ms | #newton:  1 | ph:  0.0% | #CG/newton: 1553 | ls (cap|max|inv|bt):  0| 0| 0| 0| runtime:  773.0 ms | cr: 1546.1
    93. dt:  0.50 ms | #newton:  1 | ph:  0.0% | #CG/newton: 1555 | ls (cap|max|inv|bt):  0| 0| 0| 0| runtime:  745.9 ms | cr: 1491.8
    94. dt:  0.50 ms | #newton:  1 | ph:  0.0% | #CG/newton: 1545 | ls (cap|max|inv|bt):  0| 0| 0| 0| runtime:  761.8 ms | cr: 1523.6
    95. dt:  0.50 ms | #newton:  1 | ph:  0.0% | #CG/newton: 1554 | ls (cap|max|inv|bt):  0| 0| 0| 0| runtime:  759.7 ms | cr: 1519.4
    96. dt:  0.50 ms | #newton:  1 | ph:  0.0% | #CG/newton: 1542 | ls (cap|max|inv|bt):  0| 0| 0| 0| runtime:  763.0 ms | cr: 1526.0
    97. dt:  0.50 ms | #newton:  1 | ph:  0.0% | #CG/newton: 1541 | ls (cap|max|inv|bt):  0| 0| 0| 0| runtime:  744.6 ms | cr: 1489.1
    98. dt:  0.50 ms | #newton:  1 | ph:  0.0% | #CG/newton: 1538 | ls (cap|max|inv|bt):  0| 0| 0| 0| runtime:  740.0 ms | cr: 1480.1
    99. dt:  0.50 ms | #newton:  1 | ph:  0.0% | #CG/newton: 1533 | ls (cap|max|inv|bt):  0| 0| 0| 0| runtime:  757.1 ms | cr: 1514.2
    100. dt:  0.50 ms | #newton:  1 | ph:  0.0% | #CG/newton: 1543 | ls (cap|max|inv|bt):  0| 0| 0| 0| runtime:  748.5 ms | cr: 1496.9
    101. dt:  0.50 ms | #newton:  1 | ph:  0.0% | #CG/newton: 1510 | ls (cap|max|inv|bt):  0| 0| 0| 0| runtime:  731.0 ms | cr: 1462.0
    102. dt:  0.50 ms | #newton:  1 | ph:  0.0% | #CG/newton: 1528 | ls (cap|max|inv|bt):  0| 0| 0| 0| runtime:  745.9 ms | cr: 1491.9
    103. dt:  0.50 ms | #newton:  1 | ph:  0.0% | #CG/newton: 1532 | ls (cap|max|inv|bt):  0| 0| 0| 0| runtime:  748.1 ms | cr: 1496.2
    104. dt:  0.50 ms | #newton:  1 | ph:  0.0% | #CG/newton: 1541 | ls (cap|max|inv|bt):  0| 0| 0| 0| runtime:  764.0 ms | cr: 1528.0
    105. dt:  0.50 ms | #newton:  1 | ph:  0.0% | #CG/newton: 1541 | ls (cap|max|inv|bt):  0| 0| 0| 0| runtime:  752.2 ms | cr: 1504.4
    106. dt:  0.50 ms | #newton:  1 | ph:  0.0% | #CG/newton: 1552 | ls (cap|max|inv|bt):  0| 0| 0| 0| runtime:  750.7 ms | cr: 1501.3
    107. dt:  0.50 ms | #newton:  1 | ph:  0.0% | #CG/newton: 1559 | ls (cap|max|inv|bt):  0| 0| 0| 0| runtime:  758.1 ms | cr: 1516.2
    108. dt:  0.50 ms | #newton:  1 | ph:  0.0% | #CG/newton: 1541 | ls (cap|max|inv|bt):  0| 0| 0| 0| runtime:  763.3 ms | cr: 1526.6
    109. dt:  0.50 ms | #newton:  1 | ph:  0.0% | #CG/newton: 1554 | ls (cap|max|inv|bt):  0| 0| 0| 0| runtime:  756.8 ms | cr: 1513.6
    110. dt:  0.50 ms | #newton:  1 | ph:  0.0% | #CG/newton: 1543 | ls (cap|max|inv|bt):  0| 0| 0| 0| runtime:  755.4 ms | cr: 1510.8
    111. dt:  0.50 ms | #newton:  1 | ph:  0.0% | #CG/newton: 1559 | ls (cap|max|inv|bt):  0| 0| 0| 0| runtime:  758.5 ms | cr: 1517.0
    112. dt:  0.50 ms | #newton:  1 | ph:  0.0% | #CG/newton: 1536 | ls (cap|max|inv|bt):  0| 0| 0| 0| runtime:  754.7 ms | cr: 1509.3
    113. dt:  0.50 ms | #newton:  1 | ph:  0.0% | #CG/newton: 1555 | ls (cap|max|inv|bt):  0| 0| 0| 0| runtime:  766.2 ms | cr: 1532.3
    114. dt:  0.50 ms | #newton:  1 | ph:  0.0% | #CG/newton: 1539 | ls (cap|max|inv|bt):  0| 0| 0| 0| runtime:  764.6 ms | cr: 1529.2
    115. dt:  0.50 ms | #newton:  1 | ph:  0.0% | #CG/newton: 1549 | ls (cap|max|inv|bt):  0| 0| 0| 0| runtime:  737.8 ms | cr: 1475.6
    116. dt:  0.50 ms | #newton:  1 | ph:  0.0% | #CG/newton: 1556 | ls (cap|max|inv|bt):  0| 0| 0| 0| runtime:  750.1 ms | cr: 1500.3
    117. dt:  0.50 ms | #newton:  1 | ph:  0.0% | #CG/newton: 1563 | ls (cap|max|inv|bt):  0| 0| 0| 0| runtime:  758.6 ms | cr: 1517.1
    118. dt:  0.50 ms | #newton:  1 | ph:  0.0% | #CG/newton: 1540 | ls (cap|max|inv|bt):  0| 0| 0| 0| runtime:  733.6 ms | cr: 1467.2
    119. dt:  0.50 ms | #newton:  1 | ph:  0.0% | #CG/newton: 1557 | ls (cap|max|inv|bt):  0| 0| 0| 0| runtime:  750.4 ms | cr: 1500.9
    120. dt:  0.50 ms | #newton:  1 | ph:  0.0% | #CG/newton: 1551 | ls (cap|max|inv|bt):  0| 0| 0| 0| runtime:  747.2 ms | cr: 1494.5
    121. dt:  0.50 ms | #newton:  1 | ph:  0.0% | #CG/newton: 1561 | ls (cap|max|inv|bt):  0| 0| 0| 0| runtime:  772.9 ms | cr: 1545.8
    122. dt:  0.50 ms | #newton:  1 | ph:  0.0% | #CG/newton: 1551 | ls (cap|max|inv|bt):  0| 0| 0| 0| runtime:  754.2 ms | cr: 1508.5
    123. dt:  0.50 ms | #newton:  1 | ph:  0.0% | #CG/newton: 1558 | ls (cap|max|inv|bt):  0| 0| 0| 0| runtime: 1011.9 ms | cr: 2023.7
    124. dt:  0.50 ms | #newton:  1 | ph:  0.0% | #CG/newton: 1539 | ls (cap|max|inv|bt):  0| 0| 0| 0| runtime: 1035.0 ms | cr: 2069.9
    125. dt:  0.50 ms | #newton:  1 | ph:  0.0% | #CG/newton: 1545 | ls (cap|max|inv|bt):  0| 0| 0| 0| runtime:  891.3 ms | cr: 1782.6
    126. dt:  0.50 ms | #newton:  1 | ph:  0.0% | #CG/newton: 1539 | ls (cap|max|inv|bt):  0| 0| 0| 0| runtime:  856.4 ms | cr: 1712.8
    127. dt:  0.50 ms | #newton:  1 | ph:  0.0% | #CG/newton: 1529 | ls (cap|max|inv|bt):  0| 0| 0| 0| runtime:  730.2 ms | cr: 1460.4
    128. dt:  0.50 ms | #newton:  1 | ph:  0.0% | #CG/newton: 1548 | ls (cap|max|inv|bt):  0| 0| 0| 0| runtime:  758.1 ms | cr: 1516.1
    129. dt:  0.50 ms | #newton:  1 | ph:  0.0% | #CG/newton: 1530 | ls (cap|max|inv|bt):  0| 0| 0| 0| runtime:  767.1 ms | cr: 1534.3
    130. dt:  0.50 ms | #newton:  1 | ph:  0.0% | #CG/newton: 1556 | ls (cap|max|inv|bt):  0| 0| 0| 0| runtime:  776.8 ms | cr: 1553.5
    131. dt:  0.50 ms | #newton:  1 | ph:  0.0% | #CG/newton: 1557 | ls (cap|max|inv|bt):  0| 0| 0| 0| runtime:  751.2 ms | cr: 1502.5
    132. dt:  0.50 ms | #newton:  1 | ph:  0.0% | #CG/newton: 1544 | ls (cap|max|inv|bt):  0| 0| 0| 0| runtime:  770.8 ms | cr: 1541.5
    133. dt:  0.50 ms | #newton:  1 | ph:  0.0% | #CG/newton: 1542 | ls (cap|max|inv|bt):  0| 0| 0| 0| runtime:  767.1 ms | cr: 1534.3
[Frame: 2] Time: 0.067 s
    134. dt:  0.50 ms | #newton:  1 | ph:  0.0% | #CG/newton: 1558 | ls (cap|max|inv|bt):  0| 0| 0| 0| runtime:  796.6 ms | cr: 1593.3
    135. dt:  0.50 ms | #newton:  1 | ph:  0.0% | #CG/newton: 1539 | ls (cap|max|inv|bt):  0| 0| 0| 0| runtime:  796.0 ms | cr: 1592.1
    136. dt:  0.50 ms | #newton:  1 | ph:  0.0% | #CG/newton: 1555 | ls (cap|max|inv|bt):  0| 0| 0| 0| runtime:  775.2 ms | cr: 1550.4
    137. dt:  0.50 ms | #newton:  1 | ph:  0.0% | #CG/newton: 1557 | ls (cap|max|inv|bt):  0| 0| 0| 0| runtime:  872.6 ms | cr: 1745.2
    138. dt:  0.50 ms | #newton:  1 | ph:  0.0% | #CG/newton: 1538 | ls (cap|max|inv|bt):  0| 0| 0| 0| runtime:  816.3 ms | cr: 1632.6
    139. dt:  0.50 ms | #newton:  1 | ph:  0.0% | #CG/newton: 1557 | ls (cap|max|inv|bt):  0| 0| 0| 0| runtime:  809.9 ms | cr: 1619.8
    140. dt:  0.50 ms | #newton:  1 | ph:  0.0% | #CG/newton: 1561 | ls (cap|max|inv|bt):  0| 0| 0| 0| runtime:  817.8 ms | cr: 1635.7
    141. dt:  0.50 ms | #newton:  1 | ph:  0.0% | #CG/newton: 1566 | ls (cap|max|inv|bt):  0| 0| 0| 0| runtime:  863.1 ms | cr: 1726.3
    142. dt:  0.50 ms | #newton:  1 | ph:  0.0% | #CG/newton: 1554 | ls (cap|max|inv|bt):  0| 0| 0| 0| runtime:  786.0 ms | cr: 1572.0
    143. dt:  0.50 ms | #newton:  1 | ph:  0.0% | #CG/newton: 1549 | ls (cap|max|inv|bt):  0| 0| 0| 0| runtime:  754.0 ms | cr: 1508.0
    144. dt:  0.50 ms | #newton:  1 | ph:  0.0% | #CG/newton: 1540 | ls (cap|max|inv|bt):  0| 0| 0| 0| runtime:  764.1 ms | cr: 1528.3
    145. dt:  0.50 ms | #newton:  1 | ph:  0.0% | #CG/newton: 1555 | ls (cap|max|inv|bt):  0| 0| 0| 0| runtime: 1156.8 ms | cr: 2313.5
    146. dt:  0.50 ms | #newton:  1 | ph:  0.0% | #CG/newton: 1540 | ls (cap|max|inv|bt):  0| 0| 0| 0| runtime:  823.9 ms | cr: 1647.8
    147. dt:  0.50 ms | #newton:  1 | ph:  0.0% | #CG/newton: 1564 | ls (cap|max|inv|bt):  0| 0| 0| 0| runtime:  813.0 ms | cr: 1626.0
    148. dt:  0.50 ms | #newton:  1 | ph:  0.0% | #CG/newton: 1561 | ls (cap|max|inv|bt):  0| 0| 0| 0| runtime:  821.4 ms | cr: 1642.8
    149. dt:  0.50 ms | #newton:  1 | ph:  0.0% | #CG/newton: 1570 | ls (cap|max|inv|bt):  0| 0| 0| 0| runtime:  802.4 ms | cr: 1604.9
    150. dt:  0.50 ms | #newton:  1 | ph:  0.0% | #CG/newton: 1555 | ls (cap|max|inv|bt):  0| 0| 0| 0| runtime: 1203.5 ms | cr: 2407.1
    151. dt:  0.50 ms | #newton:  1 | ph:  0.0% | #CG/newton: 1564 | ls (cap|max|inv|bt):  0| 0| 0| 0| runtime:  880.2 ms | cr: 1760.3
    152. dt:  0.50 ms | #newton:  1 | ph:  0.0% | #CG/newton: 1560 | ls (cap|max|inv|bt):  0| 0| 0| 0| runtime:  805.9 ms | cr: 1611.8
    153. dt:  0.50 ms | #newton:  1 | ph:  0.0% | #CG/newton: 1555 | ls (cap|max|inv|bt):  0| 0| 0| 0| runtime:  798.6 ms | cr: 1597.2
    154. dt:  0.50 ms | #newton:  1 | ph:  0.0% | #CG/newton: 1541 | ls (cap|max|inv|bt):  0| 0| 0| 0| runtime:  826.2 ms | cr: 1652.5
    155. dt:  0.50 ms | #newton:  1 | ph:  0.0% | #CG/newton: 1557 | ls (cap|max|inv|bt):  0| 0| 0| 0| runtime:  777.6 ms | cr: 1555.2
    156. dt:  0.50 ms | #newton:  1 | ph:  0.0% | #CG/newton: 1562 | ls (cap|max|inv|bt):  0| 0| 0| 0| runtime:  780.6 ms | cr: 1561.2
    157. dt:  0.50 ms | #newton:  1 | ph:  0.0% | #CG/newton: 1567 | ls (cap|max|inv|bt):  0| 0| 0| 0| runtime:  777.7 ms | cr: 1555.3
    158. dt:  0.50 ms | #newton:  1 | ph:  0.0% | #CG/newton: 1561 | ls (cap|max|inv|bt):  0| 0| 0| 0| runtime:  777.9 ms | cr: 1555.8
    159. dt:  0.50 ms | #newton:  1 | ph:  0.0% | #CG/newton: 1567 | ls (cap|max|inv|bt):  0| 0| 0| 0| runtime:  927.9 ms | cr: 1855.7
    160. dt:  0.50 ms | #newton:  1 | ph:  0.0% | #CG/newton: 1561 | ls (cap|max|inv|bt):  0| 0| 0| 0| runtime:  966.9 ms | cr: 1933.8
    161. dt:  0.50 ms | #newton:  1 | ph:  0.0% | #CG/newton: 1571 | ls (cap|max|inv|bt):  0| 0| 0| 0| runtime:  854.8 ms | cr: 1709.7
    162. dt:  0.50 ms | #newton:  1 | ph:  0.0% | #CG/newton: 1539 | ls (cap|max|inv|bt):  0| 0| 0| 0| runtime:  829.2 ms | cr: 1658.4
    163. dt:  0.50 ms | #newton:  1 | ph:  0.0% | #CG/newton: 1540 | ls (cap|max|inv|bt):  0| 0| 0| 0| runtime:  857.3 ms | cr: 1714.7
    164. dt:  0.50 ms | #newton:  1 | ph:  0.0% | #CG/newton: 1567 | ls (cap|max|inv|bt):  0| 0| 0| 0| runtime:  939.5 ms | cr: 1878.9
    165. dt:  0.50 ms | #newton:  1 | ph:  0.0% | #CG/newton: 1540 | ls (cap|max|inv|bt):  0| 0| 0| 0| runtime:  831.4 ms | cr: 1662.8
    166. dt:  0.50 ms | #newton:  1 | ph:  0.0% | #CG/newton: 1557 | ls (cap|max|inv|bt):  0| 0| 0| 0| runtime:  895.5 ms | cr: 1790.9
    167. dt:  0.50 ms | #newton:  1 | ph:  0.0% | #CG/newton: 1558 | ls (cap|max|inv|bt):  0| 0| 0| 0| runtime:  779.1 ms | cr: 1558.2
    168. dt:  0.50 ms | #newton:  1 | ph:  0.0% | #CG/newton: 1561 | ls (cap|max|inv|bt):  0| 0| 0| 0| runtime:  776.0 ms | cr: 1552.0
    169. dt:  0.50 ms | #newton:  1 | ph:  0.0% | #CG/newton: 1565 | ls (cap|max|inv|bt):  0| 0| 0| 0| runtime:  806.0 ms | cr: 1612.0
    170. dt:  0.50 ms | #newton:  1 | ph:  0.0% | #CG/newton: 1561 | ls (cap|max|inv|bt):  0| 0| 0| 0| runtime:  793.0 ms | cr: 1586.0
    171. dt:  0.50 ms | #newton:  1 | ph:  0.0% | #CG/newton: 1532 | ls (cap|max|inv|bt):  0| 0| 0| 0| runtime:  800.9 ms | cr: 1601.9
    172. dt:  0.50 ms | #newton:  1 | ph:  0.0% | #CG/newton: 1549 | ls (cap|max|inv|bt):  0| 0| 0| 0| runtime:  798.2 ms | cr: 1596.5
    173. dt:  0.50 ms | #newton:  1 | ph:  0.0% | #CG/newton: 1563 | ls (cap|max|inv|bt):  0| 0| 0| 0| runtime:  801.1 ms | cr: 1602.2
    174. dt:  0.50 ms | #newton:  1 | ph:  0.0% | #CG/newton: 1568 | ls (cap|max|inv|bt):  0| 0| 0| 0| runtime:  804.6 ms | cr: 1609.3
    175. dt:  0.50 ms | #newton:  1 | ph:  0.0% | #CG/newton: 1566 | ls (cap|max|inv|bt):  0| 0| 0| 0| runtime:  856.6 ms | cr: 1713.1
    176. dt:  0.50 ms | #newton:  1 | ph:  0.0% | #CG/newton: 1568 | ls (cap|max|inv|bt):  0| 0| 0| 0| runtime:  914.3 ms | cr: 1828.6
    177. dt:  0.50 ms | #newton:  1 | ph:  0.0% | #CG/newton: 1545 | ls (cap|max|inv|bt):  0| 0| 0| 0| runtime:  755.1 ms | cr: 1510.2
    178. dt:  0.50 ms | #newton:  1 | ph:  0.0% | #CG/newton: 1564 | ls (cap|max|inv|bt):  0| 0| 0| 0| runtime:  842.6 ms | cr: 1685.1
    179. dt:  0.50 ms | #newton:  1 | ph:  0.0% | #CG/newton: 1546 | ls (cap|max|inv|bt):  0| 0| 0| 0| runtime:  813.4 ms | cr: 1626.9
    180. dt:  0.50 ms | #newton:  1 | ph:  0.0% | #CG/newton: 1561 | ls (cap|max|inv|bt):  0| 0| 0| 0| runtime:  847.9 ms | cr: 1695.7
    181. dt:  0.50 ms | #newton:  1 | ph:  0.0% | #CG/newton: 1556 | ls (cap|max|inv|bt):  0| 0| 0| 0| runtime: 1039.0 ms | cr: 2078.1
    182. dt:  0.50 ms | #newton:  1 | ph:  0.0% | #CG/newton: 1543 | ls (cap|max|inv|bt):  0| 0| 0| 0| runtime: 1175.5 ms | cr: 2351.0
    183. dt:  0.50 ms | #newton:  1 | ph:  0.0% | #CG/newton: 1556 | ls (cap|max|inv|bt):  0| 0| 0| 0| runtime: 1623.5 ms | cr: 3247.0
    184. dt:  0.50 ms | #newton:  1 | ph:  0.0% | #CG/newton: 1546 | ls (cap|max|inv|bt):  0| 0| 0| 0| runtime:  837.3 ms | cr: 1674.5
    185. dt:  0.50 ms | #newton:  1 | ph:  0.0% | #CG/newton: 1557 | ls (cap|max|inv|bt):  0| 0| 0| 0| runtime: 1073.7 ms | cr: 2147.4
    186. dt:  0.50 ms | #newton:  1 | ph:  0.0% | #CG/newton: 1560 | ls (cap|max|inv|bt):  0| 0| 0| 0| runtime: 1136.1 ms | cr: 2272.1
    187. dt:  0.50 ms | #newton:  1 | ph:  0.0% | #CG/newton: 1541 | ls (cap|max|inv|bt):  0| 0| 0| 0| runtime:  908.6 ms | cr: 1817.2
    188. dt:  0.50 ms | #newton:  1 | ph:  0.0% | #CG/newton: 1551 | ls (cap|max|inv|bt):  0| 0| 0| 0| runtime:  827.5 ms | cr: 1654.9
    189. dt:  0.50 ms | #newton:  1 | ph:  0.0% | #CG/newton: 1564 | ls (cap|max|inv|bt):  0| 0| 0| 0| runtime:  806.4 ms | cr: 1612.8
    190. dt:  0.50 ms | #newton:  1 | ph:  0.0% | #CG/newton: 1565 | ls (cap|max|inv|bt):  0| 0| 0| 0| runtime:  808.0 ms | cr: 1616.1
    191. dt:  0.50 ms | #newton:  1 | ph:  0.0% | #CG/newton: 1569 | ls (cap|max|inv|bt):  0| 0| 0| 0| runtime:  914.7 ms | cr: 1829.4
    192. dt:  0.50 ms | #newton:  1 | ph:  0.0% | #CG/newton: 1558 | ls (cap|max|inv|bt):  0| 0| 0| 0| runtime:  805.6 ms | cr: 1611.3
    193. dt:  0.50 ms | #newton:  1 | ph:  0.0% | #CG/newton: 1570 | ls (cap|max|inv|bt):  0| 0| 0| 0| runtime:  832.5 ms | cr: 1664.9
    194. dt:  0.50 ms | #newton:  1 | ph:  0.0% | #CG/newton: 1546 | ls (cap|max|inv|bt):  0| 0| 0| 0| runtime:  883.4 ms | cr: 1766.8
    195. dt:  0.50 ms | #newton:  1 | ph:  0.0% | #CG/newton: 1553 | ls (cap|max|inv|bt):  0| 0| 0| 0| runtime:  793.8 ms | cr: 1587.7
    196. dt:  0.50 ms | #newton:  1 | ph:  0.0% | #CG/newton: 1560 | ls (cap|max|inv|bt):  0| 0| 0| 0| runtime:  827.7 ms | cr: 1655.4
    197. dt:  0.50 ms | #newton:  1 | ph:  0.0% | #CG/newton: 1539 | ls (cap|max|inv|bt):  0| 0| 0| 0| runtime:  864.4 ms | cr: 1728.9
    198. dt:  0.50 ms | #newton:  1 | ph:  0.0% | #CG/newton: 1555 | ls (cap|max|inv|bt):  0| 0| 0| 0| runtime:  974.5 ms | cr: 1949.1
    199. dt:  0.50 ms | #newton:  1 | ph:  0.0% | #CG/newton: 1542 | ls (cap|max|inv|bt):  0| 0| 0| 0| runtime:  852.1 ms | cr: 1704.1
    200. dt:  0.50 ms | #newton:  1 | ph:  0.0% | #CG/newton: 1570 | ls (cap|max|inv|bt):  0| 0| 0| 0| runtime:  764.2 ms | cr: 1528.3
[Frame: 3] Time: 0.101 s
    201. dt:  0.50 ms | #newton:  1 | ph:  0.0% | #CG/newton: 1538 | ls (cap|max|inv|bt):  0| 0| 0| 0| runtime:  742.8 ms | cr: 1485.6
    202. dt:  0.50 ms | #newton:  1 | ph:  0.0% | #CG/newton: 1545 | ls (cap|max|inv|bt):  0| 0| 0| 0| runtime:  780.3 ms | cr: 1560.6
    203. dt:  0.50 ms | #newton:  1 | ph:  0.0% | #CG/newton: 1567 | ls (cap|max|inv|bt):  0| 0| 0| 0| runtime:  777.5 ms | cr: 1555.0
    204. dt:  0.50 ms | #newton:  1 | ph:  0.0% | #CG/newton: 1565 | ls (cap|max|inv|bt):  0| 0| 0| 0| runtime:  777.5 ms | cr: 1555.0
    205. dt:  0.50 ms | #newton:  1 | ph:  0.0% | #CG/newton: 1571 | ls (cap|max|inv|bt):  0| 0| 0| 0| runtime:  760.9 ms | cr: 1521.8
    206. dt:  0.50 ms | #newton:  1 | ph:  0.0% | #CG/newton: 1570 | ls (cap|max|inv|bt):  0| 0| 0| 0| runtime:  781.8 ms | cr: 1563.6
    207. dt:  0.50 ms | #newton:  1 | ph:  0.0% | #CG/newton: 1570 | ls (cap|max|inv|bt):  0| 0| 0| 0| runtime:  779.4 ms | cr: 1558.8
    208. dt:  0.50 ms | #newton:  1 | ph:  0.0% | #CG/newton: 1573 | ls (cap|max|inv|bt):  0| 0| 0| 0| runtime:  809.8 ms | cr: 1619.6
    209. dt:  0.50 ms | #newton:  3 | ph:  0.0% | #CG/newton: 2001 | ls (cap|max|inv|bt):  0| 0| 0| 0| runtime: 2700.9 ms | cr: 5401.9
    210. dt:  0.50 ms | #newton:  1 | ph:  0.0% | #CG/newton: 1785 | ls (cap|max|inv|bt):  0| 0| 0| 0| runtime:  860.9 ms | cr: 1721.8
    211. dt:  0.50 ms | #newton:  1 | ph:  0.0% | #CG/newton: 1751 | ls (cap|max|inv|bt):  0| 0| 0| 0| runtime:  861.7 ms | cr: 1723.4
    212. dt:  0.50 ms | #newton:  1 | ph:  0.0% | #CG/newton: 1773 | ls (cap|max|inv|bt):  0| 0| 0| 0| runtime:  897.5 ms | cr: 1794.9
    213. dt:  0.50 ms | #newton:  1 | ph:  0.0% | #CG/newton: 1773 | ls (cap|max|inv|bt):  0| 0| 0| 0| runtime:  857.4 ms | cr: 1714.7
    214. dt:  0.50 ms | #newton:  1 | ph:  0.0% | #CG/newton: 1775 | ls (cap|max|inv|bt):  0| 0| 0| 0| runtime:  856.2 ms | cr: 1712.4
    215. dt:  0.50 ms | #newton:  1 | ph:  0.0% | #CG/newton: 1542 | ls (cap|max|inv|bt):  0| 0| 0| 0| runtime:  752.5 ms | cr: 1504.9
    216. dt:  0.50 ms | #newton:  1 | ph:  0.0% | #CG/newton: 1531 | ls (cap|max|inv|bt):  0| 0| 0| 0| runtime:  745.2 ms | cr: 1490.4
    217. dt:  0.50 ms | #newton:  1 | ph:  0.0% | #CG/newton: 1532 | ls (cap|max|inv|bt):  0| 0| 0| 0| runtime:  766.8 ms | cr: 1533.7
    218. dt:  0.50 ms | #newton:  1 | ph:  0.0% | #CG/newton: 1543 | ls (cap|max|inv|bt):  0| 0| 0| 0| runtime:  792.6 ms | cr: 1585.1
    219. dt:  0.50 ms | #newton:  1 | ph:  0.0% | #CG/newton: 1298 | ls (cap|max|inv|bt):  0| 0| 0| 0| runtime:  681.4 ms | cr: 1362.8
    220. dt:  0.50 ms | #newton:  1 | ph:  0.0% | #CG/newton: 1544 | ls (cap|max|inv|bt):  0| 0| 0| 0| runtime:  827.8 ms | cr: 1655.6
    221. dt:  0.50 ms | #newton:  1 | ph:  0.0% | #CG/newton: 1555 | ls (cap|max|inv|bt):  0| 0| 0| 0| runtime:  792.9 ms | cr: 1585.8
    222. dt:  0.50 ms | #newton:  1 | ph:  0.0% | #CG/newton: 1538 | ls (cap|max|inv|bt):  0| 0| 0| 0| runtime:  946.0 ms | cr: 1892.0
    223. dt:  0.50 ms | #newton:  1 | ph:  0.0% | #CG/newton: 1548 | ls (cap|max|inv|bt):  0| 0| 0| 0| runtime:  744.4 ms | cr: 1488.8
    224. dt:  0.50 ms | #newton:  1 | ph:  0.0% | #CG/newton: 1798 | ls (cap|max|inv|bt):  0| 0| 0| 0| runtime:  833.8 ms | cr: 1667.5
    225. dt:  0.50 ms | #newton:  1 | ph:  0.0% | #CG/newton: 1796 | ls (cap|max|inv|bt):  0| 0| 0| 0| runtime:  849.7 ms | cr: 1699.4
    226. dt:  0.50 ms | #newton:  1 | ph:  0.0% | #CG/newton: 1784 | ls (cap|max|inv|bt):  0| 0| 0| 0| runtime:  961.1 ms | cr: 1922.2
    227. dt:  0.50 ms | #newton:  1 | ph:  0.0% | #CG/newton: 1789 | ls (cap|max|inv|bt):  0| 0| 0| 0| runtime: 1110.3 ms | cr: 2220.6
    228. dt:  0.50 ms | #newton:  1 | ph:  0.0% | #CG/newton: 1976 | ls (cap|max|inv|bt):  0| 0| 0| 0| runtime: 1221.6 ms | cr: 2443.2
    229. dt:  0.50 ms | #newton:  1 | ph:  0.0% | #CG/newton: 1972 | ls (cap|max|inv|bt):  0| 0| 0| 0| runtime: 1132.5 ms | cr: 2265.0
    230. dt:  0.50 ms | #newton:  1 | ph:  0.0% | #CG/newton: 1781 | ls (cap|max|inv|bt):  0| 0| 0| 0| runtime:  883.9 ms | cr: 1767.9
    231. dt:  0.50 ms | #newton:  1 | ph:  0.0% | #CG/newton: 1780 | ls (cap|max|inv|bt):  0| 0| 0| 0| runtime:  898.4 ms | cr: 1796.8
    232. dt:  0.50 ms | #newton:  1 | ph:  0.0% | #CG/newton: 1779 | ls (cap|max|inv|bt):  0| 0| 0| 0| runtime:  869.2 ms | cr: 1738.4
    233. dt:  0.50 ms | #newton:  1 | ph:  0.0% | #CG/newton: 1778 | ls (cap|max|inv|bt):  0| 0| 0| 0| runtime:  876.3 ms | cr: 1752.6
    234. dt:  0.50 ms | #newton:  1 | ph:  0.0% | #CG/newton: 1782 | ls (cap|max|inv|bt):  0| 0| 0| 0| runtime:  909.3 ms | cr: 1818.7
    235. dt:  0.50 ms | #newton:  1 | ph:  0.0% | #CG/newton: 2002 | ls (cap|max|inv|bt):  0| 0| 0| 0| runtime:  964.7 ms | cr: 1929.4
    236. dt:  0.50 ms | #newton:  1 | ph:  0.0% | #CG/newton: 1987 | ls (cap|max|inv|bt):  0| 0| 0| 0| runtime:  986.8 ms | cr: 1973.6
    237. dt:  0.50 ms | #newton:  1 | ph:  0.0% | #CG/newton: 2013 | ls (cap|max|inv|bt):  0| 0| 0| 0| runtime:  937.4 ms | cr: 1874.8
    238. dt:  0.50 ms | #newton:  1 | ph:  0.0% | #CG/newton: 1992 | ls (cap|max|inv|bt):  0| 0| 0| 0| runtime:  976.2 ms | cr: 1952.5
    239. dt:  0.50 ms | #newton:  1 | ph:  0.0% | #CG/newton: 1996 | ls (cap|max|inv|bt):  0| 0| 0| 0| runtime:  927.2 ms | cr: 1854.4
    240. dt:  0.50 ms | #newton:  1 | ph:  0.0% | #CG/newton: 1995 | ls (cap|max|inv|bt):  0| 0| 0| 0| runtime:  945.9 ms | cr: 1891.8
    241. dt:  0.50 ms | #newton:  1 | ph:  0.0% | #CG/newton: 3847 | ls (cap|max|inv|bt):  0| 0| 0| 0| runtime: 2027.0 ms | cr: 4054.0
    242. dt:  0.50 ms | #newton:  1 | ph:  0.0% | #CG/newton: 3841 | ls (cap|max|inv|bt):  0| 0| 0| 0| runtime: 1782.8 ms | cr: 3565.6
    243. dt:  0.50 ms | #newton:  1 | ph:  0.0% | #CG/newton: 3883 | ls (cap|max|inv|bt):  0| 0| 0| 0| runtime: 1739.8 ms | cr: 3479.7
    244. dt:  0.50 ms | #newton:  1 | ph:  0.0% | #CG/newton: 3890 | ls (cap|max|inv|bt):  0| 0| 0| 0| runtime: 2775.2 ms | cr: 5550.4
    245. dt:  0.50 ms | #newton:  1 | ph:  0.0% | #CG/newton: 3897 | ls (cap|max|inv|bt):  0| 0| 0| 0| runtime: 2437.2 ms | cr: 4874.4
    246. dt:  0.50 ms | #newton:  1 | ph:  0.0% | #CG/newton: 3692 | ls (cap|max|inv|bt):  0| 0| 0| 0| runtime: 1695.0 ms | cr: 3390.0
    247. dt:  0.50 ms | #newton:  1 | ph:  0.0% | #CG/newton: 3685 | ls (cap|max|inv|bt):  0| 0| 0| 0| runtime: 1739.8 ms | cr: 3479.6
    248. dt:  0.50 ms | #newton:  1 | ph:  0.0% | #CG/newton: 3694 | ls (cap|max|inv|bt):  0| 0| 0| 0| runtime: 1668.2 ms | cr: 3336.3
    249. dt:  0.50 ms | #newton:  1 | ph:  0.0% | #CG/newton: 3917 | ls (cap|max|inv|bt):  0| 0| 0| 0| runtime: 1841.2 ms | cr: 3682.5
    250. dt:  0.50 ms | #newton:  1 | ph:  0.0% | #CG/newton: 3920 | ls (cap|max|inv|bt):  0| 0| 0| 0| runtime: 2056.3 ms | cr: 4112.7
    251. dt:  0.50 ms | #newton:  1 | ph:  0.0% | #CG/newton: 3927 | ls (cap|max|inv|bt):  0| 0| 0| 0| runtime: 2074.2 ms | cr: 4148.3
    252. dt:  0.50 ms | #newton:  1 | ph:  0.0% | #CG/newton: 3932 | ls (cap|max|inv|bt):  0| 0| 0| 0| runtime: 2182.5 ms | cr: 4365.1
    253. dt:  0.50 ms | #newton:  1 | ph:  0.0% | #CG/newton: 3936 | ls (cap|max|inv|bt):  0| 0| 0| 0| runtime: 2066.1 ms | cr: 4132.3
    254. dt:  0.50 ms | #newton:  1 | ph:  0.0% | #CG/newton: 3754 | ls (cap|max|inv|bt):  0| 0| 0| 0| runtime: 1865.4 ms | cr: 3730.8
    255. dt:  0.50 ms | #newton:  1 | ph:  0.0% | #CG/newton: 3471 | ls (cap|max|inv|bt):  0| 0| 0| 0| runtime: 1645.1 ms | cr: 3290.2
    256. dt:  0.50 ms | #newton:  1 | ph:  0.0% | #CG/newton: 3504 | ls (cap|max|inv|bt):  0| 0| 0| 0| runtime: 1764.7 ms | cr: 3529.3
    257. dt:  0.50 ms | #newton:  1 | ph:  0.0% | #CG/newton: 3509 | ls (cap|max|inv|bt):  0| 0| 0| 0| runtime: 1862.4 ms | cr: 3724.8
    258. dt:  0.50 ms | #newton:  1 | ph:  0.0% | #CG/newton: 3504 | ls (cap|max|inv|bt):  0| 0| 0| 0| runtime: 2014.5 ms | cr: 4029.0
    259. dt:  0.50 ms | #newton:  1 | ph:  0.0% | #CG/newton: 3258 | ls (cap|max|inv|bt):  0| 0| 0| 0| runtime: 1768.4 ms | cr: 3536.9
    260. dt:  0.50 ms | #newton:  1 | ph:  0.0% | #CG/newton: 3259 | ls (cap|max|inv|bt):  0| 0| 0| 0| runtime: 2027.7 ms | cr: 4055.4
    261. dt:  0.50 ms | #newton:  1 | ph:  0.0% | #CG/newton: 3260 | ls (cap|max|inv|bt):  0| 0| 0| 0| runtime: 2377.8 ms | cr: 4755.6
    262. dt:  0.50 ms | #newton:  1 | ph:  0.0% | #CG/newton: 3268 | ls (cap|max|inv|bt):  0| 0| 0| 0| runtime: 2174.9 ms | cr: 4349.7
    263. dt:  0.50 ms | #newton:  1 | ph:  0.0% | #CG/newton: 3065 | ls (cap|max|inv|bt):  0| 0| 0| 0| runtime: 1897.4 ms | cr: 3794.7
    264. dt:  0.50 ms | #newton:  1 | ph:  0.0% | #CG/newton: 3067 | ls (cap|max|inv|bt):  0| 0| 0| 0| runtime: 1846.9 ms | cr: 3693.8
    265. dt:  0.50 ms | #newton:  1 | ph:  0.0% | #CG/newton: 2983 | ls (cap|max|inv|bt):  0| 0| 0| 0| runtime: 2008.3 ms | cr: 4016.5
    266. dt:  0.50 ms | #newton:  1 | ph:  0.0% | #CG/newton: 3071 | ls (cap|max|inv|bt):  0| 0| 0| 0| runtime: 2131.0 ms | cr: 4262.0
[Frame: 4] Time: 0.134 s
    267. dt:  0.50 ms | #newton:  1 | ph:  0.0% | #CG/newton: 3066 | ls (cap|max|inv|bt):  0| 0| 0| 0| runtime: 3032.2 ms | cr: 6064.5
    268. dt:  0.50 ms | #newton:  1 | ph:  0.0% | #CG/newton: 3069 | ls (cap|max|inv|bt):  0| 0| 0| 0| runtime: 6563.5 ms | cr: 13127.0
    269. dt:  0.50 ms | #newton:  1 | ph:  0.0% | #CG/newton: 3071 | ls (cap|max|inv|bt):  0| 0| 0| 0| runtime: 2360.3 ms | cr: 4720.7
    270. dt:  0.50 ms | #newton:  1 | ph:  0.0% | #CG/newton: 3074 | ls (cap|max|inv|bt):  0| 0| 0| 0| runtime: 2049.1 ms | cr: 4098.2
    271. dt:  0.50 ms | #newton:  1 | ph:  0.0% | #CG/newton: 3063 | ls (cap|max|inv|bt):  0| 0| 0| 0| runtime: 2008.9 ms | cr: 4017.9
    272. dt:  0.50 ms | #newton:  1 | ph:  0.0% | #CG/newton: 3070 | ls (cap|max|inv|bt):  0| 0| 0| 0| runtime: 2040.4 ms | cr: 4080.7
    273. dt:  0.50 ms | #newton:  1 | ph:  0.0% | #CG/newton: 3074 | ls (cap|max|inv|bt):  0| 0| 0| 0| runtime: 2056.6 ms | cr: 4113.1
    274. dt:  0.50 ms | #newton:  1 | ph:  0.0% | #CG/newton: 3071 | ls (cap|max|inv|bt):  0| 0| 0| 0| runtime: 1685.4 ms | cr: 3370.8
    275. dt:  0.50 ms | #newton:  1 | ph:  0.0% | #CG/newton: 3067 | ls (cap|max|inv|bt):  0| 0| 0| 0| runtime: 1657.4 ms | cr: 3314.8
    276. dt:  0.50 ms | #newton:  1 | ph:  0.0% | #CG/newton: 3328 | ls (cap|max|inv|bt):  0| 0| 0| 0| runtime: 1834.9 ms | cr: 3669.7
    277. dt:  0.50 ms | #newton:  1 | ph:  0.0% | #CG/newton: 3323 | ls (cap|max|inv|bt):  0| 0| 0| 0| runtime: 1798.5 ms | cr: 3597.0
    278. dt:  0.50 ms | #newton:  1 | ph:  0.0% | #CG/newton: 3317 | ls (cap|max|inv|bt):  0| 0| 0| 0| runtime: 1813.4 ms | cr: 3626.9
    279. dt:  0.50 ms | #newton:  1 | ph:  0.0% | #CG/newton: 3066 | ls (cap|max|inv|bt):  0| 0| 0| 0| runtime: 1565.4 ms | cr: 3130.8
    280. dt:  0.50 ms | #newton:  1 | ph:  0.0% | #CG/newton: 3084 | ls (cap|max|inv|bt):  0| 0| 0| 0| runtime: 1484.2 ms | cr: 2968.4
    281. dt:  0.50 ms | #newton:  1 | ph:  0.0% | #CG/newton: 3325 | ls (cap|max|inv|bt):  0| 0| 0| 0| runtime: 1562.3 ms | cr: 3124.6
    282. dt:  0.50 ms | #newton:  1 | ph:  0.0% | #CG/newton: 3321 | ls (cap|max|inv|bt):  0| 0| 0| 0| runtime: 1633.2 ms | cr: 3266.3
    283. dt:  0.50 ms | #newton:  1 | ph:  0.0% | #CG/newton: 3065 | ls (cap|max|inv|bt):  0| 0| 0| 0| runtime: 4085.6 ms | cr: 8171.2
    284. dt:  0.50 ms | #newton:  1 | ph:  0.0% | #CG/newton: 3084 | ls (cap|max|inv|bt):  0| 0| 0| 0| runtime: 7200.7 ms | cr: 14401.5
    285. dt:  0.50 ms | #newton:  1 | ph:  0.0% | #CG/newton: 3312 | ls (cap|max|inv|bt):  0| 0| 0| 0| runtime: 3235.9 ms | cr: 6471.9
    286. dt:  0.50 ms | #newton:  1 | ph:  0.0% | #CG/newton: 3322 | ls (cap|max|inv|bt):  0| 0| 0| 0| runtime: 2675.1 ms | cr: 5350.2
    287. dt:  0.50 ms | #newton:  1 | ph:  0.0% | #CG/newton: 3056 | ls (cap|max|inv|bt):  0| 0| 0| 0| runtime: 1929.7 ms | cr: 3859.4
    288. dt:  0.50 ms | #newton:  1 | ph:  0.0% | #CG/newton: 3319 | ls (cap|max|inv|bt):  0| 0| 0| 0| runtime: 1764.7 ms | cr: 3529.4
    289. dt:  0.50 ms | #newton:  1 | ph:  0.0% | #CG/newton: 3280 | ls (cap|max|inv|bt):  0| 0| 0| 0| runtime: 1599.6 ms | cr: 3199.2
    290. dt:  0.50 ms | #newton:  1 | ph:  0.0% | #CG/newton: 3278 | ls (cap|max|inv|bt):  0| 0| 0| 0| runtime: 1745.6 ms | cr: 3491.1
    291. dt:  0.50 ms | #newton:  1 | ph:  0.0% | #CG/newton: 3025 | ls (cap|max|inv|bt):  0| 0| 0| 0| runtime: 1521.0 ms | cr: 3041.9
    292. dt:  0.50 ms | #newton:  1 | ph:  0.0% | #CG/newton: 1855 | ls (cap|max|inv|bt):  0| 0| 0| 0| runtime:  966.0 ms | cr: 1932.0
    293. dt:  0.50 ms | #newton:  1 | ph:  0.0% | #CG/newton: 1854 | ls (cap|max|inv|bt):  0| 0| 0| 0| runtime:  928.8 ms | cr: 1857.6
    294. dt:  0.50 ms | #newton:  1 | ph:  0.0% | #CG/newton: 1667 | ls (cap|max|inv|bt):  0| 0| 0| 0| runtime:  834.2 ms | cr: 1668.5
    295. dt:  0.50 ms | #newton:  1 | ph:  0.0% | #CG/newton: 1646 | ls (cap|max|inv|bt):  0| 0| 0| 0| runtime:  739.2 ms | cr: 1478.3
    296. dt:  0.50 ms | #newton:  1 | ph:  0.0% | #CG/newton: 1852 | ls (cap|max|inv|bt):  0| 0| 0| 0| runtime:  818.1 ms | cr: 1636.2
    297. dt:  0.50 ms | #newton:  1 | ph:  0.0% | #CG/newton: 1854 | ls (cap|max|inv|bt):  0| 0| 0| 0| runtime:  828.4 ms | cr: 1656.8
    298. dt:  0.50 ms | #newton:  1 | ph:  0.0% | #CG/newton: 1853 | ls (cap|max|inv|bt):  0| 0| 0| 0| runtime:  824.3 ms | cr: 1648.5
    299. dt:  0.50 ms | #newton:  1 | ph:  0.0% | #CG/newton: 1666 | ls (cap|max|inv|bt):  0| 0| 0| 0| runtime:  776.5 ms | cr: 1553.1
    300. dt:  0.50 ms | #newton:  1 | ph:  0.0% | #CG/newton: 1845 | ls (cap|max|inv|bt):  0| 0| 0| 0| runtime:  838.9 ms | cr: 1677.8
    301. dt:  0.50 ms | #newton:  1 | ph:  0.0% | #CG/newton: 1646 | ls (cap|max|inv|bt):  0| 0| 0| 0| runtime:  774.4 ms | cr: 1548.8
    302. dt:  0.50 ms | #newton:  1 | ph:  0.0% | #CG/newton: 3246 | ls (cap|max|inv|bt):  0| 0| 0| 0| runtime: 1390.2 ms | cr: 2780.5
    303. dt:  0.50 ms | #newton:  1 | ph:  0.0% | #CG/newton: 3480 | ls (cap|max|inv|bt):  0| 0| 0| 0| runtime: 1535.9 ms | cr: 3071.8
    304. dt:  0.50 ms | #newton:  1 | ph:  0.0% | #CG/newton: 3474 | ls (cap|max|inv|bt):  0| 0| 0| 0| runtime: 1419.0 ms | cr: 2837.9
    305. dt:  0.50 ms | #newton:  1 | ph:  0.0% | #CG/newton: 3470 | ls (cap|max|inv|bt):  0| 0| 0| 0| runtime: 1406.1 ms | cr: 2812.3
    306. dt:  0.50 ms | #newton:  1 | ph:  0.0% | #CG/newton: 3461 | ls (cap|max|inv|bt):  0| 0| 0| 0| runtime: 1435.3 ms | cr: 2870.5
    307. dt:  0.50 ms | #newton:  1 | ph:  0.0% | #CG/newton: 3456 | ls (cap|max|inv|bt):  0| 0| 0| 0| runtime: 1427.8 ms | cr: 2855.6
    308. dt:  0.50 ms | #newton:  1 | ph:  0.0% | #CG/newton: 3451 | ls (cap|max|inv|bt):  0| 0| 0| 0| runtime: 1443.9 ms | cr: 2887.9
    309. dt:  0.50 ms | #newton:  1 | ph:  0.0% | #CG/newton: 3445 | ls (cap|max|inv|bt):  0| 0| 0| 0| runtime: 1400.3 ms | cr: 2800.6
    310. dt:  0.50 ms | #newton:  1 | ph:  0.0% | #CG/newton: 3431 | ls (cap|max|inv|bt):  0| 0| 0| 0| runtime: 1372.7 ms | cr: 2745.5
    311. dt:  0.50 ms | #newton:  1 | ph:  0.0% | #CG/newton: 3124 | ls (cap|max|inv|bt):  0| 0| 0| 0| runtime: 1265.2 ms | cr: 2530.4
    312. dt:  0.50 ms | #newton:  1 | ph:  0.0% | #CG/newton: 3109 | ls (cap|max|inv|bt):  0| 0| 0| 0| runtime: 1262.4 ms | cr: 2524.8
    313. dt:  0.50 ms | #newton:  1 | ph:  0.0% | #CG/newton: 2753 | ls (cap|max|inv|bt):  0| 0| 0| 0| runtime: 1134.3 ms | cr: 2268.5
    314. dt:  0.50 ms | #newton:  4 | ph:  0.0% | #CG/newton: 2093 | ls (cap|max|inv|bt):  0| 0| 0| 0| runtime: 3371.5 ms | cr: 6742.9
    315. dt:  0.50 ms | #newton:  1 | ph:  0.0% | #CG/newton: 4238 | ls (cap|max|inv|bt):  0| 0| 0| 0| runtime: 1680.3 ms | cr: 3360.7
    316. dt:  0.50 ms | #newton:  1 | ph:  0.0% | #CG/newton: 1764 | ls (cap|max|inv|bt):  0| 0| 0| 0| runtime:  778.4 ms | cr: 1556.8
    317. dt:  0.50 ms | #newton:  1 | ph:  0.0% | #CG/newton: 1982 | ls (cap|max|inv|bt):  0| 0| 0| 0| runtime:  845.8 ms | cr: 1691.6
    318. dt:  0.50 ms | #newton:  1 | ph:  0.0% | #CG/newton: 1991 | ls (cap|max|inv|bt):  0| 0| 0| 0| runtime:  847.1 ms | cr: 1694.1
    319. dt:  0.50 ms | #newton:  1 | ph:  0.0% | #CG/newton: 1986 | ls (cap|max|inv|bt):  0| 0| 0| 0| runtime:  843.7 ms | cr: 1687.3
    320. dt:  0.50 ms | #newton:  1 | ph:  0.0% | #CG/newton: 1734 | ls (cap|max|inv|bt):  0| 0| 0| 0| runtime:  751.3 ms | cr: 1502.5
    321. dt:  0.50 ms | #newton:  1 | ph:  0.0% | #CG/newton: 1747 | ls (cap|max|inv|bt):  0| 0| 0| 0| runtime:  756.0 ms | cr: 1511.9
    322. dt:  0.50 ms | #newton:  1 | ph:  0.0% | #CG/newton: 1939 | ls (cap|max|inv|bt):  0| 0| 0| 0| runtime:  831.1 ms | cr: 1662.2
    323. dt:  0.50 ms | #newton:  1 | ph:  0.0% | #CG/newton: 2126 | ls (cap|max|inv|bt):  0| 0| 0| 0| runtime:  935.2 ms | cr: 1870.3
    324. dt:  0.50 ms | #newton:  1 | ph:  0.0% | #CG/newton: 2149 | ls (cap|max|inv|bt):  0| 0| 0| 0| runtime: 1141.9 ms | cr: 2283.7
    325. dt:  0.50 ms | #newton:  1 | ph:  0.0% | #CG/newton: 1935 | ls (cap|max|inv|bt):  0| 0| 0| 0| runtime:  922.4 ms | cr: 1844.8
    326. dt:  0.50 ms | #newton:  1 | ph:  0.0% | #CG/newton: 1925 | ls (cap|max|inv|bt):  0| 0| 0| 0| runtime:  844.7 ms | cr: 1689.4
    327. dt:  0.50 ms | #newton:  1 | ph:  0.0% | #CG/newton: 1926 | ls (cap|max|inv|bt):  0| 0| 0| 0| runtime:  929.6 ms | cr: 1859.1
    328. dt:  0.50 ms | #newton:  1 | ph:  0.0% | #CG/newton: 2154 | ls (cap|max|inv|bt):  0| 0| 0| 0| runtime:  916.7 ms | cr: 1833.4
    329. dt:  0.50 ms | #newton:  1 | ph:  0.0% | #CG/newton: 3938 | ls (cap|max|inv|bt):  0| 0| 0| 0| runtime: 1587.6 ms | cr: 3175.3
    330. dt:  0.50 ms | #newton:  1 | ph:  0.0% | #CG/newton: 4136 | ls (cap|max|inv|bt):  0| 0| 0| 0| runtime: 1668.0 ms | cr: 3336.0
    331. dt:  0.50 ms | #newton:  1 | ph:  0.0% | #CG/newton: 4354 | ls (cap|max|inv|bt):  0| 0| 0| 0| runtime: 1705.0 ms | cr: 3409.9
    332. dt:  0.50 ms | #newton:  1 | ph:  0.0% | #CG/newton: 4357 | ls (cap|max|inv|bt):  0| 0| 0| 0| runtime: 1706.7 ms | cr: 3413.4
    333. dt:  0.50 ms | #newton:  1 | ph:  0.0% | #CG/newton: 4143 | ls (cap|max|inv|bt):  0| 0| 0| 0| runtime: 1686.7 ms | cr: 3373.3
[Frame: 5] Time: 0.167 s
    334. dt:  0.50 ms | #newton:  1 | ph:  0.0% | #CG/newton: 4359 | ls (cap|max|inv|bt):  0| 0| 0| 0| runtime: 1715.4 ms | cr: 3430.7
    335. dt:  0.50 ms | #newton:  1 | ph:  0.0% | #CG/newton: 4143 | ls (cap|max|inv|bt):  0| 0| 0| 0| runtime: 1812.0 ms | cr: 3624.0
    336. dt:  0.50 ms | #newton:  1 | ph:  0.0% | #CG/newton: 4360 | ls (cap|max|inv|bt):  0| 0| 0| 0| runtime: 1888.7 ms | cr: 3777.4
    337. dt:  0.50 ms | #newton:  1 | ph:  0.0% | #CG/newton: 4129 | ls (cap|max|inv|bt):  0| 0| 0| 0| runtime: 1644.4 ms | cr: 3288.7
    338. dt:  0.50 ms | #newton:  1 | ph:  0.0% | #CG/newton: 4140 | ls (cap|max|inv|bt):  0| 0| 0| 0| runtime: 1641.8 ms | cr: 3283.7
    339. dt:  0.50 ms | #newton:  1 | ph:  0.0% | #CG/newton: 3974 | ls (cap|max|inv|bt):  0| 0| 0| 0| runtime: 1584.9 ms | cr: 3169.7
    340. dt:  0.50 ms | #newton:  1 | ph:  0.0% | #CG/newton: 3954 | ls (cap|max|inv|bt):  0| 0| 0| 0| runtime: 1585.9 ms | cr: 3171.9
    341. dt:  0.50 ms | #newton:  1 | ph:  0.0% | #CG/newton: 4371 | ls (cap|max|inv|bt):  0| 0| 0| 0| runtime: 1703.7 ms | cr: 3407.5
    342. dt:  0.50 ms | #newton:  1 | ph:  0.0% | #CG/newton: 4182 | ls (cap|max|inv|bt):  0| 0| 0| 0| runtime: 1625.7 ms | cr: 3251.5
    343. dt:  0.50 ms | #newton:  1 | ph:  0.0% | #CG/newton: 4165 | ls (cap|max|inv|bt):  0| 0| 0| 0| runtime: 1624.6 ms | cr: 3249.1
    344. dt:  0.50 ms | #newton:  1 | ph:  0.0% | #CG/newton: 3960 | ls (cap|max|inv|bt):  0| 0| 0| 0| runtime: 1547.3 ms | cr: 3094.5
    345. dt:  0.50 ms | #newton:  1 | ph:  0.0% | #CG/newton: 1916 | ls (cap|max|inv|bt):  0| 0| 0| 0| runtime:  816.3 ms | cr: 1632.6
    346. dt:  0.50 ms | #newton:  1 | ph:  0.0% | #CG/newton: 1926 | ls (cap|max|inv|bt):  0| 0| 0| 0| runtime:  822.1 ms | cr: 1644.2
    347. dt:  0.50 ms | #newton:  1 | ph:  0.0% | #CG/newton: 2138 | ls (cap|max|inv|bt):  0| 0| 0| 0| runtime:  901.6 ms | cr: 1803.2
    348. dt:  0.50 ms | #newton:  1 | ph:  0.0% | #CG/newton: 2132 | ls (cap|max|inv|bt):  0| 0| 0| 0| runtime:  892.7 ms | cr: 1785.5
    349. dt:  0.50 ms | #newton:  1 | ph:  0.0% | #CG/newton: 2128 | ls (cap|max|inv|bt):  0| 0| 0| 0| runtime:  899.3 ms | cr: 1798.6
    350. dt:  0.50 ms | #newton:  1 | ph:  0.0% | #CG/newton: 1920 | ls (cap|max|inv|bt):  0| 0| 0| 0| runtime:  816.3 ms | cr: 1632.6
    351. dt:  0.50 ms | #newton:  1 | ph:  0.0% | #CG/newton: 2117 | ls (cap|max|inv|bt):  0| 0| 0| 0| runtime:  885.7 ms | cr: 1771.3
    352. dt:  0.50 ms | #newton:  1 | ph:  0.0% | #CG/newton: 1902 | ls (cap|max|inv|bt):  0| 0| 0| 0| runtime:  810.1 ms | cr: 1620.2
    353. dt:  0.50 ms | #newton:  1 | ph:  0.0% | #CG/newton: 2112 | ls (cap|max|inv|bt):  0| 0| 0| 0| runtime:  884.2 ms | cr: 1768.5
    354. dt:  0.50 ms | #newton:  1 | ph:  0.0% | #CG/newton: 2112 | ls (cap|max|inv|bt):  0| 0| 0| 0| runtime:  878.0 ms | cr: 1756.0
    355. dt:  0.50 ms | #newton:  1 | ph:  0.0% | #CG/newton: 2112 | ls (cap|max|inv|bt):  0| 0| 0| 0| runtime:  878.7 ms | cr: 1757.4
    356. dt:  0.50 ms | #newton:  1 | ph:  0.0% | #CG/newton: 2112 | ls (cap|max|inv|bt):  0| 0| 0| 0| runtime:  884.4 ms | cr: 1768.8
    357. dt:  0.50 ms | #newton:  1 | ph:  0.0% | #CG/newton: 4281 | ls (cap|max|inv|bt):  0| 0| 0| 0| runtime: 1655.3 ms | cr: 3310.5
    358. dt:  0.50 ms | #newton:  1 | ph:  0.0% | #CG/newton: 4245 | ls (cap|max|inv|bt):  0| 0| 0| 0| runtime: 1657.8 ms | cr: 3315.6
    359. dt:  0.50 ms | #newton:  1 | ph:  0.0% | #CG/newton: 4291 | ls (cap|max|inv|bt):  0| 0| 0| 0| runtime: 1673.5 ms | cr: 3346.9
    360. dt:  0.50 ms | #newton:  1 | ph:  0.0% | #CG/newton: 4463 | ls (cap|max|inv|bt):  0| 0| 0| 0| runtime: 1731.3 ms | cr: 3462.7
    361. dt:  0.50 ms | #newton:  1 | ph:  0.0% | #CG/newton: 4292 | ls (cap|max|inv|bt):  0| 0| 0| 0| runtime: 1663.2 ms | cr: 3326.5
    362. dt:  0.50 ms | #newton:  1 | ph:  0.0% | #CG/newton: 4473 | ls (cap|max|inv|bt):  0| 0| 0| 0| runtime: 1725.7 ms | cr: 3451.3
    363. dt:  0.50 ms | #newton:  1 | ph:  0.0% | #CG/newton: 4471 | ls (cap|max|inv|bt):  0| 0| 0| 0| runtime: 1759.0 ms | cr: 3518.0
    364. dt:  0.50 ms | #newton:  1 | ph:  0.0% | #CG/newton: 4461 | ls (cap|max|inv|bt):  0| 0| 0| 0| runtime: 1721.5 ms | cr: 3443.0
    365. dt:  0.50 ms | #newton:  1 | ph:  0.0% | #CG/newton: 4451 | ls (cap|max|inv|bt):  0| 0| 0| 0| runtime: 1729.7 ms | cr: 3459.4
    366. dt:  0.50 ms | #newton:  1 | ph:  0.0% | #CG/newton: 4446 | ls (cap|max|inv|bt):  0| 0| 0| 0| runtime: 1767.5 ms | cr: 3535.0
    367. dt:  0.50 ms | #newton:  1 | ph:  0.0% | #CG/newton: 4439 | ls (cap|max|inv|bt):  0| 0| 0| 0| runtime: 1804.2 ms | cr: 3608.4
    368. dt:  0.50 ms | #newton:  1 | ph:  0.0% | #CG/newton: 4429 | ls (cap|max|inv|bt):  0| 0| 0| 0| runtime: 1707.5 ms | cr: 3415.0
    369. dt:  0.50 ms | #newton:  1 | ph:  0.0% | #CG/newton: 4421 | ls (cap|max|inv|bt):  0| 0| 0| 0| runtime: 1695.7 ms | cr: 3391.3
    370. dt:  0.50 ms | #newton:  1 | ph:  0.0% | #CG/newton: 4416 | ls (cap|max|inv|bt):  0| 0| 0| 0| runtime: 1698.3 ms | cr: 3396.6
    371. dt:  0.50 ms | #newton:  1 | ph:  0.0% | #CG/newton: 4411 | ls (cap|max|inv|bt):  0| 0| 0| 0| runtime: 1704.6 ms | cr: 3409.2
    372. dt:  0.50 ms | #newton:  1 | ph:  0.0% | #CG/newton: 4405 | ls (cap|max|inv|bt):  0| 0| 0| 0| runtime: 1720.7 ms | cr: 3441.5
    373. dt:  0.50 ms | #newton:  1 | ph:  0.0% | #CG/newton: 4400 | ls (cap|max|inv|bt):  0| 0| 0| 0| runtime: 1687.7 ms | cr: 3375.4
    374. dt:  0.50 ms | #newton:  1 | ph:  0.0% | #CG/newton: 4396 | ls (cap|max|inv|bt):  0| 0| 0| 0| runtime: 1719.8 ms | cr: 3439.7
    375. dt:  0.50 ms | #newton:  1 | ph:  0.0% | #CG/newton: 4393 | ls (cap|max|inv|bt):  0| 0| 0| 0| runtime: 1690.7 ms | cr: 3381.5
    376. dt:  0.50 ms | #newton:  1 | ph:  0.0% | #CG/newton: 4388 | ls (cap|max|inv|bt):  0| 0| 0| 0| runtime: 1675.8 ms | cr: 3351.6
    377. dt:  0.50 ms | #newton:  1 | ph:  0.0% | #CG/newton: 4379 | ls (cap|max|inv|bt):  0| 0| 0| 0| runtime: 1723.0 ms | cr: 3446.1
    378. dt:  0.50 ms | #newton:  1 | ph:  0.0% | #CG/newton: 4399 | ls (cap|max|inv|bt):  0| 0| 0| 0| runtime: 1676.8 ms | cr: 3353.6
    379. dt:  0.50 ms | #newton:  1 | ph:  0.0% | #CG/newton: 4385 | ls (cap|max|inv|bt):  0| 0| 0| 0| runtime: 1688.4 ms | cr: 3376.9
    380. dt:  0.50 ms | #newton:  1 | ph:  0.0% | #CG/newton: 4380 | ls (cap|max|inv|bt):  0| 0| 0| 0| runtime: 1698.3 ms | cr: 3396.6
    381. dt:  0.50 ms | #newton:  1 | ph:  0.0% | #CG/newton: 4373 | ls (cap|max|inv|bt):  0| 0| 0| 0| runtime: 1680.6 ms | cr: 3361.1
    382. dt:  0.50 ms | #newton:  1 | ph:  0.0% | #CG/newton: 4366 | ls (cap|max|inv|bt):  0| 0| 0| 0| runtime: 1678.7 ms | cr: 3357.5
    383. dt:  0.50 ms | #newton:  1 | ph:  0.0% | #CG/newton: 4359 | ls (cap|max|inv|bt):  0| 0| 0| 0| runtime: 1677.6 ms | cr: 3355.2
    384. dt:  0.50 ms | #newton:  1 | ph:  0.0% | #CG/newton: 4355 | ls (cap|max|inv|bt):  0| 0| 0| 0| runtime: 1672.7 ms | cr: 3345.5
    385. dt:  0.50 ms | #newton:  1 | ph:  0.0% | #CG/newton: 4355 | ls (cap|max|inv|bt):  0| 0| 0| 0| runtime: 1664.6 ms | cr: 3329.1
    386. dt:  0.50 ms | #newton:  1 | ph:  0.0% | #CG/newton: 4348 | ls (cap|max|inv|bt):  0| 0| 0| 0| runtime: 1670.1 ms | cr: 3340.1
    387. dt:  0.50 ms | #newton:  1 | ph:  0.0% | #CG/newton: 4342 | ls (cap|max|inv|bt):  0| 0| 0| 0| runtime: 1668.5 ms | cr: 3336.9
    388. dt:  0.50 ms | #newton:  1 | ph:  0.0% | #CG/newton: 4337 | ls (cap|max|inv|bt):  0| 0| 0| 0| runtime: 1656.1 ms | cr: 3312.3
    389. dt:  0.50 ms | #newton:  1 | ph:  0.0% | #CG/newton: 4335 | ls (cap|max|inv|bt):  0| 0| 0| 0| runtime: 1671.1 ms | cr: 3342.1
    390. dt:  0.50 ms | #newton:  1 | ph:  0.0% | #CG/newton: 4333 | ls (cap|max|inv|bt):  0| 0| 0| 0| runtime: 1659.0 ms | cr: 3318.1
    391. dt:  0.50 ms | #newton:  1 | ph:  0.0% | #CG/newton: 4328 | ls (cap|max|inv|bt):  0| 0| 0| 0| runtime: 1657.4 ms | cr: 3314.8
    392. dt:  0.50 ms | #newton:  1 | ph:  0.0% | #CG/newton: 4317 | ls (cap|max|inv|bt):  0| 0| 0| 0| runtime: 1644.5 ms | cr: 3289.0
    393. dt:  0.50 ms | #newton:  1 | ph:  0.0% | #CG/newton: 4299 | ls (cap|max|inv|bt):  0| 0| 0| 0| runtime: 1646.4 ms | cr: 3292.9
    394. dt:  0.50 ms | #newton:  1 | ph:  0.0% | #CG/newton: 4291 | ls (cap|max|inv|bt):  0| 0| 0| 0| runtime: 1637.1 ms | cr: 3274.3
    395. dt:  0.50 ms | #newton:  1 | ph:  0.0% | #CG/newton: 4287 | ls (cap|max|inv|bt):  0| 0| 0| 0| runtime: 1649.4 ms | cr: 3298.8
    396. dt:  0.50 ms | #newton:  1 | ph:  0.0% | #CG/newton: 4287 | ls (cap|max|inv|bt):  0| 0| 0| 0| runtime: 1642.8 ms | cr: 3285.7
    397. dt:  0.50 ms | #newton:  1 | ph:  0.0% | #CG/newton: 4290 | ls (cap|max|inv|bt):  0| 0| 0| 0| runtime: 1632.8 ms | cr: 3265.6
    398. dt:  0.50 ms | #newton:  1 | ph:  0.0% | #CG/newton: 4297 | ls (cap|max|inv|bt):  0| 0| 0| 0| runtime: 1667.5 ms | cr: 3335.0
    399. dt:  0.50 ms | #newton:  1 | ph:  0.0% | #CG/newton: 4310 | ls (cap|max|inv|bt):  0| 0| 0| 0| runtime: 1641.2 ms | cr: 3282.4
    400. dt:  0.50 ms | #newton:  1 | ph:  0.0% | #CG/newton: 4309 | ls (cap|max|inv|bt):  0| 0| 0| 0| runtime: 1643.3 ms | cr: 3286.6
[Frame: 6] Time: 0.201 s
    401. dt:  0.50 ms | #newton:  1 | ph:  0.0% | #CG/newton: 4312 | ls (cap|max|inv|bt):  0| 0| 0| 0| runtime: 1656.7 ms | cr: 3313.5
    402. dt:  0.50 ms | #newton:  1 | ph:  0.0% | #CG/newton: 4308 | ls (cap|max|inv|bt):  0| 0| 0| 0| runtime: 1811.8 ms | cr: 3623.5
    403. dt:  0.50 ms | #newton:  1 | ph:  0.0% | #CG/newton: 4311 | ls (cap|max|inv|bt):  0| 0| 0| 0| runtime: 1669.2 ms | cr: 3338.5
    404. dt:  0.50 ms | #newton:  1 | ph:  0.0% | #CG/newton: 4310 | ls (cap|max|inv|bt):  0| 0| 0| 0| runtime: 1644.0 ms | cr: 3288.1
    405. dt:  0.50 ms | #newton:  1 | ph:  0.0% | #CG/newton: 4309 | ls (cap|max|inv|bt):  0| 0| 0| 0| runtime: 1648.3 ms | cr: 3296.6
    406. dt:  0.50 ms | #newton:  1 | ph:  0.0% | #CG/newton: 4308 | ls (cap|max|inv|bt):  0| 0| 0| 0| runtime: 1645.5 ms | cr: 3291.1
    407. dt:  0.50 ms | #newton:  1 | ph:  0.0% | #CG/newton: 4307 | ls (cap|max|inv|bt):  0| 0| 0| 0| runtime: 1687.7 ms | cr: 3375.3
    408. dt:  0.50 ms | #newton:  1 | ph:  0.0% | #CG/newton: 4307 | ls (cap|max|inv|bt):  0| 0| 0| 0| runtime: 1683.7 ms | cr: 3367.4
    409. dt:  0.50 ms | #newton:  1 | ph:  0.0% | #CG/newton: 4308 | ls (cap|max|inv|bt):  0| 0| 0| 0| runtime: 1689.6 ms | cr: 3379.2
    410. dt:  0.50 ms | #newton:  1 | ph:  0.0% | #CG/newton: 4308 | ls (cap|max|inv|bt):  0| 0| 0| 0| runtime: 1665.5 ms | cr: 3330.9
    411. dt:  0.50 ms | #newton:  1 | ph:  0.0% | #CG/newton: 4309 | ls (cap|max|inv|bt):  0| 0| 0| 0| runtime: 1638.6 ms | cr: 3277.3
    412. dt:  0.50 ms | #newton:  1 | ph:  0.0% | #CG/newton: 4308 | ls (cap|max|inv|bt):  0| 0| 0| 0| runtime: 1670.6 ms | cr: 3341.3
    413. dt:  0.50 ms | #newton:  1 | ph:  0.0% | #CG/newton: 4308 | ls (cap|max|inv|bt):  0| 0| 0| 0| runtime: 1648.1 ms | cr: 3296.2
    414. dt:  0.50 ms | #newton:  1 | ph:  0.0% | #CG/newton: 4309 | ls (cap|max|inv|bt):  0| 0| 0| 0| runtime: 1656.5 ms | cr: 3313.0
    415. dt:  0.50 ms | #newton:  1 | ph:  0.0% | #CG/newton: 4280 | ls (cap|max|inv|bt):  0| 0| 0| 0| runtime: 1636.8 ms | cr: 3273.6
    416. dt:  0.50 ms | #newton:  1 | ph:  0.0% | #CG/newton: 4276 | ls (cap|max|inv|bt):  0| 0| 0| 0| runtime: 1657.4 ms | cr: 3314.8
    417. dt:  0.50 ms | #newton:  1 | ph:  0.0% | #CG/newton: 4484 | ls (cap|max|inv|bt):  0| 0| 0| 0| runtime: 1710.0 ms | cr: 3420.0
    418. dt:  0.50 ms | #newton:  1 | ph:  0.0% | #CG/newton: 4498 | ls (cap|max|inv|bt):  0| 0| 0| 0| runtime: 1713.1 ms | cr: 3426.2
    419. dt:  0.50 ms | #newton:  1 | ph:  0.0% | #CG/newton: 4291 | ls (cap|max|inv|bt):  0| 0| 0| 0| runtime: 1631.7 ms | cr: 3263.5
    420. dt:  0.50 ms | #newton:  1 | ph:  0.0% | #CG/newton: 4487 | ls (cap|max|inv|bt):  0| 0| 0| 0| runtime: 1710.4 ms | cr: 3420.8
    421. dt:  0.50 ms | #newton:  1 | ph:  0.0% | #CG/newton: 4675 | ls (cap|max|inv|bt):  0| 0| 0| 0| runtime: 1770.5 ms | cr: 3540.9
    422. dt:  0.50 ms | #newton:  1 | ph:  0.0% | #CG/newton: 4675 | ls (cap|max|inv|bt):  0| 0| 0| 0| runtime: 1770.5 ms | cr: 3540.9
    423. dt:  0.50 ms | #newton:  1 | ph:  0.0% | #CG/newton: 4665 | ls (cap|max|inv|bt):  0| 0| 0| 0| runtime: 1771.9 ms | cr: 3543.8
    424. dt:  0.50 ms | #newton:  1 | ph:  0.0% | #CG/newton: 4662 | ls (cap|max|inv|bt):  0| 0| 0| 0| runtime: 1772.9 ms | cr: 3545.7
    425. dt:  0.50 ms | #newton:  1 | ph:  0.0% | #CG/newton: 4654 | ls (cap|max|inv|bt):  0| 0| 0| 0| runtime: 1748.6 ms | cr: 3497.1
    426. dt:  0.50 ms | #newton:  1 | ph:  0.0% | #CG/newton: 4642 | ls (cap|max|inv|bt):  0| 0| 0| 0| runtime: 1770.3 ms | cr: 3540.6
    427. dt:  0.50 ms | #newton:  1 | ph:  0.0% | #CG/newton: 4460 | ls (cap|max|inv|bt):  0| 0| 0| 0| runtime: 1717.9 ms | cr: 3435.9
    428. dt:  0.50 ms | #newton:  1 | ph:  0.0% | #CG/newton: 4453 | ls (cap|max|inv|bt):  0| 0| 0| 0| runtime: 1698.2 ms | cr: 3396.4
    429. dt:  0.50 ms | #newton:  1 | ph:  0.0% | #CG/newton: 4472 | ls (cap|max|inv|bt):  0| 0| 0| 0| runtime: 1702.7 ms | cr: 3405.5
    430. dt:  0.50 ms | #newton:  1 | ph:  0.0% | #CG/newton: 4640 | ls (cap|max|inv|bt):  0| 0| 0| 0| runtime: 1763.6 ms | cr: 3527.2
    431. dt:  0.50 ms | #newton:  1 | ph:  0.0% | #CG/newton: 4462 | ls (cap|max|inv|bt):  0| 0| 0| 0| runtime: 1699.4 ms | cr: 3398.8
    432. dt:  0.50 ms | #newton:  1 | ph:  0.0% | #CG/newton: 4454 | ls (cap|max|inv|bt):  0| 0| 0| 0| runtime: 1704.2 ms | cr: 3408.4
    433. dt:  0.50 ms | #newton:  1 | ph:  0.0% | #CG/newton: 4448 | ls (cap|max|inv|bt):  0| 0| 0| 0| runtime: 1718.0 ms | cr: 3436.0
    434. dt:  0.50 ms | #newton:  1 | ph:  0.0% | #CG/newton: 4446 | ls (cap|max|inv|bt):  0| 0| 0| 0| runtime: 1686.3 ms | cr: 3372.6
    435. dt:  0.50 ms | #newton:  1 | ph:  0.0% | #CG/newton: 4620 | ls (cap|max|inv|bt):  0| 0| 0| 0| runtime: 1761.2 ms | cr: 3522.3
    436. dt:  0.50 ms | #newton:  1 | ph:  0.0% | #CG/newton: 4613 | ls (cap|max|inv|bt):  0| 0| 0| 0| runtime: 1743.4 ms | cr: 3486.9
    437. dt:  0.50 ms | #newton:  1 | ph:  0.0% | #CG/newton: 4627 | ls (cap|max|inv|bt):  0| 0| 0| 0| runtime: 1908.5 ms | cr: 3817.1
    438. dt:  0.50 ms | #newton:  1 | ph:  0.0% | #CG/newton: 4475 | ls (cap|max|inv|bt):  0| 0| 0| 0| runtime: 1723.4 ms | cr: 3446.7
    439. dt:  0.50 ms | #newton:  1 | ph:  0.0% | #CG/newton: 4656 | ls (cap|max|inv|bt):  0| 0| 0| 0| runtime: 1756.6 ms | cr: 3513.2
    440. dt:  0.50 ms | #newton:  1 | ph:  0.0% | #CG/newton: 4667 | ls (cap|max|inv|bt):  0| 0| 0| 0| runtime: 1763.6 ms | cr: 3527.2
    441. dt:  0.50 ms | #newton:  1 | ph:  0.0% | #CG/newton: 4659 | ls (cap|max|inv|bt):  0| 0| 0| 0| runtime: 1762.1 ms | cr: 3524.2
    442. dt:  0.50 ms | #newton:  1 | ph:  0.0% | #CG/newton: 4479 | ls (cap|max|inv|bt):  0| 0| 0| 0| runtime: 1701.3 ms | cr: 3402.6
    443. dt:  0.50 ms | #newton:  1 | ph:  0.0% | #CG/newton: 4476 | ls (cap|max|inv|bt):  0| 0| 0| 0| runtime: 1689.3 ms | cr: 3378.6
    444. dt:  0.50 ms | #newton:  1 | ph:  0.0% | #CG/newton: 4490 | ls (cap|max|inv|bt):  0| 0| 0| 0| runtime: 1732.9 ms | cr: 3465.8
    445. dt:  0.50 ms | #newton:  1 | ph:  0.0% | #CG/newton: 4483 | ls (cap|max|inv|bt):  0| 0| 0| 0| runtime: 1705.7 ms | cr: 3411.5
    446. dt:  0.50 ms | #newton:  1 | ph:  0.0% | #CG/newton: 4672 | ls (cap|max|inv|bt):  0| 0| 0| 0| runtime: 1774.4 ms | cr: 3548.7
    447. dt:  0.50 ms | #newton:  1 | ph:  0.0% | #CG/newton: 4288 | ls (cap|max|inv|bt):  0| 0| 0| 0| runtime: 1655.9 ms | cr: 3311.9
    448. dt:  0.50 ms | #newton:  1 | ph:  0.0% | #CG/newton: 4472 | ls (cap|max|inv|bt):  0| 0| 0| 0| runtime: 1693.1 ms | cr: 3386.2
    449. dt:  0.50 ms | #newton:  1 | ph:  0.0% | #CG/newton: 4659 | ls (cap|max|inv|bt):  0| 0| 0| 0| runtime: 1764.6 ms | cr: 3529.1
    450. dt:  0.50 ms | #newton:  1 | ph:  0.0% | #CG/newton: 4486 | ls (cap|max|inv|bt):  0| 0| 0| 0| runtime: 1721.7 ms | cr: 3443.4
    451. dt:  0.50 ms | #newton:  1 | ph:  0.0% | #CG/newton: 4659 | ls (cap|max|inv|bt):  0| 0| 0| 0| runtime: 1763.3 ms | cr: 3526.6
    452. dt:  0.50 ms | #newton:  1 | ph:  0.0% | #CG/newton: 4494 | ls (cap|max|inv|bt):  0| 0| 0| 0| runtime: 1694.2 ms | cr: 3388.5
    453. dt:  0.50 ms | #newton:  1 | ph:  0.0% | #CG/newton: 4491 | ls (cap|max|inv|bt):  0| 0| 0| 0| runtime: 1721.4 ms | cr: 3442.8
    454. dt:  0.50 ms | #newton:  1 | ph:  0.0% | #CG/newton: 4488 | ls (cap|max|inv|bt):  0| 0| 0| 0| runtime: 1730.6 ms | cr: 3461.2
    455. dt:  0.50 ms | #newton:  1 | ph:  0.0% | #CG/newton: 4490 | ls (cap|max|inv|bt):  0| 0| 0| 0| runtime: 1719.7 ms | cr: 3439.4
    456. dt:  0.50 ms | #newton:  1 | ph:  0.0% | #CG/newton: 4328 | ls (cap|max|inv|bt):  0| 0| 0| 0| runtime: 1669.4 ms | cr: 3338.9
    457. dt:  0.50 ms | #newton:  1 | ph:  0.0% | #CG/newton: 4326 | ls (cap|max|inv|bt):  0| 0| 0| 0| runtime: 1662.9 ms | cr: 3325.9
    458. dt:  0.50 ms | #newton:  1 | ph:  0.0% | #CG/newton: 4315 | ls (cap|max|inv|bt):  0| 0| 0| 0| runtime: 1656.5 ms | cr: 3313.1
    459. dt:  0.50 ms | #newton:  1 | ph:  0.0% | #CG/newton: 4315 | ls (cap|max|inv|bt):  0| 0| 0| 0| runtime: 1665.7 ms | cr: 3331.3
    460. dt:  0.50 ms | #newton:  1 | ph:  0.0% | #CG/newton: 4318 | ls (cap|max|inv|bt):  0| 0| 0| 0| runtime: 1663.2 ms | cr: 3326.4
    461. dt:  0.50 ms | #newton:  1 | ph:  0.0% | #CG/newton: 4319 | ls (cap|max|inv|bt):  0| 0| 0| 0| runtime: 1660.4 ms | cr: 3320.8
    462. dt:  0.50 ms | #newton:  1 | ph:  0.0% | #CG/newton: 4319 | ls (cap|max|inv|bt):  0| 0| 0| 0| runtime: 1670.1 ms | cr: 3340.2
    463. dt:  0.50 ms | #newton:  1 | ph:  0.0% | #CG/newton: 4320 | ls (cap|max|inv|bt):  0| 0| 0| 0| runtime: 1662.0 ms | cr: 3324.1
    464. dt:  0.50 ms | #newton:  1 | ph:  0.0% | #CG/newton: 4323 | ls (cap|max|inv|bt):  0| 0| 0| 0| runtime: 1653.2 ms | cr: 3306.4
    465. dt:  0.50 ms | #newton:  1 | ph:  0.0% | #CG/newton: 4325 | ls (cap|max|inv|bt):  0| 0| 0| 0| runtime: 1663.4 ms | cr: 3326.8
    466. dt:  0.50 ms | #newton:  1 | ph:  0.0% | #CG/newton: 4330 | ls (cap|max|inv|bt):  0| 0| 0| 0| runtime: 1665.5 ms | cr: 3331.1
[Frame: 7] Time: 0.234 s
    467. dt:  0.50 ms | #newton:  1 | ph:  0.0% | #CG/newton: 4334 | ls (cap|max|inv|bt):  0| 0| 0| 0| runtime: 1695.1 ms | cr: 3390.2
    468. dt:  0.50 ms | #newton:  1 | ph:  0.0% | #CG/newton: 4335 | ls (cap|max|inv|bt):  0| 0| 0| 0| runtime: 1670.6 ms | cr: 3341.2
    469. dt:  0.50 ms | #newton:  1 | ph:  0.0% | #CG/newton: 4335 | ls (cap|max|inv|bt):  0| 0| 0| 0| runtime: 1641.8 ms | cr: 3283.6
    470. dt:  0.50 ms | #newton:  1 | ph:  0.0% | #CG/newton: 4337 | ls (cap|max|inv|bt):  0| 0| 0| 0| runtime: 1649.0 ms | cr: 3298.1
    471. dt:  0.50 ms | #newton:  1 | ph:  0.0% | #CG/newton: 4341 | ls (cap|max|inv|bt):  0| 0| 0| 0| runtime: 1696.0 ms | cr: 3392.1
    472. dt:  0.50 ms | #newton:  1 | ph:  0.0% | #CG/newton: 4343 | ls (cap|max|inv|bt):  0| 0| 0| 0| runtime: 1711.9 ms | cr: 3423.9
    473. dt:  0.50 ms | #newton:  1 | ph:  0.0% | #CG/newton: 4343 | ls (cap|max|inv|bt):  0| 0| 0| 0| runtime: 1653.8 ms | cr: 3307.6
    474. dt:  0.50 ms | #newton:  1 | ph:  0.0% | #CG/newton: 4344 | ls (cap|max|inv|bt):  0| 0| 0| 0| runtime: 1661.7 ms | cr: 3323.3
    475. dt:  0.50 ms | #newton:  1 | ph:  0.0% | #CG/newton: 4345 | ls (cap|max|inv|bt):  0| 0| 0| 0| runtime: 1662.6 ms | cr: 3325.2
    476. dt:  0.50 ms | #newton:  1 | ph:  0.0% | #CG/newton: 4346 | ls (cap|max|inv|bt):  0| 0| 0| 0| runtime: 1645.6 ms | cr: 3291.3
    477. dt:  0.50 ms | #newton:  1 | ph:  0.0% | #CG/newton: 4348 | ls (cap|max|inv|bt):  0| 0| 0| 0| runtime: 1653.7 ms | cr: 3307.4
    478. dt:  0.50 ms | #newton:  1 | ph:  0.0% | #CG/newton: 4350 | ls (cap|max|inv|bt):  0| 0| 0| 0| runtime: 1648.0 ms | cr: 3295.9
    479. dt:  0.50 ms | #newton:  1 | ph:  0.0% | #CG/newton: 4353 | ls (cap|max|inv|bt):  0| 0| 0| 0| runtime: 1658.3 ms | cr: 3316.5
    480. dt:  0.50 ms | #newton:  1 | ph:  0.0% | #CG/newton: 4356 | ls (cap|max|inv|bt):  0| 0| 0| 0| runtime: 1658.8 ms | cr: 3317.6
    481. dt:  0.50 ms | #newton:  1 | ph:  0.0% | #CG/newton: 4360 | ls (cap|max|inv|bt):  0| 0| 0| 0| runtime: 1678.4 ms | cr: 3356.9
    482. dt:  0.50 ms | #newton:  1 | ph:  0.0% | #CG/newton: 4365 | ls (cap|max|inv|bt):  0| 0| 0| 0| runtime: 1688.4 ms | cr: 3376.7
    483. dt:  0.50 ms | #newton:  1 | ph:  0.0% | #CG/newton: 4367 | ls (cap|max|inv|bt):  0| 0| 0| 0| runtime: 1664.7 ms | cr: 3329.4
    484. dt:  0.50 ms | #newton:  1 | ph:  0.0% | #CG/newton: 4174 | ls (cap|max|inv|bt):  0| 0| 0| 0| runtime: 1598.1 ms | cr: 3196.1
    485. dt:  0.50 ms | #newton:  1 | ph:  0.0% | #CG/newton: 4183 | ls (cap|max|inv|bt):  0| 0| 0| 0| runtime: 1608.9 ms | cr: 3217.7
    486. dt:  0.50 ms | #newton:  1 | ph:  0.0% | #CG/newton: 4380 | ls (cap|max|inv|bt):  0| 0| 0| 0| runtime: 1685.6 ms | cr: 3371.2
    487. dt:  0.50 ms | #newton:  1 | ph:  0.0% | #CG/newton: 4380 | ls (cap|max|inv|bt):  0| 0| 0| 0| runtime: 1667.7 ms | cr: 3335.3
    488. dt:  0.50 ms | #newton:  1 | ph:  0.0% | #CG/newton: 4345 | ls (cap|max|inv|bt):  0| 0| 0| 0| runtime: 1641.9 ms | cr: 3283.8
    489. dt:  0.50 ms | #newton:  1 | ph:  0.0% | #CG/newton: 4393 | ls (cap|max|inv|bt):  0| 0| 0| 0| runtime: 1669.1 ms | cr: 3338.3
    490. dt:  0.50 ms | #newton:  1 | ph:  0.0% | #CG/newton: 4396 | ls (cap|max|inv|bt):  0| 0| 0| 0| runtime: 1665.4 ms | cr: 3330.8
    491. dt:  0.50 ms | #newton:  1 | ph:  0.0% | #CG/newton: 4570 | ls (cap|max|inv|bt):  0| 0| 0| 0| runtime: 1736.4 ms | cr: 3472.8
    492. dt:  0.50 ms | #newton:  1 | ph:  0.0% | #CG/newton: 4394 | ls (cap|max|inv|bt):  0| 0| 0| 0| runtime: 1672.7 ms | cr: 3345.3
    493. dt:  0.50 ms | #newton:  1 | ph:  0.0% | #CG/newton: 4573 | ls (cap|max|inv|bt):  0| 0| 0| 0| runtime: 1726.2 ms | cr: 3452.4
    494. dt:  0.50 ms | #newton:  1 | ph:  0.0% | #CG/newton: 4398 | ls (cap|max|inv|bt):  0| 0| 0| 0| runtime: 1670.8 ms | cr: 3341.7
    495. dt:  0.50 ms | #newton:  1 | ph:  0.0% | #CG/newton: 4402 | ls (cap|max|inv|bt):  0| 0| 0| 0| runtime: 1674.2 ms | cr: 3348.3
    496. dt:  0.50 ms | #newton:  1 | ph:  0.0% | #CG/newton: 4406 | ls (cap|max|inv|bt):  0| 0| 0| 0| runtime: 1682.6 ms | cr: 3365.3
    497. dt:  0.50 ms | #newton:  1 | ph:  0.0% | #CG/newton: 4405 | ls (cap|max|inv|bt):  0| 0| 0| 0| runtime: 1670.4 ms | cr: 3340.9
    498. dt:  0.50 ms | #newton:  1 | ph:  0.0% | #CG/newton: 4409 | ls (cap|max|inv|bt):  0| 0| 0| 0| runtime: 1844.5 ms | cr: 3689.1
    499. dt:  0.50 ms | #newton:  1 | ph:  0.0% | #CG/newton: 4411 | ls (cap|max|inv|bt):  0| 0| 0| 0| runtime: 1821.4 ms | cr: 3642.8
    500. dt:  0.50 ms | #newton:  1 | ph:  0.0% | #CG/newton: 4250 | ls (cap|max|inv|bt):  0| 0| 0| 0| runtime: 1723.5 ms | cr: 3447.1
    501. dt:  0.50 ms | #newton:  1 | ph:  0.0% | #CG/newton: 4404 | ls (cap|max|inv|bt):  0| 0| 0| 0| runtime: 1757.8 ms | cr: 3515.5
    502. dt:  0.50 ms | #newton:  1 | ph:  0.0% | #CG/newton: 4433 | ls (cap|max|inv|bt):  0| 0| 0| 0| runtime: 1685.7 ms | cr: 3371.5
    503. dt:  0.50 ms | #newton:  1 | ph:  0.0% | #CG/newton: 4455 | ls (cap|max|inv|bt):  0| 0| 0| 0| runtime: 1707.8 ms | cr: 3415.6
    504. dt:  0.50 ms | #newton:  1 | ph:  0.0% | #CG/newton: 4463 | ls (cap|max|inv|bt):  0| 0| 0| 0| runtime: 1699.3 ms | cr: 3398.6
    505. dt:  0.50 ms | #newton:  1 | ph:  0.0% | #CG/newton: 4458 | ls (cap|max|inv|bt):  0| 0| 0| 0| runtime: 1694.8 ms | cr: 3389.7
    506. dt:  0.50 ms | #newton:  1 | ph:  0.0% | #CG/newton: 4459 | ls (cap|max|inv|bt):  0| 0| 0| 0| runtime: 1688.6 ms | cr: 3377.3
    507. dt:  0.50 ms | #newton:  1 | ph:  0.0% | #CG/newton: 4444 | ls (cap|max|inv|bt):  0| 0| 0| 0| runtime: 1821.6 ms | cr: 3643.2
    508. dt:  0.50 ms | #newton:  1 | ph:  0.0% | #CG/newton: 4438 | ls (cap|max|inv|bt):  0| 0| 0| 0| runtime: 1709.5 ms | cr: 3419.1
    509. dt:  0.50 ms | #newton:  1 | ph:  0.0% | #CG/newton: 4471 | ls (cap|max|inv|bt):  0| 0| 0| 0| runtime: 1719.2 ms | cr: 3438.3
    510. dt:  0.50 ms | #newton:  1 | ph:  0.0% | #CG/newton: 4479 | ls (cap|max|inv|bt):  0| 0| 0| 0| runtime: 1762.6 ms | cr: 3525.2
    511. dt:  0.50 ms | #newton:  2 | ph:  0.0% | #CG/newton: 2242 | ls (cap|max|inv|bt):  0| 0| 0| 0| runtime: 1772.1 ms | cr: 3544.2
    512. dt:  0.50 ms | #newton:  1 | ph:  0.0% | #CG/newton: 3370 | ls (cap|max|inv|bt):  0| 0| 0| 0| runtime: 1316.0 ms | cr: 2631.9
    513. dt:  0.50 ms | #newton:  2 | ph:  0.0% | #CG/newton: 2146 | ls (cap|max|inv|bt):  0| 0| 0| 0| runtime: 1693.2 ms | cr: 3386.4
    514. dt:  0.50 ms | #newton:  1 | ph:  0.0% | #CG/newton: 3371 | ls (cap|max|inv|bt):  0| 0| 0| 0| runtime: 1319.9 ms | cr: 2639.7
    515. dt:  0.50 ms | #newton:  2 | ph:  0.0% | #CG/newton: 2152 | ls (cap|max|inv|bt):  0| 0| 0| 0| runtime: 1714.5 ms | cr: 3429.0
    516. dt:  0.50 ms | #newton:  1 | ph:  0.0% | #CG/newton: 3381 | ls (cap|max|inv|bt):  0| 0| 0| 0| runtime: 1318.0 ms | cr: 2636.1
    517. dt:  0.50 ms | #newton:  2 | ph:  0.0% | #CG/newton: 2157 | ls (cap|max|inv|bt):  0| 0| 0| 0| runtime: 1701.5 ms | cr: 3403.1
    518. dt:  0.50 ms | #newton:  1 | ph:  0.0% | #CG/newton: 3388 | ls (cap|max|inv|bt):  0| 0| 0| 0| runtime: 1350.7 ms | cr: 2701.5
    519. dt:  0.50 ms | #newton:  2 | ph:  0.0% | #CG/newton: 2162 | ls (cap|max|inv|bt):  0| 0| 0| 0| runtime: 1714.5 ms | cr: 3429.0
    520. dt:  0.50 ms | #newton:  1 | ph:  0.0% | #CG/newton: 3398 | ls (cap|max|inv|bt):  0| 0| 0| 0| runtime: 1378.1 ms | cr: 2756.1
    521. dt:  0.50 ms | #newton:  2 | ph:  0.0% | #CG/newton: 2170 | ls (cap|max|inv|bt):  0| 0| 0| 0| runtime: 1873.9 ms | cr: 3747.8
    522. dt:  0.50 ms | #newton:  1 | ph:  0.0% | #CG/newton: 3407 | ls (cap|max|inv|bt):  0| 0| 0| 0| runtime: 1390.5 ms | cr: 2781.0
    523. dt:  0.50 ms | #newton:  2 | ph:  0.0% | #CG/newton: 2174 | ls (cap|max|inv|bt):  0| 0| 0| 0| runtime: 1801.1 ms | cr: 3602.3
    524. dt:  0.50 ms | #newton:  1 | ph:  0.0% | #CG/newton: 3415 | ls (cap|max|inv|bt):  0| 0| 0| 0| runtime: 1408.7 ms | cr: 2817.4
    525. dt:  0.50 ms | #newton:  2 | ph:  0.0% | #CG/newton: 2163 | ls (cap|max|inv|bt):  0| 0| 0| 0| runtime: 1786.5 ms | cr: 3573.0
    526. dt:  0.50 ms | #newton:  1 | ph:  0.0% | #CG/newton: 3426 | ls (cap|max|inv|bt):  0| 0| 0| 0| runtime: 1404.5 ms | cr: 2809.1
    527. dt:  0.50 ms | #newton:  2 | ph:  0.0% | #CG/newton: 2085 | ls (cap|max|inv|bt):  0| 0| 0| 0| runtime: 1725.0 ms | cr: 3450.0
    528. dt:  0.50 ms | #newton:  1 | ph:  0.0% | #CG/newton: 3447 | ls (cap|max|inv|bt):  0| 0| 0| 0| runtime: 1396.2 ms | cr: 2792.4
    529. dt:  0.50 ms | #newton:  2 | ph:  0.0% | #CG/newton: 2086 | ls (cap|max|inv|bt):  0| 0| 0| 0| runtime: 1690.1 ms | cr: 3380.2
    530. dt:  0.50 ms | #newton:  1 | ph:  0.0% | #CG/newton: 3470 | ls (cap|max|inv|bt):  0| 0| 0| 0| runtime: 1382.9 ms | cr: 2765.8
    531. dt:  0.50 ms | #newton:  2 | ph:  0.0% | #CG/newton: 2091 | ls (cap|max|inv|bt):  0| 0| 0| 0| runtime: 1713.5 ms | cr: 3426.9
    532. dt:  0.50 ms | #newton:  1 | ph:  0.0% | #CG/newton: 3475 | ls (cap|max|inv|bt):  0| 0| 0| 0| runtime: 1379.7 ms | cr: 2759.4
    533. dt:  0.50 ms | #newton:  2 | ph:  0.0% | #CG/newton: 2094 | ls (cap|max|inv|bt):  0| 0| 0| 0| runtime: 1688.3 ms | cr: 3376.5
[Frame: 8] Time: 0.267 s
    534. dt:  0.50 ms | #newton:  1 | ph:  0.0% | #CG/newton: 3486 | ls (cap|max|inv|bt):  0| 0| 0| 0| runtime: 1394.2 ms | cr: 2788.3
    535. dt:  0.50 ms | #newton:  2 | ph:  0.0% | #CG/newton: 2098 | ls (cap|max|inv|bt):  0| 0| 0| 0| runtime: 1696.4 ms | cr: 3392.8
    536. dt:  0.50 ms | #newton:  1 | ph:  0.0% | #CG/newton: 3487 | ls (cap|max|inv|bt):  0| 0| 0| 0| runtime: 1391.9 ms | cr: 2783.9
    537. dt:  0.50 ms | #newton:  2 | ph:  0.0% | #CG/newton: 2102 | ls (cap|max|inv|bt):  0| 0| 0| 0| runtime: 1730.6 ms | cr: 3461.2
    538. dt:  0.50 ms | #newton:  1 | ph:  0.0% | #CG/newton: 3494 | ls (cap|max|inv|bt):  0| 0| 0| 0| runtime: 1421.6 ms | cr: 2843.2
    539. dt:  0.50 ms | #newton:  2 | ph:  0.0% | #CG/newton: 2105 | ls (cap|max|inv|bt):  0| 0| 0| 0| runtime: 1733.3 ms | cr: 3466.6
    540. dt:  0.50 ms | #newton:  1 | ph:  0.0% | #CG/newton: 3500 | ls (cap|max|inv|bt):  0| 0| 0| 0| runtime: 1436.3 ms | cr: 2872.6
    541. dt:  0.50 ms | #newton:  2 | ph:  0.0% | #CG/newton: 2110 | ls (cap|max|inv|bt):  0| 0| 0| 0| runtime: 1748.1 ms | cr: 3496.1
    542. dt:  0.50 ms | #newton:  1 | ph:  0.0% | #CG/newton: 3508 | ls (cap|max|inv|bt):  0| 0| 0| 0| runtime: 1391.1 ms | cr: 2782.3
    543. dt:  0.50 ms | #newton:  2 | ph:  0.0% | #CG/newton: 2114 | ls (cap|max|inv|bt):  0| 0| 0| 0| runtime: 1706.7 ms | cr: 3413.4
    544. dt:  0.50 ms | #newton:  1 | ph:  0.0% | #CG/newton: 3515 | ls (cap|max|inv|bt):  0| 0| 0| 0| runtime: 1475.4 ms | cr: 2950.8
    545. dt:  0.50 ms | #newton:  2 | ph:  0.0% | #CG/newton: 2121 | ls (cap|max|inv|bt):  0| 0| 0| 0| runtime: 1780.3 ms | cr: 3560.6
    546. dt:  0.50 ms | #newton:  1 | ph:  0.0% | #CG/newton: 3239 | ls (cap|max|inv|bt):  0| 0| 0| 0| runtime: 1332.3 ms | cr: 2664.5
    547. dt:  0.50 ms | #newton:  2 | ph:  0.0% | #CG/newton: 2125 | ls (cap|max|inv|bt):  0| 0| 0| 0| runtime: 1730.9 ms | cr: 3461.8
    548. dt:  0.50 ms | #newton:  1 | ph:  0.0% | #CG/newton: 3241 | ls (cap|max|inv|bt):  0| 0| 0| 0| runtime: 1300.8 ms | cr: 2601.6
    549. dt:  0.50 ms | #newton:  2 | ph:  0.0% | #CG/newton: 2125 | ls (cap|max|inv|bt):  0| 0| 0| 0| runtime: 1722.7 ms | cr: 3445.3
    550. dt:  0.50 ms | #newton:  1 | ph:  0.0% | #CG/newton: 3751 | ls (cap|max|inv|bt):  0| 0| 0| 0| runtime: 1480.3 ms | cr: 2960.5
    551. dt:  0.50 ms | #newton:  2 | ph:  0.0% | #CG/newton: 2048 | ls (cap|max|inv|bt):  0| 0| 0| 0| runtime: 1662.2 ms | cr: 3324.4
    552. dt:  0.50 ms | #newton:  1 | ph:  0.0% | #CG/newton: 3491 | ls (cap|max|inv|bt):  0| 0| 0| 0| runtime: 1435.3 ms | cr: 2870.7
    553. dt:  0.50 ms | #newton:  2 | ph:  0.0% | #CG/newton: 1942 | ls (cap|max|inv|bt):  0| 0| 0| 0| runtime: 1630.9 ms | cr: 3261.9
    554. dt:  0.50 ms | #newton:  1 | ph:  0.0% | #CG/newton: 3361 | ls (cap|max|inv|bt):  0| 0| 0| 0| runtime: 1382.6 ms | cr: 2765.3
    555. dt:  0.50 ms | #newton:  2 | ph:  0.0% | #CG/newton: 1953 | ls (cap|max|inv|bt):  0| 0| 0| 0| runtime: 1644.9 ms | cr: 3289.7
    556. dt:  0.50 ms | #newton:  1 | ph:  0.0% | #CG/newton: 3079 | ls (cap|max|inv|bt):  0| 0| 0| 0| runtime: 1282.3 ms | cr: 2564.6
    557. dt:  0.50 ms | #newton:  2 | ph:  0.0% | #CG/newton: 1954 | ls (cap|max|inv|bt):  0| 0| 0| 0| runtime: 1642.8 ms | cr: 3285.6
    558. dt:  0.50 ms | #newton:  1 | ph:  0.0% | #CG/newton: 3082 | ls (cap|max|inv|bt):  0| 0| 0| 0| runtime: 1257.0 ms | cr: 2514.0
    559. dt:  0.50 ms | #newton:  2 | ph:  0.0% | #CG/newton: 1956 | ls (cap|max|inv|bt):  0| 0| 0| 0| runtime: 1643.7 ms | cr: 3287.3
    560. dt:  0.50 ms | #newton:  1 | ph:  0.0% | #CG/newton: 3084 | ls (cap|max|inv|bt):  0| 0| 0| 0| runtime: 1245.7 ms | cr: 2491.4
    561. dt:  0.50 ms | #newton:  2 | ph:  0.0% | #CG/newton: 1957 | ls (cap|max|inv|bt):  0| 0| 0| 0| runtime: 1598.3 ms | cr: 3196.6
    562. dt:  0.50 ms | #newton:  1 | ph:  0.0% | #CG/newton: 3091 | ls (cap|max|inv|bt):  0| 0| 0| 0| runtime: 1249.6 ms | cr: 2499.3
    563. dt:  0.50 ms | #newton:  2 | ph:  0.0% | #CG/newton: 1959 | ls (cap|max|inv|bt):  0| 0| 0| 0| runtime: 1606.2 ms | cr: 3212.4
    564. dt:  0.50 ms | #newton:  1 | ph:  0.0% | #CG/newton: 3096 | ls (cap|max|inv|bt):  0| 0| 0| 0| runtime: 1242.2 ms | cr: 2484.4
    565. dt:  0.50 ms | #newton:  2 | ph:  0.0% | #CG/newton: 1962 | ls (cap|max|inv|bt):  0| 0| 0| 0| runtime: 1608.2 ms | cr: 3216.5
    566. dt:  0.50 ms | #newton:  1 | ph:  0.0% | #CG/newton: 3099 | ls (cap|max|inv|bt):  0| 0| 0| 0| runtime: 1258.2 ms | cr: 2516.4
    567. dt:  0.50 ms | #newton:  2 | ph:  0.0% | #CG/newton: 1963 | ls (cap|max|inv|bt):  0| 0| 0| 0| runtime: 1601.9 ms | cr: 3203.8
    568. dt:  0.50 ms | #newton:  1 | ph:  0.0% | #CG/newton: 2673 | ls (cap|max|inv|bt):  0| 0| 0| 0| runtime: 1102.3 ms | cr: 2204.6
    569. dt:  0.50 ms | #newton:  2 | ph:  0.0% | #CG/newton: 1967 | ls (cap|max|inv|bt):  0| 0| 0| 0| runtime: 1598.4 ms | cr: 3196.7
    570. dt:  0.50 ms | #newton:  1 | ph:  0.0% | #CG/newton: 2672 | ls (cap|max|inv|bt):  0| 0| 0| 0| runtime: 1100.1 ms | cr: 2200.1
    571. dt:  0.50 ms | #newton:  2 | ph:  0.0% | #CG/newton: 1968 | ls (cap|max|inv|bt):  0| 0| 0| 0| runtime: 1606.4 ms | cr: 3212.9
    572. dt:  0.50 ms | #newton:  1 | ph:  0.0% | #CG/newton: 2675 | ls (cap|max|inv|bt):  0| 0| 0| 0| runtime: 1095.2 ms | cr: 2190.3
    573. dt:  0.50 ms | #newton:  2 | ph:  0.0% | #CG/newton: 1757 | ls (cap|max|inv|bt):  0| 0| 0| 0| runtime: 1457.5 ms | cr: 2915.1
    574. dt:  0.50 ms | #newton:  1 | ph:  0.0% | #CG/newton: 2273 | ls (cap|max|inv|bt):  0| 0| 0| 0| runtime:  955.8 ms | cr: 1911.6
    575. dt:  0.50 ms | #newton:  2 | ph:  0.0% | #CG/newton: 1856 | ls (cap|max|inv|bt):  0| 0| 0| 0| runtime: 1536.3 ms | cr: 3072.5
    576. dt:  0.50 ms | #newton:  1 | ph:  0.0% | #CG/newton: 2275 | ls (cap|max|inv|bt):  0| 0| 0| 0| runtime: 1093.8 ms | cr: 2187.6
    577. dt:  0.50 ms | #newton:  2 | ph:  0.0% | #CG/newton: 1752 | ls (cap|max|inv|bt):  0| 0| 0| 0| runtime: 1456.7 ms | cr: 2913.4
    578. dt:  0.50 ms | #newton:  1 | ph:  0.0% | #CG/newton: 2680 | ls (cap|max|inv|bt):  0| 0| 0| 0| runtime: 1106.7 ms | cr: 2213.3
    579. dt:  0.50 ms | #newton:  2 | ph:  0.0% | #CG/newton: 1630 | ls (cap|max|inv|bt):  0| 0| 0| 0| runtime: 1363.7 ms | cr: 2727.5
    580. dt:  0.50 ms | #newton:  1 | ph:  0.0% | #CG/newton: 2277 | ls (cap|max|inv|bt):  0| 0| 0| 0| runtime:  962.7 ms | cr: 1925.4
    581. dt:  0.50 ms | #newton:  2 | ph:  0.0% | #CG/newton: 1744 | ls (cap|max|inv|bt):  0| 0| 0| 0| runtime: 1454.3 ms | cr: 2908.5
    582. dt:  0.50 ms | #newton:  1 | ph:  0.0% | #CG/newton: 2271 | ls (cap|max|inv|bt):  0| 0| 0| 0| runtime:  969.3 ms | cr: 1938.5
    583. dt:  0.50 ms | #newton:  2 | ph:  0.0% | #CG/newton: 1746 | ls (cap|max|inv|bt):  0| 0| 0| 0| runtime: 1470.5 ms | cr: 2940.9
    584. dt:  0.50 ms | #newton:  1 | ph:  0.0% | #CG/newton: 2454 | ls (cap|max|inv|bt):  0| 0| 0| 0| runtime: 1019.7 ms | cr: 2039.3
    585. dt:  0.50 ms | #newton:  2 | ph:  0.0% | #CG/newton: 1628 | ls (cap|max|inv|bt):  0| 0| 0| 0| runtime: 1386.4 ms | cr: 2772.8
    586. dt:  0.50 ms | #newton:  1 | ph:  0.0% | #CG/newton: 2444 | ls (cap|max|inv|bt):  0| 0| 0| 0| runtime: 1012.3 ms | cr: 2024.7
    587. dt:  0.50 ms | #newton:  2 | ph:  0.0% | #CG/newton: 1522 | ls (cap|max|inv|bt):  0| 0| 0| 0| runtime: 1432.2 ms | cr: 2864.3
    588. dt:  0.50 ms | #newton:  1 | ph:  0.0% | #CG/newton: 2689 | ls (cap|max|inv|bt):  0| 0| 0| 0| runtime: 1159.2 ms | cr: 2318.3
    589. dt:  0.50 ms | #newton:  2 | ph:  0.0% | #CG/newton: 1479 | ls (cap|max|inv|bt):  0| 0| 0| 0| runtime: 1267.9 ms | cr: 2535.7
    590. dt:  0.50 ms | #newton:  1 | ph:  0.0% | #CG/newton: 2037 | ls (cap|max|inv|bt):  0| 0| 0| 0| runtime:  871.3 ms | cr: 1742.5
    591. dt:  0.50 ms | #newton:  2 | ph:  0.0% | #CG/newton: 1530 | ls (cap|max|inv|bt):  0| 0| 0| 0| runtime: 1300.5 ms | cr: 2600.9
    592. dt:  0.50 ms | #newton:  1 | ph:  0.0% | #CG/newton: 2670 | ls (cap|max|inv|bt):  0| 0| 0| 0| runtime: 1089.3 ms | cr: 2178.6
    593. dt:  0.50 ms | #newton:  2 | ph:  0.0% | #CG/newton: 1531 | ls (cap|max|inv|bt):  0| 0| 0| 0| runtime: 1300.9 ms | cr: 2601.7
    594. dt:  0.50 ms | #newton:  1 | ph:  0.0% | #CG/newton: 2272 | ls (cap|max|inv|bt):  0| 0| 0| 0| runtime:  951.2 ms | cr: 1902.5
    595. dt:  0.50 ms | #newton:  2 | ph:  0.0% | #CG/newton: 1528 | ls (cap|max|inv|bt):  0| 0| 0| 0| runtime: 1290.5 ms | cr: 2581.1
    596. dt:  0.50 ms | #newton:  1 | ph:  0.0% | #CG/newton: 2674 | ls (cap|max|inv|bt):  0| 0| 0| 0| runtime: 1107.2 ms | cr: 2214.4
    597. dt:  0.50 ms | #newton:  2 | ph:  0.0% | #CG/newton: 1532 | ls (cap|max|inv|bt):  0| 0| 0| 0| runtime: 1294.1 ms | cr: 2588.2
    598. dt:  0.50 ms | #newton:  1 | ph:  0.0% | #CG/newton: 2273 | ls (cap|max|inv|bt):  0| 0| 0| 0| runtime:  951.9 ms | cr: 1903.7
    599. dt:  0.50 ms | #newton:  2 | ph:  0.0% | #CG/newton: 1528 | ls (cap|max|inv|bt):  0| 0| 0| 0| runtime: 1286.3 ms | cr: 2572.6
    600. dt:  0.50 ms | #newton:  1 | ph:  0.0% | #CG/newton: 2675 | ls (cap|max|inv|bt):  0| 0| 0| 0| runtime: 1109.6 ms | cr: 2219.3
[Frame: 9] Time: 0.301 s
    601. dt:  0.50 ms | #newton:  2 | ph:  0.0% | #CG/newton: 1532 | ls (cap|max|inv|bt):  0| 0| 0| 0| runtime: 1315.6 ms | cr: 2631.2
    602. dt:  0.50 ms | #newton:  1 | ph:  0.0% | #CG/newton: 2280 | ls (cap|max|inv|bt):  0| 0| 0| 0| runtime:  987.3 ms | cr: 1974.6
    603. dt:  0.50 ms | #newton:  2 | ph:  0.0% | #CG/newton: 1528 | ls (cap|max|inv|bt):  0| 0| 0| 0| runtime: 1303.6 ms | cr: 2607.2
    604. dt:  0.50 ms | #newton:  1 | ph:  0.0% | #CG/newton: 2677 | ls (cap|max|inv|bt):  0| 0| 0| 0| runtime: 1097.0 ms | cr: 2194.0
    605. dt:  0.50 ms | #newton:  2 | ph:  0.0% | #CG/newton: 1532 | ls (cap|max|inv|bt):  0| 0| 0| 0| runtime: 1290.4 ms | cr: 2580.8
    606. dt:  0.50 ms | #newton:  1 | ph:  0.0% | #CG/newton: 2281 | ls (cap|max|inv|bt):  0| 0| 0| 0| runtime:  963.3 ms | cr: 1926.6
    607. dt:  0.50 ms | #newton:  2 | ph:  0.0% | #CG/newton: 1528 | ls (cap|max|inv|bt):  0| 0| 0| 0| runtime: 1342.3 ms | cr: 2684.6
    608. dt:  0.50 ms | #newton:  1 | ph:  0.0% | #CG/newton: 2673 | ls (cap|max|inv|bt):  0| 0| 0| 0| runtime: 1105.9 ms | cr: 2211.8
    609. dt:  0.50 ms | #newton:  2 | ph:  0.0% | #CG/newton: 1531 | ls (cap|max|inv|bt):  0| 0| 0| 0| runtime: 1306.7 ms | cr: 2613.4
    610. dt:  0.50 ms | #newton:  1 | ph:  0.0% | #CG/newton: 2304 | ls (cap|max|inv|bt):  0| 0| 0| 0| runtime:  969.7 ms | cr: 1939.4
    611. dt:  0.50 ms | #newton:  2 | ph:  0.0% | #CG/newton: 1529 | ls (cap|max|inv|bt):  0| 0| 0| 0| runtime: 1291.7 ms | cr: 2583.3
    612. dt:  0.50 ms | #newton:  1 | ph:  0.0% | #CG/newton: 2676 | ls (cap|max|inv|bt):  0| 0| 0| 0| runtime: 1097.4 ms | cr: 2194.9
    613. dt:  0.50 ms | #newton:  2 | ph:  0.0% | #CG/newton: 1532 | ls (cap|max|inv|bt):  0| 0| 0| 0| runtime: 1304.2 ms | cr: 2608.3
    614. dt:  0.50 ms | #newton:  1 | ph:  0.0% | #CG/newton: 2305 | ls (cap|max|inv|bt):  0| 0| 0| 0| runtime:  959.0 ms | cr: 1918.0
    615. dt:  0.50 ms | #newton:  2 | ph:  0.0% | #CG/newton: 1527 | ls (cap|max|inv|bt):  0| 0| 0| 0| runtime: 1277.5 ms | cr: 2555.1
    616. dt:  0.50 ms | #newton:  1 | ph:  0.0% | #CG/newton: 2671 | ls (cap|max|inv|bt):  0| 0| 0| 0| runtime: 1082.1 ms | cr: 2164.3
    617. dt:  0.50 ms | #newton:  2 | ph:  0.0% | #CG/newton: 1533 | ls (cap|max|inv|bt):  0| 0| 0| 0| runtime: 1287.6 ms | cr: 2575.3
    618. dt:  0.50 ms | #newton:  1 | ph:  0.0% | #CG/newton: 2305 | ls (cap|max|inv|bt):  0| 0| 0| 0| runtime:  945.6 ms | cr: 1891.3
    619. dt:  0.50 ms | #newton:  2 | ph:  0.0% | #CG/newton: 1528 | ls (cap|max|inv|bt):  0| 0| 0| 0| runtime: 1273.8 ms | cr: 2547.7
    620. dt:  0.50 ms | #newton:  1 | ph:  0.0% | #CG/newton: 2671 | ls (cap|max|inv|bt):  0| 0| 0| 0| runtime: 1085.4 ms | cr: 2170.9
    621. dt:  0.50 ms | #newton:  2 | ph:  0.0% | #CG/newton: 1531 | ls (cap|max|inv|bt):  0| 0| 0| 0| runtime: 1268.2 ms | cr: 2536.5
    622. dt:  0.50 ms | #newton:  1 | ph:  0.0% | #CG/newton: 2306 | ls (cap|max|inv|bt):  0| 0| 0| 0| runtime:  947.8 ms | cr: 1895.6
    623. dt:  0.50 ms | #newton:  2 | ph:  0.0% | #CG/newton: 1527 | ls (cap|max|inv|bt):  0| 0| 0| 0| runtime: 1280.4 ms | cr: 2560.8
    624. dt:  0.50 ms | #newton:  1 | ph:  0.0% | #CG/newton: 2674 | ls (cap|max|inv|bt):  0| 0| 0| 0| runtime: 1111.0 ms | cr: 2222.0
    625. dt:  0.50 ms | #newton:  2 | ph:  0.0% | #CG/newton: 1531 | ls (cap|max|inv|bt):  0| 0| 0| 0| runtime: 1344.9 ms | cr: 2689.8
    626. dt:  0.50 ms | #newton:  1 | ph:  0.0% | #CG/newton: 2305 | ls (cap|max|inv|bt):  0| 0| 0| 0| runtime: 1045.4 ms | cr: 2090.9
    627. dt:  0.50 ms | #newton:  2 | ph:  0.0% | #CG/newton: 1527 | ls (cap|max|inv|bt):  0| 0| 0| 0| runtime: 1289.7 ms | cr: 2579.4
    628. dt:  0.50 ms | #newton:  1 | ph:  0.0% | #CG/newton: 2671 | ls (cap|max|inv|bt):  0| 0| 0| 0| runtime: 1080.8 ms | cr: 2161.6
    629. dt:  0.50 ms | #newton:  2 | ph:  0.0% | #CG/newton: 1532 | ls (cap|max|inv|bt):  0| 0| 0| 0| runtime: 1271.2 ms | cr: 2542.3
    630. dt:  0.50 ms | #newton:  1 | ph:  0.0% | #CG/newton: 2303 | ls (cap|max|inv|bt):  0| 0| 0| 0| runtime:  950.4 ms | cr: 1900.7
    631. dt:  0.50 ms | #newton:  2 | ph:  0.0% | #CG/newton: 1528 | ls (cap|max|inv|bt):  0| 0| 0| 0| runtime: 1269.4 ms | cr: 2538.8
    632. dt:  0.50 ms | #newton:  1 | ph:  0.0% | #CG/newton: 2681 | ls (cap|max|inv|bt):  0| 0| 0| 0| runtime: 1092.4 ms | cr: 2184.8
    633. dt:  0.50 ms | #newton:  2 | ph:  0.0% | #CG/newton: 1532 | ls (cap|max|inv|bt):  0| 0| 0| 0| runtime: 1274.2 ms | cr: 2548.4
    634. dt:  0.50 ms | #newton:  1 | ph:  0.0% | #CG/newton: 2303 | ls (cap|max|inv|bt):  0| 0| 0| 0| runtime:  954.6 ms | cr: 1909.2
    635. dt:  0.50 ms | #newton:  2 | ph:  0.0% | #CG/newton: 1527 | ls (cap|max|inv|bt):  0| 0| 0| 0| runtime: 1271.1 ms | cr: 2542.2
    636. dt:  0.50 ms | #newton:  1 | ph:  0.0% | #CG/newton: 2679 | ls (cap|max|inv|bt):  0| 0| 0| 0| runtime: 1079.2 ms | cr: 2158.3
    637. dt:  0.50 ms | #newton:  2 | ph:  0.0% | #CG/newton: 1532 | ls (cap|max|inv|bt):  0| 0| 0| 0| runtime: 1274.0 ms | cr: 2548.0
    638. dt:  0.50 ms | #newton:  1 | ph:  0.0% | #CG/newton: 2306 | ls (cap|max|inv|bt):  0| 0| 0| 0| runtime: 1111.3 ms | cr: 2222.6
    639. dt:  0.50 ms | #newton:  2 | ph:  0.0% | #CG/newton: 1526 | ls (cap|max|inv|bt):  0| 0| 0| 0| runtime: 1286.4 ms | cr: 2572.9
    640. dt:  0.50 ms | #newton:  1 | ph:  0.0% | #CG/newton: 2688 | ls (cap|max|inv|bt):  0| 0| 0| 0| runtime: 1117.9 ms | cr: 2235.8
    641. dt:  0.50 ms | #newton:  2 | ph:  0.0% | #CG/newton: 1532 | ls (cap|max|inv|bt):  0| 0| 0| 0| runtime: 1266.4 ms | cr: 2532.7
    642. dt:  0.50 ms | #newton:  1 | ph:  0.0% | #CG/newton: 2303 | ls (cap|max|inv|bt):  0| 0| 0| 0| runtime:  937.9 ms | cr: 1875.8
    643. dt:  0.50 ms | #newton:  2 | ph:  0.0% | #CG/newton: 1527 | ls (cap|max|inv|bt):  0| 0| 0| 0| runtime: 1259.3 ms | cr: 2518.6
    644. dt:  0.50 ms | #newton:  1 | ph:  0.0% | #CG/newton: 2972 | ls (cap|max|inv|bt):  0| 0| 0| 0| runtime: 1177.3 ms | cr: 2354.5
    645. dt:  0.50 ms | #newton:  2 | ph:  0.0% | #CG/newton: 1530 | ls (cap|max|inv|bt):  0| 0| 0| 0| runtime: 1274.9 ms | cr: 2549.7
    646. dt:  0.50 ms | #newton:  1 | ph:  0.0% | #CG/newton: 2659 | ls (cap|max|inv|bt):  0| 0| 0| 0| runtime: 1061.0 ms | cr: 2122.0
    647. dt:  0.50 ms | #newton:  2 | ph:  0.0% | #CG/newton: 1527 | ls (cap|max|inv|bt):  0| 0| 0| 0| runtime: 1266.1 ms | cr: 2532.1
    648. dt:  0.50 ms | #newton:  1 | ph:  0.0% | #CG/newton: 2976 | ls (cap|max|inv|bt):  0| 0| 0| 0| runtime: 1173.7 ms | cr: 2347.3
    649. dt:  0.50 ms | #newton:  2 | ph:  0.0% | #CG/newton: 1533 | ls (cap|max|inv|bt):  0| 0| 0| 0| runtime: 1264.1 ms | cr: 2528.1
    650. dt:  0.50 ms | #newton:  1 | ph:  0.0% | #CG/newton: 2456 | ls (cap|max|inv|bt):  0| 0| 0| 0| runtime:  994.5 ms | cr: 1989.1
    651. dt:  0.50 ms | #newton:  2 | ph:  0.0% | #CG/newton: 1485 | ls (cap|max|inv|bt):  0| 0| 0| 0| runtime: 1236.4 ms | cr: 2472.9
    652. dt:  0.50 ms | #newton:  1 | ph:  0.0% | #CG/newton: 2691 | ls (cap|max|inv|bt):  0| 0| 0| 0| runtime: 1075.9 ms | cr: 2151.8
    653. dt:  0.50 ms | #newton:  2 | ph:  0.0% | #CG/newton: 1627 | ls (cap|max|inv|bt):  0| 0| 0| 0| runtime: 1353.2 ms | cr: 2706.3
    654. dt:  0.50 ms | #newton:  1 | ph:  0.0% | #CG/newton: 2866 | ls (cap|max|inv|bt):  0| 0| 0| 0| runtime: 1179.5 ms | cr: 2359.0
    655. dt:  0.50 ms | #newton:  2 | ph:  0.0% | #CG/newton: 1626 | ls (cap|max|inv|bt):  0| 0| 0| 0| runtime: 1383.9 ms | cr: 2767.8
    656. dt:  0.50 ms | #newton:  1 | ph:  0.0% | #CG/newton: 2870 | ls (cap|max|inv|bt):  0| 0| 0| 0| runtime: 1196.7 ms | cr: 2393.4
    657. dt:  0.50 ms | #newton:  2 | ph:  0.0% | #CG/newton: 1627 | ls (cap|max|inv|bt):  0| 0| 0| 0| runtime: 1421.0 ms | cr: 2842.0
    658. dt:  0.50 ms | #newton:  1 | ph:  0.0% | #CG/newton: 2876 | ls (cap|max|inv|bt):  0| 0| 0| 0| runtime: 1193.8 ms | cr: 2387.5
    659. dt:  0.50 ms | #newton:  2 | ph:  0.0% | #CG/newton: 1626 | ls (cap|max|inv|bt):  0| 0| 0| 0| runtime: 1405.6 ms | cr: 2811.2
    660. dt:  0.50 ms | #newton:  1 | ph:  0.0% | #CG/newton: 2876 | ls (cap|max|inv|bt):  0| 0| 0| 0| runtime: 1215.0 ms | cr: 2430.0
    661. dt:  0.50 ms | #newton:  2 | ph:  0.0% | #CG/newton: 1624 | ls (cap|max|inv|bt):  0| 0| 0| 0| runtime: 1386.6 ms | cr: 2773.2
    662. dt:  0.50 ms | #newton:  1 | ph:  0.0% | #CG/newton: 2881 | ls (cap|max|inv|bt):  0| 0| 0| 0| runtime: 1207.5 ms | cr: 2414.9
    663. dt:  0.50 ms | #newton:  2 | ph:  0.0% | #CG/newton: 1623 | ls (cap|max|inv|bt):  0| 0| 0| 0| runtime: 1409.8 ms | cr: 2819.7
    664. dt:  0.50 ms | #newton:  1 | ph:  0.0% | #CG/newton: 2896 | ls (cap|max|inv|bt):  0| 0| 0| 0| runtime: 1221.1 ms | cr: 2442.2
    665. dt:  0.50 ms | #newton:  2 | ph:  0.0% | #CG/newton: 1623 | ls (cap|max|inv|bt):  0| 0| 0| 0| runtime: 1382.4 ms | cr: 2764.9
    666. dt:  0.50 ms | #newton:  1 | ph:  0.0% | #CG/newton: 2884 | ls (cap|max|inv|bt):  0| 0| 0| 0| runtime: 1186.0 ms | cr: 2372.1
[Frame: 10] Time: 0.334 s
    667. dt:  0.50 ms | #newton:  2 | ph:  0.0% | #CG/newton: 1622 | ls (cap|max|inv|bt):  0| 0| 0| 0| runtime: 1375.3 ms | cr: 2750.6
    668. dt:  0.50 ms | #newton:  1 | ph:  0.0% | #CG/newton: 2881 | ls (cap|max|inv|bt):  0| 0| 0| 0| runtime: 1173.1 ms | cr: 2346.3
    669. dt:  0.50 ms | #newton:  2 | ph:  0.0% | #CG/newton: 1621 | ls (cap|max|inv|bt):  0| 0| 0| 0| runtime: 1379.3 ms | cr: 2758.6
    670. dt:  0.50 ms | #newton:  1 | ph:  0.0% | #CG/newton: 2880 | ls (cap|max|inv|bt):  0| 0| 0| 0| runtime: 1180.8 ms | cr: 2361.6
    671. dt:  0.50 ms | #newton:  2 | ph:  0.0% | #CG/newton: 1623 | ls (cap|max|inv|bt):  0| 0| 0| 0| runtime: 1368.7 ms | cr: 2737.3
    672. dt:  0.50 ms | #newton:  1 | ph:  0.0% | #CG/newton: 2877 | ls (cap|max|inv|bt):  0| 0| 0| 0| runtime: 1184.1 ms | cr: 2368.2
    673. dt:  0.50 ms | #newton:  2 | ph:  0.0% | #CG/newton: 1622 | ls (cap|max|inv|bt):  0| 0| 0| 0| runtime: 1366.3 ms | cr: 2732.6
    674. dt:  0.50 ms | #newton:  1 | ph:  0.0% | #CG/newton: 2868 | ls (cap|max|inv|bt):  0| 0| 0| 0| runtime: 1173.7 ms | cr: 2347.5
    675. dt:  0.50 ms | #newton:  2 | ph:  0.0% | #CG/newton: 1623 | ls (cap|max|inv|bt):  0| 0| 0| 0| runtime: 1385.6 ms | cr: 2771.2
    676. dt:  0.50 ms | #newton:  1 | ph:  0.0% | #CG/newton: 2864 | ls (cap|max|inv|bt):  0| 0| 0| 0| runtime: 1173.1 ms | cr: 2346.3
    677. dt:  0.50 ms | #newton:  2 | ph:  0.0% | #CG/newton: 1530 | ls (cap|max|inv|bt):  0| 0| 0| 0| runtime: 1302.3 ms | cr: 2604.7
    678. dt:  0.50 ms | #newton:  1 | ph:  0.0% | #CG/newton: 2863 | ls (cap|max|inv|bt):  0| 0| 0| 0| runtime: 1179.2 ms | cr: 2358.5
    679. dt:  0.50 ms | #newton:  2 | ph:  0.0% | #CG/newton: 1623 | ls (cap|max|inv|bt):  0| 0| 0| 0| runtime: 1361.3 ms | cr: 2722.5
    680. dt:  0.50 ms | #newton:  1 | ph:  0.0% | #CG/newton: 2864 | ls (cap|max|inv|bt):  0| 0| 0| 0| runtime: 1186.3 ms | cr: 2372.6
    681. dt:  0.50 ms | #newton:  2 | ph:  0.0% | #CG/newton: 1624 | ls (cap|max|inv|bt):  0| 0| 0| 0| runtime: 1525.2 ms | cr: 3050.5
    682. dt:  0.50 ms | #newton:  1 | ph:  0.0% | #CG/newton: 2453 | ls (cap|max|inv|bt):  0| 0| 0| 0| runtime: 1032.4 ms | cr: 2064.7
    683. dt:  0.50 ms | #newton:  2 | ph:  0.0% | #CG/newton: 1537 | ls (cap|max|inv|bt):  0| 0| 0| 0| runtime: 1343.9 ms | cr: 2687.8
    684. dt:  0.50 ms | #newton:  1 | ph:  0.0% | #CG/newton: 2861 | ls (cap|max|inv|bt):  0| 0| 0| 0| runtime: 1214.0 ms | cr: 2428.1
    685. dt:  0.50 ms | #newton:  2 | ph:  0.0% | #CG/newton: 1623 | ls (cap|max|inv|bt):  0| 0| 0| 0| runtime: 1399.0 ms | cr: 2798.0
    686. dt:  0.50 ms | #newton:  1 | ph:  0.0% | #CG/newton: 2453 | ls (cap|max|inv|bt):  0| 0| 0| 0| runtime: 1042.1 ms | cr: 2084.2
    687. dt:  0.50 ms | #newton:  2 | ph:  0.0% | #CG/newton: 1624 | ls (cap|max|inv|bt):  0| 0| 0| 0| runtime: 1393.1 ms | cr: 2786.2
    688. dt:  0.50 ms | #newton:  1 | ph:  0.0% | #CG/newton: 2447 | ls (cap|max|inv|bt):  0| 0| 0| 0| runtime: 1030.5 ms | cr: 2061.0
    689. dt:  0.50 ms | #newton:  2 | ph:  0.0% | #CG/newton: 1531 | ls (cap|max|inv|bt):  0| 0| 0| 0| runtime: 1319.1 ms | cr: 2638.2
    690. dt:  0.50 ms | #newton:  1 | ph:  0.0% | #CG/newton: 2449 | ls (cap|max|inv|bt):  0| 0| 0| 0| runtime: 1049.8 ms | cr: 2099.6
    691. dt:  0.50 ms | #newton:  2 | ph:  0.0% | #CG/newton: 1625 | ls (cap|max|inv|bt):  0| 0| 0| 0| runtime: 1401.3 ms | cr: 2802.7
    692. dt:  0.50 ms | #newton:  1 | ph:  0.0% | #CG/newton: 2447 | ls (cap|max|inv|bt):  0| 0| 0| 0| runtime: 1033.1 ms | cr: 2066.2
    693. dt:  0.50 ms | #newton:  2 | ph:  0.0% | #CG/newton: 1518 | ls (cap|max|inv|bt):  0| 0| 0| 0| runtime: 1300.2 ms | cr: 2600.5
    694. dt:  0.50 ms | #newton:  1 | ph:  0.0% | #CG/newton: 2690 | ls (cap|max|inv|bt):  0| 0| 0| 0| runtime: 1116.0 ms | cr: 2231.9
    695. dt:  0.50 ms | #newton:  2 | ph:  0.0% | #CG/newton: 1624 | ls (cap|max|inv|bt):  0| 0| 0| 0| runtime: 1514.3 ms | cr: 3028.5
    696. dt:  0.50 ms | #newton:  1 | ph:  0.0% | #CG/newton: 2448 | ls (cap|max|inv|bt):  0| 0| 0| 0| runtime: 1070.5 ms | cr: 2141.0
    697. dt:  0.50 ms | #newton:  2 | ph:  0.0% | #CG/newton: 1531 | ls (cap|max|inv|bt):  0| 0| 0| 0| runtime: 1327.9 ms | cr: 2655.8
    698. dt:  0.50 ms | #newton:  1 | ph:  0.0% | #CG/newton: 3005 | ls (cap|max|inv|bt):  0| 0| 0| 0| runtime: 1239.9 ms | cr: 2479.8
    699. dt:  0.50 ms | #newton:  2 | ph:  0.0% | #CG/newton: 1627 | ls (cap|max|inv|bt):  0| 0| 0| 0| runtime: 1408.7 ms | cr: 2817.4
    700. dt:  0.50 ms | #newton:  1 | ph:  0.0% | #CG/newton: 2448 | ls (cap|max|inv|bt):  0| 0| 0| 0| runtime: 1047.2 ms | cr: 2094.4
    701. dt:  0.50 ms | #newton:  2 | ph:  0.0% | #CG/newton: 1531 | ls (cap|max|inv|bt):  0| 0| 0| 0| runtime: 1324.6 ms | cr: 2649.2
    702. dt:  0.50 ms | #newton:  1 | ph:  0.0% | #CG/newton: 3010 | ls (cap|max|inv|bt):  0| 0| 0| 0| runtime: 1239.9 ms | cr: 2479.7
    703. dt:  0.50 ms | #newton:  2 | ph:  0.0% | #CG/newton: 1626 | ls (cap|max|inv|bt):  0| 0| 0| 0| runtime: 1411.2 ms | cr: 2822.4
    704. dt:  0.50 ms | #newton:  1 | ph:  0.0% | #CG/newton: 2863 | ls (cap|max|inv|bt):  0| 0| 0| 0| runtime: 1200.3 ms | cr: 2400.6
    705. dt:  0.50 ms | #newton:  2 | ph:  0.0% | #CG/newton: 1539 | ls (cap|max|inv|bt):  0| 0| 0| 0| runtime: 1318.9 ms | cr: 2637.9
    706. dt:  0.50 ms | #newton:  1 | ph:  0.0% | #CG/newton: 2864 | ls (cap|max|inv|bt):  0| 0| 0| 0| runtime: 1181.7 ms | cr: 2363.3
    707. dt:  0.50 ms | #newton:  2 | ph:  0.0% | #CG/newton: 1534 | ls (cap|max|inv|bt):  0| 0| 0| 0| runtime: 1337.1 ms | cr: 2674.2
    708. dt:  0.50 ms | #newton:  1 | ph:  0.0% | #CG/newton: 2861 | ls (cap|max|inv|bt):  0| 0| 0| 0| runtime: 1206.7 ms | cr: 2413.4
    709. dt:  0.50 ms | #newton:  2 | ph:  0.0% | #CG/newton: 1534 | ls (cap|max|inv|bt):  0| 0| 0| 0| runtime: 1342.2 ms | cr: 2684.3
    710. dt:  0.50 ms | #newton:  1 | ph:  0.0% | #CG/newton: 2863 | ls (cap|max|inv|bt):  0| 0| 0| 0| runtime: 1184.8 ms | cr: 2369.5
    711. dt:  0.50 ms | #newton:  2 | ph:  0.0% | #CG/newton: 1531 | ls (cap|max|inv|bt):  0| 0| 0| 0| runtime: 1329.8 ms | cr: 2659.6
    712. dt:  0.50 ms | #newton:  1 | ph:  0.0% | #CG/newton: 2861 | ls (cap|max|inv|bt):  0| 0| 0| 0| runtime: 1182.2 ms | cr: 2364.4
    713. dt:  0.50 ms | #newton:  2 | ph:  0.0% | #CG/newton: 1533 | ls (cap|max|inv|bt):  0| 0| 0| 0| runtime: 1320.9 ms | cr: 2641.8
    714. dt:  0.50 ms | #newton:  1 | ph:  0.0% | #CG/newton: 2864 | ls (cap|max|inv|bt):  0| 0| 0| 0| runtime: 1187.1 ms | cr: 2374.1
    715. dt:  0.50 ms | #newton:  2 | ph:  0.0% | #CG/newton: 1536 | ls (cap|max|inv|bt):  0| 0| 0| 0| runtime: 1329.2 ms | cr: 2658.5
    716. dt:  0.50 ms | #newton:  1 | ph:  0.0% | #CG/newton: 2866 | ls (cap|max|inv|bt):  0| 0| 0| 0| runtime: 1185.5 ms | cr: 2371.1
    717. dt:  0.50 ms | #newton:  2 | ph:  0.0% | #CG/newton: 1531 | ls (cap|max|inv|bt):  0| 0| 0| 0| runtime: 1328.8 ms | cr: 2657.7
    718. dt:  0.50 ms | #newton:  1 | ph:  0.0% | #CG/newton: 2868 | ls (cap|max|inv|bt):  0| 0| 0| 0| runtime: 1202.6 ms | cr: 2405.1
    719. dt:  0.50 ms | #newton:  2 | ph:  0.0% | #CG/newton: 1530 | ls (cap|max|inv|bt):  0| 0| 0| 0| runtime: 1362.5 ms | cr: 2724.9
    720. dt:  0.50 ms | #newton:  1 | ph:  0.0% | #CG/newton: 2863 | ls (cap|max|inv|bt):  0| 0| 0| 0| runtime: 1211.4 ms | cr: 2422.8
    721. dt:  0.50 ms | #newton:  2 | ph:  0.0% | #CG/newton: 1522 | ls (cap|max|inv|bt):  0| 0| 0| 0| runtime: 1345.0 ms | cr: 2690.0
    722. dt:  0.50 ms | #newton:  1 | ph:  0.0% | #CG/newton: 2857 | ls (cap|max|inv|bt):  0| 0| 0| 0| runtime: 1257.0 ms | cr: 2514.0
    723. dt:  0.50 ms | #newton:  2 | ph:  0.0% | #CG/newton: 1763 | ls (cap|max|inv|bt):  0| 0| 0| 0| runtime: 1551.1 ms | cr: 3102.3
    724. dt:  0.50 ms | #newton:  1 | ph:  0.0% | #CG/newton: 2834 | ls (cap|max|inv|bt):  0| 0| 0| 0| runtime: 1227.6 ms | cr: 2455.2
    725. dt:  0.50 ms | #newton:  2 | ph:  0.0% | #CG/newton: 1853 | ls (cap|max|inv|bt):  0| 0| 0| 0| runtime: 1594.7 ms | cr: 3189.4
    726. dt:  0.50 ms | #newton:  1 | ph:  0.0% | #CG/newton: 2257 | ls (cap|max|inv|bt):  0| 0| 0| 0| runtime: 1165.5 ms | cr: 2331.1
    727. dt:  0.50 ms | #newton:  2 | ph:  0.0% | #CG/newton: 1751 | ls (cap|max|inv|bt):  0| 0| 0| 0| runtime: 1481.0 ms | cr: 2962.1
    728. dt:  0.50 ms | #newton:  1 | ph:  0.0% | #CG/newton: 3405 | ls (cap|max|inv|bt):  0| 0| 0| 0| runtime: 1309.3 ms | cr: 2618.5
    729. dt:  0.50 ms | #newton:  2 | ph:  0.0% | #CG/newton: 1735 | ls (cap|max|inv|bt):  0| 0| 0| 0| runtime: 1394.0 ms | cr: 2787.9
    730. dt:  0.50 ms | #newton:  1 | ph:  0.0% | #CG/newton: 3087 | ls (cap|max|inv|bt):  0| 0| 0| 0| runtime: 1200.0 ms | cr: 2400.0
    731. dt:  0.50 ms | #newton:  2 | ph:  0.0% | #CG/newton: 1733 | ls (cap|max|inv|bt):  0| 0| 0| 0| runtime: 1423.4 ms | cr: 2846.8
    732. dt:  0.50 ms | #newton:  1 | ph:  0.0% | #CG/newton: 3398 | ls (cap|max|inv|bt):  0| 0| 0| 0| runtime: 1351.8 ms | cr: 2703.5
    733. dt:  0.50 ms | #newton:  2 | ph:  0.0% | #CG/newton: 1750 | ls (cap|max|inv|bt):  0| 0| 0| 0| runtime: 1412.6 ms | cr: 2825.2
[Frame: 11] Time: 0.367 s
    734. dt:  0.50 ms | #newton:  1 | ph:  0.0% | #CG/newton: 2675 | ls (cap|max|inv|bt):  0| 0| 0| 0| runtime: 1059.1 ms | cr: 2118.1
    735. dt:  0.50 ms | #newton:  2 | ph:  0.0% | #CG/newton: 1748 | ls (cap|max|inv|bt):  0| 0| 0| 0| runtime: 1418.1 ms | cr: 2836.1
    736. dt:  0.50 ms | #newton:  1 | ph:  0.0% | #CG/newton: 2648 | ls (cap|max|inv|bt):  0| 0| 0| 0| runtime: 1039.5 ms | cr: 2079.0
    737. dt:  0.50 ms | #newton:  2 | ph:  0.0% | #CG/newton: 1747 | ls (cap|max|inv|bt):  0| 0| 0| 0| runtime: 1383.1 ms | cr: 2766.2
    738. dt:  0.50 ms | #newton:  1 | ph:  0.0% | #CG/newton: 3067 | ls (cap|max|inv|bt):  0| 0| 0| 0| runtime: 1183.2 ms | cr: 2366.5
    739. dt:  0.50 ms | #newton:  2 | ph:  0.0% | #CG/newton: 1734 | ls (cap|max|inv|bt):  0| 0| 0| 0| runtime: 1397.8 ms | cr: 2795.6
    740. dt:  0.50 ms | #newton:  1 | ph:  0.0% | #CG/newton: 2653 | ls (cap|max|inv|bt):  0| 0| 0| 0| runtime: 1038.6 ms | cr: 2077.2
    741. dt:  0.50 ms | #newton:  2 | ph:  0.0% | #CG/newton: 1852 | ls (cap|max|inv|bt):  0| 0| 0| 0| runtime: 1453.0 ms | cr: 2905.9
    742. dt:  0.50 ms | #newton:  1 | ph:  0.0% | #CG/newton: 2258 | ls (cap|max|inv|bt):  0| 0| 0| 0| runtime:  888.2 ms | cr: 1776.4
    743. dt:  0.50 ms | #newton:  2 | ph:  0.0% | #CG/newton: 1740 | ls (cap|max|inv|bt):  0| 0| 0| 0| runtime: 1384.4 ms | cr: 2768.9
    744. dt:  0.50 ms | #newton:  1 | ph:  0.0% | #CG/newton: 2244 | ls (cap|max|inv|bt):  0| 0| 0| 0| runtime:  895.5 ms | cr: 1791.1
    745. dt:  0.50 ms | #newton:  2 | ph:  0.0% | #CG/newton: 1740 | ls (cap|max|inv|bt):  0| 0| 0| 0| runtime: 1357.2 ms | cr: 2714.5
    746. dt:  0.50 ms | #newton:  1 | ph:  0.0% | #CG/newton: 2246 | ls (cap|max|inv|bt):  0| 0| 0| 0| runtime:  898.9 ms | cr: 1797.8
    747. dt:  0.50 ms | #newton:  2 | ph:  0.0% | #CG/newton: 1735 | ls (cap|max|inv|bt):  0| 0| 0| 0| runtime: 1357.8 ms | cr: 2715.6
    748. dt:  0.50 ms | #newton:  1 | ph:  0.0% | #CG/newton: 2867 | ls (cap|max|inv|bt):  0| 0| 0| 0| runtime: 1099.7 ms | cr: 2199.4
    749. dt:  0.50 ms | #newton:  2 | ph:  0.0% | #CG/newton: 1733 | ls (cap|max|inv|bt):  0| 0| 0| 0| runtime: 1351.6 ms | cr: 2703.2
    750. dt:  0.50 ms | #newton:  1 | ph:  0.0% | #CG/newton: 2857 | ls (cap|max|inv|bt):  0| 0| 0| 0| runtime: 1090.2 ms | cr: 2180.4
    751. dt:  0.50 ms | #newton:  2 | ph:  0.0% | #CG/newton: 1734 | ls (cap|max|inv|bt):  0| 0| 0| 0| runtime: 1348.9 ms | cr: 2697.8
    752. dt:  0.50 ms | #newton:  1 | ph:  0.0% | #CG/newton: 2857 | ls (cap|max|inv|bt):  0| 0| 0| 0| runtime: 1101.9 ms | cr: 2203.9
    753. dt:  0.50 ms | #newton:  2 | ph:  0.0% | #CG/newton: 1737 | ls (cap|max|inv|bt):  0| 0| 0| 0| runtime: 1362.7 ms | cr: 2725.3
    754. dt:  0.50 ms | #newton:  1 | ph:  0.0% | #CG/newton: 2856 | ls (cap|max|inv|bt):  0| 0| 0| 0| runtime: 1077.8 ms | cr: 2155.6
    755. dt:  0.50 ms | #newton:  2 | ph:  0.0% | #CG/newton: 1622 | ls (cap|max|inv|bt):  0| 0| 0| 0| runtime: 1270.5 ms | cr: 2541.0
    756. dt:  0.50 ms | #newton:  1 | ph:  0.0% | #CG/newton: 2858 | ls (cap|max|inv|bt):  0| 0| 0| 0| runtime: 1081.1 ms | cr: 2162.3
    757. dt:  0.50 ms | #newton:  2 | ph:  0.0% | #CG/newton: 1623 | ls (cap|max|inv|bt):  0| 0| 0| 0| runtime: 1259.3 ms | cr: 2518.6
    758. dt:  0.50 ms | #newton:  1 | ph:  0.0% | #CG/newton: 2857 | ls (cap|max|inv|bt):  0| 0| 0| 0| runtime: 1079.6 ms | cr: 2159.2
    759. dt:  0.50 ms | #newton:  2 | ph:  0.0% | #CG/newton: 1524 | ls (cap|max|inv|bt):  0| 0| 0| 0| runtime: 1195.0 ms | cr: 2390.0
    760. dt:  0.50 ms | #newton:  1 | ph:  0.0% | #CG/newton: 2863 | ls (cap|max|inv|bt):  0| 0| 0| 0| runtime: 1082.1 ms | cr: 2164.3
    761. dt:  0.50 ms | #newton:  2 | ph:  0.0% | #CG/newton: 1519 | ls (cap|max|inv|bt):  0| 0| 0| 0| runtime: 1194.1 ms | cr: 2388.3
    762. dt:  0.50 ms | #newton:  1 | ph:  0.0% | #CG/newton: 2480 | ls (cap|max|inv|bt):  0| 0| 0| 0| runtime:  948.4 ms | cr: 1896.9
    763. dt:  0.50 ms | #newton:  2 | ph:  0.0% | #CG/newton: 1521 | ls (cap|max|inv|bt):  0| 0| 0| 0| runtime: 1197.7 ms | cr: 2395.5
    764. dt:  0.50 ms | #newton:  1 | ph:  0.0% | #CG/newton: 2863 | ls (cap|max|inv|bt):  0| 0| 0| 0| runtime: 1074.3 ms | cr: 2148.6
    765. dt:  0.50 ms | #newton:  2 | ph:  0.0% | #CG/newton: 1659 | ls (cap|max|inv|bt):  0| 0| 0| 0| runtime: 1299.4 ms | cr: 2598.8
    766. dt:  0.50 ms | #newton:  1 | ph:  0.0% | #CG/newton: 2850 | ls (cap|max|inv|bt):  0| 0| 0| 0| runtime: 1073.1 ms | cr: 2146.2
    767. dt:  0.50 ms | #newton:  2 | ph:  0.0% | #CG/newton: 1745 | ls (cap|max|inv|bt):  0| 0| 0| 0| runtime: 1347.7 ms | cr: 2695.4
    768. dt:  0.50 ms | #newton:  1 | ph:  0.0% | #CG/newton: 2850 | ls (cap|max|inv|bt):  0| 0| 0| 0| runtime: 1069.8 ms | cr: 2139.6
    769. dt:  0.50 ms | #newton:  2 | ph:  0.0% | #CG/newton: 1736 | ls (cap|max|inv|bt):  0| 0| 0| 0| runtime: 1380.0 ms | cr: 2760.0
    770. dt:  0.50 ms | #newton:  1 | ph:  0.0% | #CG/newton: 2847 | ls (cap|max|inv|bt):  0| 0| 0| 0| runtime: 1092.3 ms | cr: 2184.6
    771. dt:  0.50 ms | #newton:  2 | ph:  0.0% | #CG/newton: 1753 | ls (cap|max|inv|bt):  0| 0| 0| 0| runtime: 1355.9 ms | cr: 2711.9
    772. dt:  0.50 ms | #newton:  1 | ph:  0.0% | #CG/newton: 2859 | ls (cap|max|inv|bt):  0| 0| 0| 0| runtime: 1084.8 ms | cr: 2169.5
    773. dt:  0.50 ms | #newton:  2 | ph:  0.0% | #CG/newton: 1623 | ls (cap|max|inv|bt):  0| 0| 0| 0| runtime: 1256.7 ms | cr: 2513.4
    774. dt:  0.50 ms | #newton:  1 | ph:  0.0% | #CG/newton: 2882 | ls (cap|max|inv|bt):  0| 0| 0| 0| runtime: 1086.1 ms | cr: 2172.2
    775. dt:  0.50 ms | #newton:  2 | ph:  0.0% | #CG/newton: 1505 | ls (cap|max|inv|bt):  0| 0| 0| 0| runtime: 1246.1 ms | cr: 2492.2
    776. dt:  0.50 ms | #newton:  1 | ph:  0.0% | #CG/newton: 2869 | ls (cap|max|inv|bt):  0| 0| 0| 0| runtime: 1139.0 ms | cr: 2278.1
    777. dt:  0.50 ms | #newton:  2 | ph:  0.0% | #CG/newton: 1620 | ls (cap|max|inv|bt):  0| 0| 0| 0| runtime: 1295.4 ms | cr: 2590.8
    778. dt:  0.50 ms | #newton:  1 | ph:  0.0% | #CG/newton: 2857 | ls (cap|max|inv|bt):  0| 0| 0| 0| runtime: 1108.0 ms | cr: 2216.0
    779. dt:  0.50 ms | #newton:  2 | ph:  0.0% | #CG/newton: 1620 | ls (cap|max|inv|bt):  0| 0| 0| 0| runtime: 1311.5 ms | cr: 2623.0
    780. dt:  0.50 ms | #newton:  1 | ph:  0.0% | #CG/newton: 2865 | ls (cap|max|inv|bt):  0| 0| 0| 0| runtime: 1122.9 ms | cr: 2245.8
    781. dt:  0.50 ms | #newton:  2 | ph:  0.0% | #CG/newton: 1749 | ls (cap|max|inv|bt):  0| 0| 0| 0| runtime: 1388.1 ms | cr: 2776.2
    782. dt:  0.50 ms | #newton:  1 | ph:  0.0% | #CG/newton: 2254 | ls (cap|max|inv|bt):  0| 0| 0| 0| runtime:  940.1 ms | cr: 1880.1
    783. dt:  0.50 ms | #newton:  2 | ph:  0.0% | #CG/newton: 1741 | ls (cap|max|inv|bt):  0| 0| 0| 0| runtime: 1417.2 ms | cr: 2834.4
    784. dt:  0.50 ms | #newton:  1 | ph:  0.0% | #CG/newton: 2869 | ls (cap|max|inv|bt):  0| 0| 0| 0| runtime: 1130.2 ms | cr: 2260.5
    785. dt:  0.50 ms | #newton:  2 | ph:  0.0% | #CG/newton: 1735 | ls (cap|max|inv|bt):  0| 0| 0| 0| runtime: 1344.0 ms | cr: 2688.0
    786. dt:  0.50 ms | #newton:  1 | ph:  0.0% | #CG/newton: 2260 | ls (cap|max|inv|bt):  0| 0| 0| 0| runtime:  882.1 ms | cr: 1764.2
    787. dt:  0.50 ms | #newton:  2 | ph:  0.0% | #CG/newton: 1735 | ls (cap|max|inv|bt):  0| 0| 0| 0| runtime: 1344.7 ms | cr: 2689.5
    788. dt:  0.50 ms | #newton:  1 | ph:  0.0% | #CG/newton: 2262 | ls (cap|max|inv|bt):  0| 0| 0| 0| runtime:  890.4 ms | cr: 1780.7
    789. dt:  0.50 ms | #newton:  2 | ph:  0.0% | #CG/newton: 1621 | ls (cap|max|inv|bt):  0| 0| 0| 0| runtime: 1260.4 ms | cr: 2520.9
    790. dt:  0.50 ms | #newton:  1 | ph:  0.0% | #CG/newton: 2257 | ls (cap|max|inv|bt):  0| 0| 0| 0| runtime:  892.0 ms | cr: 1783.9
    791. dt:  0.50 ms | #newton:  2 | ph:  0.0% | #CG/newton: 1736 | ls (cap|max|inv|bt):  0| 0| 0| 0| runtime: 1328.8 ms | cr: 2657.6
    792. dt:  0.50 ms | #newton:  1 | ph:  0.0% | #CG/newton: 2256 | ls (cap|max|inv|bt):  0| 0| 0| 0| runtime:  871.6 ms | cr: 1743.2
    793. dt:  0.50 ms | #newton:  2 | ph:  0.0% | #CG/newton: 1734 | ls (cap|max|inv|bt):  0| 0| 0| 0| runtime: 1347.8 ms | cr: 2695.6
    794. dt:  0.50 ms | #newton:  1 | ph:  0.0% | #CG/newton: 2258 | ls (cap|max|inv|bt):  0| 0| 0| 0| runtime:  878.5 ms | cr: 1757.0
    795. dt:  0.50 ms | #newton:  2 | ph:  0.0% | #CG/newton: 1733 | ls (cap|max|inv|bt):  0| 0| 0| 0| runtime: 1322.6 ms | cr: 2645.1
    796. dt:  0.50 ms | #newton:  1 | ph:  0.0% | #CG/newton: 2869 | ls (cap|max|inv|bt):  0| 0| 0| 0| runtime: 1086.3 ms | cr: 2172.6
    797. dt:  0.50 ms | #newton:  2 | ph:  0.0% | #CG/newton: 1733 | ls (cap|max|inv|bt):  0| 0| 0| 0| runtime: 1343.0 ms | cr: 2686.0
    798. dt:  0.50 ms | #newton:  1 | ph:  0.0% | #CG/newton: 2867 | ls (cap|max|inv|bt):  0| 0| 0| 0| runtime: 1080.6 ms | cr: 2161.1
    799. dt:  0.50 ms | #newton:  2 | ph:  0.0% | #CG/newton: 1735 | ls (cap|max|inv|bt):  0| 0| 0| 0| runtime: 1367.3 ms | cr: 2734.6
    800. dt:  0.50 ms | #newton:  1 | ph:  0.0% | #CG/newton: 2862 | ls (cap|max|inv|bt):  0| 0| 0| 0| runtime: 1071.7 ms | cr: 2143.4
[Frame: 12] Time: 0.401 s
    801. dt:  0.50 ms | #newton:  2 | ph:  0.0% | #CG/newton: 1742 | ls (cap|max|inv|bt):  0| 0| 0| 0| runtime: 1352.8 ms | cr: 2705.6
    802. dt:  0.50 ms | #newton:  1 | ph:  0.0% | #CG/newton: 2861 | ls (cap|max|inv|bt):  0| 0| 0| 0| runtime: 1072.7 ms | cr: 2145.4
    803. dt:  0.50 ms | #newton:  2 | ph:  0.0% | #CG/newton: 1621 | ls (cap|max|inv|bt):  0| 0| 0| 0| runtime: 1266.6 ms | cr: 2533.3
    804. dt:  0.50 ms | #newton:  1 | ph:  0.0% | #CG/newton: 2866 | ls (cap|max|inv|bt):  0| 0| 0| 0| runtime: 1078.4 ms | cr: 2156.9
    805. dt:  0.50 ms | #newton:  2 | ph:  0.0% | #CG/newton: 1620 | ls (cap|max|inv|bt):  0| 0| 0| 0| runtime: 1268.5 ms | cr: 2537.0
    806. dt:  0.50 ms | #newton:  1 | ph:  0.0% | #CG/newton: 2865 | ls (cap|max|inv|bt):  0| 0| 0| 0| runtime: 1082.0 ms | cr: 2164.1
    807. dt:  0.50 ms | #newton:  2 | ph:  0.0% | #CG/newton: 1621 | ls (cap|max|inv|bt):  0| 0| 0| 0| runtime: 1267.6 ms | cr: 2535.2
    808. dt:  0.50 ms | #newton:  1 | ph:  0.0% | #CG/newton: 2866 | ls (cap|max|inv|bt):  0| 0| 0| 0| runtime: 1093.8 ms | cr: 2187.6
    809. dt:  0.50 ms | #newton:  2 | ph:  0.0% | #CG/newton: 1507 | ls (cap|max|inv|bt):  0| 0| 0| 0| runtime: 1185.1 ms | cr: 2370.1
    810. dt:  0.50 ms | #newton:  1 | ph:  0.0% | #CG/newton: 2865 | ls (cap|max|inv|bt):  0| 0| 0| 0| runtime: 1089.4 ms | cr: 2178.9
    811. dt:  0.50 ms | #newton:  2 | ph:  0.0% | #CG/newton: 1519 | ls (cap|max|inv|bt):  0| 0| 0| 0| runtime: 1187.7 ms | cr: 2375.4
    812. dt:  0.50 ms | #newton:  1 | ph:  0.0% | #CG/newton: 2867 | ls (cap|max|inv|bt):  0| 0| 0| 0| runtime: 1073.3 ms | cr: 2146.6
    813. dt:  0.50 ms | #newton:  2 | ph:  0.0% | #CG/newton: 1521 | ls (cap|max|inv|bt):  0| 0| 0| 0| runtime: 1218.6 ms | cr: 2437.2
    814. dt:  0.50 ms | #newton:  1 | ph:  0.0% | #CG/newton: 2870 | ls (cap|max|inv|bt):  0| 0| 0| 0| runtime: 1120.2 ms | cr: 2240.4
    815. dt:  0.50 ms | #newton:  2 | ph:  0.0% | #CG/newton: 1520 | ls (cap|max|inv|bt):  0| 0| 0| 0| runtime: 1233.1 ms | cr: 2466.1
    816. dt:  0.50 ms | #newton:  1 | ph:  0.0% | #CG/newton: 2859 | ls (cap|max|inv|bt):  0| 0| 0| 0| runtime: 1135.9 ms | cr: 2271.9
    817. dt:  0.50 ms | #newton:  2 | ph:  0.0% | #CG/newton: 1522 | ls (cap|max|inv|bt):  0| 0| 0| 0| runtime: 1271.9 ms | cr: 2543.8
    818. dt:  0.50 ms | #newton:  1 | ph:  0.0% | #CG/newton: 2433 | ls (cap|max|inv|bt):  0| 0| 0| 0| runtime:  990.9 ms | cr: 1981.9
    819. dt:  0.50 ms | #newton:  2 | ph:  0.0% | #CG/newton: 1741 | ls (cap|max|inv|bt):  0| 0| 0| 0| runtime: 1409.0 ms | cr: 2818.1
    820. dt:  0.50 ms | #newton:  1 | ph:  0.0% | #CG/newton: 2852 | ls (cap|max|inv|bt):  0| 0| 0| 0| runtime: 1148.6 ms | cr: 2297.2
    821. dt:  0.50 ms | #newton:  2 | ph:  0.0% | #CG/newton: 1741 | ls (cap|max|inv|bt):  0| 0| 0| 0| runtime: 1407.1 ms | cr: 2814.1
    822. dt:  0.50 ms | #newton:  1 | ph:  0.0% | #CG/newton: 2860 | ls (cap|max|inv|bt):  0| 0| 0| 0| runtime: 1143.8 ms | cr: 2287.7
    823. dt:  0.50 ms | #newton:  2 | ph:  0.0% | #CG/newton: 1750 | ls (cap|max|inv|bt):  0| 0| 0| 0| runtime: 1413.5 ms | cr: 2826.9
    824. dt:  0.50 ms | #newton:  1 | ph:  0.0% | #CG/newton: 2865 | ls (cap|max|inv|bt):  0| 0| 0| 0| runtime: 1112.0 ms | cr: 2224.1
    825. dt:  0.50 ms | #newton:  2 | ph:  0.0% | #CG/newton: 1621 | ls (cap|max|inv|bt):  0| 0| 0| 0| runtime: 1281.5 ms | cr: 2563.0
    826. dt:  0.50 ms | #newton:  1 | ph:  0.0% | #CG/newton: 2882 | ls (cap|max|inv|bt):  0| 0| 0| 0| runtime: 1113.9 ms | cr: 2227.7
    827. dt:  0.50 ms | #newton:  2 | ph:  0.0% | #CG/newton: 1619 | ls (cap|max|inv|bt):  0| 0| 0| 0| runtime: 1287.0 ms | cr: 2574.0
    828. dt:  0.50 ms | #newton:  1 | ph:  0.0% | #CG/newton: 2265 | ls (cap|max|inv|bt):  0| 0| 0| 0| runtime:  896.0 ms | cr: 1792.0
    829. dt:  0.50 ms | #newton:  2 | ph:  0.0% | #CG/newton: 1620 | ls (cap|max|inv|bt):  0| 0| 0| 0| runtime: 1302.5 ms | cr: 2604.9
    830. dt:  0.50 ms | #newton:  1 | ph:  0.0% | #CG/newton: 2248 | ls (cap|max|inv|bt):  0| 0| 0| 0| runtime:  896.8 ms | cr: 1793.6
    831. dt:  0.50 ms | #newton:  2 | ph:  0.0% | #CG/newton: 1744 | ls (cap|max|inv|bt):  0| 0| 0| 0| runtime: 1366.8 ms | cr: 2733.6
    832. dt:  0.50 ms | #newton:  1 | ph:  0.0% | #CG/newton: 2243 | ls (cap|max|inv|bt):  0| 0| 0| 0| runtime:  920.1 ms | cr: 1840.2
    833. dt:  0.50 ms | #newton:  2 | ph:  0.0% | #CG/newton: 1742 | ls (cap|max|inv|bt):  0| 0| 0| 0| runtime: 1457.2 ms | cr: 2914.4
    834. dt:  0.50 ms | #newton:  1 | ph:  0.0% | #CG/newton: 2245 | ls (cap|max|inv|bt):  0| 0| 0| 0| runtime:  905.2 ms | cr: 1810.4
    835. dt:  0.50 ms | #newton:  2 | ph:  0.0% | #CG/newton: 1735 | ls (cap|max|inv|bt):  0| 0| 0| 0| runtime: 1378.3 ms | cr: 2756.6
    836. dt:  0.50 ms | #newton:  1 | ph:  0.0% | #CG/newton: 2249 | ls (cap|max|inv|bt):  0| 0| 0| 0| runtime:  913.1 ms | cr: 1826.1
    837. dt:  0.50 ms | #newton:  2 | ph:  0.0% | #CG/newton: 1733 | ls (cap|max|inv|bt):  0| 0| 0| 0| runtime: 1388.8 ms | cr: 2777.6
    838. dt:  0.50 ms | #newton:  1 | ph:  0.0% | #CG/newton: 2248 | ls (cap|max|inv|bt):  0| 0| 0| 0| runtime:  900.8 ms | cr: 1801.5
    839. dt:  0.50 ms | #newton:  2 | ph:  0.0% | #CG/newton: 1734 | ls (cap|max|inv|bt):  0| 0| 0| 0| runtime: 1391.9 ms | cr: 2783.8
    840. dt:  0.50 ms | #newton:  1 | ph:  0.0% | #CG/newton: 2247 | ls (cap|max|inv|bt):  0| 0| 0| 0| runtime:  898.1 ms | cr: 1796.1
    841. dt:  0.50 ms | #newton:  2 | ph:  0.0% | #CG/newton: 1734 | ls (cap|max|inv|bt):  0| 0| 0| 0| runtime: 1381.8 ms | cr: 2763.6
    842. dt:  0.50 ms | #newton:  1 | ph:  0.0% | #CG/newton: 2247 | ls (cap|max|inv|bt):  0| 0| 0| 0| runtime:  893.2 ms | cr: 1786.3
    843. dt:  0.50 ms | #newton:  2 | ph:  0.0% | #CG/newton: 1740 | ls (cap|max|inv|bt):  0| 0| 0| 0| runtime: 1394.8 ms | cr: 2789.6
    844. dt:  0.50 ms | #newton:  1 | ph:  0.0% | #CG/newton: 2249 | ls (cap|max|inv|bt):  0| 0| 0| 0| runtime:  885.9 ms | cr: 1771.8
    845. dt:  0.50 ms | #newton:  2 | ph:  0.0% | #CG/newton: 1744 | ls (cap|max|inv|bt):  0| 0| 0| 0| runtime: 1349.3 ms | cr: 2698.7
    846. dt:  0.50 ms | #newton:  1 | ph:  0.0% | #CG/newton: 2258 | ls (cap|max|inv|bt):  0| 0| 0| 0| runtime:  889.0 ms | cr: 1778.1
    847. dt:  0.50 ms | #newton:  2 | ph:  0.0% | #CG/newton: 1744 | ls (cap|max|inv|bt):  0| 0| 0| 0| runtime: 1367.2 ms | cr: 2734.4
    848. dt:  0.50 ms | #newton:  1 | ph:  0.0% | #CG/newton: 2264 | ls (cap|max|inv|bt):  0| 0| 0| 0| runtime:  894.9 ms | cr: 1789.7
    849. dt:  0.50 ms | #newton:  2 | ph:  0.0% | #CG/newton: 1746 | ls (cap|max|inv|bt):  0| 0| 0| 0| runtime: 1383.5 ms | cr: 2766.9
    850. dt:  0.50 ms | #newton:  1 | ph:  0.0% | #CG/newton: 2863 | ls (cap|max|inv|bt):  0| 0| 0| 0| runtime: 1120.7 ms | cr: 2241.4
    851. dt:  0.50 ms | #newton:  2 | ph:  0.0% | #CG/newton: 1750 | ls (cap|max|inv|bt):  0| 0| 0| 0| runtime: 1394.4 ms | cr: 2788.8
    852. dt:  0.50 ms | #newton:  1 | ph:  0.0% | #CG/newton: 2861 | ls (cap|max|inv|bt):  0| 0| 0| 0| runtime: 1093.8 ms | cr: 2187.5
    853. dt:  0.50 ms | #newton:  2 | ph:  0.0% | #CG/newton: 1622 | ls (cap|max|inv|bt):  0| 0| 0| 0| runtime: 1289.5 ms | cr: 2579.0
    854. dt:  0.50 ms | #newton:  1 | ph:  0.0% | #CG/newton: 2856 | ls (cap|max|inv|bt):  0| 0| 0| 0| runtime: 1095.2 ms | cr: 2190.3
    855. dt:  0.50 ms | #newton:  2 | ph:  0.0% | #CG/newton: 1754 | ls (cap|max|inv|bt):  0| 0| 0| 0| runtime: 1374.4 ms | cr: 2748.9
    856. dt:  0.50 ms | #newton:  1 | ph:  0.0% | #CG/newton: 2850 | ls (cap|max|inv|bt):  0| 0| 0| 0| runtime: 1102.0 ms | cr: 2204.1
    857. dt:  0.50 ms | #newton:  2 | ph:  0.0% | #CG/newton: 1746 | ls (cap|max|inv|bt):  0| 0| 0| 0| runtime: 1383.6 ms | cr: 2767.2
    858. dt:  0.50 ms | #newton:  1 | ph:  0.0% | #CG/newton: 2855 | ls (cap|max|inv|bt):  0| 0| 0| 0| runtime: 1101.8 ms | cr: 2203.6
    859. dt:  0.50 ms | #newton:  2 | ph:  0.0% | #CG/newton: 1749 | ls (cap|max|inv|bt):  0| 0| 0| 0| runtime: 1401.5 ms | cr: 2802.9
    860. dt:  0.50 ms | #newton:  1 | ph:  0.0% | #CG/newton: 2860 | ls (cap|max|inv|bt):  0| 0| 0| 0| runtime: 1115.7 ms | cr: 2231.3
    861. dt:  0.50 ms | #newton:  2 | ph:  0.0% | #CG/newton: 1622 | ls (cap|max|inv|bt):  0| 0| 0| 0| runtime: 1307.3 ms | cr: 2614.6
    862. dt:  0.50 ms | #newton:  1 | ph:  0.0% | #CG/newton: 2866 | ls (cap|max|inv|bt):  0| 0| 0| 0| runtime: 1113.4 ms | cr: 2226.7
    863. dt:  0.50 ms | #newton:  2 | ph:  0.0% | #CG/newton: 1520 | ls (cap|max|inv|bt):  0| 0| 0| 0| runtime: 1219.2 ms | cr: 2438.4
    864. dt:  0.50 ms | #newton:  1 | ph:  0.0% | #CG/newton: 2881 | ls (cap|max|inv|bt):  0| 0| 0| 0| runtime: 1111.4 ms | cr: 2222.9
    865. dt:  0.50 ms | #newton:  2 | ph:  0.0% | #CG/newton: 1626 | ls (cap|max|inv|bt):  0| 0| 0| 0| runtime: 1277.2 ms | cr: 2554.5
    866. dt:  0.50 ms | #newton:  1 | ph:  0.0% | #CG/newton: 2885 | ls (cap|max|inv|bt):  0| 0| 0| 0| runtime: 1093.4 ms | cr: 2186.9
[Frame: 13] Time: 0.434 s
    867. dt:  0.50 ms | #newton:  2 | ph:  0.0% | #CG/newton: 1625 | ls (cap|max|inv|bt):  0| 0| 0| 0| runtime: 1294.4 ms | cr: 2588.8
    868. dt:  0.50 ms | #newton:  1 | ph:  0.0% | #CG/newton: 2885 | ls (cap|max|inv|bt):  0| 0| 0| 0| runtime: 1093.7 ms | cr: 2187.4
    869. dt:  0.50 ms | #newton:  2 | ph:  0.0% | #CG/newton: 1623 | ls (cap|max|inv|bt):  0| 0| 0| 0| runtime: 1295.2 ms | cr: 2590.4
    870. dt:  0.50 ms | #newton:  1 | ph:  0.0% | #CG/newton: 2886 | ls (cap|max|inv|bt):  0| 0| 0| 0| runtime: 1111.9 ms | cr: 2223.8
    871. dt:  0.50 ms | #newton:  2 | ph:  0.0% | #CG/newton: 1625 | ls (cap|max|inv|bt):  0| 0| 0| 0| runtime: 1275.5 ms | cr: 2551.0
    872. dt:  0.50 ms | #newton:  1 | ph:  0.0% | #CG/newton: 2888 | ls (cap|max|inv|bt):  0| 0| 0| 0| runtime: 1097.7 ms | cr: 2195.5
    873. dt:  0.50 ms | #newton:  2 | ph:  0.0% | #CG/newton: 1625 | ls (cap|max|inv|bt):  0| 0| 0| 0| runtime: 1287.0 ms | cr: 2574.0
    874. dt:  0.50 ms | #newton:  1 | ph:  0.0% | #CG/newton: 2889 | ls (cap|max|inv|bt):  0| 0| 0| 0| runtime: 1148.8 ms | cr: 2297.5
    875. dt:  0.50 ms | #newton:  2 | ph:  0.0% | #CG/newton: 1625 | ls (cap|max|inv|bt):  0| 0| 0| 0| runtime: 1306.6 ms | cr: 2613.3
    876. dt:  0.50 ms | #newton:  1 | ph:  0.0% | #CG/newton: 2897 | ls (cap|max|inv|bt):  0| 0| 0| 0| runtime: 1109.5 ms | cr: 2219.1
    877. dt:  0.50 ms | #newton:  2 | ph:  0.0% | #CG/newton: 1625 | ls (cap|max|inv|bt):  0| 0| 0| 0| runtime: 1279.0 ms | cr: 2557.9
    878. dt:  0.50 ms | #newton:  1 | ph:  0.0% | #CG/newton: 2896 | ls (cap|max|inv|bt):  0| 0| 0| 0| runtime: 1116.9 ms | cr: 2233.8
    879. dt:  0.50 ms | #newton:  2 | ph:  0.0% | #CG/newton: 1626 | ls (cap|max|inv|bt):  0| 0| 0| 0| runtime: 1292.9 ms | cr: 2585.8
    880. dt:  0.50 ms | #newton:  1 | ph:  0.0% | #CG/newton: 2898 | ls (cap|max|inv|bt):  0| 0| 0| 0| runtime: 1109.1 ms | cr: 2218.2
    881. dt:  0.50 ms | #newton:  2 | ph:  0.0% | #CG/newton: 1625 | ls (cap|max|inv|bt):  0| 0| 0| 0| runtime: 1280.9 ms | cr: 2561.8
    882. dt:  0.50 ms | #newton:  1 | ph:  0.0% | #CG/newton: 3190 | ls (cap|max|inv|bt):  0| 0| 0| 0| runtime: 1206.4 ms | cr: 2412.7
    883. dt:  0.50 ms | #newton:  2 | ph:  0.0% | #CG/newton: 1625 | ls (cap|max|inv|bt):  0| 0| 0| 0| runtime: 1338.3 ms | cr: 2676.5
    884. dt:  0.50 ms | #newton:  1 | ph:  0.0% | #CG/newton: 3193 | ls (cap|max|inv|bt):  0| 0| 0| 0| runtime: 1202.1 ms | cr: 2404.3
    885. dt:  0.50 ms | #newton:  2 | ph:  0.0% | #CG/newton: 1625 | ls (cap|max|inv|bt):  0| 0| 0| 0| runtime: 1280.0 ms | cr: 2559.9
    886. dt:  0.50 ms | #newton:  1 | ph:  0.0% | #CG/newton: 3193 | ls (cap|max|inv|bt):  0| 0| 0| 0| runtime: 1206.3 ms | cr: 2412.7
    887. dt:  0.50 ms | #newton:  2 | ph:  0.0% | #CG/newton: 1625 | ls (cap|max|inv|bt):  0| 0| 0| 0| runtime: 1290.2 ms | cr: 2580.4
    888. dt:  0.50 ms | #newton:  1 | ph:  0.0% | #CG/newton: 3192 | ls (cap|max|inv|bt):  0| 0| 0| 0| runtime: 1202.2 ms | cr: 2404.4
    889. dt:  0.50 ms | #newton:  2 | ph:  0.0% | #CG/newton: 1625 | ls (cap|max|inv|bt):  0| 0| 0| 0| runtime: 1280.3 ms | cr: 2560.6
    890. dt:  0.50 ms | #newton:  1 | ph:  0.0% | #CG/newton: 3192 | ls (cap|max|inv|bt):  0| 0| 0| 0| runtime: 1201.9 ms | cr: 2403.9
    891. dt:  0.50 ms | #newton:  2 | ph:  0.0% | #CG/newton: 1625 | ls (cap|max|inv|bt):  0| 0| 0| 0| runtime: 1290.4 ms | cr: 2580.7
    892. dt:  0.50 ms | #newton:  1 | ph:  0.0% | #CG/newton: 3192 | ls (cap|max|inv|bt):  0| 0| 0| 0| runtime: 1226.7 ms | cr: 2453.3
    893. dt:  0.50 ms | #newton:  2 | ph:  0.0% | #CG/newton: 1626 | ls (cap|max|inv|bt):  0| 0| 0| 0| runtime: 1279.4 ms | cr: 2558.8
    894. dt:  0.50 ms | #newton:  1 | ph:  0.0% | #CG/newton: 3193 | ls (cap|max|inv|bt):  0| 0| 0| 0| runtime: 1195.0 ms | cr: 2390.1
    895. dt:  0.50 ms | #newton:  2 | ph:  0.0% | #CG/newton: 1626 | ls (cap|max|inv|bt):  0| 0| 0| 0| runtime: 1295.9 ms | cr: 2591.7
    896. dt:  0.50 ms | #newton:  1 | ph:  0.0% | #CG/newton: 3191 | ls (cap|max|inv|bt):  0| 0| 0| 0| runtime: 1193.8 ms | cr: 2387.6
    897. dt:  0.50 ms | #newton:  2 | ph:  0.0% | #CG/newton: 1626 | ls (cap|max|inv|bt):  0| 0| 0| 0| runtime: 1276.4 ms | cr: 2552.7
    898. dt:  0.50 ms | #newton:  1 | ph:  0.0% | #CG/newton: 3196 | ls (cap|max|inv|bt):  0| 0| 0| 0| runtime: 1203.0 ms | cr: 2405.9
    899. dt:  0.50 ms | #newton:  2 | ph:  0.0% | #CG/newton: 1626 | ls (cap|max|inv|bt):  0| 0| 0| 0| runtime: 1277.5 ms | cr: 2555.1
    900. dt:  0.50 ms | #newton:  1 | ph:  0.0% | #CG/newton: 3190 | ls (cap|max|inv|bt):  0| 0| 0| 0| runtime: 1194.7 ms | cr: 2389.5
    901. dt:  0.50 ms | #newton:  2 | ph:  0.0% | #CG/newton: 1626 | ls (cap|max|inv|bt):  0| 0| 0| 0| runtime: 1274.0 ms | cr: 2548.1
    902. dt:  0.50 ms | #newton:  1 | ph:  0.0% | #CG/newton: 3191 | ls (cap|max|inv|bt):  0| 0| 0| 0| runtime: 1252.6 ms | cr: 2505.2
    903. dt:  0.50 ms | #newton:  2 | ph:  0.0% | #CG/newton: 1627 | ls (cap|max|inv|bt):  0| 0| 0| 0| runtime: 1278.1 ms | cr: 2556.2
    904. dt:  0.50 ms | #newton:  1 | ph:  0.0% | #CG/newton: 3195 | ls (cap|max|inv|bt):  0| 0| 0| 0| runtime: 1197.3 ms | cr: 2394.5
    905. dt:  0.50 ms | #newton:  2 | ph:  0.0% | #CG/newton: 1625 | ls (cap|max|inv|bt):  0| 0| 0| 0| runtime: 1275.6 ms | cr: 2551.2
    906. dt:  0.50 ms | #newton:  1 | ph:  0.0% | #CG/newton: 3192 | ls (cap|max|inv|bt):  0| 0| 0| 0| runtime: 1192.6 ms | cr: 2385.3
    907. dt:  0.50 ms | #newton:  2 | ph:  0.0% | #CG/newton: 1626 | ls (cap|max|inv|bt):  0| 0| 0| 0| runtime: 1266.9 ms | cr: 2533.7
    908. dt:  0.50 ms | #newton:  1 | ph:  0.0% | #CG/newton: 3198 | ls (cap|max|inv|bt):  0| 0| 0| 0| runtime: 1186.2 ms | cr: 2372.5
    909. dt:  0.50 ms | #newton:  2 | ph:  0.0% | #CG/newton: 1625 | ls (cap|max|inv|bt):  0| 0| 0| 0| runtime: 1264.1 ms | cr: 2528.1
    910. dt:  0.50 ms | #newton:  1 | ph:  0.0% | #CG/newton: 3199 | ls (cap|max|inv|bt):  0| 0| 0| 0| runtime: 1190.7 ms | cr: 2381.4
    911. dt:  0.50 ms | #newton:  2 | ph:  0.0% | #CG/newton: 1625 | ls (cap|max|inv|bt):  0| 0| 0| 0| runtime: 1263.7 ms | cr: 2527.4
    912. dt:  0.50 ms | #newton:  1 | ph:  0.0% | #CG/newton: 3192 | ls (cap|max|inv|bt):  0| 0| 0| 0| runtime: 1201.0 ms | cr: 2402.1
    913. dt:  0.50 ms | #newton:  2 | ph:  0.0% | #CG/newton: 1627 | ls (cap|max|inv|bt):  0| 0| 0| 0| runtime: 1265.9 ms | cr: 2531.8
    914. dt:  0.50 ms | #newton:  1 | ph:  0.0% | #CG/newton: 3193 | ls (cap|max|inv|bt):  0| 0| 0| 0| runtime: 1201.6 ms | cr: 2403.2
    915. dt:  0.50 ms | #newton:  2 | ph:  0.0% | #CG/newton: 1626 | ls (cap|max|inv|bt):  0| 0| 0| 0| runtime: 1268.6 ms | cr: 2537.2
    916. dt:  0.50 ms | #newton:  1 | ph:  0.0% | #CG/newton: 3194 | ls (cap|max|inv|bt):  0| 0| 0| 0| runtime: 1206.5 ms | cr: 2412.9
    917. dt:  0.50 ms | #newton:  2 | ph:  0.0% | #CG/newton: 2783 | ls (cap|max|inv|bt):  0| 0| 0| 0| runtime: 2043.9 ms | cr: 4087.8
    918. dt:  0.50 ms | #newton:  1 | ph:  0.0% | #CG/newton: 3172 | ls (cap|max|inv|bt):  0| 0| 0| 0| runtime: 1193.0 ms | cr: 2385.9
    919. dt:  0.50 ms | #newton:  2 | ph:  0.0% | #CG/newton: 1856 | ls (cap|max|inv|bt):  0| 0| 0| 0| runtime: 1406.5 ms | cr: 2813.0
    920. dt:  0.50 ms | #newton:  1 | ph:  0.0% | #CG/newton: 3084 | ls (cap|max|inv|bt):  0| 0| 0| 0| runtime: 1151.4 ms | cr: 2302.9
    921. dt:  0.50 ms | #newton:  2 | ph:  0.0% | #CG/newton: 2900 | ls (cap|max|inv|bt):  0| 0| 0| 0| runtime: 2104.6 ms | cr: 4209.1
    922. dt:  0.50 ms | #newton:  1 | ph:  0.0% | #CG/newton: 3392 | ls (cap|max|inv|bt):  0| 0| 0| 0| runtime: 1276.9 ms | cr: 2553.8
    923. dt:  0.50 ms | #newton:  2 | ph:  0.0% | #CG/newton: 1751 | ls (cap|max|inv|bt):  0| 0| 0| 0| runtime: 1346.4 ms | cr: 2692.9
    924. dt:  0.50 ms | #newton:  1 | ph:  0.0% | #CG/newton: 2681 | ls (cap|max|inv|bt):  0| 0| 0| 0| runtime: 1104.5 ms | cr: 2209.0
    925. dt:  0.50 ms | #newton:  2 | ph:  0.0% | #CG/newton: 1746 | ls (cap|max|inv|bt):  0| 0| 0| 0| runtime: 1365.6 ms | cr: 2731.2
    926. dt:  0.50 ms | #newton:  1 | ph:  0.0% | #CG/newton: 2667 | ls (cap|max|inv|bt):  0| 0| 0| 0| runtime: 1093.6 ms | cr: 2187.2
    927. dt:  0.50 ms | #newton:  2 | ph:  0.0% | #CG/newton: 1736 | ls (cap|max|inv|bt):  0| 0| 0| 0| runtime: 1355.2 ms | cr: 2710.5
    928. dt:  0.50 ms | #newton:  1 | ph:  0.0% | #CG/newton: 2653 | ls (cap|max|inv|bt):  0| 0| 0| 0| runtime: 1017.3 ms | cr: 2034.5
    929. dt:  0.50 ms | #newton:  2 | ph:  0.0% | #CG/newton: 1739 | ls (cap|max|inv|bt):  0| 0| 0| 0| runtime: 1340.4 ms | cr: 2680.7
    930. dt:  0.50 ms | #newton:  1 | ph:  0.0% | #CG/newton: 2652 | ls (cap|max|inv|bt):  0| 0| 0| 0| runtime: 1030.6 ms | cr: 2061.3
    931. dt:  0.50 ms | #newton:  2 | ph:  0.0% | #CG/newton: 1732 | ls (cap|max|inv|bt):  0| 0| 0| 0| runtime: 1342.0 ms | cr: 2684.1
    932. dt:  0.50 ms | #newton:  1 | ph:  0.0% | #CG/newton: 2654 | ls (cap|max|inv|bt):  0| 0| 0| 0| runtime: 1021.3 ms | cr: 2042.7
    933. dt:  0.50 ms | #newton:  2 | ph:  0.0% | #CG/newton: 1737 | ls (cap|max|inv|bt):  0| 0| 0| 0| runtime: 1341.6 ms | cr: 2683.3
[Frame: 14] Time: 0.467 s
    934. dt:  0.50 ms | #newton:  1 | ph:  0.0% | #CG/newton: 2842 | ls (cap|max|inv|bt):  0| 0| 0| 0| runtime: 1072.0 ms | cr: 2144.0
    935. dt:  0.50 ms | #newton:  2 | ph:  0.0% | #CG/newton: 1751 | ls (cap|max|inv|bt):  0| 0| 0| 0| runtime: 1344.4 ms | cr: 2688.8
    936. dt:  0.50 ms | #newton:  1 | ph:  0.0% | #CG/newton: 2855 | ls (cap|max|inv|bt):  0| 0| 0| 0| runtime: 1080.4 ms | cr: 2160.8
    937. dt:  0.50 ms | #newton:  2 | ph:  0.0% | #CG/newton: 1756 | ls (cap|max|inv|bt):  0| 0| 0| 0| runtime: 1347.6 ms | cr: 2695.1
    938. dt:  0.50 ms | #newton:  1 | ph:  0.0% | #CG/newton: 2866 | ls (cap|max|inv|bt):  0| 0| 0| 0| runtime: 1084.9 ms | cr: 2169.8
    939. dt:  0.50 ms | #newton:  2 | ph:  0.0% | #CG/newton: 1739 | ls (cap|max|inv|bt):  0| 0| 0| 0| runtime: 1340.8 ms | cr: 2681.7
    940. dt:  0.50 ms | #newton:  1 | ph:  0.0% | #CG/newton: 2654 | ls (cap|max|inv|bt):  0| 0| 0| 0| runtime: 1009.5 ms | cr: 2019.1
    941. dt:  0.50 ms | #newton:  2 | ph:  0.0% | #CG/newton: 1738 | ls (cap|max|inv|bt):  0| 0| 0| 0| runtime: 1351.9 ms | cr: 2703.7
    942. dt:  0.50 ms | #newton:  1 | ph:  0.0% | #CG/newton: 2672 | ls (cap|max|inv|bt):  0| 0| 0| 0| runtime: 1042.1 ms | cr: 2084.2
    943. dt:  0.50 ms | #newton:  2 | ph:  0.0% | #CG/newton: 1736 | ls (cap|max|inv|bt):  0| 0| 0| 0| runtime: 1356.0 ms | cr: 2711.9
    944. dt:  0.50 ms | #newton:  1 | ph:  0.0% | #CG/newton: 3380 | ls (cap|max|inv|bt):  0| 0| 0| 0| runtime: 1237.0 ms | cr: 2474.0
    945. dt:  0.50 ms | #newton:  2 | ph:  0.0% | #CG/newton: 1754 | ls (cap|max|inv|bt):  0| 0| 0| 0| runtime: 1352.5 ms | cr: 2704.9
    946. dt:  0.50 ms | #newton:  1 | ph:  0.0% | #CG/newton: 3423 | ls (cap|max|inv|bt):  0| 0| 0| 0| runtime: 1275.1 ms | cr: 2550.1
    947. dt:  0.50 ms | #newton:  2 | ph:  0.0% | #CG/newton: 1627 | ls (cap|max|inv|bt):  0| 0| 0| 0| runtime: 1269.0 ms | cr: 2538.1
    948. dt:  0.50 ms | #newton:  1 | ph:  0.0% | #CG/newton: 2735 | ls (cap|max|inv|bt):  0| 0| 0| 0| runtime: 1026.5 ms | cr: 2053.0
    949. dt:  0.50 ms | #newton:  2 | ph:  0.0% | #CG/newton: 1728 | ls (cap|max|inv|bt):  0| 0| 0| 0| runtime: 1338.0 ms | cr: 2676.0
    950. dt:  0.50 ms | #newton:  1 | ph:  0.0% | #CG/newton: 2740 | ls (cap|max|inv|bt):  0| 0| 0| 0| runtime: 1038.6 ms | cr: 2077.1
    951. dt:  0.50 ms | #newton:  2 | ph:  0.0% | #CG/newton: 1730 | ls (cap|max|inv|bt):  0| 0| 0| 0| runtime: 1311.4 ms | cr: 2622.8
    952. dt:  0.50 ms | #newton:  1 | ph:  0.0% | #CG/newton: 2743 | ls (cap|max|inv|bt):  0| 0| 0| 0| runtime: 1034.1 ms | cr: 2068.2
    953. dt:  0.50 ms | #newton:  2 | ph:  0.0% | #CG/newton: 1631 | ls (cap|max|inv|bt):  0| 0| 0| 0| runtime: 1284.7 ms | cr: 2569.4
    954. dt:  0.50 ms | #newton:  1 | ph:  0.0% | #CG/newton: 2742 | ls (cap|max|inv|bt):  0| 0| 0| 0| runtime: 1038.0 ms | cr: 2076.0
    955. dt:  0.50 ms | #newton:  2 | ph:  0.0% | #CG/newton: 1629 | ls (cap|max|inv|bt):  0| 0| 0| 0| runtime: 1280.6 ms | cr: 2561.1
    956. dt:  0.50 ms | #newton:  1 | ph:  0.0% | #CG/newton: 2744 | ls (cap|max|inv|bt):  0| 0| 0| 0| runtime: 1045.7 ms | cr: 2091.3
    957. dt:  0.50 ms | #newton:  2 | ph:  0.0% | #CG/newton: 1630 | ls (cap|max|inv|bt):  0| 0| 0| 0| runtime: 1258.9 ms | cr: 2517.9
    958. dt:  0.50 ms | #newton:  1 | ph:  0.0% | #CG/newton: 3194 | ls (cap|max|inv|bt):  0| 0| 0| 0| runtime: 1169.3 ms | cr: 2338.5
    959. dt:  0.50 ms | #newton:  2 | ph:  0.0% | #CG/newton: 1630 | ls (cap|max|inv|bt):  0| 0| 0| 0| runtime: 1254.6 ms | cr: 2509.2
    960. dt:  0.50 ms | #newton:  1 | ph:  0.0% | #CG/newton: 2893 | ls (cap|max|inv|bt):  0| 0| 0| 0| runtime: 1077.1 ms | cr: 2154.1
    961. dt:  0.50 ms | #newton:  2 | ph:  0.0% | #CG/newton: 1630 | ls (cap|max|inv|bt):  0| 0| 0| 0| runtime: 1269.6 ms | cr: 2539.2
    962. dt:  0.50 ms | #newton:  1 | ph:  0.0% | #CG/newton: 2889 | ls (cap|max|inv|bt):  0| 0| 0| 0| runtime: 1080.6 ms | cr: 2161.2
    963. dt:  0.50 ms | #newton:  2 | ph:  0.0% | #CG/newton: 1630 | ls (cap|max|inv|bt):  0| 0| 0| 0| runtime: 1268.9 ms | cr: 2537.8
    964. dt:  0.50 ms | #newton:  1 | ph:  0.0% | #CG/newton: 2895 | ls (cap|max|inv|bt):  0| 0| 0| 0| runtime: 1093.4 ms | cr: 2186.7
    965. dt:  0.50 ms | #newton:  2 | ph:  0.0% | #CG/newton: 1629 | ls (cap|max|inv|bt):  0| 0| 0| 0| runtime: 1285.6 ms | cr: 2571.3
    966. dt:  0.50 ms | #newton:  1 | ph:  0.0% | #CG/newton: 3194 | ls (cap|max|inv|bt):  0| 0| 0| 0| runtime: 1233.8 ms | cr: 2467.6
    967. dt:  0.50 ms | #newton:  2 | ph:  0.0% | #CG/newton: 1629 | ls (cap|max|inv|bt):  0| 0| 0| 0| runtime: 1328.6 ms | cr: 2657.2
    968. dt:  0.50 ms | #newton:  1 | ph:  0.0% | #CG/newton: 3198 | ls (cap|max|inv|bt):  0| 0| 0| 0| runtime: 1224.5 ms | cr: 2449.0
    969. dt:  0.50 ms | #newton:  2 | ph:  0.0% | #CG/newton: 1628 | ls (cap|max|inv|bt):  0| 0| 0| 0| runtime: 1302.3 ms | cr: 2604.7
    970. dt:  0.50 ms | #newton:  1 | ph:  0.0% | #CG/newton: 2741 | ls (cap|max|inv|bt):  0| 0| 0| 0| runtime: 1038.9 ms | cr: 2077.8
    971. dt:  0.50 ms | #newton:  2 | ph:  0.0% | #CG/newton: 1630 | ls (cap|max|inv|bt):  0| 0| 0| 0| runtime: 1275.1 ms | cr: 2550.1
    972. dt:  0.50 ms | #newton:  1 | ph:  0.0% | #CG/newton: 2736 | ls (cap|max|inv|bt):  0| 0| 0| 0| runtime: 1029.1 ms | cr: 2058.2
    973. dt:  0.50 ms | #newton:  2 | ph:  0.0% | #CG/newton: 1630 | ls (cap|max|inv|bt):  0| 0| 0| 0| runtime: 1269.3 ms | cr: 2538.5
    974. dt:  0.50 ms | #newton:  1 | ph:  0.0% | #CG/newton: 2736 | ls (cap|max|inv|bt):  0| 0| 0| 0| runtime: 1030.2 ms | cr: 2060.4
    975. dt:  0.50 ms | #newton:  2 | ph:  0.0% | #CG/newton: 1730 | ls (cap|max|inv|bt):  0| 0| 0| 0| runtime: 1333.3 ms | cr: 2666.6
    976. dt:  0.50 ms | #newton:  1 | ph:  0.0% | #CG/newton: 2737 | ls (cap|max|inv|bt):  0| 0| 0| 0| runtime: 1046.7 ms | cr: 2093.4
    977. dt:  0.50 ms | #newton:  2 | ph:  0.0% | #CG/newton: 1729 | ls (cap|max|inv|bt):  0| 0| 0| 0| runtime: 1356.2 ms | cr: 2712.4
    978. dt:  0.50 ms | #newton:  1 | ph:  0.0% | #CG/newton: 2736 | ls (cap|max|inv|bt):  0| 0| 0| 0| runtime: 1090.9 ms | cr: 2181.7
    979. dt:  0.50 ms | #newton:  2 | ph:  0.0% | #CG/newton: 1730 | ls (cap|max|inv|bt):  0| 0| 0| 0| runtime: 1387.5 ms | cr: 2775.1
    980. dt:  0.50 ms | #newton:  1 | ph:  0.0% | #CG/newton: 2736 | ls (cap|max|inv|bt):  0| 0| 0| 0| runtime: 1074.4 ms | cr: 2148.8
    981. dt:  0.50 ms | #newton:  2 | ph:  0.0% | #CG/newton: 1730 | ls (cap|max|inv|bt):  0| 0| 0| 0| runtime: 1402.8 ms | cr: 2805.7
    982. dt:  0.50 ms | #newton:  1 | ph:  0.0% | #CG/newton: 2739 | ls (cap|max|inv|bt):  0| 0| 0| 0| runtime: 1060.8 ms | cr: 2121.6
    983. dt:  0.50 ms | #newton:  2 | ph:  0.0% | #CG/newton: 1729 | ls (cap|max|inv|bt):  0| 0| 0| 0| runtime: 1351.3 ms | cr: 2702.7
    984. dt:  0.50 ms | #newton:  1 | ph:  0.0% | #CG/newton: 2737 | ls (cap|max|inv|bt):  0| 0| 0| 0| runtime: 1058.8 ms | cr: 2117.5
    985. dt:  0.50 ms | #newton:  2 | ph:  0.0% | #CG/newton: 1729 | ls (cap|max|inv|bt):  0| 0| 0| 0| runtime: 1323.1 ms | cr: 2646.2
    986. dt:  0.50 ms | #newton:  1 | ph:  0.0% | #CG/newton: 2740 | ls (cap|max|inv|bt):  0| 0| 0| 0| runtime: 1034.6 ms | cr: 2069.2
    987. dt:  0.50 ms | #newton:  2 | ph:  0.0% | #CG/newton: 1729 | ls (cap|max|inv|bt):  0| 0| 0| 0| runtime: 1344.3 ms | cr: 2688.7
    988. dt:  0.50 ms | #newton:  1 | ph:  0.0% | #CG/newton: 2741 | ls (cap|max|inv|bt):  0| 0| 0| 0| runtime: 1030.7 ms | cr: 2061.4
    989. dt:  0.50 ms | #newton:  2 | ph:  0.0% | #CG/newton: 1730 | ls (cap|max|inv|bt):  0| 0| 0| 0| runtime: 1332.9 ms | cr: 2665.7
    990. dt:  0.50 ms | #newton:  1 | ph:  0.0% | #CG/newton: 2740 | ls (cap|max|inv|bt):  0| 0| 0| 0| runtime: 1032.7 ms | cr: 2065.3
    991. dt:  0.50 ms | #newton:  2 | ph:  0.0% | #CG/newton: 1635 | ls (cap|max|inv|bt):  0| 0| 0| 0| runtime: 1284.5 ms | cr: 2569.1
    992. dt:  0.50 ms | #newton:  1 | ph:  0.0% | #CG/newton: 2739 | ls (cap|max|inv|bt):  0| 0| 0| 0| runtime: 1043.0 ms | cr: 2086.0
    993. dt:  0.50 ms | #newton:  2 | ph:  0.0% | #CG/newton: 1634 | ls (cap|max|inv|bt):  0| 0| 0| 0| runtime: 1262.0 ms | cr: 2524.0
    994. dt:  0.50 ms | #newton:  1 | ph:  0.0% | #CG/newton: 2737 | ls (cap|max|inv|bt):  0| 0| 0| 0| runtime: 1032.6 ms | cr: 2065.2
    995. dt:  0.50 ms | #newton:  2 | ph:  0.0% | #CG/newton: 1633 | ls (cap|max|inv|bt):  0| 0| 0| 0| runtime: 1284.6 ms | cr: 2569.3
    996. dt:  0.50 ms | #newton:  1 | ph:  0.0% | #CG/newton: 2739 | ls (cap|max|inv|bt):  0| 0| 0| 0| runtime: 1042.9 ms | cr: 2085.7
    997. dt:  0.50 ms | #newton:  2 | ph:  0.0% | #CG/newton: 1629 | ls (cap|max|inv|bt):  0| 0| 0| 0| runtime: 1265.8 ms | cr: 2531.6
    998. dt:  0.50 ms | #newton:  1 | ph:  0.0% | #CG/newton: 2740 | ls (cap|max|inv|bt):  0| 0| 0| 0| runtime: 1037.3 ms | cr: 2074.6
    999. dt:  0.50 ms | #newton:  2 | ph:  0.0% | #CG/newton: 1636 | ls (cap|max|inv|bt):  0| 0| 0| 0| runtime: 1254.7 ms | cr: 2509.5
    1000. dt:  0.50 ms | #newton:  1 | ph:  0.0% | #CG/newton: 2738 | ls (cap|max|inv|bt):  0| 0| 0| 0| runtime: 1034.5 ms | cr: 2069.0
[Frame: 15] Time: 0.501 s
    1001. dt:  0.50 ms | #newton:  2 | ph:  0.0% | #CG/newton: 1730 | ls (cap|max|inv|bt):  0| 0| 0| 0| runtime: 1339.6 ms | cr: 2679.2
    1002. dt:  0.50 ms | #newton:  1 | ph:  0.0% | #CG/newton: 2739 | ls (cap|max|inv|bt):  0| 0| 0| 0| runtime: 1046.1 ms | cr: 2092.2
    1003. dt:  0.50 ms | #newton:  2 | ph:  0.0% | #CG/newton: 1730 | ls (cap|max|inv|bt):  0| 0| 0| 0| runtime: 1339.1 ms | cr: 2678.2
    1004. dt:  0.50 ms | #newton:  1 | ph:  0.0% | #CG/newton: 2739 | ls (cap|max|inv|bt):  0| 0| 0| 0| runtime: 1034.5 ms | cr: 2069.0
    1005. dt:  0.50 ms | #newton:  2 | ph:  0.0% | #CG/newton: 1729 | ls (cap|max|inv|bt):  0| 0| 0| 0| runtime: 1333.9 ms | cr: 2667.9
    1006. dt:  0.50 ms | #newton:  1 | ph:  0.0% | #CG/newton: 2736 | ls (cap|max|inv|bt):  0| 0| 0| 0| runtime: 1039.7 ms | cr: 2079.5
    1007. dt:  0.50 ms | #newton:  2 | ph:  0.0% | #CG/newton: 1729 | ls (cap|max|inv|bt):  0| 0| 0| 0| runtime: 1326.9 ms | cr: 2653.8
    1008. dt:  0.50 ms | #newton:  1 | ph:  0.0% | #CG/newton: 2739 | ls (cap|max|inv|bt):  0| 0| 0| 0| runtime: 1030.2 ms | cr: 2060.5
    1009. dt:  0.50 ms | #newton:  2 | ph:  0.0% | #CG/newton: 1728 | ls (cap|max|inv|bt):  0| 0| 0| 0| runtime: 1340.7 ms | cr: 2681.4
    1010. dt:  0.50 ms | #newton:  1 | ph:  0.0% | #CG/newton: 2738 | ls (cap|max|inv|bt):  0| 0| 0| 0| runtime: 1041.8 ms | cr: 2083.7
    1011. dt:  0.50 ms | #newton:  2 | ph:  0.0% | #CG/newton: 1728 | ls (cap|max|inv|bt):  0| 0| 0| 0| runtime: 1317.2 ms | cr: 2634.4
    1012. dt:  0.50 ms | #newton:  1 | ph:  0.0% | #CG/newton: 2735 | ls (cap|max|inv|bt):  0| 0| 0| 0| runtime: 1045.9 ms | cr: 2091.8
    1013. dt:  0.50 ms | #newton:  2 | ph:  0.0% | #CG/newton: 1728 | ls (cap|max|inv|bt):  0| 0| 0| 0| runtime: 1334.7 ms | cr: 2669.4
    1014. dt:  0.50 ms | #newton:  1 | ph:  0.0% | #CG/newton: 2738 | ls (cap|max|inv|bt):  0| 0| 0| 0| runtime: 1034.8 ms | cr: 2069.6
    1015. dt:  0.50 ms | #newton:  2 | ph:  0.0% | #CG/newton: 1728 | ls (cap|max|inv|bt):  0| 0| 0| 0| runtime: 1333.0 ms | cr: 2665.9
    1016. dt:  0.50 ms | #newton:  1 | ph:  0.0% | #CG/newton: 3391 | ls (cap|max|inv|bt):  0| 0| 0| 0| runtime: 1253.2 ms | cr: 2506.5
    1017. dt:  0.50 ms | #newton:  2 | ph:  0.0% | #CG/newton: 1751 | ls (cap|max|inv|bt):  0| 0| 0| 0| runtime: 1349.7 ms | cr: 2699.5
    1018. dt:  0.50 ms | #newton:  1 | ph:  0.0% | #CG/newton: 2245 | ls (cap|max|inv|bt):  0| 0| 0| 0| runtime:  878.0 ms | cr: 1756.1
    1019. dt:  0.50 ms | #newton:  2 | ph:  0.0% | #CG/newton: 1745 | ls (cap|max|inv|bt):  0| 0| 0| 0| runtime: 1337.8 ms | cr: 2675.6
    1020. dt:  0.50 ms | #newton:  1 | ph:  0.0% | #CG/newton: 2659 | ls (cap|max|inv|bt):  0| 0| 0| 0| runtime: 1005.2 ms | cr: 2010.3
    1021. dt:  0.50 ms | #newton:  2 | ph:  0.0% | #CG/newton: 1742 | ls (cap|max|inv|bt):  0| 0| 0| 0| runtime: 1334.5 ms | cr: 2668.9
    1022. dt:  0.50 ms | #newton:  1 | ph:  0.0% | #CG/newton: 2667 | ls (cap|max|inv|bt):  0| 0| 0| 0| runtime: 1008.7 ms | cr: 2017.3
    1023. dt:  0.50 ms | #newton:  2 | ph:  0.0% | #CG/newton: 1740 | ls (cap|max|inv|bt):  0| 0| 0| 0| runtime: 1345.5 ms | cr: 2690.9
    1024. dt:  0.50 ms | #newton:  1 | ph:  0.0% | #CG/newton: 2633 | ls (cap|max|inv|bt):  0| 0| 0| 0| runtime:  994.2 ms | cr: 1988.5
    1025. dt:  0.50 ms | #newton:  2 | ph:  0.0% | #CG/newton: 1742 | ls (cap|max|inv|bt):  0| 0| 0| 0| runtime: 1327.2 ms | cr: 2654.4
    1026. dt:  0.50 ms | #newton:  1 | ph:  0.0% | #CG/newton: 2639 | ls (cap|max|inv|bt):  0| 0| 0| 0| runtime: 1002.6 ms | cr: 2005.1
    1027. dt:  0.50 ms | #newton:  2 | ph:  0.0% | #CG/newton: 1737 | ls (cap|max|inv|bt):  0| 0| 0| 0| runtime: 1333.8 ms | cr: 2667.6
    1028. dt:  0.50 ms | #newton:  1 | ph:  0.0% | #CG/newton: 2667 | ls (cap|max|inv|bt):  0| 0| 0| 0| runtime: 1011.8 ms | cr: 2023.7
    1029. dt:  0.50 ms | #newton:  2 | ph:  0.0% | #CG/newton: 1735 | ls (cap|max|inv|bt):  0| 0| 0| 0| runtime: 1331.2 ms | cr: 2662.4
    1030. dt:  0.50 ms | #newton:  1 | ph:  0.0% | #CG/newton: 2661 | ls (cap|max|inv|bt):  0| 0| 0| 0| runtime: 1004.3 ms | cr: 2008.5
    1031. dt:  0.50 ms | #newton:  2 | ph:  0.0% | #CG/newton: 1735 | ls (cap|max|inv|bt):  0| 0| 0| 0| runtime: 1337.4 ms | cr: 2674.8
    1032. dt:  0.50 ms | #newton:  1 | ph:  0.0% | #CG/newton: 2658 | ls (cap|max|inv|bt):  0| 0| 0| 0| runtime: 1057.8 ms | cr: 2115.6
    1033. dt:  0.50 ms | #newton:  2 | ph:  0.0% | #CG/newton: 1847 | ls (cap|max|inv|bt):  0| 0| 0| 0| runtime: 1416.6 ms | cr: 2833.2
    1034. dt:  0.50 ms | #newton:  1 | ph:  0.0% | #CG/newton: 2652 | ls (cap|max|inv|bt):  0| 0| 0| 0| runtime: 1019.3 ms | cr: 2038.5
    1035. dt:  0.50 ms | #newton:  2 | ph:  0.0% | #CG/newton: 1845 | ls (cap|max|inv|bt):  0| 0| 0| 0| runtime: 1404.4 ms | cr: 2808.7
    1036. dt:  0.50 ms | #newton:  1 | ph:  0.0% | #CG/newton: 2649 | ls (cap|max|inv|bt):  0| 0| 0| 0| runtime:  998.5 ms | cr: 1996.9
    1037. dt:  0.50 ms | #newton:  2 | ph:  0.0% | #CG/newton: 1847 | ls (cap|max|inv|bt):  0| 0| 0| 0| runtime: 1422.4 ms | cr: 2844.8
    1038. dt:  0.50 ms | #newton:  1 | ph:  0.0% | #CG/newton: 2644 | ls (cap|max|inv|bt):  0| 0| 0| 0| runtime: 1004.7 ms | cr: 2009.3
    1039. dt:  0.50 ms | #newton:  2 | ph:  0.0% | #CG/newton: 1844 | ls (cap|max|inv|bt):  0| 0| 0| 0| runtime: 1412.0 ms | cr: 2824.1
    1040. dt:  0.50 ms | #newton:  1 | ph:  0.0% | #CG/newton: 2646 | ls (cap|max|inv|bt):  0| 0| 0| 0| runtime:  995.5 ms | cr: 1991.0
    1041. dt:  0.50 ms | #newton:  2 | ph:  0.0% | #CG/newton: 1846 | ls (cap|max|inv|bt):  0| 0| 0| 0| runtime: 1412.7 ms | cr: 2825.4
    1042. dt:  0.50 ms | #newton:  1 | ph:  0.0% | #CG/newton: 3057 | ls (cap|max|inv|bt):  0| 0| 0| 0| runtime: 1155.8 ms | cr: 2311.6
    1043. dt:  0.50 ms | #newton:  2 | ph:  0.0% | #CG/newton: 2028 | ls (cap|max|inv|bt):  0| 0| 0| 0| runtime: 1525.5 ms | cr: 3051.0
    1044. dt:  0.50 ms | #newton:  1 | ph:  0.0% | #CG/newton: 3310 | ls (cap|max|inv|bt):  0| 0| 0| 0| runtime: 1235.8 ms | cr: 2471.6
    1045. dt:  0.50 ms | #newton:  2 | ph:  0.0% | #CG/newton: 2016 | ls (cap|max|inv|bt):  0| 0| 0| 0| runtime: 1527.6 ms | cr: 3055.1
    1046. dt:  0.50 ms | #newton:  1 | ph:  0.0% | #CG/newton: 2402 | ls (cap|max|inv|bt):  0| 0| 0| 0| runtime:  916.3 ms | cr: 1832.6
    1047. dt:  0.50 ms | #newton:  2 | ph:  0.0% | #CG/newton: 2013 | ls (cap|max|inv|bt):  0| 0| 0| 0| runtime: 1512.9 ms | cr: 3025.8
    1048. dt:  0.50 ms | #newton:  1 | ph:  0.0% | #CG/newton: 2395 | ls (cap|max|inv|bt):  0| 0| 0| 0| runtime:  919.3 ms | cr: 1838.7
    1049. dt:  0.50 ms | #newton:  2 | ph:  0.0% | #CG/newton: 2097 | ls (cap|max|inv|bt):  0| 0| 0| 0| runtime: 1578.6 ms | cr: 3157.2
    1050. dt:  0.50 ms | #newton:  1 | ph:  0.0% | #CG/newton: 2394 | ls (cap|max|inv|bt):  0| 0| 0| 0| runtime:  936.6 ms | cr: 1873.3
    1051. dt:  0.50 ms | #newton:  2 | ph:  0.0% | #CG/newton: 2087 | ls (cap|max|inv|bt):  0| 0| 0| 0| runtime: 1571.9 ms | cr: 3143.8
    1052. dt:  0.50 ms | #newton:  1 | ph:  0.0% | #CG/newton: 3044 | ls (cap|max|inv|bt):  0| 0| 0| 0| runtime: 1140.0 ms | cr: 2280.0
    1053. dt:  0.50 ms | #newton:  2 | ph:  0.0% | #CG/newton: 2076 | ls (cap|max|inv|bt):  0| 0| 0| 0| runtime: 1558.1 ms | cr: 3116.2
    1054. dt:  0.50 ms | #newton:  1 | ph:  0.0% | #CG/newton: 3284 | ls (cap|max|inv|bt):  0| 0| 0| 0| runtime: 1208.6 ms | cr: 2417.1
    1055. dt:  0.50 ms | #newton:  2 | ph:  0.0% | #CG/newton: 2059 | ls (cap|max|inv|bt):  0| 0| 0| 0| runtime: 1560.8 ms | cr: 3121.6
    1056. dt:  0.50 ms | #newton:  1 | ph:  0.0% | #CG/newton: 3230 | ls (cap|max|inv|bt):  0| 0| 0| 0| runtime: 1188.8 ms | cr: 2377.6
    1057. dt:  0.50 ms | #newton:  2 | ph:  0.0% | #CG/newton: 2171 | ls (cap|max|inv|bt):  0| 0| 0| 0| runtime: 1630.2 ms | cr: 3260.5
    1058. dt:  0.50 ms | #newton:  1 | ph:  0.0% | #CG/newton: 3001 | ls (cap|max|inv|bt):  0| 0| 0| 0| runtime: 1110.4 ms | cr: 2220.7
    1059. dt:  0.50 ms | #newton:  2 | ph:  0.0% | #CG/newton: 2167 | ls (cap|max|inv|bt):  0| 0| 0| 0| runtime: 1610.7 ms | cr: 3221.3
    1060. dt:  0.50 ms | #newton:  1 | ph:  0.0% | #CG/newton: 2993 | ls (cap|max|inv|bt):  0| 0| 0| 0| runtime: 1134.2 ms | cr: 2268.4
    1061. dt:  0.50 ms | #newton:  2 | ph:  0.0% | #CG/newton: 2162 | ls (cap|max|inv|bt):  0| 0| 0| 0| runtime: 1628.0 ms | cr: 3256.1
    1062. dt:  0.50 ms | #newton:  1 | ph:  0.0% | #CG/newton: 2981 | ls (cap|max|inv|bt):  0| 0| 0| 0| runtime: 1127.3 ms | cr: 2254.6
    1063. dt:  0.50 ms | #newton:  2 | ph:  0.0% | #CG/newton: 2153 | ls (cap|max|inv|bt):  0| 0| 0| 0| runtime: 1625.9 ms | cr: 3251.7
    1064. dt:  0.50 ms | #newton:  1 | ph:  0.0% | #CG/newton: 2970 | ls (cap|max|inv|bt):  0| 0| 0| 0| runtime: 1109.6 ms | cr: 2219.2
    1065. dt:  0.50 ms | #newton:  2 | ph:  0.0% | #CG/newton: 2144 | ls (cap|max|inv|bt):  0| 0| 0| 0| runtime: 1604.6 ms | cr: 3209.2
    1066. dt:  0.50 ms | #newton:  1 | ph:  0.0% | #CG/newton: 2972 | ls (cap|max|inv|bt):  0| 0| 0| 0| runtime: 1104.0 ms | cr: 2208.0
[Frame: 16] Time: 0.533 s
    1067. dt:  0.50 ms | #newton:  2 | ph:  0.0% | #CG/newton: 2136 | ls (cap|max|inv|bt):  0| 0| 0| 0| runtime: 1611.9 ms | cr: 3223.8
    1068. dt:  0.50 ms | #newton:  1 | ph:  0.0% | #CG/newton: 2968 | ls (cap|max|inv|bt):  0| 0| 0| 0| runtime: 1118.0 ms | cr: 2236.0
    1069. dt:  0.50 ms | #newton:  2 | ph:  0.0% | #CG/newton: 2120 | ls (cap|max|inv|bt):  0| 0| 0| 0| runtime: 1587.0 ms | cr: 3174.0
    1070. dt:  0.50 ms | #newton:  1 | ph:  0.0% | #CG/newton: 2966 | ls (cap|max|inv|bt):  0| 0| 0| 0| runtime: 1100.6 ms | cr: 2201.2
    1071. dt:  0.50 ms | #newton:  2 | ph:  0.0% | #CG/newton: 2209 | ls (cap|max|inv|bt):  0| 0| 0| 0| runtime: 1628.5 ms | cr: 3257.0
    1072. dt:  0.50 ms | #newton:  1 | ph:  0.0% | #CG/newton: 3552 | ls (cap|max|inv|bt):  0| 0| 0| 0| runtime: 1292.7 ms | cr: 2585.4
    1073. dt:  0.50 ms | #newton:  2 | ph:  0.0% | #CG/newton: 2200 | ls (cap|max|inv|bt):  0| 0| 0| 0| runtime: 1652.9 ms | cr: 3305.8
    1074. dt:  0.50 ms | #newton:  1 | ph:  0.0% | #CG/newton: 3097 | ls (cap|max|inv|bt):  0| 0| 0| 0| runtime: 1150.3 ms | cr: 2300.6
    1075. dt:  0.50 ms | #newton:  2 | ph:  0.0% | #CG/newton: 2193 | ls (cap|max|inv|bt):  0| 0| 0| 0| runtime: 1644.0 ms | cr: 3288.0
    1076. dt:  0.50 ms | #newton:  1 | ph:  0.0% | #CG/newton: 3670 | ls (cap|max|inv|bt):  0| 0| 0| 0| runtime: 1359.4 ms | cr: 2718.8
    1077. dt:  0.50 ms | #newton:  2 | ph:  0.0% | #CG/newton: 2175 | ls (cap|max|inv|bt):  0| 0| 0| 0| runtime: 1667.3 ms | cr: 3334.6
    1078. dt:  0.50 ms | #newton:  1 | ph:  0.0% | #CG/newton: 3879 | ls (cap|max|inv|bt):  0| 0| 0| 0| runtime: 1409.3 ms | cr: 2818.6
    1079. dt:  0.50 ms | #newton:  2 | ph:  0.0% | #CG/newton: 2170 | ls (cap|max|inv|bt):  0| 0| 0| 0| runtime: 1612.7 ms | cr: 3225.4
    1080. dt:  0.50 ms | #newton:  1 | ph:  0.0% | #CG/newton: 4059 | ls (cap|max|inv|bt):  0| 0| 0| 0| runtime: 1473.2 ms | cr: 2946.3
    1081. dt:  0.50 ms | #newton:  2 | ph:  0.0% | #CG/newton: 2259 | ls (cap|max|inv|bt):  0| 0| 0| 0| runtime: 1677.0 ms | cr: 3353.9
    1082. dt:  0.50 ms | #newton:  1 | ph:  0.0% | #CG/newton: 4461 | ls (cap|max|inv|bt):  0| 0| 0| 0| runtime: 1590.9 ms | cr: 3181.8
    1083. dt:  0.50 ms | #newton:  2 | ph:  0.0% | #CG/newton: 2246 | ls (cap|max|inv|bt):  0| 0| 0| 0| runtime: 1687.1 ms | cr: 3374.1
    1084. dt:  0.50 ms | #newton:  1 | ph:  0.0% | #CG/newton: 4449 | ls (cap|max|inv|bt):  0| 0| 0| 0| runtime: 1611.5 ms | cr: 3223.1
    1085. dt:  0.50 ms | #newton:  2 | ph:  0.0% | #CG/newton: 2322 | ls (cap|max|inv|bt):  0| 0| 0| 0| runtime: 1726.7 ms | cr: 3453.5
    1086. dt:  0.50 ms | #newton:  1 | ph:  0.0% | #CG/newton: 4263 | ls (cap|max|inv|bt):  0| 0| 0| 0| runtime: 1536.7 ms | cr: 3073.3
    1087. dt:  0.50 ms | #newton:  2 | ph:  0.0% | #CG/newton: 2227 | ls (cap|max|inv|bt):  0| 0| 0| 0| runtime: 1672.1 ms | cr: 3344.3
    1088. dt:  0.50 ms | #newton:  1 | ph:  0.0% | #CG/newton: 4411 | ls (cap|max|inv|bt):  0| 0| 0| 0| runtime: 1587.2 ms | cr: 3174.5
    1089. dt:  0.50 ms | #newton:  2 | ph:  0.0% | #CG/newton: 2302 | ls (cap|max|inv|bt):  0| 0| 0| 0| runtime: 1710.7 ms | cr: 3421.5
    1090. dt:  0.50 ms | #newton:  1 | ph:  0.0% | #CG/newton: 4600 | ls (cap|max|inv|bt):  0| 0| 0| 0| runtime: 1655.2 ms | cr: 3310.5
    1091. dt:  0.50 ms | #newton:  2 | ph:  0.0% | #CG/newton: 2314 | ls (cap|max|inv|bt):  0| 0| 0| 0| runtime: 1717.3 ms | cr: 3434.5
    1092. dt:  0.50 ms | #newton:  2 | ph:  0.0% | #CG/newton: 2379 | ls (cap|max|inv|bt):  0| 0| 0| 0| runtime: 1764.2 ms | cr: 3528.4
    1093. dt:  0.50 ms | #newton:  2 | ph:  0.0% | #CG/newton: 2372 | ls (cap|max|inv|bt):  0| 0| 0| 0| runtime: 1742.3 ms | cr: 3484.6
    1094. dt:  0.50 ms | #newton:  1 | ph:  0.0% | #CG/newton: 4342 | ls (cap|max|inv|bt):  0| 0| 0| 0| runtime: 1551.5 ms | cr: 3103.0
    1095. dt:  0.50 ms | #newton:  2 | ph:  0.0% | #CG/newton: 2181 | ls (cap|max|inv|bt):  0| 0| 0| 0| runtime: 1625.3 ms | cr: 3250.5
    1096. dt:  0.50 ms | #newton:  1 | ph:  0.0% | #CG/newton: 4524 | ls (cap|max|inv|bt):  0| 0| 0| 0| runtime: 1621.6 ms | cr: 3243.2
    1097. dt:  0.50 ms | #newton:  2 | ph:  0.0% | #CG/newton: 2188 | ls (cap|max|inv|bt):  0| 0| 0| 0| runtime: 1626.1 ms | cr: 3252.2
    1098. dt:  0.50 ms | 
    Penetration couldn't be avoided. Contact stiffness hardened from 1.0e+08 to 2.0e+08.
