
================================== Settings ==============================
Stark Settings
     Output
         simulation_name: "mechanical_eval"
         output_directory: "/Users/wikios/.codex/worktrees/2c13/sim/examples/rotary_transmission/runs/candidate_022_contract_1_8_0/vtk"
         codegen_directory: "/Users/wikios/.codex/worktrees/2c13/sim/examples/rotary_transmission/runs/candidate_022_contract_1_8_0/codegen"
         time_stamp: "2026-08-17__20-53-04"
         fps: 30
         console_verbosity: Summary
         file_verbosity: Full
         enable_frame_writes: true
         enable_output: true
     Simulation
         gravity: (0.000000, 0.000000, -9.810000)
         init_frictional_contact: true
         max_time_step_size: 2.5000e-04
         use_adaptive_time_step: false
         time_step_size_success_multiplier: 1.05
         time_step_size_lower_bound: 1.0e-06
     Newton's Method
         Iteration limits
             max_iterations: 2147483647
             min_iterations: 0
         Convergence
             residual_tolerance_abs: 1.0e-06
             residual_tolerance_rel: 0.0e+00
             step_tolerance: 1.0e-03
             max_iterations_as_success: false
         Line search
             step_cap: inf
             enable_armijo_backtracking: true
             armijo_beta: 1.0e-04
             max_armijo_iterations: 20
             max_invalid_state_iterations: 8
             print_line_search_upon_failure: false
         Hessian projection
             projection_mode: Progressive
             projection_eps: 1.0e-10
             use_mirroring: false
             on_demand_countdown: 4
             ppn_tightening_factor: 0.50
             ppn_release_factor: 2.00
         Linear solver
             solver: BDPCG
             cg_max_iterations: 10000
             cg_abs_tolerance: 1.0e-12
             cg_rel_tolerance: 1.0e-04
             cg_stop_on_indefiniteness: true
             bailout_residual: 1.0e-10
     Execution
         allowed_execution_time: 1.8e+308
         end_simulation_time: 1.8e+308
         end_frame: 2147483647
         n_threads: 5

==================================== SymX ================================
Second Order Potentials:
    EnergyLumpedInertia.............................queued for compilation
    EnergyAttachments_d_d_e_e.......................queued for compilation
    EnergyPrescribedPositions.......................queued for compilation
    rb_constraint_global_directions.................queued for compilation
    friction_d_d_pt_C0..............................queued for compilation
    EnergySegmentStrain.............................queued for compilation
    EnergySegmentStrain_Elasticity_Only.............queued for compilation
    EnergyAttachments_rb_d..........................queued for compilation
    contact_d_d_pt_pp_cubic.........................queued for compilation
    friction_d_d_ee_C0..............................queued for compilation
    contact_d_d_pt_pe_cubic.........................queued for compilation
    rb_constraint_points............................queued for compilation
    contact_d_d_pt_pt_cubic.........................queued for compilation
    EnergyTriangleStrain............................queued for compilation
    friction_rb_rb_pp_C0............................queued for compilation
    EnergyTriangleStrain_Elasticity_Only............queued for compilation
    contact_d_d_ee_pp_cubic.........................queued for compilation
    rb_constraint_point_on_axis.....................queued for compilation
    contact_d_d_ee_pe_cubic.........................queued for compilation
    rb_constraint_distances.........................queued for compilation
    contact_rb_rb_ee_ee_cubic.......................queued for compilation
    friction_rb_rb_pe_C0............................queued for compilation
    EnergyDiscreteShells............................queued for compilation
    contact_d_d_ee_ee_cubic.........................queued for compilation
    contact_rb_d_pt_pp_cubic........................queued for compilation
    EnergyBendingFlat...............................queued for compilation
    rb_constraint_distance_limits...................queued for compilation
    contact_rb_d_pt_pe_cubic........................queued for compilation
    friction_rb_rb_pt_C0............................queued for compilation
    contact_rb_rb_pt_pp_cubic.......................queued for compilation
    rb_constraint_directions........................queued for compilation
    contact_rb_d_pt_pt_cubic........................queued for compilation
    contact_rb_rb_pt_pe_cubic.......................queued for compilation
    friction_rb_rb_ee_C0............................queued for compilation
    contact_rb_d_pt_ep_cubic........................queued for compilation
    EnergyTetStrain.................................queued for compilation
    rb_constraint_angle_limits......................queued for compilation
    friction_rb_d_pp_C0.............................queued for compilation
    contact_rb_d_pt_tp_cubic........................queued for compilation
    contact_rb_rb_pt_pt_cubic.......................queued for compilation
    EnergyTetStrain_Elasticity_Only.................queued for compilation
    friction_rb_d_pe_C0.............................queued for compilation
    EnergyRigidBodyInertia_Linear...................queued for compilation
    EnergyRigidBodyInertia_Angular..................queued for compilation
    rb_constraint_global_points.....................queued for compilation
    EnergyAttachments_d_d_p_t.......................queued for compilation
    EnergyAttachments_d_d_p_e.......................queued for compilation
    EnergyAttachments_d_d_p_p.......................queued for compilation
    friction_rb_d_pt_C0.............................queued for compilation
    rb_constraint_angular_velocity..................queued for compilation
    rb_constraint_damped_spring.....................queued for compilation
    rb_constraint_linear_velocity...................queued for compilation
    contact_rb_d_ee_pp_cubic........................queued for compilation
    friction_rb_d_ee_C0.............................queued for compilation
    friction_d_d_pe_C0..............................queued for compilation
    friction_d_d_pp_C0..............................queued for compilation
    friction_rb_d_ep_C0.............................queued for compilation
    friction_rb_d_tp_C0.............................queued for compilation
    contact_rb_d_ee_ep_cubic........................queued for compilation
    contact_rb_rb_ee_pp_cubic.......................queued for compilation
    contact_rb_d_ee_pe_cubic........................queued for compilation
    contact_rb_d_ee_ee_cubic........................queued for compilation
    contact_rb_rb_ee_pe_cubic.......................queued for compilation
Compiling... done.
Total time: 22.503645 s

Degrees of freedom:
soft.v1: 72369
rigid.v1: 21
rigid.w1: 21
Total: 72411

==================================== STARK ===============================
[Frame: 0] Time: 0.000 s
    0. dt:  0.25 ms | #newton:  0 | ph:  0.0% | #CG/newton:    0 | ls (cap|max|inv|bt):  0| 0| 0| 0| runtime:  135.1 ms | cr:  540.5
    1. dt:  0.25 ms | #newton:  0 | ph:  0.0% | #CG/newton:    0 | ls (cap|max|inv|bt):  0| 0| 0| 0| runtime:  116.7 ms | cr:  466.8
    2. dt:  0.25 ms | #newton:  0 | ph:  0.0% | #CG/newton:    0 | ls (cap|max|inv|bt):  0| 0| 0| 0| runtime:  115.7 ms | cr:  462.7
    3. dt:  0.25 ms | #newton:  0 | ph:  0.0% | #CG/newton:    0 | ls (cap|max|inv|bt):  0| 0| 0| 0| runtime:  117.0 ms | cr:  468.2
    4. dt:  0.25 ms | #newton:  0 | ph:  0.0% | #CG/newton:    0 | ls (cap|max|inv|bt):  0| 0| 0| 0| runtime:  122.2 ms | cr:  488.9
    5. dt:  0.25 ms | #newton:  0 | ph:  0.0% | #CG/newton:    0 | ls (cap|max|inv|bt):  0| 0| 0| 0| runtime:  117.1 ms | cr:  468.3
    6. dt:  0.25 ms | #newton:  0 | ph:  0.0% | #CG/newton:    0 | ls (cap|max|inv|bt):  0| 0| 0| 0| runtime:  118.3 ms | cr:  473.3
    7. dt:  0.25 ms | #newton:  0 | ph:  0.0% | #CG/newton:    0 | ls (cap|max|inv|bt):  0| 0| 0| 0| runtime:  114.6 ms | cr:  458.3
    8. dt:  0.25 ms | #newton:  0 | ph:  0.0% | #CG/newton:    0 | ls (cap|max|inv|bt):  0| 0| 0| 0| runtime:  116.3 ms | cr:  465.0
    9. dt:  0.25 ms | #newton:  0 | ph:  0.0% | #CG/newton:    0 | ls (cap|max|inv|bt):  0| 0| 0| 0| runtime:  115.0 ms | cr:  460.2
    10. dt:  0.25 ms | #newton:  0 | ph:  0.0% | #CG/newton:    0 | ls (cap|max|inv|bt):  0| 0| 0| 0| runtime:  118.7 ms | cr:  474.8
    11. dt:  0.25 ms | #newton:  0 | ph:  0.0% | #CG/newton:    0 | ls (cap|max|inv|bt):  0| 0| 0| 0| runtime:  114.4 ms | cr:  457.7
    12. dt:  0.25 ms | #newton:  0 | ph:  0.0% | #CG/newton:    0 | ls (cap|max|inv|bt):  0| 0| 0| 0| runtime:  116.3 ms | cr:  465.2
    13. dt:  0.25 ms | #newton:  0 | ph:  0.0% | #CG/newton:    0 | ls (cap|max|inv|bt):  0| 0| 0| 0| runtime:  115.3 ms | cr:  461.1
    14. dt:  0.25 ms | #newton:  0 | ph:  0.0% | #CG/newton:    0 | ls (cap|max|inv|bt):  0| 0| 0| 0| runtime:  116.0 ms | cr:  464.0
    15. dt:  0.25 ms | #newton:  0 | ph:  0.0% | #CG/newton:    0 | ls (cap|max|inv|bt):  0| 0| 0| 0| runtime:  112.5 ms | cr:  450.0
    16. dt:  0.25 ms | #newton:  0 | ph:  0.0% | #CG/newton:    0 | ls (cap|max|inv|bt):  0| 0| 0| 0| runtime:  116.6 ms | cr:  466.4
    17. dt:  0.25 ms | #newton:  0 | ph:  0.0% | #CG/newton:    0 | ls (cap|max|inv|bt):  0| 0| 0| 0| runtime:  117.6 ms | cr:  470.3
    18. dt:  0.25 ms | #newton:  0 | ph:  0.0% | #CG/newton:    0 | ls (cap|max|inv|bt):  0| 0| 0| 0| runtime:  114.8 ms | cr:  459.2
    19. dt:  0.25 ms | #newton:  0 | ph:  0.0% | #CG/newton:    0 | ls (cap|max|inv|bt):  0| 0| 0| 0| runtime:  116.2 ms | cr:  465.0
    20. dt:  0.25 ms | #newton:  0 | ph:  0.0% | #CG/newton:    0 | ls (cap|max|inv|bt):  0| 0| 0| 0| runtime:  116.6 ms | cr:  466.3
    21. dt:  0.25 ms | #newton:  0 | ph:  0.0% | #CG/newton:    0 | ls (cap|max|inv|bt):  0| 0| 0| 0| runtime:  117.2 ms | cr:  468.9
    22. dt:  0.25 ms | #newton:  0 | ph:  0.0% | #CG/newton:    0 | ls (cap|max|inv|bt):  0| 0| 0| 0| runtime:  114.0 ms | cr:  455.8
    23. dt:  0.25 ms | #newton:  0 | ph:  0.0% | #CG/newton:    0 | ls (cap|max|inv|bt):  0| 0| 0| 0| runtime:  116.8 ms | cr:  467.4
    24. dt:  0.25 ms | #newton:  0 | ph:  0.0% | #CG/newton:    0 | ls (cap|max|inv|bt):  0| 0| 0| 0| runtime:  120.1 ms | cr:  480.5
    25. dt:  0.25 ms | #newton:  0 | ph:  0.0% | #CG/newton:    0 | ls (cap|max|inv|bt):  0| 0| 0| 0| runtime:  114.8 ms | cr:  459.0
    26. dt:  0.25 ms | #newton:  0 | ph:  0.0% | #CG/newton:    0 | ls (cap|max|inv|bt):  0| 0| 0| 0| runtime:  114.1 ms | cr:  456.4
    27. dt:  0.25 ms | #newton:  0 | ph:  0.0% | #CG/newton:    0 | ls (cap|max|inv|bt):  0| 0| 0| 0| runtime:  113.4 ms | cr:  453.5
    28. dt:  0.25 ms | #newton:  0 | ph:  0.0% | #CG/newton:    0 | ls (cap|max|inv|bt):  0| 0| 0| 0| runtime:  113.5 ms | cr:  454.1
    29. dt:  0.25 ms | #newton:  0 | ph:  0.0% | #CG/newton:    0 | ls (cap|max|inv|bt):  0| 0| 0| 0| runtime:  114.9 ms | cr:  459.8
    30. dt:  0.25 ms | #newton:  0 | ph:  0.0% | #CG/newton:    0 | ls (cap|max|inv|bt):  0| 0| 0| 0| runtime:  114.9 ms | cr:  459.7
    31. dt:  0.25 ms | #newton:  0 | ph:  0.0% | #CG/newton:    0 | ls (cap|max|inv|bt):  0| 0| 0| 0| runtime:  119.9 ms | cr:  479.5
    32. dt:  0.25 ms | #newton:  0 | ph:  0.0% | #CG/newton:    0 | ls (cap|max|inv|bt):  0| 0| 0| 0| runtime:  113.7 ms | cr:  454.8
    33. dt:  0.25 ms | #newton:  0 | ph:  0.0% | #CG/newton:    0 | ls (cap|max|inv|bt):  0| 0| 0| 0| runtime:  115.2 ms | cr:  460.8
    34. dt:  0.25 ms | #newton:  0 | ph:  0.0% | #CG/newton:    0 | ls (cap|max|inv|bt):  0| 0| 0| 0| runtime:  116.0 ms | cr:  464.1
    35. dt:  0.25 ms | #newton:  0 | ph:  0.0% | #CG/newton:    0 | ls (cap|max|inv|bt):  0| 0| 0| 0| runtime:  114.6 ms | cr:  458.5
    36. dt:  0.25 ms | #newton:  0 | ph:  0.0% | #CG/newton:    0 | ls (cap|max|inv|bt):  0| 0| 0| 0| runtime:  129.4 ms | cr:  517.7
    37. dt:  0.25 ms | #newton:  0 | ph:  0.0% | #CG/newton:    0 | ls (cap|max|inv|bt):  0| 0| 0| 0| runtime:  114.8 ms | cr:  459.0
    38. dt:  0.25 ms | #newton:  0 | ph:  0.0% | #CG/newton:    0 | ls (cap|max|inv|bt):  0| 0| 0| 0| runtime:  115.4 ms | cr:  461.7
    39. dt:  0.25 ms | #newton:  0 | ph:  0.0% | #CG/newton:    0 | ls (cap|max|inv|bt):  0| 0| 0| 0| runtime:  114.0 ms | cr:  455.9
    40. dt:  0.25 ms | #newton:  0 | ph:  0.0% | #CG/newton:    0 | ls (cap|max|inv|bt):  0| 0| 0| 0| runtime:  113.1 ms | cr:  452.5
    41. dt:  0.25 ms | #newton:  0 | ph:  0.0% | #CG/newton:    0 | ls (cap|max|inv|bt):  0| 0| 0| 0| runtime:  116.7 ms | cr:  466.9
    42. dt:  0.25 ms | #newton:  0 | ph:  0.0% | #CG/newton:    0 | ls (cap|max|inv|bt):  0| 0| 0| 0| runtime:  116.9 ms | cr:  467.6
    43. dt:  0.25 ms | #newton:  0 | ph:  0.0% | #CG/newton:    0 | ls (cap|max|inv|bt):  0| 0| 0| 0| runtime:  116.6 ms | cr:  466.4
    44. dt:  0.25 ms | #newton:  0 | ph:  0.0% | #CG/newton:    0 | ls (cap|max|inv|bt):  0| 0| 0| 0| runtime:  118.5 ms | cr:  473.9
    45. dt:  0.25 ms | #newton:  0 | ph:  0.0% | #CG/newton:    0 | ls (cap|max|inv|bt):  0| 0| 0| 0| runtime:  114.0 ms | cr:  456.1
    46. dt:  0.25 ms | #newton:  1 | ph:  0.0% | #CG/newton:  101 | ls (cap|max|inv|bt):  0| 0| 0| 0| runtime:  175.5 ms | cr:  702.2
    47. dt:  0.25 ms | #newton:  0 | ph:  0.0% | #CG/newton:    0 | ls (cap|max|inv|bt):  0| 0| 0| 0| runtime:   58.2 ms | cr:  233.0
    48. dt:  0.25 ms | #newton:  0 | ph:  0.0% | #CG/newton:    0 | ls (cap|max|inv|bt):  0| 0| 0| 0| runtime:   61.1 ms | cr:  244.6
    49. dt:  0.25 ms | #newton:  0 | ph:  0.0% | #CG/newton:    0 | ls (cap|max|inv|bt):  0| 0| 0| 0| runtime:   59.2 ms | cr:  236.9
    50. dt:  0.25 ms | #newton:  0 | ph:  0.0% | #CG/newton:    0 | ls (cap|max|inv|bt):  0| 0| 0| 0| runtime:   57.6 ms | cr:  230.4
    51. dt:  0.25 ms | #newton:  0 | ph:  0.0% | #CG/newton:    0 | ls (cap|max|inv|bt):  0| 0| 0| 0| runtime:   61.0 ms | cr:  243.8
    52. dt:  0.25 ms | #newton:  0 | ph:  0.0% | #CG/newton:    0 | ls (cap|max|inv|bt):  0| 0| 0| 0| runtime:   58.3 ms | cr:  233.2
    53. dt:  0.25 ms | #newton:  0 | ph:  0.0% | #CG/newton:    0 | ls (cap|max|inv|bt):  0| 0| 0| 0| runtime:   58.3 ms | cr:  233.0
    54. dt:  0.25 ms | #newton:  0 | ph:  0.0% | #CG/newton:    0 | ls (cap|max|inv|bt):  0| 0| 0| 0| runtime:   56.3 ms | cr:  225.4
    55. dt:  0.25 ms | #newton:  0 | ph:  0.0% | #CG/newton:    0 | ls (cap|max|inv|bt):  0| 0| 0| 0| runtime:   59.0 ms | cr:  235.9
    56. dt:  0.25 ms | #newton:  0 | ph:  0.0% | #CG/newton:    0 | ls (cap|max|inv|bt):  0| 0| 0| 0| runtime:   61.4 ms | cr:  245.5
    57. dt:  0.25 ms | #newton:  0 | ph:  0.0% | #CG/newton:    0 | ls (cap|max|inv|bt):  0| 0| 0| 0| runtime:   64.1 ms | cr:  256.2
    58. dt:  0.25 ms | #newton:  0 | ph:  0.0% | #CG/newton:    0 | ls (cap|max|inv|bt):  0| 0| 0| 0| runtime:   59.2 ms | cr:  236.7
    59. dt:  0.25 ms | #newton:  0 | ph:  0.0% | #CG/newton:    0 | ls (cap|max|inv|bt):  0| 0| 0| 0| runtime:   64.3 ms | cr:  257.0
    60. dt:  0.25 ms | #newton:  0 | ph:  0.0% | #CG/newton:    0 | ls (cap|max|inv|bt):  0| 0| 0| 0| runtime:   64.2 ms | cr:  256.7
    61. dt:  0.25 ms | #newton:  0 | ph:  0.0% | #CG/newton:    0 | ls (cap|max|inv|bt):  0| 0| 0| 0| runtime:   59.0 ms | cr:  236.1
    62. dt:  0.25 ms | #newton:  0 | ph:  0.0% | #CG/newton:    0 | ls (cap|max|inv|bt):  0| 0| 0| 0| runtime:   59.9 ms | cr:  239.5
    63. dt:  0.25 ms | #newton:  0 | ph:  0.0% | #CG/newton:    0 | ls (cap|max|inv|bt):  0| 0| 0| 0| runtime:   59.1 ms | cr:  236.2
    64. dt:  0.25 ms | #newton:  0 | ph:  0.0% | #CG/newton:    0 | ls (cap|max|inv|bt):  0| 0| 0| 0| runtime:   61.0 ms | cr:  243.8
    65. dt:  0.25 ms | #newton:  0 | ph:  0.0% | #CG/newton:    0 | ls (cap|max|inv|bt):  0| 0| 0| 0| runtime:   63.2 ms | cr:  252.9
    66. dt:  0.25 ms | #newton:  0 | ph:  0.0% | #CG/newton:    0 | ls (cap|max|inv|bt):  0| 0| 0| 0| runtime:   64.9 ms | cr:  259.7
    67. dt:  0.25 ms | #newton:  1 | ph:  0.0% | #CG/newton:  392 | ls (cap|max|inv|bt):  0| 0| 0| 0| runtime:  305.5 ms | cr: 1222.1
    68. dt:  0.25 ms | #newton:  1 | ph:  0.0% | #CG/newton:    1 | ls (cap|max|inv|bt):  0| 0| 0| 0| runtime:  142.6 ms | cr:  570.5
    69. dt:  0.25 ms | #newton:  1 | ph:  0.0% | #CG/newton:    1 | ls (cap|max|inv|bt):  0| 0| 0| 0| runtime:  136.0 ms | cr:  544.0
    70. dt:  0.25 ms | #newton:  1 | ph:  0.0% | #CG/newton:    1 | ls (cap|max|inv|bt):  0| 0| 0| 0| runtime:  137.9 ms | cr:  551.8
    71. dt:  0.25 ms | #newton:  1 | ph:  0.0% | #CG/newton:    2 | ls (cap|max|inv|bt):  0| 0| 0| 0| runtime:  142.2 ms | cr:  568.7
    72. dt:  0.25 ms | #newton:  1 | ph:  0.0% | #CG/newton:    1 | ls (cap|max|inv|bt):  0| 0| 0| 0| runtime:  139.8 ms | cr:  559.3
    73. dt:  0.25 ms | #newton:  1 | ph:  0.0% | #CG/newton:    1 | ls (cap|max|inv|bt):  0| 0| 0| 0| runtime:  135.1 ms | cr:  540.2
    74. dt:  0.25 ms | #newton:  1 | ph:  0.0% | #CG/newton:    1 | ls (cap|max|inv|bt):  0| 0| 0| 0| runtime:  140.6 ms | cr:  562.3
    75. dt:  0.25 ms | #newton:  1 | ph:  0.0% | #CG/newton:    1 | ls (cap|max|inv|bt):  0| 0| 0| 0| runtime:  135.4 ms | cr:  541.7
    76. dt:  0.25 ms | #newton:  1 | ph:  0.0% | #CG/newton:    1 | ls (cap|max|inv|bt):  0| 0| 0| 0| runtime:  140.3 ms | cr:  561.3
    77. dt:  0.25 ms | #newton:  1 | ph:  0.0% | #CG/newton:    1 | ls (cap|max|inv|bt):  0| 0| 0| 0| runtime:  135.8 ms | cr:  543.2
    78. dt:  0.25 ms | #newton:  1 | ph:  0.0% | #CG/newton:    2 | ls (cap|max|inv|bt):  0| 0| 0| 0| runtime:  141.1 ms | cr:  564.4
    79. dt:  0.25 ms | #newton:  1 | ph:  0.0% | #CG/newton:    1 | ls (cap|max|inv|bt):  0| 0| 0| 0| runtime:  132.9 ms | cr:  531.5
    80. dt:  0.25 ms | #newton:  1 | ph:  0.0% | #CG/newton:    1 | ls (cap|max|inv|bt):  0| 0| 0| 0| runtime:  133.7 ms | cr:  535.0
    81. dt:  0.25 ms | #newton:  1 | ph:  0.0% | #CG/newton:    1 | ls (cap|max|inv|bt):  0| 0| 0| 0| runtime:  138.7 ms | cr:  554.7
    82. dt:  0.25 ms | #newton:  1 | ph:  0.0% | #CG/newton:    1 | ls (cap|max|inv|bt):  0| 0| 0| 0| runtime:  136.6 ms | cr:  546.4
    83. dt:  0.25 ms | #newton:  1 | ph:  0.0% | #CG/newton:    1 | ls (cap|max|inv|bt):  0| 0| 0| 0| runtime:  133.9 ms | cr:  535.6
    84. dt:  0.25 ms | #newton:  1 | ph:  0.0% | #CG/newton:    1 | ls (cap|max|inv|bt):  0| 0| 0| 0| runtime:  136.0 ms | cr:  544.1
    85. dt:  0.25 ms | #newton:  1 | ph:  0.0% | #CG/newton:    1 | ls (cap|max|inv|bt):  0| 0| 0| 0| runtime:  133.9 ms | cr:  535.5
    86. dt:  0.25 ms | #newton:  1 | ph:  0.0% | #CG/newton:    2 | ls (cap|max|inv|bt):  0| 0| 0| 0| runtime:  140.0 ms | cr:  559.9
    87. dt:  0.25 ms | #newton:  1 | ph:  0.0% | #CG/newton:    1 | ls (cap|max|inv|bt):  0| 0| 0| 0| runtime:  138.5 ms | cr:  554.2
    88. dt:  0.25 ms | #newton:  1 | ph:  0.0% | #CG/newton:    1 | ls (cap|max|inv|bt):  0| 0| 0| 0| runtime:  136.6 ms | cr:  546.6
    89. dt:  0.25 ms | #newton:  1 | ph:  0.0% | #CG/newton:    1 | ls (cap|max|inv|bt):  0| 0| 0| 0| runtime:  137.2 ms | cr:  548.8
    90. dt:  0.25 ms | #newton:  1 | ph:  0.0% | #CG/newton:    1 | ls (cap|max|inv|bt):  0| 0| 0| 0| runtime:  142.1 ms | cr:  568.6
    91. dt:  0.25 ms | #newton:  1 | ph:  0.0% | #CG/newton:    1 | ls (cap|max|inv|bt):  0| 0| 0| 0| runtime:  133.3 ms | cr:  533.2
    92. dt:  0.25 ms | #newton:  1 | ph:  0.0% | #CG/newton:    2 | ls (cap|max|inv|bt):  0| 0| 0| 0| runtime:  137.2 ms | cr:  548.8
    93. dt:  0.25 ms | #newton:  1 | ph:  0.0% | #CG/newton:    1 | ls (cap|max|inv|bt):  0| 0| 0| 0| runtime:  137.0 ms | cr:  547.8
    94. dt:  0.25 ms | #newton:  1 | ph:  0.0% | #CG/newton:    1 | ls (cap|max|inv|bt):  0| 0| 0| 0| runtime:  138.7 ms | cr:  554.8
    95. dt:  0.25 ms | #newton:  1 | ph:  0.0% | #CG/newton:    1 | ls (cap|max|inv|bt):  0| 0| 0| 0| runtime:  137.0 ms | cr:  548.0
    96. dt:  0.25 ms | #newton:  1 | ph:  0.0% | #CG/newton:    1 | ls (cap|max|inv|bt):  0| 0| 0| 0| runtime:  137.4 ms | cr:  549.6
    97. dt:  0.25 ms | #newton:  1 | ph:  0.0% | #CG/newton:    1 | ls (cap|max|inv|bt):  0| 0| 0| 0| runtime:  130.2 ms | cr:  520.7
    98. dt:  0.25 ms | #newton:  1 | ph:  0.0% | #CG/newton:    2 | ls (cap|max|inv|bt):  0| 0| 0| 0| runtime:  133.6 ms | cr:  534.5
    99. dt:  0.25 ms | #newton:  1 | ph:  0.0% | #CG/newton:    1 | ls (cap|max|inv|bt):  0| 0| 0| 0| runtime:  138.9 ms | cr:  555.6
    100. dt:  0.25 ms | #newton:  1 | ph:  0.0% | #CG/newton:    1 | ls (cap|max|inv|bt):  0| 0| 0| 0| runtime:  140.3 ms | cr:  561.3
    101. dt:  0.25 ms | #newton:  1 | ph:  0.0% | #CG/newton:    1 | ls (cap|max|inv|bt):  0| 0| 0| 0| runtime:  130.5 ms | cr:  522.0
    102. dt:  0.25 ms | #newton:  1 | ph:  0.0% | #CG/newton:    1 | ls (cap|max|inv|bt):  0| 0| 0| 0| runtime:  134.1 ms | cr:  536.2
    103. dt:  0.25 ms | #newton:  1 | ph:  0.0% | #CG/newton:    2 | ls (cap|max|inv|bt):  0| 0| 0| 0| runtime:  135.1 ms | cr:  540.5
    104. dt:  0.25 ms | #newton:  1 | ph:  0.0% | #CG/newton:    1 | ls (cap|max|inv|bt):  0| 0| 0| 0| runtime:  137.1 ms | cr:  548.4
    105. dt:  0.25 ms | #newton:  1 | ph:  0.0% | #CG/newton:    1 | ls (cap|max|inv|bt):  0| 0| 0| 0| runtime:  135.9 ms | cr:  543.7
    106. dt:  0.25 ms | #newton:  1 | ph:  0.0% | #CG/newton:    1 | ls (cap|max|inv|bt):  0| 0| 0| 0| runtime:  137.4 ms | cr:  549.7
    107. dt:  0.25 ms | #newton:  1 | ph:  0.0% | #CG/newton:    1 | ls (cap|max|inv|bt):  0| 0| 0| 0| runtime:  137.6 ms | cr:  550.4
    108. dt:  0.25 ms | #newton:  1 | ph:  0.0% | #CG/newton:    1 | ls (cap|max|inv|bt):  0| 0| 0| 0| runtime:  134.1 ms | cr:  536.4
    109. dt:  0.25 ms | #newton:  1 | ph:  0.0% | #CG/newton:    2 | ls (cap|max|inv|bt):  0| 0| 0| 0| runtime:  143.1 ms | cr:  572.3
    110. dt:  0.25 ms | #newton:  1 | ph:  0.0% | #CG/newton:    1 | ls (cap|max|inv|bt):  0| 0| 0| 0| runtime:  136.5 ms | cr:  546.2
    111. dt:  0.25 ms | #newton:  1 | ph:  0.0% | #CG/newton:    1 | ls (cap|max|inv|bt):  0| 0| 0| 0| runtime:  141.7 ms | cr:  567.0
    112. dt:  0.25 ms | #newton:  1 | ph:  0.0% | #CG/newton:    1 | ls (cap|max|inv|bt):  0| 0| 0| 0| runtime:  134.0 ms | cr:  535.8
    113. dt:  0.25 ms | #newton:  1 | ph:  0.0% | #CG/newton:    1 | ls (cap|max|inv|bt):  0| 0| 0| 0| runtime:  134.3 ms | cr:  537.1
    114. dt:  0.25 ms | #newton:  1 | ph:  0.0% | #CG/newton:    2 | ls (cap|max|inv|bt):  0| 0| 0| 0| runtime:  137.9 ms | cr:  551.4
    115. dt:  0.25 ms | #newton:  1 | ph:  0.0% | #CG/newton:    1 | ls (cap|max|inv|bt):  0| 0| 0| 0| runtime:  133.6 ms | cr:  534.5
    116. dt:  0.25 ms | #newton:  1 | ph:  0.0% | #CG/newton:    1 | ls (cap|max|inv|bt):  0| 0| 0| 0| runtime:  137.4 ms | cr:  549.8
    117. dt:  0.25 ms | #newton:  1 | ph:  0.0% | #CG/newton:    1 | ls (cap|max|inv|bt):  0| 0| 0| 0| runtime:  138.7 ms | cr:  554.9
    118. dt:  0.25 ms | #newton:  1 | ph:  0.0% | #CG/newton:    1 | ls (cap|max|inv|bt):  0| 0| 0| 0| runtime:  141.0 ms | cr:  564.1
    119. dt:  0.25 ms | #newton:  1 | ph:  0.0% | #CG/newton:    2 | ls (cap|max|inv|bt):  0| 0| 0| 0| runtime:  137.1 ms | cr:  548.4
    120. dt:  0.25 ms | #newton:  1 | ph:  0.0% | #CG/newton:    1 | ls (cap|max|inv|bt):  0| 0| 0| 0| runtime:  136.8 ms | cr:  547.2
    121. dt:  0.25 ms | #newton:  1 | ph:  0.0% | #CG/newton:    1 | ls (cap|max|inv|bt):  0| 0| 0| 0| runtime:  139.1 ms | cr:  556.3
    122. dt:  0.25 ms | #newton:  1 | ph:  0.0% | #CG/newton:    1 | ls (cap|max|inv|bt):  0| 0| 0| 0| runtime:  130.9 ms | cr:  523.7
    123. dt:  0.25 ms | #newton:  1 | ph:  0.0% | #CG/newton:    1 | ls (cap|max|inv|bt):  0| 0| 0| 0| runtime:  136.3 ms | cr:  545.2
    124. dt:  0.25 ms | #newton:  1 | ph:  0.0% | #CG/newton:    2 | ls (cap|max|inv|bt):  0| 0| 0| 0| runtime:  134.9 ms | cr:  539.8
    125. dt:  0.25 ms | #newton:  1 | ph:  0.0% | #CG/newton:    1 | ls (cap|max|inv|bt):  0| 0| 0| 0| runtime:  135.7 ms | cr:  542.7
    126. dt:  0.25 ms | #newton:  1 | ph:  0.0% | #CG/newton:    1 | ls (cap|max|inv|bt):  0| 0| 0| 0| runtime:  136.5 ms | cr:  546.0
    127. dt:  0.25 ms | #newton:  1 | ph:  0.0% | #CG/newton:    1 | ls (cap|max|inv|bt):  0| 0| 0| 0| runtime:  136.1 ms | cr:  544.2
    128. dt:  0.25 ms | #newton:  1 | ph:  0.0% | #CG/newton:    1 | ls (cap|max|inv|bt):  0| 0| 0| 0| runtime:  137.8 ms | cr:  551.2
    129. dt:  0.25 ms | #newton:  1 | ph:  0.0% | #CG/newton:    2 | ls (cap|max|inv|bt):  0| 0| 0| 0| runtime:  135.4 ms | cr:  541.5
    130. dt:  0.25 ms | #newton:  1 | ph:  0.0% | #CG/newton:    1 | ls (cap|max|inv|bt):  0| 0| 0| 0| runtime:  137.7 ms | cr:  550.7
    131. dt:  0.25 ms | #newton:  1 | ph:  0.0% | #CG/newton:    1 | ls (cap|max|inv|bt):  0| 0| 0| 0| runtime:  138.2 ms | cr:  552.8
    132. dt:  0.25 ms | #newton:  1 | ph:  0.0% | #CG/newton:    1 | ls (cap|max|inv|bt):  0| 0| 0| 0| runtime:  133.2 ms | cr:  532.7
    133. dt:  0.25 ms | #newton:  1 | ph:  0.0% | #CG/newton:    1 | ls (cap|max|inv|bt):  0| 0| 0| 0| runtime:  137.0 ms | cr:  548.1
[Frame: 1] Time: 0.034 s
    134. dt:  0.25 ms | #newton:  1 | ph:  0.0% | #CG/newton:    2 | ls (cap|max|inv|bt):  0| 0| 0| 0| runtime:  135.7 ms | cr:  543.0
    135. dt:  0.25 ms | #newton:  1 | ph:  0.0% | #CG/newton:    1 | ls (cap|max|inv|bt):  0| 0| 0| 0| runtime:  136.8 ms | cr:  547.2
    136. dt:  0.25 ms | #newton:  1 | ph:  0.0% | #CG/newton:    1 | ls (cap|max|inv|bt):  0| 0| 0| 0| runtime:  137.4 ms | cr:  549.7
    137. dt:  0.25 ms | #newton:  1 | ph:  0.0% | #CG/newton:    1 | ls (cap|max|inv|bt):  0| 0| 0| 0| runtime:  136.1 ms | cr:  544.4
    138. dt:  0.25 ms | #newton:  1 | ph:  0.0% | #CG/newton:    1 | ls (cap|max|inv|bt):  0| 0| 0| 0| runtime:  131.7 ms | cr:  527.0
    139. dt:  0.25 ms | #newton:  1 | ph:  0.0% | #CG/newton:    2 | ls (cap|max|inv|bt):  0| 0| 0| 0| runtime:  135.8 ms | cr:  543.3
    140. dt:  0.25 ms | #newton:  1 | ph:  0.0% | #CG/newton:    1 | ls (cap|max|inv|bt):  0| 0| 0| 0| runtime:  138.5 ms | cr:  554.1
    141. dt:  0.25 ms | #newton:  1 | ph:  0.0% | #CG/newton:    1 | ls (cap|max|inv|bt):  0| 0| 0| 0| runtime:  142.8 ms | cr:  571.0
    142. dt:  0.25 ms | #newton:  1 | ph:  0.0% | #CG/newton:    1 | ls (cap|max|inv|bt):  0| 0| 0| 0| runtime:  136.8 ms | cr:  547.1
    143. dt:  0.25 ms | #newton:  1 | ph:  0.0% | #CG/newton:    1 | ls (cap|max|inv|bt):  0| 0| 0| 0| runtime:  137.6 ms | cr:  550.2
    144. dt:  0.25 ms | #newton:  1 | ph:  0.0% | #CG/newton:    1 | ls (cap|max|inv|bt):  0| 0| 0| 0| runtime:  134.0 ms | cr:  536.1
    145. dt:  0.25 ms | #newton:  1 | ph:  0.0% | #CG/newton:    2 | ls (cap|max|inv|bt):  0| 0| 0| 0| runtime:  136.2 ms | cr:  545.0
    146. dt:  0.25 ms | #newton:  1 | ph:  0.0% | #CG/newton:    1 | ls (cap|max|inv|bt):  0| 0| 0| 0| runtime:  136.2 ms | cr:  545.0
    147. dt:  0.25 ms | #newton:  1 | ph:  0.0% | #CG/newton:    1 | ls (cap|max|inv|bt):  0| 0| 0| 0| runtime:  137.3 ms | cr:  549.3
    148. dt:  0.25 ms | #newton:  1 | ph:  0.0% | #CG/newton:    1 | ls (cap|max|inv|bt):  0| 0| 0| 0| runtime:  137.9 ms | cr:  551.5
    149. dt:  0.25 ms | #newton:  1 | ph:  0.0% | #CG/newton:    1 | ls (cap|max|inv|bt):  0| 0| 0| 0| runtime:  134.9 ms | cr:  539.4
    150. dt:  0.25 ms | #newton:  1 | ph:  0.0% | #CG/newton:    2 | ls (cap|max|inv|bt):  0| 0| 0| 0| runtime:  132.2 ms | cr:  528.7
    151. dt:  0.25 ms | #newton:  1 | ph:  0.0% | #CG/newton:    1 | ls (cap|max|inv|bt):  0| 0| 0| 0| runtime:  136.8 ms | cr:  547.2
    152. dt:  0.25 ms | #newton:  1 | ph:  0.0% | #CG/newton:    1 | ls (cap|max|inv|bt):  0| 0| 0| 0| runtime:  136.9 ms | cr:  547.7
    153. dt:  0.25 ms | #newton:  1 | ph:  0.0% | #CG/newton:    1 | ls (cap|max|inv|bt):  0| 0| 0| 0| runtime:  134.3 ms | cr:  537.2
    154. dt:  0.25 ms | #newton:  1 | ph:  0.0% | #CG/newton:    1 | ls (cap|max|inv|bt):  0| 0| 0| 0| runtime:  137.4 ms | cr:  549.5
    155. dt:  0.25 ms | #newton:  1 | ph:  0.0% | #CG/newton:    2 | ls (cap|max|inv|bt):  0| 0| 0| 0| runtime:  134.4 ms | cr:  537.6
    156. dt:  0.25 ms | #newton:  1 | ph:  0.0% | #CG/newton:    1 | ls (cap|max|inv|bt):  0| 0| 0| 0| runtime:  133.6 ms | cr:  534.5
    157. dt:  0.25 ms | #newton:  1 | ph:  0.0% | #CG/newton:    1 | ls (cap|max|inv|bt):  0| 0| 0| 0| runtime:  136.4 ms | cr:  545.5
    158. dt:  0.25 ms | #newton:  1 | ph:  0.0% | #CG/newton:    1 | ls (cap|max|inv|bt):  0| 0| 0| 0| runtime:  132.2 ms | cr:  528.8
    159. dt:  0.25 ms | #newton:  1 | ph:  0.0% | #CG/newton:    1 | ls (cap|max|inv|bt):  0| 0| 0| 0| runtime:  132.1 ms | cr:  528.4
    160. dt:  0.25 ms | #newton:  1 | ph:  0.0% | #CG/newton:    2 | ls (cap|max|inv|bt):  0| 0| 0| 0| runtime:  138.9 ms | cr:  555.8
    161. dt:  0.25 ms | #newton:  1 | ph:  0.0% | #CG/newton:    1 | ls (cap|max|inv|bt):  0| 0| 0| 0| runtime:  136.8 ms | cr:  547.1
    162. dt:  0.25 ms | #newton:  1 | ph:  0.0% | #CG/newton:    1 | ls (cap|max|inv|bt):  0| 0| 0| 0| runtime:  132.2 ms | cr:  528.8
    163. dt:  0.25 ms | #newton:  1 | ph:  0.0% | #CG/newton:    1 | ls (cap|max|inv|bt):  0| 0| 0| 0| runtime:  135.9 ms | cr:  543.4
    164. dt:  0.25 ms | #newton:  1 | ph:  0.0% | #CG/newton:    1 | ls (cap|max|inv|bt):  0| 0| 0| 0| runtime:  134.4 ms | cr:  537.5
    165. dt:  0.25 ms | #newton:  1 | ph:  0.0% | #CG/newton:    2 | ls (cap|max|inv|bt):  0| 0| 0| 0| runtime:  135.1 ms | cr:  540.3
    166. dt:  0.25 ms | #newton:  1 | ph:  0.0% | #CG/newton:    1 | ls (cap|max|inv|bt):  0| 0| 0| 0| runtime:  138.6 ms | cr:  554.4
    167. dt:  0.25 ms | #newton:  1 | ph:  0.0% | #CG/newton:    1 | ls (cap|max|inv|bt):  0| 0| 0| 0| runtime:  138.3 ms | cr:  553.2
    168. dt:  0.25 ms | #newton:  1 | ph:  0.0% | #CG/newton:    1 | ls (cap|max|inv|bt):  0| 0| 0| 0| runtime:  135.7 ms | cr:  542.7
    169. dt:  0.25 ms | #newton:  1 | ph:  0.0% | #CG/newton:    1 | ls (cap|max|inv|bt):  0| 0| 0| 0| runtime:  135.1 ms | cr:  540.5
    170. dt:  0.25 ms | #newton:  1 | ph:  0.0% | #CG/newton:    2 | ls (cap|max|inv|bt):  0| 0| 0| 0| runtime:  136.2 ms | cr:  544.7
    171. dt:  0.25 ms | #newton:  1 | ph:  0.0% | #CG/newton:    1 | ls (cap|max|inv|bt):  0| 0| 0| 0| runtime:  134.4 ms | cr:  537.6
    172. dt:  0.25 ms | #newton:  1 | ph:  0.0% | #CG/newton:    1 | ls (cap|max|inv|bt):  0| 0| 0| 0| runtime:  137.5 ms | cr:  549.9
    173. dt:  0.25 ms | #newton:  1 | ph:  0.0% | #CG/newton:    1 | ls (cap|max|inv|bt):  0| 0| 0| 0| runtime:  138.3 ms | cr:  553.3
    174. dt:  0.25 ms | #newton:  1 | ph:  0.0% | #CG/newton:    1 | ls (cap|max|inv|bt):  0| 0| 0| 0| runtime:  139.3 ms | cr:  557.1
    175. dt:  0.25 ms | #newton:  1 | ph:  0.0% | #CG/newton:    2 | ls (cap|max|inv|bt):  0| 0| 0| 0| runtime:  138.1 ms | cr:  552.6
    176. dt:  0.25 ms | #newton:  1 | ph:  0.0% | #CG/newton:    1 | ls (cap|max|inv|bt):  0| 0| 0| 0| runtime:  133.5 ms | cr:  534.1
    177. dt:  0.25 ms | #newton:  1 | ph:  0.0% | #CG/newton:    1 | ls (cap|max|inv|bt):  0| 0| 0| 0| runtime:  138.8 ms | cr:  555.0
    178. dt:  0.25 ms | #newton:  1 | ph:  0.0% | #CG/newton:    1 | ls (cap|max|inv|bt):  0| 0| 0| 0| runtime:  136.0 ms | cr:  543.8
    179. dt:  0.25 ms | #newton:  1 | ph:  0.0% | #CG/newton:    1 | ls (cap|max|inv|bt):  0| 0| 0| 0| runtime:  136.0 ms | cr:  543.8
    180. dt:  0.25 ms | #newton:  1 | ph:  0.0% | #CG/newton:    2 | ls (cap|max|inv|bt):  0| 0| 0| 0| runtime:  132.5 ms | cr:  529.9
    181. dt:  0.25 ms | #newton:  1 | ph:  0.0% | #CG/newton:    1 | ls (cap|max|inv|bt):  0| 0| 0| 0| runtime:  137.5 ms | cr:  550.1
    182. dt:  0.25 ms | #newton:  1 | ph:  0.0% | #CG/newton:    1 | ls (cap|max|inv|bt):  0| 0| 0| 0| runtime:  136.5 ms | cr:  546.0
    183. dt:  0.25 ms | #newton:  1 | ph:  0.0% | #CG/newton:    1 | ls (cap|max|inv|bt):  0| 0| 0| 0| runtime:  138.8 ms | cr:  555.2
    184. dt:  0.25 ms | #newton:  1 | ph:  0.0% | #CG/newton:    1 | ls (cap|max|inv|bt):  0| 0| 0| 0| runtime:  133.7 ms | cr:  534.9
    185. dt:  0.25 ms | #newton:  1 | ph:  0.0% | #CG/newton:    2 | ls (cap|max|inv|bt):  0| 0| 0| 0| runtime:  139.8 ms | cr:  559.2
    186. dt:  0.25 ms | #newton:  1 | ph:  0.0% | #CG/newton:    1 | ls (cap|max|inv|bt):  0| 0| 0| 0| runtime:  138.3 ms | cr:  553.0
    187. dt:  0.25 ms | #newton:  1 | ph:  0.0% | #CG/newton:    1 | ls (cap|max|inv|bt):  0| 0| 0| 0| runtime:  135.1 ms | cr:  540.6
    188. dt:  0.25 ms | #newton:  1 | ph:  0.0% | #CG/newton:    1 | ls (cap|max|inv|bt):  0| 0| 0| 0| runtime:  137.1 ms | cr:  548.4
    189. dt:  0.25 ms | #newton:  1 | ph:  0.0% | #CG/newton:    1 | ls (cap|max|inv|bt):  0| 0| 0| 0| runtime:  135.5 ms | cr:  542.0
    190. dt:  0.25 ms | #newton:  1 | ph:  0.0% | #CG/newton:    2 | ls (cap|max|inv|bt):  0| 0| 0| 0| runtime:  142.9 ms | cr:  571.5
    191. dt:  0.25 ms | #newton:  1 | ph:  0.0% | #CG/newton:    1 | ls (cap|max|inv|bt):  0| 0| 0| 0| runtime:  138.9 ms | cr:  555.6
    192. dt:  0.25 ms | #newton:  1 | ph:  0.0% | #CG/newton:    1 | ls (cap|max|inv|bt):  0| 0| 0| 0| runtime:  133.4 ms | cr:  533.5
    193. dt:  0.25 ms | #newton:  1 | ph:  0.0% | #CG/newton:    1 | ls (cap|max|inv|bt):  0| 0| 0| 0| runtime:  132.4 ms | cr:  529.8
    194. dt:  0.25 ms | #newton:  1 | ph:  0.0% | #CG/newton:    1 | ls (cap|max|inv|bt):  0| 0| 0| 0| runtime:  132.4 ms | cr:  529.6
    195. dt:  0.25 ms | #newton:  1 | ph:  0.0% | #CG/newton:    2 | ls (cap|max|inv|bt):  0| 0| 0| 0| runtime:  136.6 ms | cr:  546.5
    196. dt:  0.25 ms | #newton:  1 | ph:  0.0% | #CG/newton:    1 | ls (cap|max|inv|bt):  0| 0| 0| 0| runtime:  141.2 ms | cr:  564.8
    197. dt:  0.25 ms | #newton:  1 | ph:  0.0% | #CG/newton:    1 | ls (cap|max|inv|bt):  0| 0| 0| 0| runtime:  138.4 ms | cr:  553.5
    198. dt:  0.25 ms | #newton:  1 | ph:  0.0% | #CG/newton:    1 | ls (cap|max|inv|bt):  0| 0| 0| 0| runtime:  136.5 ms | cr:  545.9
    199. dt:  0.25 ms | #newton:  1 | ph:  0.0% | #CG/newton:    1 | ls (cap|max|inv|bt):  0| 0| 0| 0| runtime:  139.7 ms | cr:  559.0
    200. dt:  0.25 ms | #newton:  1 | ph:  0.0% | #CG/newton:    2 | ls (cap|max|inv|bt):  0| 0| 0| 0| runtime:  136.0 ms | cr:  544.1
    201. dt:  0.25 ms | #newton:  1 | ph:  0.0% | #CG/newton:    1 | ls (cap|max|inv|bt):  0| 0| 0| 0| runtime:  131.5 ms | cr:  525.9
    202. dt:  0.25 ms | #newton:  1 | ph:  0.0% | #CG/newton:    1 | ls (cap|max|inv|bt):  0| 0| 0| 0| runtime:  138.5 ms | cr:  553.9
    203. dt:  0.25 ms | #newton:  1 | ph:  0.0% | #CG/newton:    1 | ls (cap|max|inv|bt):  0| 0| 0| 0| runtime:  135.0 ms | cr:  540.1
    204. dt:  0.25 ms | #newton:  1 | ph:  0.0% | #CG/newton:    1 | ls (cap|max|inv|bt):  0| 0| 0| 0| runtime:  136.2 ms | cr:  545.0
    205. dt:  0.25 ms | #newton:  1 | ph:  0.0% | #CG/newton:    2 | ls (cap|max|inv|bt):  0| 0| 0| 0| runtime:  137.9 ms | cr:  551.8
    206. dt:  0.25 ms | #newton:  1 | ph:  0.0% | #CG/newton:    1 | ls (cap|max|inv|bt):  0| 0| 0| 0| runtime:  134.2 ms | cr:  536.6
    207. dt:  0.25 ms | #newton:  1 | ph:  0.0% | #CG/newton:    1 | ls (cap|max|inv|bt):  0| 0| 0| 0| runtime:  139.6 ms | cr:  558.5
    208. dt:  0.25 ms | #newton:  1 | ph:  0.0% | #CG/newton:    1 | ls (cap|max|inv|bt):  0| 0| 0| 0| runtime:  138.5 ms | cr:  554.0
    209. dt:  0.25 ms | #newton:  1 | ph:  0.0% | #CG/newton:    1 | ls (cap|max|inv|bt):  0| 0| 0| 0| runtime:  133.6 ms | cr:  534.3
    210. dt:  0.25 ms | #newton:  1 | ph:  0.0% | #CG/newton:    2 | ls (cap|max|inv|bt):  0| 0| 0| 0| runtime:  138.0 ms | cr:  552.2
    211. dt:  0.25 ms | #newton:  1 | ph:  0.0% | #CG/newton:    1 | ls (cap|max|inv|bt):  0| 0| 0| 0| runtime:  137.5 ms | cr:  550.0
    212. dt:  0.25 ms | #newton:  1 | ph:  0.0% | #CG/newton:    1 | ls (cap|max|inv|bt):  0| 0| 0| 0| runtime:  133.1 ms | cr:  532.5
    213. dt:  0.25 ms | #newton:  1 | ph:  0.0% | #CG/newton:    1 | ls (cap|max|inv|bt):  0| 0| 0| 0| runtime:  131.9 ms | cr:  527.8
    214. dt:  0.25 ms | #newton:  1 | ph:  0.0% | #CG/newton:    1 | ls (cap|max|inv|bt):  0| 0| 0| 0| runtime:  133.3 ms | cr:  533.2
    215. dt:  0.25 ms | #newton:  1 | ph:  0.0% | #CG/newton:    2 | ls (cap|max|inv|bt):  0| 0| 0| 0| runtime:  141.7 ms | cr:  566.7
    216. dt:  0.25 ms | #newton:  1 | ph:  0.0% | #CG/newton:    1 | ls (cap|max|inv|bt):  0| 0| 0| 0| runtime:  137.4 ms | cr:  549.7
    217. dt:  0.25 ms | #newton:  1 | ph:  0.0% | #CG/newton:    1 | ls (cap|max|inv|bt):  0| 0| 0| 0| runtime:  141.3 ms | cr:  565.1
    218. dt:  0.25 ms | #newton:  1 | ph:  0.0% | #CG/newton:    1 | ls (cap|max|inv|bt):  0| 0| 0| 0| runtime:  134.5 ms | cr:  537.9
    219. dt:  0.25 ms | #newton:  1 | ph:  0.0% | #CG/newton:    1 | ls (cap|max|inv|bt):  0| 0| 0| 0| runtime:  137.7 ms | cr:  550.8
    220. dt:  0.25 ms | #newton:  1 | ph:  0.0% | #CG/newton:    2 | ls (cap|max|inv|bt):  0| 0| 0| 0| runtime:  139.3 ms | cr:  557.3
    221. dt:  0.25 ms | #newton:  1 | ph:  0.0% | #CG/newton:    1 | ls (cap|max|inv|bt):  0| 0| 0| 0| runtime:  135.9 ms | cr:  543.7
    222. dt:  0.25 ms | #newton:  1 | ph:  0.0% | #CG/newton:    1 | ls (cap|max|inv|bt):  0| 0| 0| 0| runtime:  138.6 ms | cr:  554.3
    223. dt:  0.25 ms | #newton:  1 | ph:  0.0% | #CG/newton:    1 | ls (cap|max|inv|bt):  0| 0| 0| 0| runtime:  136.5 ms | cr:  545.9
    224. dt:  0.25 ms | #newton:  1 | ph:  0.0% | #CG/newton:    1 | ls (cap|max|inv|bt):  0| 0| 0| 0| runtime:  137.5 ms | cr:  550.1
    225. dt:  0.25 ms | #newton:  1 | ph:  0.0% | #CG/newton:    2 | ls (cap|max|inv|bt):  0| 0| 0| 0| runtime:  134.2 ms | cr:  537.0
    226. dt:  0.25 ms | #newton:  1 | ph:  0.0% | #CG/newton:    1 | ls (cap|max|inv|bt):  0| 0| 0| 0| runtime:  135.7 ms | cr:  543.0
    227. dt:  0.25 ms | #newton:  1 | ph:  0.0% | #CG/newton:    1 | ls (cap|max|inv|bt):  0| 0| 0| 0| runtime:  132.8 ms | cr:  531.1
    228. dt:  0.25 ms | #newton:  1 | ph:  0.0% | #CG/newton:    1 | ls (cap|max|inv|bt):  0| 0| 0| 0| runtime:  138.5 ms | cr:  553.9
    229. dt:  0.25 ms | #newton:  1 | ph:  0.0% | #CG/newton:    1 | ls (cap|max|inv|bt):  0| 0| 0| 0| runtime:  141.5 ms | cr:  566.1
    230. dt:  0.25 ms | #newton:  1 | ph:  0.0% | #CG/newton:    2 | ls (cap|max|inv|bt):  0| 0| 0| 0| runtime:  136.0 ms | cr:  544.1
    231. dt:  0.25 ms | #newton:  1 | ph:  0.0% | #CG/newton:    1 | ls (cap|max|inv|bt):  0| 0| 0| 0| runtime:  137.9 ms | cr:  551.7
    232. dt:  0.25 ms | #newton:  1 | ph:  0.0% | #CG/newton:    1 | ls (cap|max|inv|bt):  0| 0| 0| 0| runtime:  137.2 ms | cr:  548.8
    233. dt:  0.25 ms | #newton:  1 | ph:  0.0% | #CG/newton:    1 | ls (cap|max|inv|bt):  0| 0| 0| 0| runtime:  135.1 ms | cr:  540.4
    234. dt:  0.25 ms | #newton:  1 | ph:  0.0% | #CG/newton:    1 | ls (cap|max|inv|bt):  0| 0| 0| 0| runtime:  137.2 ms | cr:  548.7
    235. dt:  0.25 ms | #newton:  1 | ph:  0.0% | #CG/newton:    2 | ls (cap|max|inv|bt):  0| 0| 0| 0| runtime:  138.4 ms | cr:  553.4
    236. dt:  0.25 ms | #newton:  1 | ph:  0.0% | #CG/newton:    1 | ls (cap|max|inv|bt):  0| 0| 0| 0| runtime:  132.1 ms | cr:  528.3
    237. dt:  0.25 ms | #newton:  1 | ph:  0.0% | #CG/newton:    1 | ls (cap|max|inv|bt):  0| 0| 0| 0| runtime:  132.0 ms | cr:  527.9
    238. dt:  0.25 ms | #newton:  1 | ph:  0.0% | #CG/newton:    1 | ls (cap|max|inv|bt):  0| 0| 0| 0| runtime:  136.1 ms | cr:  544.5
    239. dt:  0.25 ms | #newton:  1 | ph:  0.0% | #CG/newton:    1 | ls (cap|max|inv|bt):  0| 0| 0| 0| runtime:  138.6 ms | cr:  554.5
    240. dt:  0.25 ms | #newton:  1 | ph:  0.0% | #CG/newton:    2 | ls (cap|max|inv|bt):  0| 0| 0| 0| runtime:  132.7 ms | cr:  530.7
    241. dt:  0.25 ms | #newton:  1 | ph:  0.0% | #CG/newton:    1 | ls (cap|max|inv|bt):  0| 0| 0| 0| runtime:  131.3 ms | cr:  525.1
    242. dt:  0.25 ms | #newton:  1 | ph:  0.0% | #CG/newton:    1 | ls (cap|max|inv|bt):  0| 0| 0| 0| runtime:  135.6 ms | cr:  542.6
    243. dt:  0.25 ms | #newton:  1 | ph:  0.0% | #CG/newton:    1 | ls (cap|max|inv|bt):  0| 0| 0| 0| runtime:  133.5 ms | cr:  534.1
    244. dt:  0.25 ms | #newton:  1 | ph:  0.0% | #CG/newton:    1 | ls (cap|max|inv|bt):  0| 0| 0| 0| runtime:  139.3 ms | cr:  557.1
    245. dt:  0.25 ms | #newton:  1 | ph:  0.0% | #CG/newton:    2 | ls (cap|max|inv|bt):  0| 0| 0| 0| runtime:  143.7 ms | cr:  574.8
    246. dt:  0.25 ms | #newton:  1 | ph:  0.0% | #CG/newton:    1 | ls (cap|max|inv|bt):  0| 0| 0| 0| runtime:  136.2 ms | cr:  544.7
    247. dt:  0.25 ms | #newton:  1 | ph:  0.0% | #CG/newton:    1 | ls (cap|max|inv|bt):  0| 0| 0| 0| runtime:  139.2 ms | cr:  556.7
    248. dt:  0.25 ms | #newton:  1 | ph:  0.0% | #CG/newton:    1 | ls (cap|max|inv|bt):  0| 0| 0| 0| runtime:  140.2 ms | cr:  560.7
    249. dt:  0.25 ms | #newton:  1 | ph:  0.0% | #CG/newton:    1 | ls (cap|max|inv|bt):  0| 0| 0| 0| runtime:  141.9 ms | cr:  567.4
    250. dt:  0.25 ms | #newton:  1 | ph:  0.0% | #CG/newton:    2 | ls (cap|max|inv|bt):  0| 0| 0| 0| runtime:  135.2 ms | cr:  540.9
    251. dt:  0.25 ms | #newton:  1 | ph:  0.0% | #CG/newton:    1 | ls (cap|max|inv|bt):  0| 0| 0| 0| runtime:  138.0 ms | cr:  551.8
    252. dt:  0.25 ms | #newton:  1 | ph:  0.0% | #CG/newton:    1 | ls (cap|max|inv|bt):  0| 0| 0| 0| runtime:  134.5 ms | cr:  538.2
    253. dt:  0.25 ms | #newton:  1 | ph:  0.0% | #CG/newton:    1 | ls (cap|max|inv|bt):  0| 0| 0| 0| runtime:  137.2 ms | cr:  548.9
    254. dt:  0.25 ms | #newton:  1 | ph:  0.0% | #CG/newton:    1 | ls (cap|max|inv|bt):  0| 0| 0| 0| runtime:  135.2 ms | cr:  540.9
    255. dt:  0.25 ms | #newton:  1 | ph:  0.0% | #CG/newton:    2 | ls (cap|max|inv|bt):  0| 0| 0| 0| runtime:  147.1 ms | cr:  588.3
    256. dt:  0.25 ms | #newton:  1 | ph:  0.0% | #CG/newton:    1 | ls (cap|max|inv|bt):  0| 0| 0| 0| runtime:  135.8 ms | cr:  543.2
    257. dt:  0.25 ms | #newton:  1 | ph:  0.0% | #CG/newton:    1 | ls (cap|max|inv|bt):  0| 0| 0| 0| runtime:  134.1 ms | cr:  536.6
    258. dt:  0.25 ms | #newton:  1 | ph:  0.0% | #CG/newton:    1 | ls (cap|max|inv|bt):  0| 0| 0| 0| runtime:  136.0 ms | cr:  544.0
    259. dt:  0.25 ms | #newton:  1 | ph:  0.0% | #CG/newton:    1 | ls (cap|max|inv|bt):  0| 0| 0| 0| runtime:  137.0 ms | cr:  547.8
    260. dt:  0.25 ms | #newton:  1 | ph:  0.0% | #CG/newton:    2 | ls (cap|max|inv|bt):  0| 0| 0| 0| runtime:  131.7 ms | cr:  526.6
    261. dt:  0.25 ms | #newton:  1 | ph:  0.0% | #CG/newton:    1 | ls (cap|max|inv|bt):  0| 0| 0| 0| runtime:  136.2 ms | cr:  544.9
    262. dt:  0.25 ms | #newton:  1 | ph:  0.0% | #CG/newton:    1 | ls (cap|max|inv|bt):  0| 0| 0| 0| runtime:  135.2 ms | cr:  540.7
    263. dt:  0.25 ms | #newton:  1 | ph:  0.0% | #CG/newton:    1 | ls (cap|max|inv|bt):  0| 0| 0| 0| runtime:  136.4 ms | cr:  545.6
    264. dt:  0.25 ms | #newton:  1 | ph:  0.0% | #CG/newton:    1 | ls (cap|max|inv|bt):  0| 0| 0| 0| runtime:  137.6 ms | cr:  550.4
    265. dt:  0.25 ms | #newton:  1 | ph:  0.0% | #CG/newton:    2 | ls (cap|max|inv|bt):  0| 0| 0| 0| runtime:  137.2 ms | cr:  548.7
    266. dt:  0.25 ms | #newton:  1 | ph:  0.0% | #CG/newton:    1 | ls (cap|max|inv|bt):  0| 0| 0| 0| runtime:  136.9 ms | cr:  547.7
[Frame: 2] Time: 0.067 s
    267. dt:  0.25 ms | #newton:  1 | ph:  0.0% | #CG/newton:    1 | ls (cap|max|inv|bt):  0| 0| 0| 0| runtime:  138.9 ms | cr:  555.7
    268. dt:  0.25 ms | #newton:  1 | ph:  0.0% | #CG/newton:    1 | ls (cap|max|inv|bt):  0| 0| 0| 0| runtime:  135.5 ms | cr:  542.1
    269. dt:  0.25 ms | #newton:  1 | ph:  0.0% | #CG/newton:    2 | ls (cap|max|inv|bt):  0| 0| 0| 0| runtime:  136.9 ms | cr:  547.7
    270. dt:  0.25 ms | #newton:  1 | ph:  0.0% | #CG/newton:    1 | ls (cap|max|inv|bt):  0| 0| 0| 0| runtime:  138.6 ms | cr:  554.5
    271. dt:  0.25 ms | #newton:  1 | ph:  0.0% | #CG/newton:    1 | ls (cap|max|inv|bt):  0| 0| 0| 0| runtime:  141.8 ms | cr:  567.4
    272. dt:  0.25 ms | #newton:  1 | ph:  0.0% | #CG/newton:    1 | ls (cap|max|inv|bt):  0| 0| 0| 0| runtime:  138.6 ms | cr:  554.3
    273. dt:  0.25 ms | #newton:  1 | ph:  0.0% | #CG/newton:    1 | ls (cap|max|inv|bt):  0| 0| 0| 0| runtime:  136.4 ms | cr:  545.6
    274. dt:  0.25 ms | #newton:  1 | ph:  0.0% | #CG/newton:    2 | ls (cap|max|inv|bt):  0| 0| 0| 0| runtime:  146.2 ms | cr:  584.9
    275. dt:  0.25 ms | #newton:  1 | ph:  0.0% | #CG/newton:    1 | ls (cap|max|inv|bt):  0| 0| 0| 0| runtime:  135.8 ms | cr:  543.3
    276. dt:  0.25 ms | #newton:  1 | ph:  0.0% | #CG/newton:    1 | ls (cap|max|inv|bt):  0| 0| 0| 0| runtime:  135.9 ms | cr:  543.6
    277. dt:  0.25 ms | #newton:  1 | ph:  0.0% | #CG/newton:    1 | ls (cap|max|inv|bt):  0| 0| 0| 0| runtime:  138.1 ms | cr:  552.4
    278. dt:  0.25 ms | #newton:  1 | ph:  0.0% | #CG/newton:    1 | ls (cap|max|inv|bt):  0| 0| 0| 0| runtime:  139.0 ms | cr:  556.2
    279. dt:  0.25 ms | #newton:  1 | ph:  0.0% | #CG/newton:    2 | ls (cap|max|inv|bt):  0| 0| 0| 0| runtime:  134.2 ms | cr:  536.8
    280. dt:  0.25 ms | #newton:  1 | ph:  0.0% | #CG/newton:    1 | ls (cap|max|inv|bt):  0| 0| 0| 0| runtime:  139.4 ms | cr:  557.7
    281. dt:  0.25 ms | #newton:  1 | ph:  0.0% | #CG/newton:    1 | ls (cap|max|inv|bt):  0| 0| 0| 0| runtime:  134.7 ms | cr:  538.8
    282. dt:  0.25 ms | #newton:  1 | ph:  0.0% | #CG/newton:    1 | ls (cap|max|inv|bt):  0| 0| 0| 0| runtime:  141.3 ms | cr:  565.1
    283. dt:  0.25 ms | #newton:  1 | ph:  0.0% | #CG/newton:    1 | ls (cap|max|inv|bt):  0| 0| 0| 0| runtime:  136.2 ms | cr:  544.9
    284. dt:  0.25 ms | #newton:  1 | ph:  0.0% | #CG/newton:    2 | ls (cap|max|inv|bt):  0| 0| 0| 0| runtime:  137.1 ms | cr:  548.2
    285. dt:  0.25 ms | #newton:  1 | ph:  0.0% | #CG/newton:    1 | ls (cap|max|inv|bt):  0| 0| 0| 0| runtime:  138.3 ms | cr:  553.4
    286. dt:  0.25 ms | #newton:  1 | ph:  0.0% | #CG/newton:    1 | ls (cap|max|inv|bt):  0| 0| 0| 0| runtime:  138.3 ms | cr:  553.2
    287. dt:  0.25 ms | #newton:  1 | ph:  0.0% | #CG/newton:    1 | ls (cap|max|inv|bt):  0| 0| 0| 0| runtime:  134.4 ms | cr:  537.4
    288. dt:  0.25 ms | #newton:  1 | ph:  0.0% | #CG/newton:    1 | ls (cap|max|inv|bt):  0| 0| 0| 0| runtime:  136.9 ms | cr:  547.6
    289. dt:  0.25 ms | #newton:  1 | ph:  0.0% | #CG/newton:    2 | ls (cap|max|inv|bt):  0| 0| 0| 0| runtime:  140.6 ms | cr:  562.4
    290. dt:  0.25 ms | #newton:  1 | ph:  0.0% | #CG/newton:    1 | ls (cap|max|inv|bt):  0| 0| 0| 0| runtime:  136.2 ms | cr:  544.9
    291. dt:  0.25 ms | #newton:  1 | ph:  0.0% | #CG/newton:    1 | ls (cap|max|inv|bt):  0| 0| 0| 0| runtime:  135.1 ms | cr:  540.5
    292. dt:  0.25 ms | #newton:  1 | ph:  0.0% | #CG/newton:    1 | ls (cap|max|inv|bt):  0| 0| 0| 0| runtime:  150.7 ms | cr:  602.6
    293. dt:  0.25 ms | #newton:  1 | ph:  0.0% | #CG/newton:    1 | ls (cap|max|inv|bt):  0| 0| 0| 0| runtime:  136.0 ms | cr:  543.8
    294. dt:  0.25 ms | #newton:  1 | ph:  0.0% | #CG/newton:    2 | ls (cap|max|inv|bt):  0| 0| 0| 0| runtime:  136.0 ms | cr:  543.9
    295. dt:  0.25 ms | #newton:  1 | ph:  0.0% | #CG/newton:    1 | ls (cap|max|inv|bt):  0| 0| 0| 0| runtime:  133.1 ms | cr:  532.5
    296. dt:  0.25 ms | #newton:  1 | ph:  0.0% | #CG/newton:    1 | ls (cap|max|inv|bt):  0| 0| 0| 0| runtime:  137.1 ms | cr:  548.3
    297. dt:  0.25 ms | #newton:  1 | ph:  0.0% | #CG/newton:    1 | ls (cap|max|inv|bt):  0| 0| 0| 0| runtime:  137.7 ms | cr:  550.6
    298. dt:  0.25 ms | #newton:  1 | ph:  0.0% | #CG/newton:    1 | ls (cap|max|inv|bt):  0| 0| 0| 0| runtime:  137.5 ms | cr:  549.9
    299. dt:  0.25 ms | #newton:  1 | ph:  0.0% | #CG/newton:    2 | ls (cap|max|inv|bt):  0| 0| 0| 0| runtime:  136.1 ms | cr:  544.3
    300. dt:  0.25 ms | #newton:  1 | ph:  0.0% | #CG/newton:    1 | ls (cap|max|inv|bt):  0| 0| 0| 0| runtime:  135.7 ms | cr:  542.8
    301. dt:  0.25 ms | #newton:  1 | ph:  0.0% | #CG/newton:    1 | ls (cap|max|inv|bt):  0| 0| 0| 0| runtime:  135.9 ms | cr:  543.8
    302. dt:  0.25 ms | #newton:  1 | ph:  0.0% | #CG/newton:    1 | ls (cap|max|inv|bt):  0| 0| 0| 0| runtime:  133.0 ms | cr:  531.9
    303. dt:  0.25 ms | #newton:  1 | ph:  0.0% | #CG/newton:    1 | ls (cap|max|inv|bt):  0| 0| 0| 0| runtime:  135.4 ms | cr:  541.4
    304. dt:  0.25 ms | #newton:  1 | ph:  0.0% | #CG/newton:    2 | ls (cap|max|inv|bt):  0| 0| 0| 0| runtime:  139.7 ms | cr:  558.7
    305. dt:  0.25 ms | #newton:  1 | ph:  0.0% | #CG/newton:    1 | ls (cap|max|inv|bt):  0| 0| 0| 0| runtime:  136.3 ms | cr:  545.1
    306. dt:  0.25 ms | #newton:  1 | ph:  0.0% | #CG/newton:    1 | ls (cap|max|inv|bt):  0| 0| 0| 0| runtime:  135.9 ms | cr:  543.7
    307. dt:  0.25 ms | #newton:  1 | ph:  0.0% | #CG/newton:    1 | ls (cap|max|inv|bt):  0| 0| 0| 0| runtime:  138.0 ms | cr:  552.0
    308. dt:  0.25 ms | #newton:  1 | ph:  0.0% | #CG/newton:    1 | ls (cap|max|inv|bt):  0| 0| 0| 0| runtime:  134.9 ms | cr:  539.8
    309. dt:  0.25 ms | #newton:  1 | ph:  0.0% | #CG/newton:    2 | ls (cap|max|inv|bt):  0| 0| 0| 0| runtime:  135.6 ms | cr:  542.5
    310. dt:  0.25 ms | #newton:  1 | ph:  0.0% | #CG/newton:    1 | ls (cap|max|inv|bt):  0| 0| 0| 0| runtime:  132.6 ms | cr:  530.6
    311. dt:  0.25 ms | #newton:  1 | ph:  0.0% | #CG/newton:    1 | ls (cap|max|inv|bt):  0| 0| 0| 0| runtime:  138.6 ms | cr:  554.3
    312. dt:  0.25 ms | #newton:  1 | ph:  0.0% | #CG/newton:    1 | ls (cap|max|inv|bt):  0| 0| 0| 0| runtime:  137.5 ms | cr:  549.9
    313. dt:  0.25 ms | #newton:  1 | ph:  0.0% | #CG/newton:    1 | ls (cap|max|inv|bt):  0| 0| 0| 0| runtime:  135.0 ms | cr:  540.0
    314. dt:  0.25 ms | #newton:  1 | ph:  0.0% | #CG/newton:    2 | ls (cap|max|inv|bt):  0| 0| 0| 0| runtime:  138.3 ms | cr:  553.3
    315. dt:  0.25 ms | #newton:  1 | ph:  0.0% | #CG/newton:    1 | ls (cap|max|inv|bt):  0| 0| 0| 0| runtime:  137.6 ms | cr:  550.3
    316. dt:  0.25 ms | #newton:  1 | ph:  0.0% | #CG/newton:    1 | ls (cap|max|inv|bt):  0| 0| 0| 0| runtime:  134.7 ms | cr:  538.7
    317. dt:  0.25 ms | #newton:  1 | ph:  0.0% | #CG/newton:    1 | ls (cap|max|inv|bt):  0| 0| 0| 0| runtime:  136.2 ms | cr:  545.0
    318. dt:  0.25 ms | #newton:  1 | ph:  0.0% | #CG/newton:  260 | ls (cap|max|inv|bt):  0| 0| 0| 0| runtime:  242.4 ms | cr:  969.8
    319. dt:  0.25 ms | #newton:  1 | ph:  0.0% | #CG/newton:  458 | ls (cap|max|inv|bt):  0| 0| 0| 0| runtime:  325.7 ms | cr: 1302.9
    320. dt:  0.25 ms | #newton:  1 | ph:  0.0% | #CG/newton:  448 | ls (cap|max|inv|bt):  0| 0| 0| 0| runtime:  317.3 ms | cr: 1269.4
    321. dt:  0.25 ms | #newton:  1 | ph:  0.0% | #CG/newton:  505 | ls (cap|max|inv|bt):  0| 0| 0| 0| runtime:  351.7 ms | cr: 1406.9
    322. dt:  0.25 ms | #newton:  1 | ph:  0.0% | #CG/newton:  800 | ls (cap|max|inv|bt):  0| 0| 0| 0| runtime:  462.6 ms | cr: 1850.5
    323. dt:  0.25 ms | #newton:  1 | ph:  0.0% | #CG/newton:  823 | ls (cap|max|inv|bt):  0| 0| 0| 0| runtime:  472.5 ms | cr: 1889.8
    324. dt:  0.25 ms | #newton:  1 | ph:  0.0% | #CG/newton:  887 | ls (cap|max|inv|bt):  0| 0| 0| 0| runtime:  502.0 ms | cr: 2008.1
    325. dt:  0.25 ms | #newton:  1 | ph:  0.0% | #CG/newton:  796 | ls (cap|max|inv|bt):  0| 0| 0| 0| runtime:  462.0 ms | cr: 1847.8
    326. dt:  0.25 ms | #newton:  1 | ph:  0.0% | #CG/newton:  801 | ls (cap|max|inv|bt):  0| 0| 0| 0| runtime:  465.7 ms | cr: 1862.9
    327. dt:  0.25 ms | #newton:  1 | ph:  0.0% | #CG/newton:  794 | ls (cap|max|inv|bt):  0| 0| 0| 0| runtime:  463.7 ms | cr: 1854.9
    328. dt:  0.25 ms | #newton:  1 | ph:  0.0% | #CG/newton:  799 | ls (cap|max|inv|bt):  0| 0| 0| 0| runtime:  464.1 ms | cr: 1856.4
    329. dt:  0.25 ms | #newton:  1 | ph:  0.0% | #CG/newton:  727 | ls (cap|max|inv|bt):  0| 0| 0| 0| runtime:  438.8 ms | cr: 1755.0
    330. dt:  0.25 ms | #newton:  1 | ph:  0.0% | #CG/newton:  797 | ls (cap|max|inv|bt):  0| 0| 0| 0| runtime:  460.4 ms | cr: 1841.6
    331. dt:  0.25 ms | #newton:  1 | ph:  0.0% | #CG/newton:  860 | ls (cap|max|inv|bt):  0| 0| 0| 0| runtime:  488.7 ms | cr: 1954.9
    332. dt:  0.25 ms | #newton:  1 | ph:  0.0% | #CG/newton:  797 | ls (cap|max|inv|bt):  0| 0| 0| 0| runtime:  464.6 ms | cr: 1858.3
    333. dt:  0.25 ms | #newton:  1 | ph:  0.0% | #CG/newton:  823 | ls (cap|max|inv|bt):  0| 0| 0| 0| runtime:  470.6 ms | cr: 1882.4
    334. dt:  0.25 ms | #newton:  1 | ph:  0.0% | #CG/newton:  795 | ls (cap|max|inv|bt):  0| 0| 0| 0| runtime:  466.4 ms | cr: 1865.6
    335. dt:  0.25 ms | #newton:  1 | ph:  0.0% | #CG/newton:  875 | ls (cap|max|inv|bt):  0| 0| 0| 0| runtime:  509.8 ms | cr: 2039.2
    336. dt:  0.25 ms | #newton:  1 | ph:  0.0% | #CG/newton:  798 | ls (cap|max|inv|bt):  0| 0| 0| 0| runtime:  494.4 ms | cr: 1977.6
    337. dt:  0.25 ms | #newton:  1 | ph:  0.0% | #CG/newton:  876 | ls (cap|max|inv|bt):  0| 0| 0| 0| runtime:  497.6 ms | cr: 1990.5
    338. dt:  0.25 ms | #newton:  1 | ph:  0.0% | #CG/newton:  797 | ls (cap|max|inv|bt):  0| 0| 0| 0| runtime:  461.7 ms | cr: 1846.9
    339. dt:  0.25 ms | #newton:  1 | ph:  0.0% | #CG/newton:  828 | ls (cap|max|inv|bt):  0| 0| 0| 0| runtime:  475.0 ms | cr: 1900.1
    340. dt:  0.25 ms | #newton:  1 | ph:  0.0% | #CG/newton:  792 | ls (cap|max|inv|bt):  0| 0| 0| 0| runtime:  462.1 ms | cr: 1848.6
    341. dt:  0.25 ms | #newton:  1 | ph:  0.0% | #CG/newton:  825 | ls (cap|max|inv|bt):  0| 0| 0| 0| runtime:  474.8 ms | cr: 1899.4
    342. dt:  0.25 ms | #newton:  1 | ph:  0.0% | #CG/newton:  786 | ls (cap|max|inv|bt):  0| 0| 0| 0| runtime:  458.9 ms | cr: 1835.4
    343. dt:  0.25 ms | #newton:  1 | ph:  0.0% | #CG/newton:  824 | ls (cap|max|inv|bt):  0| 0| 0| 0| runtime:  484.7 ms | cr: 1938.6
    344. dt:  0.25 ms | #newton:  1 | ph:  0.0% | #CG/newton:  792 | ls (cap|max|inv|bt):  0| 0| 0| 0| runtime:  468.0 ms | cr: 1872.0
    345. dt:  0.25 ms | #newton:  1 | ph:  0.0% | #CG/newton:  827 | ls (cap|max|inv|bt):  0| 0| 0| 0| runtime:  480.6 ms | cr: 1922.4
    346. dt:  0.25 ms | #newton:  1 | ph:  0.0% | #CG/newton:  873 | ls (cap|max|inv|bt):  0| 0| 0| 0| runtime:  499.2 ms | cr: 1996.9
    347. dt:  0.25 ms | #newton:  1 | ph:  0.0% | #CG/newton:  789 | ls (cap|max|inv|bt):  0| 0| 0| 0| runtime:  464.1 ms | cr: 1856.4
    348. dt:  0.25 ms | #newton:  1 | ph:  0.0% | #CG/newton:  881 | ls (cap|max|inv|bt):  0| 0| 0| 0| runtime:  502.1 ms | cr: 2008.3
    349. dt:  0.25 ms | #newton:  1 | ph:  0.0% | #CG/newton:  794 | ls (cap|max|inv|bt):  0| 0| 0| 0| runtime:  466.8 ms | cr: 1867.3
    350. dt:  0.25 ms | #newton:  1 | ph:  0.0% | #CG/newton:  894 | ls (cap|max|inv|bt):  0| 0| 0| 0| runtime:  507.7 ms | cr: 2030.9
    351. dt:  0.25 ms | #newton:  1 | ph:  0.0% | #CG/newton:  794 | ls (cap|max|inv|bt):  0| 0| 0| 0| runtime:  462.7 ms | cr: 1850.6
    352. dt:  0.25 ms | #newton:  1 | ph:  0.0% | #CG/newton:  812 | ls (cap|max|inv|bt):  0| 0| 0| 0| runtime:  469.6 ms | cr: 1878.3
    353. dt:  0.25 ms | #newton:  1 | ph:  0.0% | #CG/newton:  876 | ls (cap|max|inv|bt):  0| 0| 0| 0| runtime:  497.1 ms | cr: 1988.3
    354. dt:  0.25 ms | #newton:  1 | ph:  0.0% | #CG/newton:  793 | ls (cap|max|inv|bt):  0| 0| 0| 0| runtime:  462.0 ms | cr: 1848.1
    355. dt:  0.25 ms | #newton:  1 | ph:  0.0% | #CG/newton:  796 | ls (cap|max|inv|bt):  0| 0| 0| 0| runtime:  472.9 ms | cr: 1891.5
    356. dt:  0.25 ms | #newton:  1 | ph:  0.0% | #CG/newton:  746 | ls (cap|max|inv|bt):  0| 0| 0| 0| runtime:  444.6 ms | cr: 1778.5
    357. dt:  0.25 ms | #newton:  1 | ph:  0.0% | #CG/newton:  785 | ls (cap|max|inv|bt):  0| 0| 0| 0| runtime:  456.5 ms | cr: 1826.0
    358. dt:  0.25 ms | #newton:  1 | ph:  0.0% | #CG/newton:  796 | ls (cap|max|inv|bt):  0| 0| 0| 0| runtime:  469.0 ms | cr: 1876.2
    359. dt:  0.25 ms | #newton:  1 | ph:  0.0% | #CG/newton:  884 | ls (cap|max|inv|bt):  0| 0| 0| 0| runtime:  507.6 ms | cr: 2030.3
    360. dt:  0.25 ms | #newton:  1 | ph:  0.0% | #CG/newton:  794 | ls (cap|max|inv|bt):  0| 0| 0| 0| runtime:  461.2 ms | cr: 1845.0
    361. dt:  0.25 ms | #newton:  1 | ph:  0.0% | #CG/newton:  797 | ls (cap|max|inv|bt):  0| 0| 0| 0| runtime:  459.7 ms | cr: 1838.8
    362. dt:  0.25 ms | #newton:  1 | ph:  0.0% | #CG/newton:  874 | ls (cap|max|inv|bt):  0| 0| 0| 0| runtime:  500.9 ms | cr: 2003.4
    363. dt:  0.25 ms | #newton:  1 | ph:  0.0% | #CG/newton:  795 | ls (cap|max|inv|bt):  0| 0| 0| 0| runtime:  458.1 ms | cr: 1832.3
    364. dt:  0.25 ms | #newton:  1 | ph:  0.0% | #CG/newton:  868 | ls (cap|max|inv|bt):  0| 0| 0| 0| runtime:  504.6 ms | cr: 2018.4
    365. dt:  0.25 ms | #newton:  1 | ph:  0.0% | #CG/newton:  794 | ls (cap|max|inv|bt):  0| 0| 0| 0| runtime:  450.3 ms | cr: 1801.4
    366. dt:  0.25 ms | #newton:  1 | ph:  0.0% | #CG/newton:  881 | ls (cap|max|inv|bt):  0| 0| 0| 0| runtime:  493.8 ms | cr: 1975.1
    367. dt:  0.25 ms | #newton:  1 | ph:  0.0% | #CG/newton:  794 | ls (cap|max|inv|bt):  0| 0| 0| 0| runtime:  457.4 ms | cr: 1829.6
    368. dt:  0.25 ms | #newton:  1 | ph:  0.0% | #CG/newton:  826 | ls (cap|max|inv|bt):  0| 0| 0| 0| runtime:  483.4 ms | cr: 1933.4
    369. dt:  0.25 ms | #newton:  1 | ph:  0.0% | #CG/newton:  791 | ls (cap|max|inv|bt):  0| 0| 0| 0| runtime:  456.0 ms | cr: 1824.2
    370. dt:  0.25 ms | #newton:  1 | ph:  0.0% | #CG/newton:  884 | ls (cap|max|inv|bt):  0| 0| 0| 0| runtime:  502.9 ms | cr: 2011.7
    371. dt:  0.25 ms | #newton:  1 | ph:  0.0% | #CG/newton:  770 | ls (cap|max|inv|bt):  0| 0| 0| 0| runtime:  455.6 ms | cr: 1822.5
    372. dt:  0.25 ms | #newton:  1 | ph:  0.0% | #CG/newton:  781 | ls (cap|max|inv|bt):  0| 0| 0| 0| runtime:  462.0 ms | cr: 1847.8
    373. dt:  0.25 ms | #newton:  1 | ph:  0.0% | #CG/newton:  766 | ls (cap|max|inv|bt):  0| 0| 0| 0| runtime:  460.3 ms | cr: 1841.3
    374. dt:  0.25 ms | #newton:  1 | ph:  0.0% | #CG/newton:  786 | ls (cap|max|inv|bt):  0| 0| 0| 0| runtime:  452.9 ms | cr: 1811.5
    375. dt:  0.25 ms | #newton:  1 | ph:  0.0% | #CG/newton:  774 | ls (cap|max|inv|bt):  0| 0| 0| 0| runtime:  450.8 ms | cr: 1803.0
    376. dt:  0.25 ms | #newton:  1 | ph:  0.0% | #CG/newton:  792 | ls (cap|max|inv|bt):  0| 0| 0| 0| runtime:  472.4 ms | cr: 1889.6
    377. dt:  0.25 ms | #newton:  1 | ph:  0.0% | #CG/newton:  792 | ls (cap|max|inv|bt):  0| 0| 0| 0| runtime:  461.5 ms | cr: 1846.1
    378. dt:  0.25 ms | #newton:  1 | ph:  0.0% | #CG/newton:  794 | ls (cap|max|inv|bt):  0| 0| 0| 0| runtime:  471.9 ms | cr: 1887.5
    379. dt:  0.25 ms | #newton:  1 | ph:  0.0% | #CG/newton:  814 | ls (cap|max|inv|bt):  0| 0| 0| 0| runtime:  470.0 ms | cr: 1880.1
    380. dt:  0.25 ms | #newton:  1 | ph:  0.0% | #CG/newton:  776 | ls (cap|max|inv|bt):  0| 0| 0| 0| runtime:  494.0 ms | cr: 1976.0
    381. dt:  0.25 ms | #newton:  1 | ph:  0.0% | #CG/newton:  827 | ls (cap|max|inv|bt):  0| 0| 0| 0| runtime:  468.7 ms | cr: 1874.8
    382. dt:  0.25 ms | #newton:  1 | ph:  0.0% | #CG/newton:  821 | ls (cap|max|inv|bt):  0| 0| 0| 0| runtime:  468.3 ms | cr: 1873.2
    383. dt:  0.25 ms | #newton:  1 | ph:  0.0% | #CG/newton:  895 | ls (cap|max|inv|bt):  0| 0| 0| 0| runtime:  503.1 ms | cr: 2012.4
    384. dt:  0.25 ms | #newton:  1 | ph:  0.0% | #CG/newton:  780 | ls (cap|max|inv|bt):  0| 0| 0| 0| runtime:  462.8 ms | cr: 1851.1
    385. dt:  0.25 ms | #newton:  1 | ph:  0.0% | #CG/newton:  801 | ls (cap|max|inv|bt):  0| 0| 0| 0| runtime:  472.1 ms | cr: 1888.2
    386. dt:  0.25 ms | #newton:  1 | ph:  0.0% | #CG/newton:  894 | ls (cap|max|inv|bt):  0| 0| 0| 0| runtime:  505.6 ms | cr: 2022.4
    387. dt:  0.25 ms | #newton:  1 | ph:  0.0% | #CG/newton:  816 | ls (cap|max|inv|bt):  0| 0| 0| 0| runtime:  473.2 ms | cr: 1892.8
    388. dt:  0.25 ms | #newton:  1 | ph:  0.0% | #CG/newton:  817 | ls (cap|max|inv|bt):  0| 0| 0| 0| runtime:  472.8 ms | cr: 1891.1
    389. dt:  0.25 ms | #newton:  1 | ph:  0.0% | #CG/newton:  787 | ls (cap|max|inv|bt):  0| 0| 0| 0| runtime:  455.2 ms | cr: 1820.7
    390. dt:  0.25 ms | #newton:  1 | ph:  0.0% | #CG/newton:  800 | ls (cap|max|inv|bt):  0| 0| 0| 0| runtime:  459.3 ms | cr: 1837.2
    391. dt:  0.25 ms | #newton:  1 | ph:  0.0% | #CG/newton:  786 | ls (cap|max|inv|bt):  0| 0| 0| 0| runtime:  454.9 ms | cr: 1819.8
    392. dt:  0.25 ms | #newton:  1 | ph:  0.0% | #CG/newton:  913 | ls (cap|max|inv|bt):  0| 0| 0| 0| runtime:  515.6 ms | cr: 2062.6
    393. dt:  0.25 ms | #newton:  1 | ph:  0.0% | #CG/newton:  796 | ls (cap|max|inv|bt):  0| 0| 0| 0| runtime:  463.0 ms | cr: 1851.9
    394. dt:  0.25 ms | #newton:  1 | ph:  0.0% | #CG/newton:  817 | ls (cap|max|inv|bt):  0| 0| 0| 0| runtime:  472.9 ms | cr: 1891.6
    395. dt:  0.25 ms | #newton:  1 | ph:  0.0% | #CG/newton:  911 | ls (cap|max|inv|bt):  0| 0| 0| 0| runtime:  516.2 ms | cr: 2064.6
    396. dt:  0.25 ms | #newton:  1 | ph:  0.0% | #CG/newton: 1135 | ls (cap|max|inv|bt):  0| 0| 0| 0| runtime:  595.9 ms | cr: 2383.8
    397. dt:  0.25 ms | #newton:  1 | ph:  0.0% | #CG/newton:  751 | ls (cap|max|inv|bt):  0| 0| 0| 0| runtime:  446.7 ms | cr: 1786.8
    398. dt:  0.25 ms | #newton:  1 | ph:  0.0% | #CG/newton:  807 | ls (cap|max|inv|bt):  0| 0| 0| 0| runtime:  462.7 ms | cr: 1850.6
    399. dt:  0.25 ms | #newton:  1 | ph:  0.0% | #CG/newton: 1132 | ls (cap|max|inv|bt):  0| 0| 0| 0| runtime:  594.6 ms | cr: 2378.3
    400. dt:  0.25 ms | #newton:  1 | ph:  0.0% | #CG/newton: 1086 | ls (cap|max|inv|bt):  0| 0| 0| 0| runtime:  586.0 ms | cr: 2343.9
[Frame: 3] Time: 0.100 s
    401. dt:  0.25 ms | #newton:  1 | ph:  0.0% | #CG/newton: 1173 | ls (cap|max|inv|bt):  0| 0| 0| 0| runtime:  622.6 ms | cr: 2490.3
    402. dt:  0.25 ms | #newton:  1 | ph:  0.0% | #CG/newton: 1143 | ls (cap|max|inv|bt):  0| 0| 0| 0| runtime:  612.2 ms | cr: 2448.8
    403. dt:  0.25 ms | #newton:  1 | ph:  0.0% | #CG/newton: 1184 | ls (cap|max|inv|bt):  0| 0| 0| 0| runtime:  629.5 ms | cr: 2518.2
    404. dt:  0.25 ms | #newton:  1 | ph:  0.0% | #CG/newton: 1140 | ls (cap|max|inv|bt):  0| 0| 0| 0| runtime:  605.1 ms | cr: 2420.3
    405. dt:  0.25 ms | #newton:  1 | ph:  0.0% | #CG/newton:  815 | ls (cap|max|inv|bt):  0| 0| 0| 0| runtime:  472.4 ms | cr: 1889.5
    406. dt:  0.25 ms | #newton:  1 | ph:  0.0% | #CG/newton: 1144 | ls (cap|max|inv|bt):  0| 0| 0| 0| runtime:  609.6 ms | cr: 2438.4
    407. dt:  0.25 ms | #newton:  1 | ph:  0.0% | #CG/newton:  777 | ls (cap|max|inv|bt):  0| 0| 0| 0| runtime:  470.0 ms | cr: 1879.9
    408. dt:  0.25 ms | #newton:  1 | ph:  0.0% | #CG/newton: 1150 | ls (cap|max|inv|bt):  0| 0| 0| 0| runtime:  613.3 ms | cr: 2453.2
    409. dt:  0.25 ms | #newton:  1 | ph:  0.0% | #CG/newton:  771 | ls (cap|max|inv|bt):  0| 0| 0| 0| runtime:  453.9 ms | cr: 1815.5
    410. dt:  0.25 ms | #newton:  1 | ph:  0.0% | #CG/newton: 1062 | ls (cap|max|inv|bt):  0| 0| 0| 0| runtime:  579.2 ms | cr: 2316.9
    411. dt:  0.25 ms | #newton:  1 | ph:  0.0% | #CG/newton: 1200 | ls (cap|max|inv|bt):  0| 0| 0| 0| runtime:  629.7 ms | cr: 2518.9
    412. dt:  0.25 ms | #newton:  1 | ph:  0.0% | #CG/newton:  829 | ls (cap|max|inv|bt):  0| 0| 0| 0| runtime:  470.9 ms | cr: 1883.4
    413. dt:  0.25 ms | #newton:  1 | ph:  0.0% | #CG/newton:  830 | ls (cap|max|inv|bt):  0| 0| 0| 0| runtime:  481.2 ms | cr: 1924.7
    414. dt:  0.25 ms | #newton:  1 | ph:  0.0% | #CG/newton:  842 | ls (cap|max|inv|bt):  0| 0| 0| 0| runtime:  477.9 ms | cr: 1911.8
    415. dt:  0.25 ms | #newton:  1 | ph:  0.0% | #CG/newton:  965 | ls (cap|max|inv|bt):  0| 0| 0| 0| runtime:  537.8 ms | cr: 2151.1
    416. dt:  0.25 ms | #newton:  1 | ph:  0.0% | #CG/newton:  933 | ls (cap|max|inv|bt):  0| 0| 0| 0| runtime:  514.1 ms | cr: 2056.5
    417. dt:  0.25 ms | #newton:  1 | ph:  0.0% | #CG/newton:  844 | ls (cap|max|inv|bt):  0| 0| 0| 0| runtime:  480.3 ms | cr: 1921.3
    418. dt:  0.25 ms | #newton:  1 | ph:  0.0% | #CG/newton:  953 | ls (cap|max|inv|bt):  0| 0| 0| 0| runtime:  528.7 ms | cr: 2114.8
    419. dt:  0.25 ms | #newton:  1 | ph:  0.0% | #CG/newton:  924 | ls (cap|max|inv|bt):  0| 0| 0| 0| runtime:  517.6 ms | cr: 2070.3
    420. dt:  0.25 ms | #newton:  1 | ph:  0.0% | #CG/newton:  929 | ls (cap|max|inv|bt):  0| 0| 0| 0| runtime:  531.7 ms | cr: 2126.9
    421. dt:  0.25 ms | #newton:  1 | ph:  0.0% | #CG/newton:  849 | ls (cap|max|inv|bt):  0| 0| 0| 0| runtime:  492.6 ms | cr: 1970.5
    422. dt:  0.25 ms | #newton:  1 | ph:  0.0% | #CG/newton:  834 | ls (cap|max|inv|bt):  0| 0| 0| 0| runtime:  486.0 ms | cr: 1944.0
    423. dt:  0.25 ms | #newton:  1 | ph:  0.0% | #CG/newton:  932 | ls (cap|max|inv|bt):  0| 0| 0| 0| runtime:  528.2 ms | cr: 2112.7
    424. dt:  0.25 ms | #newton:  1 | ph:  0.0% | #CG/newton:  831 | ls (cap|max|inv|bt):  0| 0| 0| 0| runtime:  484.9 ms | cr: 1939.6
    425. dt:  0.25 ms | #newton:  1 | ph:  0.0% | #CG/newton:  910 | ls (cap|max|inv|bt):  0| 0| 0| 0| runtime:  515.1 ms | cr: 2060.5
    426. dt:  0.25 ms | #newton:  1 | ph:  0.0% | #CG/newton:  835 | ls (cap|max|inv|bt):  0| 0| 0| 0| runtime:  490.5 ms | cr: 1962.1
    427. dt:  0.25 ms | #newton:  1 | ph:  0.0% | #CG/newton:  779 | ls (cap|max|inv|bt):  0| 0| 0| 0| runtime:  460.8 ms | cr: 1843.3
    428. dt:  0.25 ms | #newton:  1 | ph:  0.0% | #CG/newton:  832 | ls (cap|max|inv|bt):  0| 0| 0| 0| runtime:  486.5 ms | cr: 1945.9
    429. dt:  0.25 ms | #newton:  1 | ph:  0.0% | #CG/newton:  840 | ls (cap|max|inv|bt):  0| 0| 0| 0| runtime:  495.5 ms | cr: 1981.8
    430. dt:  0.25 ms | #newton:  1 | ph:  0.0% | #CG/newton:  908 | ls (cap|max|inv|bt):  0| 0| 0| 0| runtime:  529.0 ms | cr: 2116.0
    431. dt:  0.25 ms | #newton:  1 | ph:  0.0% | #CG/newton:  837 | ls (cap|max|inv|bt):  0| 0| 0| 0| runtime:  487.0 ms | cr: 1948.1
    432. dt:  0.25 ms | #newton:  1 | ph:  0.0% | #CG/newton:  918 | ls (cap|max|inv|bt):  0| 0| 0| 0| runtime:  523.0 ms | cr: 2091.9
    433. dt:  0.25 ms | #newton:  1 | ph:  0.0% | #CG/newton:  837 | ls (cap|max|inv|bt):  0| 0| 0| 0| runtime:  488.5 ms | cr: 1954.1
    434. dt:  0.25 ms | #newton:  1 | ph:  0.0% | #CG/newton:  918 | ls (cap|max|inv|bt):  0| 0| 0| 0| runtime:  515.8 ms | cr: 2063.4
    435. dt:  0.25 ms | #newton:  1 | ph:  0.0% | #CG/newton:  836 | ls (cap|max|inv|bt):  0| 0| 0| 0| runtime:  484.0 ms | cr: 1936.0
    436. dt:  0.25 ms | #newton:  1 | ph:  0.0% | #CG/newton:  847 | ls (cap|max|inv|bt):  0| 0| 0| 0| runtime:  487.7 ms | cr: 1950.6
    437. dt:  0.25 ms | #newton:  1 | ph:  0.0% | #CG/newton:  913 | ls (cap|max|inv|bt):  0| 0| 0| 0| runtime:  515.0 ms | cr: 2060.1
    438. dt:  0.25 ms | #newton:  1 | ph:  0.0% | #CG/newton:  809 | ls (cap|max|inv|bt):  0| 0| 0| 0| runtime:  476.5 ms | cr: 1906.1
    439. dt:  0.25 ms | #newton:  1 | ph:  0.0% | #CG/newton:  833 | ls (cap|max|inv|bt):  0| 0| 0| 0| runtime:  490.1 ms | cr: 1960.6
    440. dt:  0.25 ms | #newton:  1 | ph:  0.0% | #CG/newton:  777 | ls (cap|max|inv|bt):  0| 0| 0| 0| runtime:  470.9 ms | cr: 1883.6
    441. dt:  0.25 ms | #newton:  1 | ph:  0.0% | #CG/newton:  810 | ls (cap|max|inv|bt):  0| 0| 0| 0| runtime:  482.3 ms | cr: 1929.4
    442. dt:  0.25 ms | #newton:  1 | ph:  0.0% | #CG/newton:  779 | ls (cap|max|inv|bt):  0| 0| 0| 0| runtime:  471.1 ms | cr: 1884.5
    443. dt:  0.25 ms | #newton:  1 | ph:  0.0% | #CG/newton:  832 | ls (cap|max|inv|bt):  0| 0| 0| 0| runtime:  465.1 ms | cr: 1860.5
    444. dt:  0.25 ms | #newton:  1 | ph:  0.0% | #CG/newton:  806 | ls (cap|max|inv|bt):  0| 0| 0| 0| runtime:  467.9 ms | cr: 1871.4
    445. dt:  0.25 ms | #newton:  1 | ph:  0.0% | #CG/newton:  834 | ls (cap|max|inv|bt):  0| 0| 0| 0| runtime:  491.4 ms | cr: 1965.7
    446. dt:  0.25 ms | #newton:  1 | ph:  0.0% | #CG/newton:  844 | ls (cap|max|inv|bt):  0| 0| 0| 0| runtime:  493.4 ms | cr: 1973.5
    447. dt:  0.25 ms | #newton:  1 | ph:  0.0% | #CG/newton:  918 | ls (cap|max|inv|bt):  0| 0| 0| 0| runtime:  516.9 ms | cr: 2067.8
    448. dt:  0.25 ms | #newton:  1 | ph:  0.0% | #CG/newton:  832 | ls (cap|max|inv|bt):  0| 0| 0| 0| runtime:  489.9 ms | cr: 1959.5
    449. dt:  0.25 ms | #newton:  1 | ph:  0.0% | #CG/newton:  834 | ls (cap|max|inv|bt):  0| 0| 0| 0| runtime:  497.7 ms | cr: 1990.8
    450. dt:  0.25 ms | #newton:  1 | ph:  0.0% | #CG/newton:  787 | ls (cap|max|inv|bt):  0| 0| 0| 0| runtime:  475.0 ms | cr: 1900.1
    451. dt:  0.25 ms | #newton:  1 | ph:  0.0% | #CG/newton:  833 | ls (cap|max|inv|bt):  0| 0| 0| 0| runtime:  497.2 ms | cr: 1988.7
    452. dt:  0.25 ms | #newton:  1 | ph:  0.0% | #CG/newton:  829 | ls (cap|max|inv|bt):  0| 0| 0| 0| runtime:  484.5 ms | cr: 1938.2
    453. dt:  0.25 ms | #newton:  1 | ph:  0.0% | #CG/newton:  836 | ls (cap|max|inv|bt):  0| 0| 0| 0| runtime:  492.3 ms | cr: 1969.0
    454. dt:  0.25 ms | #newton:  1 | ph:  0.0% | #CG/newton:  922 | ls (cap|max|inv|bt):  0| 0| 0| 0| runtime:  569.0 ms | cr: 2276.0
    455. dt:  0.25 ms | #newton:  1 | ph:  0.0% | #CG/newton:  835 | ls (cap|max|inv|bt):  0| 0| 0| 0| runtime:  500.2 ms | cr: 2000.7
    456. dt:  0.25 ms | #newton:  1 | ph:  0.0% | #CG/newton:  776 | ls (cap|max|inv|bt):  0| 0| 0| 0| runtime:  467.6 ms | cr: 1870.4
    457. dt:  0.25 ms | #newton:  1 | ph:  0.0% | #CG/newton:  809 | ls (cap|max|inv|bt):  0| 0| 0| 0| runtime:  483.0 ms | cr: 1931.9
    458. dt:  0.25 ms | #newton:  1 | ph:  0.0% | #CG/newton:  912 | ls (cap|max|inv|bt):  0| 0| 0| 0| runtime:  521.4 ms | cr: 2085.8
    459. dt:  0.25 ms | #newton:  1 | ph:  0.0% | #CG/newton:  834 | ls (cap|max|inv|bt):  0| 0| 0| 0| runtime:  495.5 ms | cr: 1982.1
    460. dt:  0.25 ms | #newton:  1 | ph:  0.0% | #CG/newton:  830 | ls (cap|max|inv|bt):  0| 0| 0| 0| runtime:  495.8 ms | cr: 1983.2
    461. dt:  0.25 ms | #newton:  1 | ph:  0.0% | #CG/newton:  835 | ls (cap|max|inv|bt):  0| 0| 0| 0| runtime:  495.4 ms | cr: 1981.8
    462. dt:  0.25 ms | #newton:  1 | ph:  0.0% | #CG/newton:  901 | ls (cap|max|inv|bt):  0| 0| 0| 0| runtime:  517.9 ms | cr: 2071.7
    463. dt:  0.25 ms | #newton:  1 | ph:  0.0% | #CG/newton:  832 | ls (cap|max|inv|bt):  0| 0| 0| 0| runtime:  489.1 ms | cr: 1956.2
    464. dt:  0.25 ms | #newton:  1 | ph:  0.0% | #CG/newton:  830 | ls (cap|max|inv|bt):  0| 0| 0| 0| runtime:  488.6 ms | cr: 1954.3
    465. dt:  0.25 ms | #newton:  1 | ph:  0.0% | #CG/newton:  832 | ls (cap|max|inv|bt):  0| 0| 0| 0| runtime:  491.4 ms | cr: 1965.5
    466. dt:  0.25 ms | #newton:  1 | ph:  0.0% | #CG/newton:  832 | ls (cap|max|inv|bt):  0| 0| 0| 0| runtime:  489.4 ms | cr: 1957.4
    467. dt:  0.25 ms | #newton:  1 | ph:  0.0% | #CG/newton:  833 | ls (cap|max|inv|bt):  0| 0| 0| 0| runtime:  498.2 ms | cr: 1993.0
    468. dt:  0.25 ms | #newton:  1 | ph:  0.0% | #CG/newton:  833 | ls (cap|max|inv|bt):  0| 0| 0| 0| runtime:  494.6 ms | cr: 1978.3
    469. dt:  0.25 ms | #newton:  1 | ph:  0.0% | #CG/newton:  834 | ls (cap|max|inv|bt):  0| 0| 0| 0| runtime:  487.9 ms | cr: 1951.6
    470. dt:  0.25 ms | #newton:  1 | ph:  0.0% | #CG/newton:  832 | ls (cap|max|inv|bt):  0| 0| 0| 0| runtime:  491.9 ms | cr: 1967.6
    471. dt:  0.25 ms | #newton:  1 | ph:  0.0% | #CG/newton:  834 | ls (cap|max|inv|bt):  0| 0| 0| 0| runtime:  501.2 ms | cr: 2005.0
    472. dt:  0.25 ms | #newton:  1 | ph:  0.0% | #CG/newton:  834 | ls (cap|max|inv|bt):  0| 0| 0| 0| runtime:  484.4 ms | cr: 1937.8
    473. dt:  0.25 ms | #newton:  1 | ph:  0.0% | #CG/newton:  779 | ls (cap|max|inv|bt):  0| 0| 0| 0| runtime:  462.4 ms | cr: 1849.6
    474. dt:  0.25 ms | #newton:  1 | ph:  0.0% | #CG/newton:  908 | ls (cap|max|inv|bt):  0| 0| 0| 0| runtime:  525.8 ms | cr: 2103.0
    475. dt:  0.25 ms | #newton:  1 | ph:  0.0% | #CG/newton:  808 | ls (cap|max|inv|bt):  0| 0| 0| 0| runtime:  480.4 ms | cr: 1921.5
    476. dt:  0.25 ms | #newton:  1 | ph:  0.0% | #CG/newton:  832 | ls (cap|max|inv|bt):  0| 0| 0| 0| runtime:  489.0 ms | cr: 1956.2
    477. dt:  0.25 ms | #newton:  1 | ph:  0.0% | #CG/newton:  871 | ls (cap|max|inv|bt):  0| 0| 0| 0| runtime:  502.3 ms | cr: 2009.2
    478. dt:  0.25 ms | #newton:  1 | ph:  0.0% | #CG/newton:  832 | ls (cap|max|inv|bt):  0| 0| 0| 0| runtime:  489.4 ms | cr: 1957.6
    479. dt:  0.25 ms | #newton:  1 | ph:  0.0% | #CG/newton:  871 | ls (cap|max|inv|bt):  0| 0| 0| 0| runtime:  499.8 ms | cr: 1999.3
    480. dt:  0.25 ms | #newton:  1 | ph:  0.0% | #CG/newton:  829 | ls (cap|max|inv|bt):  0| 0| 0| 0| runtime:  484.8 ms | cr: 1939.4
    481. dt:  0.25 ms | #newton:  1 | ph:  0.0% | #CG/newton:  908 | ls (cap|max|inv|bt):  0| 0| 0| 0| runtime:  517.2 ms | cr: 2068.8
    482. dt:  0.25 ms | #newton:  2 | ph:  0.0% | #CG/newton: 1217 | ls (cap|max|inv|bt):  0| 0| 0| 0| runtime: 1198.3 ms | cr: 4793.2
    483. dt:  0.25 ms | #newton:  1 | ph:  0.0% | #CG/newton: 1232 | ls (cap|max|inv|bt):  0| 0| 0| 0| runtime:  634.2 ms | cr: 2536.7
    484. dt:  0.25 ms | #newton:  1 | ph:  0.0% | #CG/newton: 1222 | ls (cap|max|inv|bt):  0| 0| 0| 0| runtime:  644.0 ms | cr: 2576.2
    485. dt:  0.25 ms | #newton:  1 | ph:  0.0% | #CG/newton: 1270 | ls (cap|max|inv|bt):  0| 0| 0| 0| runtime:  664.3 ms | cr: 2657.1
    486. dt:  0.25 ms | #newton:  1 | ph:  0.0% | #CG/newton: 1273 | ls (cap|max|inv|bt):  0| 0| 0| 0| runtime:  657.5 ms | cr: 2629.9
    487. dt:  0.25 ms | #newton:  1 | ph:  0.0% | #CG/newton: 1235 | ls (cap|max|inv|bt):  0| 0| 0| 0| runtime:  650.9 ms | cr: 2603.7
    488. dt:  0.25 ms | #newton:  1 | ph:  0.0% | #CG/newton: 1246 | ls (cap|max|inv|bt):  0| 0| 0| 0| runtime:  644.8 ms | cr: 2579.3
    489. dt:  0.25 ms | #newton:  1 | ph:  0.0% | #CG/newton: 1253 | ls (cap|max|inv|bt):  0| 0| 0| 0| runtime:  655.4 ms | cr: 2621.7
    490. dt:  0.25 ms | #newton:  1 | ph:  0.0% | #CG/newton: 1247 | ls (cap|max|inv|bt):  0| 0| 0| 0| runtime:  662.7 ms | cr: 2650.8
    491. dt:  0.25 ms | #newton:  1 | ph:  0.0% | #CG/newton: 1235 | ls (cap|max|inv|bt):  0| 0| 0| 0| runtime:  651.8 ms | cr: 2607.3
    492. dt:  0.25 ms | #newton:  1 | ph:  0.0% | #CG/newton: 1220 | ls (cap|max|inv|bt):  0| 0| 0| 0| runtime:  632.8 ms | cr: 2531.4
    493. dt:  0.25 ms | #newton:  1 | ph:  0.0% | #CG/newton: 1255 | ls (cap|max|inv|bt):  0| 0| 0| 0| runtime:  659.3 ms | cr: 2637.0
    494. dt:  0.25 ms | #newton:  1 | ph:  0.0% | #CG/newton: 1214 | ls (cap|max|inv|bt):  0| 0| 0| 0| runtime:  632.6 ms | cr: 2530.3
    495. dt:  0.25 ms | #newton:  1 | ph:  0.0% | #CG/newton: 1248 | ls (cap|max|inv|bt):  0| 0| 0| 0| runtime:  647.6 ms | cr: 2590.3
    496. dt:  0.25 ms | #newton:  1 | ph:  0.0% | #CG/newton:  842 | ls (cap|max|inv|bt):  0| 0| 0| 0| runtime:  490.5 ms | cr: 1962.1
    497. dt:  0.25 ms | #newton:  1 | ph:  0.0% | #CG/newton:  839 | ls (cap|max|inv|bt):  0| 0| 0| 0| runtime:  498.6 ms | cr: 1994.5
    498. dt:  0.25 ms | #newton:  1 | ph:  0.0% | #CG/newton:  839 | ls (cap|max|inv|bt):  0| 0| 0| 0| runtime:  484.5 ms | cr: 1938.2
    499. dt:  0.25 ms | #newton:  1 | ph:  0.0% | #CG/newton: 1232 | ls (cap|max|inv|bt):  0| 0| 0| 0| runtime:  645.5 ms | cr: 2581.9
    500. dt:  0.25 ms | #newton:  1 | ph:  0.0% | #CG/newton: 1270 | ls (cap|max|inv|bt):  0| 0| 0| 0| runtime:  665.9 ms | cr: 2663.7
    501. dt:  0.25 ms | #newton:  1 | ph:  0.0% | #CG/newton:  854 | ls (cap|max|inv|bt):  0| 0| 0| 0| runtime:  499.4 ms | cr: 1997.5
    502. dt:  0.25 ms | #newton:  1 | ph:  0.0% | #CG/newton: 1214 | ls (cap|max|inv|bt):  0| 0| 0| 0| runtime:  651.7 ms | cr: 2606.7
    503. dt:  0.25 ms | #newton:  1 | ph:  0.0% | #CG/newton: 1246 | ls (cap|max|inv|bt):  0| 0| 0| 0| runtime:  667.7 ms | cr: 2670.8
    504. dt:  0.25 ms | #newton:  1 | ph:  0.0% | #CG/newton: 1253 | ls (cap|max|inv|bt):  0| 0| 0| 0| runtime:  654.3 ms | cr: 2617.1
    505. dt:  0.25 ms | #newton:  1 | ph:  0.0% | #CG/newton: 1279 | ls (cap|max|inv|bt):  0| 0| 0| 0| runtime:  673.4 ms | cr: 2693.7
    506. dt:  0.25 ms | #newton:  1 | ph:  0.0% | #CG/newton: 1258 | ls (cap|max|inv|bt):  0| 0| 0| 0| runtime:  663.0 ms | cr: 2651.9
    507. dt:  0.25 ms | #newton:  1 | ph:  0.0% | #CG/newton: 1268 | ls (cap|max|inv|bt):  0| 0| 0| 0| runtime:  662.1 ms | cr: 2648.5
    508. dt:  0.25 ms | #newton:  1 | ph:  0.0% | #CG/newton: 1211 | ls (cap|max|inv|bt):  0| 0| 0| 0| runtime:  646.9 ms | cr: 2587.6
    509. dt:  0.25 ms | #newton:  1 | ph:  0.0% | #CG/newton: 1268 | ls (cap|max|inv|bt):  0| 0| 0| 0| runtime:  669.2 ms | cr: 2676.8
    510. dt:  0.25 ms | #newton:  1 | ph:  0.0% | #CG/newton: 1250 | ls (cap|max|inv|bt):  0| 0| 0| 0| runtime:  665.5 ms | cr: 2662.0
    511. dt:  0.25 ms | #newton:  1 | ph:  0.0% | #CG/newton: 1251 | ls (cap|max|inv|bt):  0| 0| 0| 0| runtime:  656.1 ms | cr: 2624.4
    512. dt:  0.25 ms | #newton:  1 | ph:  0.0% | #CG/newton: 1253 | ls (cap|max|inv|bt):  0| 0| 0| 0| runtime:  664.3 ms | cr: 2657.4
    513. dt:  0.25 ms | #newton:  1 | ph:  0.0% | #CG/newton: 1270 | ls (cap|max|inv|bt):  0| 0| 0| 0| runtime:  667.1 ms | cr: 2668.3
    514. dt:  0.25 ms | #newton:  1 | ph:  0.0% | #CG/newton: 1274 | ls (cap|max|inv|bt):  0| 0| 0| 0| runtime:  662.9 ms | cr: 2651.6
    515. dt:  0.25 ms | #newton:  1 | ph:  0.0% | #CG/newton: 1212 | ls (cap|max|inv|bt):  0| 0| 0| 0| runtime:  640.4 ms | cr: 2561.6
    516. dt:  0.25 ms | #newton:  1 | ph:  0.0% | #CG/newton: 1271 | ls (cap|max|inv|bt):  0| 0| 0| 0| runtime:  643.5 ms | cr: 2574.0
    517. dt:  0.25 ms | #newton:  1 | ph:  0.0% | #CG/newton: 1212 | ls (cap|max|inv|bt):  0| 0| 0| 0| runtime:  634.3 ms | cr: 2537.2
    518. dt:  0.25 ms | #newton:  1 | ph:  0.0% | #CG/newton: 1271 | ls (cap|max|inv|bt):  0| 0| 0| 0| runtime:  670.6 ms | cr: 2682.4
    519. dt:  0.25 ms | #newton:  1 | ph:  0.0% | #CG/newton: 1239 | ls (cap|max|inv|bt):  0| 0| 0| 0| runtime:  650.3 ms | cr: 2601.4
    520. dt:  0.25 ms | #newton:  1 | ph:  0.0% | #CG/newton: 1263 | ls (cap|max|inv|bt):  0| 0| 0| 0| runtime:  658.4 ms | cr: 2633.6
    521. dt:  0.25 ms | #newton:  1 | ph:  0.0% | #CG/newton: 1246 | ls (cap|max|inv|bt):  0| 0| 0| 0| runtime:  657.3 ms | cr: 2629.1
    522. dt:  0.25 ms | #newton:  1 | ph:  0.0% | #CG/newton: 1261 | ls (cap|max|inv|bt):  0| 0| 0| 0| runtime:  668.7 ms | cr: 2674.7
    523. dt:  0.25 ms | #newton:  1 | ph:  0.0% | #CG/newton: 1248 | ls (cap|max|inv|bt):  0| 0| 0| 0| runtime:  659.4 ms | cr: 2637.6
    524. dt:  0.25 ms | #newton:  1 | ph:  0.0% | #CG/newton: 1258 | ls (cap|max|inv|bt):  0| 0| 0| 0| runtime:  653.8 ms | cr: 2615.1
    525. dt:  0.25 ms | #newton:  1 | ph:  0.0% | #CG/newton: 1241 | ls (cap|max|inv|bt):  0| 0| 0| 0| runtime:  645.2 ms | cr: 2580.8
    526. dt:  0.25 ms | #newton:  1 | ph:  0.0% | #CG/newton: 1253 | ls (cap|max|inv|bt):  0| 0| 0| 0| runtime:  652.0 ms | cr: 2607.8
    527. dt:  0.25 ms | #newton:  1 | ph:  0.0% | #CG/newton: 1225 | ls (cap|max|inv|bt):  0| 0| 0| 0| runtime:  642.9 ms | cr: 2571.6
    528. dt:  0.25 ms | #newton:  1 | ph:  0.0% | #CG/newton: 1217 | ls (cap|max|inv|bt):  0| 0| 0| 0| runtime:  635.5 ms | cr: 2541.9
    529. dt:  0.25 ms | #newton:  1 | ph:  0.0% | #CG/newton: 1270 | ls (cap|max|inv|bt):  0| 0| 0| 0| runtime:  667.4 ms | cr: 2669.6
    530. dt:  0.25 ms | #newton:  1 | ph:  0.0% | #CG/newton: 1219 | ls (cap|max|inv|bt):  0| 0| 0| 0| runtime:  633.0 ms | cr: 2531.8
    531. dt:  0.25 ms | #newton:  1 | ph:  0.0% | #CG/newton: 1270 | ls (cap|max|inv|bt):  0| 0| 0| 0| runtime:  659.8 ms | cr: 2639.2
    532. dt:  0.25 ms | #newton:  1 | ph:  0.0% | #CG/newton: 1229 | ls (cap|max|inv|bt):  0| 0| 0| 0| runtime:  644.7 ms | cr: 2578.7
    533. dt:  0.25 ms | #newton:  1 | ph:  0.0% | #CG/newton: 1267 | ls (cap|max|inv|bt):  0| 0| 0| 0| runtime:  664.5 ms | cr: 2658.1
[Frame: 4] Time: 0.134 s
    534. dt:  0.25 ms | #newton:  1 | ph:  0.0% | #CG/newton: 1239 | ls (cap|max|inv|bt):  0| 0| 0| 0| runtime:  648.8 ms | cr: 2595.3
    535. dt:  0.25 ms | #newton:  1 | ph:  0.0% | #CG/newton: 1235 | ls (cap|max|inv|bt):  0| 0| 0| 0| runtime:  645.7 ms | cr: 2582.9
    536. dt:  0.25 ms | #newton:  1 | ph:  0.0% | #CG/newton: 1247 | ls (cap|max|inv|bt):  0| 0| 0| 0| runtime:  650.9 ms | cr: 2603.7
    537. dt:  0.25 ms | #newton:  1 | ph:  0.0% | #CG/newton: 1156 | ls (cap|max|inv|bt):  0| 0| 0| 0| runtime:  607.8 ms | cr: 2431.4
    538. dt:  0.25 ms | #newton:  1 | ph:  0.0% | #CG/newton: 1216 | ls (cap|max|inv|bt):  0| 0| 0| 0| runtime:  635.3 ms | cr: 2541.1
    539. dt:  0.25 ms | #newton:  1 | ph:  0.0% | #CG/newton: 1249 | ls (cap|max|inv|bt):  0| 0| 0| 0| runtime:  653.5 ms | cr: 2613.8
    540. dt:  0.25 ms | #newton:  1 | ph:  0.0% | #CG/newton: 1201 | ls (cap|max|inv|bt):  0| 0| 0| 0| runtime:  632.1 ms | cr: 2528.2
    541. dt:  0.25 ms | #newton:  1 | ph:  0.0% | #CG/newton: 1256 | ls (cap|max|inv|bt):  0| 0| 0| 0| runtime:  650.4 ms | cr: 2601.6
    542. dt:  0.25 ms | #newton:  1 | ph:  0.0% | #CG/newton: 1511 | ls (cap|max|inv|bt):  0| 0| 0| 0| runtime:  756.3 ms | cr: 3025.3
    543. dt:  0.25 ms | #newton:  1 | ph:  0.0% | #CG/newton: 1502 | ls (cap|max|inv|bt):  0| 0| 0| 0| runtime:  748.2 ms | cr: 2993.0
    544. dt:  0.25 ms | #newton:  1 | ph:  0.0% | #CG/newton: 1486 | ls (cap|max|inv|bt):  0| 0| 0| 0| runtime:  755.3 ms | cr: 3021.1
    545. dt:  0.25 ms | #newton:  1 | ph:  0.0% | #CG/newton: 1515 | ls (cap|max|inv|bt):  0| 0| 0| 0| runtime:  765.6 ms | cr: 3062.5
    546. dt:  0.25 ms | #newton:  1 | ph:  0.0% | #CG/newton: 1488 | ls (cap|max|inv|bt):  0| 0| 0| 0| runtime:  750.3 ms | cr: 3001.3
    547. dt:  0.25 ms | #newton:  1 | ph:  0.0% | #CG/newton: 1479 | ls (cap|max|inv|bt):  0| 0| 0| 0| runtime:  741.2 ms | cr: 2964.7
    548. dt:  0.25 ms | #newton:  1 | ph:  0.0% | #CG/newton: 1505 | ls (cap|max|inv|bt):  0| 0| 0| 0| runtime:  757.3 ms | cr: 3029.3
    549. dt:  0.25 ms | #newton:  1 | ph:  0.0% | #CG/newton: 1517 | ls (cap|max|inv|bt):  0| 0| 0| 0| runtime:  759.3 ms | cr: 3037.0
    550. dt:  0.25 ms | #newton:  1 | ph:  0.0% | #CG/newton: 1426 | ls (cap|max|inv|bt):  0| 0| 0| 0| runtime:  765.9 ms | cr: 3063.6
    551. dt:  0.25 ms | #newton:  1 | ph:  0.0% | #CG/newton: 1490 | ls (cap|max|inv|bt):  0| 0| 0| 0| runtime:  749.0 ms | cr: 2996.1
    552. dt:  0.25 ms | #newton:  1 | ph:  0.0% | #CG/newton: 1507 | ls (cap|max|inv|bt):  0| 0| 0| 0| runtime:  751.5 ms | cr: 3005.8
    553. dt:  0.25 ms | #newton:  1 | ph:  0.0% | #CG/newton: 1491 | ls (cap|max|inv|bt):  0| 0| 0| 0| runtime:  755.8 ms | cr: 3023.2
    554. dt:  0.25 ms | #newton:  1 | ph:  0.0% | #CG/newton: 1491 | ls (cap|max|inv|bt):  0| 0| 0| 0| runtime:  753.6 ms | cr: 3014.5
    555. dt:  0.25 ms | #newton:  1 | ph:  0.0% | #CG/newton: 1476 | ls (cap|max|inv|bt):  0| 0| 0| 0| runtime:  757.7 ms | cr: 3030.9
    556. dt:  0.25 ms | #newton:  1 | ph:  0.0% | #CG/newton: 1501 | ls (cap|max|inv|bt):  0| 0| 0| 0| runtime:  751.4 ms | cr: 3005.7
    557. dt:  0.25 ms | #newton:  1 | ph:  0.0% | #CG/newton: 1515 | ls (cap|max|inv|bt):  0| 0| 0| 0| runtime:  752.3 ms | cr: 3009.2
    558. dt:  0.25 ms | #newton:  1 | ph:  0.0% | #CG/newton: 1498 | ls (cap|max|inv|bt):  0| 0| 0| 0| runtime:  751.3 ms | cr: 3005.3
    559. dt:  0.25 ms | #newton:  1 | ph:  0.0% | #CG/newton: 1504 | ls (cap|max|inv|bt):  0| 0| 0| 0| runtime:  756.4 ms | cr: 3025.7
    560. dt:  0.25 ms | #newton:  1 | ph:  0.0% | #CG/newton: 1468 | ls (cap|max|inv|bt):  0| 0| 0| 0| runtime:  762.9 ms | cr: 3051.4
    561. dt:  0.25 ms | #newton:  1 | ph:  0.0% | #CG/newton: 1502 | ls (cap|max|inv|bt):  0| 0| 0| 0| runtime:  756.3 ms | cr: 3025.3
    562. dt:  0.25 ms | #newton:  1 | ph:  0.0% | #CG/newton: 1518 | ls (cap|max|inv|bt):  0| 0| 0| 0| runtime:  762.4 ms | cr: 3049.7
    563. dt:  0.25 ms | #newton:  1 | ph:  0.0% | #CG/newton: 1503 | ls (cap|max|inv|bt):  0| 0| 0| 0| runtime:  752.8 ms | cr: 3011.4
    564. dt:  0.25 ms | #newton:  1 | ph:  0.0% | #CG/newton: 1523 | ls (cap|max|inv|bt):  0| 0| 0| 0| runtime:  761.6 ms | cr: 3046.6
    565. dt:  0.25 ms | #newton:  1 | ph:  0.0% | #CG/newton: 1516 | ls (cap|max|inv|bt):  0| 0| 0| 0| runtime:  775.9 ms | cr: 3103.8
    566. dt:  0.25 ms | #newton:  1 | ph:  0.0% | #CG/newton: 1528 | ls (cap|max|inv|bt):  0| 0| 0| 0| runtime:  770.7 ms | cr: 3083.0
    567. dt:  0.25 ms | #newton:  1 | ph:  0.0% | #CG/newton: 1530 | ls (cap|max|inv|bt):  0| 0| 0| 0| runtime:  776.3 ms | cr: 3105.0
    568. dt:  0.25 ms | #newton:  1 | ph:  0.0% | #CG/newton: 1526 | ls (cap|max|inv|bt):  0| 0| 0| 0| runtime:  763.6 ms | cr: 3054.5
    569. dt:  0.25 ms | #newton:  1 | ph:  0.0% | #CG/newton: 1525 | ls (cap|max|inv|bt):  0| 0| 0| 0| runtime:  760.1 ms | cr: 3040.2
    570. dt:  0.25 ms | #newton:  1 | ph:  0.0% | #CG/newton: 1515 | ls (cap|max|inv|bt):  0| 0| 0| 0| runtime:  735.4 ms | cr: 2941.6
    571. dt:  0.25 ms | #newton:  1 | ph:  0.0% | #CG/newton: 1503 | ls (cap|max|inv|bt):  0| 0| 0| 0| runtime:  727.2 ms | cr: 2908.8
    572. dt:  0.25 ms | #newton:  1 | ph:  0.0% | #CG/newton: 1506 | ls (cap|max|inv|bt):  0| 0| 0| 0| runtime:  729.6 ms | cr: 2918.6
    573. dt:  0.25 ms | #newton:  1 | ph:  0.0% | #CG/newton: 1520 | ls (cap|max|inv|bt):  0| 0| 0| 0| runtime:  729.6 ms | cr: 2918.5
    574. dt:  0.25 ms | #newton:  1 | ph:  0.0% | #CG/newton: 1509 | ls (cap|max|inv|bt):  0| 0| 0| 0| runtime:  735.4 ms | cr: 2941.5
    575. dt:  0.25 ms | #newton:  1 | ph:  0.0% | #CG/newton: 1501 | ls (cap|max|inv|bt):  0| 0| 0| 0| runtime:  772.8 ms | cr: 3091.3
    576. dt:  0.25 ms | #newton:  1 | ph:  0.0% | #CG/newton: 1512 | ls (cap|max|inv|bt):  0| 0| 0| 0| runtime:  763.1 ms | cr: 3052.4
    577. dt:  0.25 ms | #newton:  1 | ph:  0.0% | #CG/newton: 1505 | ls (cap|max|inv|bt):  0| 0| 0| 0| runtime:  769.4 ms | cr: 3077.6
    578. dt:  0.25 ms | #newton:  1 | ph:  0.0% | #CG/newton: 1508 | ls (cap|max|inv|bt):  0| 0| 0| 0| runtime:  760.9 ms | cr: 3043.4
    579. dt:  0.25 ms | #newton:  1 | ph:  0.0% | #CG/newton: 1508 | ls (cap|max|inv|bt):  0| 0| 0| 0| runtime:  778.8 ms | cr: 3115.1
    580. dt:  0.25 ms | #newton:  1 | ph:  0.0% | #CG/newton: 1515 | ls (cap|max|inv|bt):  0| 0| 0| 0| runtime:  767.8 ms | cr: 3071.4
    581. dt:  0.25 ms | #newton:  1 | ph:  0.0% | #CG/newton: 1540 | ls (cap|max|inv|bt):  0| 0| 0| 0| runtime:  775.9 ms | cr: 3103.6
    582. dt:  0.25 ms | #newton:  1 | ph:  0.0% | #CG/newton: 1535 | ls (cap|max|inv|bt):  0| 0| 0| 0| runtime:  774.1 ms | cr: 3096.3
    583. dt:  0.25 ms | #newton:  1 | ph:  0.0% | #CG/newton: 1545 | ls (cap|max|inv|bt):  0| 0| 0| 0| runtime:  775.9 ms | cr: 3103.4
    584. dt:  0.25 ms | #newton:  1 | ph:  0.0% | #CG/newton: 1545 | ls (cap|max|inv|bt):  0| 0| 0| 0| runtime:  779.1 ms | cr: 3116.5
    585. dt:  0.25 ms | #newton:  1 | ph:  0.0% | #CG/newton: 1545 | ls (cap|max|inv|bt):  0| 0| 0| 0| runtime:  775.1 ms | cr: 3100.5
    586. dt:  0.25 ms | #newton:  1 | ph:  0.0% | #CG/newton: 1551 | ls (cap|max|inv|bt):  0| 0| 0| 0| runtime:  781.8 ms | cr: 3127.1
    587. dt:  0.25 ms | #newton:  1 | ph:  0.0% | #CG/newton: 1298 | ls (cap|max|inv|bt):  0| 0| 0| 0| runtime:  683.9 ms | cr: 2735.8
    588. dt:  0.25 ms | #newton:  1 | ph:  0.0% | #CG/newton: 1269 | ls (cap|max|inv|bt):  0| 0| 0| 0| runtime:  669.0 ms | cr: 2676.1
    589. dt:  0.25 ms | #newton:  1 | ph:  0.0% | #CG/newton: 1533 | ls (cap|max|inv|bt):  0| 0| 0| 0| runtime:  773.6 ms | cr: 3094.3
    590. dt:  0.25 ms | #newton:  1 | ph:  0.0% | #CG/newton: 1547 | ls (cap|max|inv|bt):  0| 0| 0| 0| runtime:  791.5 ms | cr: 3166.1
    591. dt:  0.25 ms | #newton:  1 | ph:  0.0% | #CG/newton: 1295 | ls (cap|max|inv|bt):  0| 0| 0| 0| runtime:  678.2 ms | cr: 2713.0
    592. dt:  0.25 ms | #newton:  1 | ph:  0.0% | #CG/newton: 1290 | ls (cap|max|inv|bt):  0| 0| 0| 0| runtime:  669.7 ms | cr: 2679.0
    593. dt:  0.25 ms | #newton:  1 | ph:  0.0% | #CG/newton: 1296 | ls (cap|max|inv|bt):  0| 0| 0| 0| runtime:  667.9 ms | cr: 2671.6
    594. dt:  0.25 ms | #newton:  1 | ph:  0.0% | #CG/newton: 1289 | ls (cap|max|inv|bt):  0| 0| 0| 0| runtime:  675.9 ms | cr: 2703.5
    595. dt:  0.25 ms | #newton:  1 | ph:  0.0% | #CG/newton: 1295 | ls (cap|max|inv|bt):  0| 0| 0| 0| runtime:  670.8 ms | cr: 2683.3
    596. dt:  0.25 ms | #newton:  1 | ph:  0.0% | #CG/newton: 1291 | ls (cap|max|inv|bt):  0| 0| 0| 0| runtime:  677.7 ms | cr: 2710.9
    597. dt:  0.25 ms | #newton:  1 | ph:  0.0% | #CG/newton: 1296 | ls (cap|max|inv|bt):  0| 0| 0| 0| runtime:  661.8 ms | cr: 2647.3
    598. dt:  0.25 ms | #newton:  1 | ph:  0.0% | #CG/newton: 1293 | ls (cap|max|inv|bt):  0| 0| 0| 0| runtime:  639.1 ms | cr: 2556.3
    599. dt:  0.25 ms | #newton:  1 | ph:  0.0% | #CG/newton: 1296 | ls (cap|max|inv|bt):  0| 0| 0| 0| runtime:  659.8 ms | cr: 2639.3
    600. dt:  0.25 ms | #newton:  1 | ph:  0.0% | #CG/newton: 1292 | ls (cap|max|inv|bt):  0| 0| 0| 0| runtime:  664.3 ms | cr: 2657.3
    601. dt:  0.25 ms | #newton:  1 | ph:  0.0% | #CG/newton: 1294 | ls (cap|max|inv|bt):  0| 0| 0| 0| runtime:  672.6 ms | cr: 2690.5
    602. dt:  0.25 ms | #newton:  1 | ph:  0.0% | #CG/newton: 1238 | ls (cap|max|inv|bt):  0| 0| 0| 0| runtime:  649.2 ms | cr: 2596.7
    603. dt:  0.25 ms | #newton:  1 | ph:  0.0% | #CG/newton: 1290 | ls (cap|max|inv|bt):  0| 0| 0| 0| runtime:  661.8 ms | cr: 2647.1
    604. dt:  0.25 ms | #newton:  1 | ph:  0.0% | #CG/newton: 1231 | ls (cap|max|inv|bt):  0| 0| 0| 0| runtime:  641.3 ms | cr: 2565.1
    605. dt:  0.25 ms | #newton:  1 | ph:  0.0% | #CG/newton: 1273 | ls (cap|max|inv|bt):  0| 0| 0| 0| runtime:  659.4 ms | cr: 2637.8
    606. dt:  0.25 ms | #newton:  1 | ph:  0.0% | #CG/newton: 1293 | ls (cap|max|inv|bt):  0| 0| 0| 0| runtime:  662.1 ms | cr: 2648.4
    607. dt:  0.25 ms | #newton:  1 | ph:  0.0% | #CG/newton: 1292 | ls (cap|max|inv|bt):  0| 0| 0| 0| runtime:  662.8 ms | cr: 2651.3
    608. dt:  0.25 ms | #newton:  1 | ph:  0.0% | #CG/newton: 1296 | ls (cap|max|inv|bt):  0| 0| 0| 0| runtime:  671.3 ms | cr: 2685.2
    609. dt:  0.25 ms | #newton:  1 | ph:  0.0% | #CG/newton: 1296 | ls (cap|max|inv|bt):  0| 0| 0| 0| runtime:  667.9 ms | cr: 2671.8
    610. dt:  0.25 ms | #newton:  1 | ph:  0.0% | #CG/newton: 1296 | ls (cap|max|inv|bt):  0| 0| 0| 0| runtime:  664.8 ms | cr: 2659.2
    611. dt:  0.25 ms | #newton:  1 | ph:  0.0% | #CG/newton: 1296 | ls (cap|max|inv|bt):  0| 0| 0| 0| runtime:  669.5 ms | cr: 2678.0
    612. dt:  0.25 ms | #newton:  1 | ph:  0.0% | #CG/newton: 1294 | ls (cap|max|inv|bt):  0| 0| 0| 0| runtime:  643.3 ms | cr: 2573.3
    613. dt:  0.25 ms | #newton:  1 | ph:  0.0% | #CG/newton: 1297 | ls (cap|max|inv|bt):  0| 0| 0| 0| runtime:  675.6 ms | cr: 2702.4
    614. dt:  0.25 ms | #newton:  1 | ph:  0.0% | #CG/newton: 1291 | ls (cap|max|inv|bt):  0| 0| 0| 0| runtime:  672.2 ms | cr: 2688.8
    615. dt:  0.25 ms | #newton:  1 | ph:  0.0% | #CG/newton: 1299 | ls (cap|max|inv|bt):  0| 0| 0| 0| runtime:  682.3 ms | cr: 2729.3
    616. dt:  0.25 ms | #newton:  1 | ph:  0.0% | #CG/newton: 1269 | ls (cap|max|inv|bt):  0| 0| 0| 0| runtime:  671.9 ms | cr: 2687.4
    617. dt:  0.25 ms | #newton:  1 | ph:  0.0% | #CG/newton: 1301 | ls (cap|max|inv|bt):  0| 0| 0| 0| runtime:  666.4 ms | cr: 2665.6
    618. dt:  0.25 ms | #newton:  1 | ph:  0.0% | #CG/newton: 1258 | ls (cap|max|inv|bt):  0| 0| 0| 0| runtime:  654.1 ms | cr: 2616.2
    619. dt:  0.25 ms | #newton:  1 | ph:  0.0% | #CG/newton: 1298 | ls (cap|max|inv|bt):  0| 0| 0| 0| runtime:  673.3 ms | cr: 2693.0
    620. dt:  0.25 ms | #newton:  1 | ph:  0.0% | #CG/newton: 1273 | ls (cap|max|inv|bt):  0| 0| 0| 0| runtime:  667.2 ms | cr: 2669.0
    621. dt:  0.25 ms | #newton:  1 | ph:  0.0% | #CG/newton: 1299 | ls (cap|max|inv|bt):  0| 0| 0| 0| runtime:  674.6 ms | cr: 2698.5
    622. dt:  0.25 ms | #newton:  1 | ph:  0.0% | #CG/newton: 1256 | ls (cap|max|inv|bt):  0| 0| 0| 0| runtime:  661.0 ms | cr: 2643.9
    623. dt:  0.25 ms | #newton:  1 | ph:  0.0% | #CG/newton: 1298 | ls (cap|max|inv|bt):  0| 0| 0| 0| runtime:  679.8 ms | cr: 2719.3
    624. dt:  0.25 ms | #newton:  1 | ph:  0.0% | #CG/newton: 1293 | ls (cap|max|inv|bt):  0| 0| 0| 0| runtime:  649.6 ms | cr: 2598.3
    625. dt:  0.25 ms | #newton:  1 | ph:  0.0% | #CG/newton: 1295 | ls (cap|max|inv|bt):  0| 0| 0| 0| runtime:  650.1 ms | cr: 2600.3
    626. dt:  0.25 ms | #newton:  1 | ph:  0.0% | #CG/newton: 1289 | ls (cap|max|inv|bt):  0| 0| 0| 0| runtime:  670.8 ms | cr: 2683.0
    627. dt:  0.25 ms | #newton:  1 | ph:  0.0% | #CG/newton: 1296 | ls (cap|max|inv|bt):  0| 0| 0| 0| runtime:  667.4 ms | cr: 2669.6
    628. dt:  0.25 ms | #newton:  1 | ph:  0.0% | #CG/newton: 1266 | ls (cap|max|inv|bt):  0| 0| 0| 0| runtime:  650.0 ms | cr: 2600.2
    629. dt:  0.25 ms | #newton:  1 | ph:  0.0% | #CG/newton: 1298 | ls (cap|max|inv|bt):  0| 0| 0| 0| runtime:  652.9 ms | cr: 2611.5
    630. dt:  0.25 ms | #newton:  1 | ph:  0.0% | #CG/newton: 1253 | ls (cap|max|inv|bt):  0| 0| 0| 0| runtime:  657.6 ms | cr: 2630.4
    631. dt:  0.25 ms | #newton:  1 | ph:  0.0% | #CG/newton: 1297 | ls (cap|max|inv|bt):  0| 0| 0| 0| runtime:  679.7 ms | cr: 2719.0
    632. dt:  0.25 ms | #newton:  1 | ph:  0.0% | #CG/newton: 1285 | ls (cap|max|inv|bt):  0| 0| 0| 0| runtime:  663.8 ms | cr: 2655.1
    633. dt:  0.25 ms | #newton:  1 | ph:  0.0% | #CG/newton: 1295 | ls (cap|max|inv|bt):  0| 0| 0| 0| runtime:  678.9 ms | cr: 2715.7
    634. dt:  0.25 ms | #newton:  1 | ph:  0.0% | #CG/newton: 1262 | ls (cap|max|inv|bt):  0| 0| 0| 0| runtime:  690.1 ms | cr: 2760.5
    635. dt:  0.25 ms | #newton:  1 | ph:  0.0% | #CG/newton: 1299 | ls (cap|max|inv|bt):  0| 0| 0| 0| runtime:  678.3 ms | cr: 2713.2
    636. dt:  0.25 ms | #newton:  1 | ph:  0.0% | #CG/newton: 1257 | ls (cap|max|inv|bt):  0| 0| 0| 0| runtime:  659.8 ms | cr: 2639.1
    637. dt:  0.25 ms | #newton:  1 | ph:  0.0% | #CG/newton: 1298 | ls (cap|max|inv|bt):  0| 0| 0| 0| runtime:  682.3 ms | cr: 2729.1
    638. dt:  0.25 ms | #newton:  1 | ph:  0.0% | #CG/newton: 1289 | ls (cap|max|inv|bt):  0| 0| 0| 0| runtime:  660.6 ms | cr: 2642.5
    639. dt:  0.25 ms | #newton:  1 | ph:  0.0% | #CG/newton: 1296 | ls (cap|max|inv|bt):  0| 0| 0| 0| runtime:  655.6 ms | cr: 2622.4
    640. dt:  0.25 ms | #newton:  1 | ph:  0.0% | #CG/newton: 1265 | ls (cap|max|inv|bt):  0| 0| 0| 0| runtime:  652.0 ms | cr: 2608.1
    641. dt:  0.25 ms | #newton:  1 | ph:  0.0% | #CG/newton: 1297 | ls (cap|max|inv|bt):  0| 0| 0| 0| runtime:  667.2 ms | cr: 2668.7
    642. dt:  0.25 ms | #newton:  1 | ph:  0.0% | #CG/newton: 1256 | ls (cap|max|inv|bt):  0| 0| 0| 0| runtime:  644.1 ms | cr: 2576.6
    643. dt:  0.25 ms | #newton:  1 | ph:  0.0% | #CG/newton: 1297 | ls (cap|max|inv|bt):  0| 0| 0| 0| runtime:  668.6 ms | cr: 2674.3
    644. dt:  0.25 ms | #newton:  1 | ph:  0.0% | #CG/newton: 1290 | ls (cap|max|inv|bt):  0| 0| 0| 0| runtime:  661.7 ms | cr: 2646.7
    645. dt:  0.25 ms | #newton:  1 | ph:  0.0% | #CG/newton: 1294 | ls (cap|max|inv|bt):  0| 0| 0| 0| runtime:  659.6 ms | cr: 2638.5
    646. dt:  0.25 ms | #newton:  1 | ph:  0.0% | #CG/newton: 1292 | ls (cap|max|inv|bt):  0| 0| 0| 0| runtime:  666.6 ms | cr: 2666.4
    647. dt:  0.25 ms | #newton:  1 | ph:  0.0% | #CG/newton: 1294 | ls (cap|max|inv|bt):  0| 0| 0| 0| runtime:  666.1 ms | cr: 2664.4
    648. dt:  0.25 ms | #newton:  1 | ph:  0.0% | #CG/newton: 1293 | ls (cap|max|inv|bt):  0| 0| 0| 0| runtime:  664.5 ms | cr: 2658.0
    649. dt:  0.25 ms | #newton:  1 | ph:  0.0% | #CG/newton: 1294 | ls (cap|max|inv|bt):  0| 0| 0| 0| runtime:  668.7 ms | cr: 2674.6
    650. dt:  0.25 ms | #newton:  1 | ph:  0.0% | #CG/newton: 1291 | ls (cap|max|inv|bt):  0| 0| 0| 0| runtime:  657.5 ms | cr: 2630.2
    651. dt:  0.25 ms | #newton:  1 | ph:  0.0% | #CG/newton: 1295 | ls (cap|max|inv|bt):  0| 0| 0| 0| runtime:  665.8 ms | cr: 2663.0
    652. dt:  0.25 ms | #newton:  1 | ph:  0.0% | #CG/newton: 1253 | ls (cap|max|inv|bt):  0| 0| 0| 0| runtime:  652.4 ms | cr: 2609.4
    653. dt:  0.25 ms | #newton:  1 | ph:  0.0% | #CG/newton: 1297 | ls (cap|max|inv|bt):  0| 0| 0| 0| runtime:  641.1 ms | cr: 2564.3
    654. dt:  0.25 ms | #newton:  1 | ph:  0.0% | #CG/newton: 1253 | ls (cap|max|inv|bt):  0| 0| 0| 0| runtime:  635.7 ms | cr: 2542.9
    655. dt:  0.25 ms | #newton:  1 | ph:  0.0% | #CG/newton: 1163 | ls (cap|max|inv|bt):  0| 0| 0| 0| runtime:  611.6 ms | cr: 2446.5
    656. dt:  0.25 ms | #newton:  1 | ph:  0.0% | #CG/newton: 1291 | ls (cap|max|inv|bt):  0| 0| 0| 0| runtime:  668.9 ms | cr: 2675.6
    657. dt:  0.25 ms | #newton:  1 | ph:  0.0% | #CG/newton: 1289 | ls (cap|max|inv|bt):  0| 0| 0| 0| runtime:  667.7 ms | cr: 2670.9
    658. dt:  0.25 ms | #newton:  1 | ph:  0.0% | #CG/newton: 1290 | ls (cap|max|inv|bt):  0| 0| 0| 0| runtime:  671.7 ms | cr: 2687.0
    659. dt:  0.25 ms | #newton:  1 | ph:  0.0% | #CG/newton: 1291 | ls (cap|max|inv|bt):  0| 0| 0| 0| runtime:  655.3 ms | cr: 2621.1
    660. dt:  0.25 ms | #newton:  1 | ph:  0.0% | #CG/newton: 1290 | ls (cap|max|inv|bt):  0| 0| 0| 0| runtime:  660.9 ms | cr: 2643.7
    661. dt:  0.25 ms | #newton:  1 | ph:  0.0% | #CG/newton: 1294 | ls (cap|max|inv|bt):  0| 0| 0| 0| runtime:  669.6 ms | cr: 2678.5
    662. dt:  0.25 ms | #newton:  1 | ph:  0.0% | #CG/newton: 1255 | ls (cap|max|inv|bt):  0| 0| 0| 0| runtime:  643.6 ms | cr: 2574.3
    663. dt:  0.25 ms | #newton:  1 | ph:  0.0% | #CG/newton: 1296 | ls (cap|max|inv|bt):  0| 0| 0| 0| runtime:  664.5 ms | cr: 2657.9
    664. dt:  0.25 ms | #newton:  1 | ph:  0.0% | #CG/newton: 1278 | ls (cap|max|inv|bt):  0| 0| 0| 0| runtime:  653.7 ms | cr: 2614.8
    665. dt:  0.25 ms | #newton:  1 | ph:  0.0% | #CG/newton: 1245 | ls (cap|max|inv|bt):  0| 0| 0| 0| runtime:  646.9 ms | cr: 2587.7
    666. dt:  0.25 ms | #newton:  1 | ph:  0.0% | #CG/newton: 1278 | ls (cap|max|inv|bt):  0| 0| 0| 0| runtime:  656.4 ms | cr: 2625.8
[Frame: 5] Time: 0.167 s
    667. dt:  0.25 ms | #newton:  1 | ph:  0.0% | #CG/newton: 1267 | ls (cap|max|inv|bt):  0| 0| 0| 0| runtime:  648.6 ms | cr: 2594.5
    668. dt:  0.25 ms | #newton:  1 | ph:  0.0% | #CG/newton: 1295 | ls (cap|max|inv|bt):  0| 0| 0| 0| runtime:  665.2 ms | cr: 2660.7
    669. dt:  0.25 ms | #newton:  1 | ph:  0.0% | #CG/newton: 1258 | ls (cap|max|inv|bt):  0| 0| 0| 0| runtime:  650.6 ms | cr: 2602.4
    670. dt:  0.25 ms | #newton:  1 | ph:  0.0% | #CG/newton: 1240 | ls (cap|max|inv|bt):  0| 0| 0| 0| runtime:  638.8 ms | cr: 2555.2
    671. dt:  0.25 ms | #newton:  1 | ph:  0.0% | #CG/newton: 1252 | ls (cap|max|inv|bt):  0| 0| 0| 0| runtime:  641.7 ms | cr: 2566.8
    672. dt:  0.25 ms | #newton:  1 | ph:  0.0% | #CG/newton: 1285 | ls (cap|max|inv|bt):  0| 0| 0| 0| runtime:  664.1 ms | cr: 2656.6
    673. dt:  0.25 ms | #newton:  1 | ph:  0.0% | #CG/newton: 1238 | ls (cap|max|inv|bt):  0| 0| 0| 0| runtime:  638.9 ms | cr: 2555.7
    674. dt:  0.25 ms | #newton:  1 | ph:  0.0% | #CG/newton: 1233 | ls (cap|max|inv|bt):  0| 0| 0| 0| runtime:  641.3 ms | cr: 2565.3
    675. dt:  0.25 ms | #newton:  1 | ph:  0.0% | #CG/newton: 1253 | ls (cap|max|inv|bt):  0| 0| 0| 0| runtime:  651.4 ms | cr: 2605.7
    676. dt:  0.25 ms | #newton:  1 | ph:  0.0% | #CG/newton: 1243 | ls (cap|max|inv|bt):  0| 0| 0| 0| runtime:  642.7 ms | cr: 2570.6
    677. dt:  0.25 ms | #newton:  1 | ph:  0.0% | #CG/newton: 1287 | ls (cap|max|inv|bt):  0| 0| 0| 0| runtime:  645.4 ms | cr: 2581.7
    678. dt:  0.25 ms | #newton:  1 | ph:  0.0% | #CG/newton: 1253 | ls (cap|max|inv|bt):  0| 0| 0| 0| runtime:  629.3 ms | cr: 2517.3
    679. dt:  0.25 ms | #newton:  1 | ph:  0.0% | #CG/newton: 1293 | ls (cap|max|inv|bt):  0| 0| 0| 0| runtime:  638.1 ms | cr: 2552.3
    680. dt:  0.25 ms | #newton:  1 | ph:  0.0% | #CG/newton: 1250 | ls (cap|max|inv|bt):  0| 0| 0| 0| runtime:  627.6 ms | cr: 2510.3
    681. dt:  0.25 ms | #newton:  1 | ph:  0.0% | #CG/newton: 1266 | ls (cap|max|inv|bt):  0| 0| 0| 0| runtime:  660.2 ms | cr: 2640.8
    682. dt:  0.25 ms | #newton:  1 | ph:  0.0% | #CG/newton: 1292 | ls (cap|max|inv|bt):  0| 0| 0| 0| runtime:  668.4 ms | cr: 2673.8
    683. dt:  0.25 ms | #newton:  1 | ph:  0.0% | #CG/newton: 1249 | ls (cap|max|inv|bt):  0| 0| 0| 0| runtime:  632.3 ms | cr: 2529.3
    684. dt:  0.25 ms | #newton:  1 | ph:  0.0% | #CG/newton: 1275 | ls (cap|max|inv|bt):  0| 0| 0| 0| runtime:  645.2 ms | cr: 2580.9
    685. dt:  0.25 ms | #newton:  1 | ph:  0.0% | #CG/newton: 1290 | ls (cap|max|inv|bt):  0| 0| 0| 0| runtime:  638.1 ms | cr: 2552.4
    686. dt:  0.25 ms | #newton:  1 | ph:  0.0% | #CG/newton: 1290 | ls (cap|max|inv|bt):  0| 0| 0| 0| runtime:  640.0 ms | cr: 2560.0
    687. dt:  0.25 ms | #newton:  1 | ph:  0.0% | #CG/newton: 1291 | ls (cap|max|inv|bt):  0| 0| 0| 0| runtime:  642.4 ms | cr: 2569.5
    688. dt:  0.25 ms | #newton:  1 | ph:  0.0% | #CG/newton: 1291 | ls (cap|max|inv|bt):  0| 0| 0| 0| runtime:  636.6 ms | cr: 2546.4
    689. dt:  0.25 ms | #newton:  1 | ph:  0.0% | #CG/newton: 1294 | ls (cap|max|inv|bt):  0| 0| 0| 0| runtime:  636.1 ms | cr: 2544.3
    690. dt:  0.25 ms | #newton:  1 | ph:  0.0% | #CG/newton: 1293 | ls (cap|max|inv|bt):  0| 0| 0| 0| runtime:  644.3 ms | cr: 2577.1
    691. dt:  0.25 ms | #newton:  1 | ph:  0.0% | #CG/newton: 1290 | ls (cap|max|inv|bt):  0| 0| 0| 0| runtime:  639.6 ms | cr: 2558.5
    692. dt:  0.25 ms | #newton:  1 | ph:  0.0% | #CG/newton: 1294 | ls (cap|max|inv|bt):  0| 0| 0| 0| runtime:  648.4 ms | cr: 2593.5
    693. dt:  0.25 ms | #newton:  1 | ph:  0.0% | #CG/newton: 1297 | ls (cap|max|inv|bt):  0| 0| 0| 0| runtime:  641.3 ms | cr: 2565.0
    694. dt:  0.25 ms | #newton:  1 | ph:  0.0% | #CG/newton: 1282 | ls (cap|max|inv|bt):  0| 0| 0| 0| runtime:  653.7 ms | cr: 2614.6
    695. dt:  0.25 ms | #newton:  1 | ph:  0.0% | #CG/newton: 1294 | ls (cap|max|inv|bt):  0| 0| 0| 0| runtime:  651.4 ms | cr: 2605.6
    696. dt:  0.25 ms | #newton:  1 | ph:  0.0% | #CG/newton: 1268 | ls (cap|max|inv|bt):  0| 0| 0| 0| runtime:  651.9 ms | cr: 2607.7
    697. dt:  0.25 ms | #newton:  1 | ph:  0.0% | #CG/newton: 1266 | ls (cap|max|inv|bt):  0| 0| 0| 0| runtime:  652.5 ms | cr: 2610.2
    698. dt:  0.25 ms | #newton:  1 | ph:  0.0% | #CG/newton: 1291 | ls (cap|max|inv|bt):  0| 0| 0| 0| runtime:  656.1 ms | cr: 2624.6
    699. dt:  0.25 ms | #newton:  1 | ph:  0.0% | #CG/newton: 1240 | ls (cap|max|inv|bt):  0| 0| 0| 0| runtime:  634.3 ms | cr: 2537.2
    700. dt:  0.25 ms | #newton:  1 | ph:  0.0% | #CG/newton: 1285 | ls (cap|max|inv|bt):  0| 0| 0| 0| runtime:  663.0 ms | cr: 2651.9
    701. dt:  0.25 ms | #newton:  1 | ph:  0.0% | #CG/newton: 1278 | ls (cap|max|inv|bt):  0| 0| 0| 0| runtime:  657.9 ms | cr: 2631.7
    702. dt:  0.25 ms | #newton:  1 | ph:  0.0% | #CG/newton: 1289 | ls (cap|max|inv|bt):  0| 0| 0| 0| runtime:  663.5 ms | cr: 2654.0
    703. dt:  0.25 ms | #newton:  1 | ph:  0.0% | #CG/newton: 1282 | ls (cap|max|inv|bt):  0| 0| 0| 0| runtime:  665.5 ms | cr: 2662.0
    704. dt:  0.25 ms | #newton:  1 | ph:  0.0% | #CG/newton: 1274 | ls (cap|max|inv|bt):  0| 0| 0| 0| runtime:  653.7 ms | cr: 2614.7
    705. dt:  0.25 ms | #newton:  1 | ph:  0.0% | #CG/newton: 1284 | ls (cap|max|inv|bt):  0| 0| 0| 0| runtime:  655.3 ms | cr: 2621.3
    706. dt:  0.25 ms | #newton:  1 | ph:  0.0% | #CG/newton: 1281 | ls (cap|max|inv|bt):  0| 0| 0| 0| runtime:  651.8 ms | cr: 2607.0
    707. dt:  0.25 ms | #newton:  1 | ph:  0.0% | #CG/newton: 1287 | ls (cap|max|inv|bt):  0| 0| 0| 0| runtime:  667.1 ms | cr: 2668.6
    708. dt:  0.25 ms | #newton:  1 | ph:  0.0% | #CG/newton: 1230 | ls (cap|max|inv|bt):  0| 0| 0| 0| runtime:  639.0 ms | cr: 2556.0
    709. dt:  0.25 ms | #newton:  1 | ph:  0.0% | #CG/newton: 1157 | ls (cap|max|inv|bt):  0| 0| 0| 0| runtime:  609.1 ms | cr: 2436.5
    710. dt:  0.25 ms | #newton:  1 | ph:  0.0% | #CG/newton: 1274 | ls (cap|max|inv|bt):  0| 0| 0| 0| runtime:  649.0 ms | cr: 2595.8
    711. dt:  0.25 ms | #newton:  1 | ph:  0.0% | #CG/newton: 1283 | ls (cap|max|inv|bt):  0| 0| 0| 0| runtime:  659.8 ms | cr: 2639.3
    712. dt:  0.25 ms | #newton:  1 | ph:  0.0% | #CG/newton: 1287 | ls (cap|max|inv|bt):  0| 0| 0| 0| runtime:  658.9 ms | cr: 2635.5
    713. dt:  0.25 ms | #newton:  1 | ph:  0.0% | #CG/newton: 1282 | ls (cap|max|inv|bt):  0| 0| 0| 0| runtime:  653.8 ms | cr: 2615.0
    714. dt:  0.25 ms | #newton:  1 | ph:  0.0% | #CG/newton: 1281 | ls (cap|max|inv|bt):  0| 0| 0| 0| runtime:  658.3 ms | cr: 2633.3
    715. dt:  0.25 ms | #newton:  1 | ph:  0.0% | #CG/newton: 1273 | ls (cap|max|inv|bt):  0| 0| 0| 0| runtime:  646.8 ms | cr: 2587.3
    716. dt:  0.25 ms | #newton:  1 | ph:  0.0% | #CG/newton: 1246 | ls (cap|max|inv|bt):  0| 0| 0| 0| runtime:  640.6 ms | cr: 2562.6
    717. dt:  0.25 ms | #newton:  1 | ph:  0.0% | #CG/newton: 1286 | ls (cap|max|inv|bt):  0| 0| 0| 0| runtime:  654.0 ms | cr: 2616.0
    718. dt:  0.25 ms | #newton:  1 | ph:  0.0% | #CG/newton: 1263 | ls (cap|max|inv|bt):  0| 0| 0| 0| runtime:  644.1 ms | cr: 2576.4
    719. dt:  0.25 ms | #newton:  1 | ph:  0.0% | #CG/newton: 1257 | ls (cap|max|inv|bt):  0| 0| 0| 0| runtime:  647.5 ms | cr: 2590.1
    720. dt:  0.25 ms | #newton:  1 | ph:  0.0% | #CG/newton: 1272 | ls (cap|max|inv|bt):  0| 0| 0| 0| runtime:  659.1 ms | cr: 2636.4
    721. dt:  0.25 ms | #newton:  1 | ph:  0.0% | #CG/newton: 1254 | ls (cap|max|inv|bt):  0| 0| 0| 0| runtime:  646.0 ms | cr: 2583.8
    722. dt:  0.25 ms | #newton:  1 | ph:  0.0% | #CG/newton: 1253 | ls (cap|max|inv|bt):  0| 0| 0| 0| runtime:  631.1 ms | cr: 2524.5
    723. dt:  0.25 ms | #newton:  1 | ph:  0.0% | #CG/newton: 1263 | ls (cap|max|inv|bt):  0| 0| 0| 0| runtime:  636.0 ms | cr: 2544.1
    724. dt:  0.25 ms | #newton:  1 | ph:  0.0% | #CG/newton: 1262 | ls (cap|max|inv|bt):  0| 0| 0| 0| runtime:  673.3 ms | cr: 2693.1
    725. dt:  0.25 ms | #newton:  1 | ph:  0.0% | #CG/newton: 1204 | ls (cap|max|inv|bt):  0| 0| 0| 0| runtime:  605.1 ms | cr: 2420.3
    726. dt:  0.25 ms | #newton:  1 | ph:  0.0% | #CG/newton: 1258 | ls (cap|max|inv|bt):  0| 0| 0| 0| runtime:  647.2 ms | cr: 2588.7
    727. dt:  0.25 ms | #newton:  1 | ph:  0.0% | #CG/newton: 1262 | ls (cap|max|inv|bt):  0| 0| 0| 0| runtime:  649.2 ms | cr: 2596.9
    728. dt:  0.25 ms | #newton:  1 | ph:  0.0% | #CG/newton: 1258 | ls (cap|max|inv|bt):  0| 0| 0| 0| runtime:  649.0 ms | cr: 2596.1
    729. dt:  0.25 ms | #newton:  1 | ph:  0.0% | #CG/newton: 1260 | ls (cap|max|inv|bt):  0| 0| 0| 0| runtime:  656.3 ms | cr: 2625.1
    730. dt:  0.25 ms | #newton:  1 | ph:  0.0% | #CG/newton: 1246 | ls (cap|max|inv|bt):  0| 0| 0| 0| runtime:  648.1 ms | cr: 2592.2
    731. dt:  0.25 ms | #newton:  1 | ph:  0.0% | #CG/newton: 1244 | ls (cap|max|inv|bt):  0| 0| 0| 0| runtime:  642.1 ms | cr: 2568.6
    732. dt:  0.25 ms | #newton:  1 | ph:  0.0% | #CG/newton: 1234 | ls (cap|max|inv|bt):  0| 0| 0| 0| runtime:  644.5 ms | cr: 2577.9
    733. dt:  0.25 ms | #newton:  1 | ph:  0.0% | #CG/newton: 1193 | ls (cap|max|inv|bt):  0| 0| 0| 0| runtime:  640.6 ms | cr: 2562.4
    734. dt:  0.25 ms | #newton:  1 | ph:  0.0% | #CG/newton: 1201 | ls (cap|max|inv|bt):  0| 0| 0| 0| runtime:  627.5 ms | cr: 2509.9
    735. dt:  0.25 ms | #newton:  1 | ph:  0.0% | #CG/newton: 1111 | ls (cap|max|inv|bt):  0| 0| 0| 0| runtime:  581.4 ms | cr: 2325.5
    736. dt:  0.25 ms | #newton:  1 | ph:  0.0% | #CG/newton: 1190 | ls (cap|max|inv|bt):  0| 0| 0| 0| runtime:  620.0 ms | cr: 2480.2
    737. dt:  0.25 ms | #newton:  1 | ph:  0.0% | #CG/newton: 1106 | ls (cap|max|inv|bt):  0| 0| 0| 0| runtime:  588.2 ms | cr: 2352.7
    738. dt:  0.25 ms | #newton:  1 | ph:  0.0% | #CG/newton: 1107 | ls (cap|max|inv|bt):  0| 0| 0| 0| runtime:  598.5 ms | cr: 2394.1
    739. dt:  0.25 ms | #newton:  1 | ph:  0.0% | #CG/newton: 1182 | ls (cap|max|inv|bt):  0| 0| 0| 0| runtime:  616.5 ms | cr: 2465.9
    740. dt:  0.25 ms | #newton:  1 | ph:  0.0% | #CG/newton: 1181 | ls (cap|max|inv|bt):  0| 0| 0| 0| runtime:  615.5 ms | cr: 2462.2
    741. dt:  0.25 ms | #newton:  1 | ph:  0.0% | #CG/newton: 1099 | ls (cap|max|inv|bt):  0| 0| 0| 0| runtime:  580.8 ms | cr: 2323.2
    742. dt:  0.25 ms | #newton:  1 | ph:  0.0% | #CG/newton: 1454 | ls (cap|max|inv|bt):  0| 0| 0| 0| runtime:  719.5 ms | cr: 2877.9
    743. dt:  0.25 ms | #newton:  1 | ph:  0.0% | #CG/newton: 1461 | ls (cap|max|inv|bt):  0| 0| 0| 0| runtime:  727.0 ms | cr: 2907.8
    744. dt:  0.25 ms | #newton:  1 | ph:  0.0% | #CG/newton: 1466 | ls (cap|max|inv|bt):  0| 0| 0| 0| runtime:  726.2 ms | cr: 2904.6
    745. dt:  0.25 ms | #newton:  1 | ph:  0.0% | #CG/newton: 1469 | ls (cap|max|inv|bt):  0| 0| 0| 0| runtime:  732.2 ms | cr: 2928.6
    746. dt:  0.25 ms | #newton:  1 | ph:  0.0% | #CG/newton: 1471 | ls (cap|max|inv|bt):  0| 0| 0| 0| runtime:  725.7 ms | cr: 2902.7
    747. dt:  0.25 ms | #newton:  1 | ph:  0.0% | #CG/newton: 3109 | ls (cap|max|inv|bt):  0| 0| 0| 0| runtime: 1387.9 ms | cr: 5551.7
    748. dt:  0.25 ms | #newton:  1 | ph:  0.0% | #CG/newton: 1453 | ls (cap|max|inv|bt):  0| 0| 0| 0| runtime:  722.7 ms | cr: 2890.6
    749. dt:  0.25 ms | #newton:  1 | ph:  0.0% | #CG/newton: 1464 | ls (cap|max|inv|bt):  0| 0| 0| 0| runtime:  713.5 ms | cr: 2853.9
    750. dt:  0.25 ms | #newton:  1 | ph:  0.0% | #CG/newton: 1466 | ls (cap|max|inv|bt):  0| 0| 0| 0| runtime:  711.8 ms | cr: 2847.3
    751. dt:  0.25 ms | #newton:  1 | ph:  0.0% | #CG/newton: 1452 | ls (cap|max|inv|bt):  0| 0| 0| 0| runtime:  707.0 ms | cr: 2828.0
    752. dt:  0.25 ms | #newton:  1 | ph:  0.0% | #CG/newton: 1453 | ls (cap|max|inv|bt):  0| 0| 0| 0| runtime:  723.1 ms | cr: 2892.2
    753. dt:  0.25 ms | #newton:  1 | ph:  0.0% | #CG/newton: 1376 | ls (cap|max|inv|bt):  0| 0| 0| 0| runtime:  693.5 ms | cr: 2774.2
    754. dt:  0.25 ms | #newton:  1 | ph:  0.0% | #CG/newton: 1649 | ls (cap|max|inv|bt):  0| 0| 0| 0| runtime:  803.0 ms | cr: 3212.0
    755. dt:  0.25 ms | #newton:  1 | ph:  0.0% | #CG/newton: 1646 | ls (cap|max|inv|bt):  0| 0| 0| 0| runtime:  799.4 ms | cr: 3197.5
    756. dt:  0.25 ms | #newton:  1 | ph:  0.0% | #CG/newton: 1651 | ls (cap|max|inv|bt):  0| 0| 0| 0| runtime:  802.1 ms | cr: 3208.2
    757. dt:  0.25 ms | #newton:  1 | ph:  0.0% | #CG/newton: 1645 | ls (cap|max|inv|bt):  0| 0| 0| 0| runtime:  798.6 ms | cr: 3194.3
    758. dt:  0.25 ms | #newton:  1 | ph:  0.0% | #CG/newton: 1651 | ls (cap|max|inv|bt):  0| 0| 0| 0| runtime:  809.9 ms | cr: 3239.4
    759. dt:  0.25 ms | #newton:  1 | ph:  0.0% | #CG/newton: 1658 | ls (cap|max|inv|bt):  0| 0| 0| 0| runtime:  816.1 ms | cr: 3264.4
    760. dt:  0.25 ms | #newton:  1 | ph:  0.0% | #CG/newton: 1658 | ls (cap|max|inv|bt):  0| 0| 0| 0| runtime:  805.4 ms | cr: 3221.5
    761. dt:  0.25 ms | #newton:  1 | ph:  0.0% | #CG/newton: 1659 | ls (cap|max|inv|bt):  0| 0| 0| 0| runtime:  812.7 ms | cr: 3251.0
    762. dt:  0.25 ms | #newton:  1 | ph:  0.0% | #CG/newton: 1651 | ls (cap|max|inv|bt):  0| 0| 0| 0| runtime:  801.7 ms | cr: 3206.8
    763. dt:  0.25 ms | #newton:  1 | ph:  0.0% | #CG/newton: 1640 | ls (cap|max|inv|bt):  0| 0| 0| 0| runtime:  807.3 ms | cr: 3229.0
    764. dt:  0.25 ms | #newton:  1 | ph:  0.0% | #CG/newton: 1657 | ls (cap|max|inv|bt):  0| 0| 0| 0| runtime:  814.8 ms | cr: 3259.4
    765. dt:  0.25 ms | #newton:  1 | ph:  0.0% | #CG/newton: 1648 | ls (cap|max|inv|bt):  0| 0| 0| 0| runtime:  816.3 ms | cr: 3265.3
    766. dt:  0.25 ms | #newton:  1 | ph:  0.0% | #CG/newton: 1673 | ls (cap|max|inv|bt):  0| 0| 0| 0| runtime:  769.0 ms | cr: 3076.0
    767. dt:  0.25 ms | #newton:  1 | ph:  0.0% | #CG/newton: 1673 | ls (cap|max|inv|bt):  0| 0| 0| 0| runtime:  781.3 ms | cr: 3125.0
    768. dt:  0.25 ms | #newton:  1 | ph:  0.0% | #CG/newton: 1653 | ls (cap|max|inv|bt):  0| 0| 0| 0| runtime:  774.4 ms | cr: 3097.6
    769. dt:  0.25 ms | #newton:  1 | ph:  0.0% | #CG/newton: 1674 | ls (cap|max|inv|bt):  0| 0| 0| 0| runtime:  786.9 ms | cr: 3147.5
    770. dt:  0.25 ms | #newton:  1 | ph:  0.0% | #CG/newton: 1682 | ls (cap|max|inv|bt):  0| 0| 0| 0| runtime:  782.8 ms | cr: 3131.4
    771. dt:  0.25 ms | #newton:  1 | ph:  0.0% | #CG/newton: 1684 | ls (cap|max|inv|bt):  0| 0| 0| 0| runtime:  781.7 ms | cr: 3126.6
    772. dt:  0.25 ms | #newton:  1 | ph:  0.0% | #CG/newton: 1685 | ls (cap|max|inv|bt):  0| 0| 0| 0| runtime:  783.0 ms | cr: 3132.1
    773. dt:  0.25 ms | #newton:  1 | ph:  0.0% | #CG/newton: 1686 | ls (cap|max|inv|bt):  0| 0| 0| 0| runtime:  787.5 ms | cr: 3149.9
    774. dt:  0.25 ms | #newton:  1 | ph:  0.0% | #CG/newton: 1686 | ls (cap|max|inv|bt):  0| 0| 0| 0| runtime:  790.2 ms | cr: 3160.9
    775. dt:  0.25 ms | #newton:  1 | ph:  0.0% | #CG/newton: 1683 | ls (cap|max|inv|bt):  0| 0| 0| 0| runtime:  778.8 ms | cr: 3115.3
    776. dt:  0.25 ms | #newton:  1 | ph:  0.0% | #CG/newton: 1689 | ls (cap|max|inv|bt):  0| 0| 0| 0| runtime:  781.1 ms | cr: 3124.5
    777. dt:  0.25 ms | #newton:  1 | ph:  0.0% | #CG/newton: 1693 | ls (cap|max|inv|bt):  0| 0| 0| 0| runtime:  772.5 ms | cr: 3090.0
    778. dt:  0.25 ms | #newton:  1 | ph:  0.0% | #CG/newton: 1693 | ls (cap|max|inv|bt):  0| 0| 0| 0| runtime:  794.9 ms | cr: 3179.4
    779. dt:  0.25 ms | #newton:  1 | ph:  0.0% | #CG/newton: 1694 | ls (cap|max|inv|bt):  0| 0| 0| 0| runtime:  781.3 ms | cr: 3125.2
    780. dt:  0.25 ms | #newton:  1 | ph:  0.0% | #CG/newton: 1693 | ls (cap|max|inv|bt):  0| 0| 0| 0| runtime:  781.0 ms | cr: 3124.1
    781. dt:  0.25 ms | #newton:  1 | ph:  0.0% | #CG/newton: 1693 | ls (cap|max|inv|bt):  0| 0| 0| 0| runtime:  789.5 ms | cr: 3157.8
    782. dt:  0.25 ms | #newton:  1 | ph:  0.0% | #CG/newton: 1692 | ls (cap|max|inv|bt):  0| 0| 0| 0| runtime:  782.7 ms | cr: 3131.0
    783. dt:  0.25 ms | #newton:  1 | ph:  0.0% | #CG/newton: 1690 | ls (cap|max|inv|bt):  0| 0| 0| 0| runtime:  787.1 ms | cr: 3148.3
    784. dt:  0.25 ms | #newton:  1 | ph:  0.0% | #CG/newton: 1688 | ls (cap|max|inv|bt):  0| 0| 0| 0| runtime:  783.6 ms | cr: 3134.6
    785. dt:  0.25 ms | #newton:  1 | ph:  0.0% | #CG/newton: 1687 | ls (cap|max|inv|bt):  0| 0| 0| 0| runtime:  783.1 ms | cr: 3132.4
    786. dt:  0.25 ms | #newton:  1 | ph:  0.0% | #CG/newton: 1686 | ls (cap|max|inv|bt):  0| 0| 0| 0| runtime:  785.2 ms | cr: 3140.7
    787. dt:  0.25 ms | #newton:  1 | ph:  0.0% | #CG/newton: 1686 | ls (cap|max|inv|bt):  0| 0| 0| 0| runtime:  787.7 ms | cr: 3150.8
    788. dt:  0.25 ms | #newton:  1 | ph:  0.0% | #CG/newton: 1683 | ls (cap|max|inv|bt):  0| 0| 0| 0| runtime:  794.7 ms | cr: 3178.8
    789. dt:  0.25 ms | #newton:  1 | ph:  0.0% | #CG/newton: 1682 | ls (cap|max|inv|bt):  0| 0| 0| 0| runtime:  806.6 ms | cr: 3226.4
    790. dt:  0.25 ms | #newton:  1 | ph:  0.0% | #CG/newton: 1680 | ls (cap|max|inv|bt):  0| 0| 0| 0| runtime:  788.4 ms | cr: 3153.5
    791. dt:  0.25 ms | #newton:  1 | ph:  0.0% | #CG/newton: 1679 | ls (cap|max|inv|bt):  0| 0| 0| 0| runtime:  803.1 ms | cr: 3212.4
    792. dt:  0.25 ms | #newton:  1 | ph:  0.0% | #CG/newton: 1677 | ls (cap|max|inv|bt):  0| 0| 0| 0| runtime:  780.2 ms | cr: 3121.0
    793. dt:  0.25 ms | #newton:  1 | ph:  0.0% | #CG/newton: 1676 | ls (cap|max|inv|bt):  0| 0| 0| 0| runtime:  777.5 ms | cr: 3110.2
    794. dt:  0.25 ms | #newton:  1 | ph:  0.0% | #CG/newton: 1670 | ls (cap|max|inv|bt):  0| 0| 0| 0| runtime:  779.0 ms | cr: 3116.1
    795. dt:  0.25 ms | #newton:  1 | ph:  0.0% | #CG/newton: 1667 | ls (cap|max|inv|bt):  0| 0| 0| 0| runtime:  768.7 ms | cr: 3074.6
    796. dt:  0.25 ms | #newton:  1 | ph:  0.0% | #CG/newton: 1671 | ls (cap|max|inv|bt):  0| 0| 0| 0| runtime:  769.2 ms | cr: 3076.9
    797. dt:  0.25 ms | #newton:  1 | ph:  0.0% | #CG/newton: 1673 | ls (cap|max|inv|bt):  0| 0| 0| 0| runtime:  793.8 ms | cr: 3175.2
    798. dt:  0.25 ms | #newton:  1 | ph:  0.0% | #CG/newton: 1851 | ls (cap|max|inv|bt):  0| 0| 0| 0| runtime:  885.2 ms | cr: 3540.7
    799. dt:  0.25 ms | #newton:  1 | ph:  0.0% | #CG/newton: 1851 | ls (cap|max|inv|bt):  0| 0| 0| 0| runtime:  876.3 ms | cr: 3505.1
    800. dt:  0.25 ms | #newton:  1 | ph:  0.0% | #CG/newton: 1849 | ls (cap|max|inv|bt):  0| 0| 0| 0| runtime:  859.4 ms | cr: 3437.8
[Frame: 6] Time: 0.200 s
    801. dt:  0.25 ms | #newton:  1 | ph:  0.0% | #CG/newton: 1848 | ls (cap|max|inv|bt):  0| 0| 0| 0| runtime:  857.8 ms | cr: 3431.1
    802. dt:  0.25 ms | #newton:  1 | ph:  0.0% | #CG/newton: 1848 | ls (cap|max|inv|bt):  0| 0| 0| 0| runtime:  852.0 ms | cr: 3407.9
    803. dt:  0.25 ms | #newton:  1 | ph:  0.0% | #CG/newton: 1847 | ls (cap|max|inv|bt):  0| 0| 0| 0| runtime:  891.2 ms | cr: 3564.9
    804. dt:  0.25 ms | #newton:  1 | ph:  0.0% | #CG/newton: 1846 | ls (cap|max|inv|bt):  0| 0| 0| 0| runtime:  846.0 ms | cr: 3383.9
    805. dt:  0.25 ms | #newton:  1 | ph:  0.0% | #CG/newton: 1840 | ls (cap|max|inv|bt):  0| 0| 0| 0| runtime:  824.5 ms | cr: 3298.0
    806. dt:  0.25 ms | #newton:  1 | ph:  0.0% | #CG/newton: 1841 | ls (cap|max|inv|bt):  0| 0| 0| 0| runtime:  847.8 ms | cr: 3391.0
    807. dt:  0.25 ms | #newton:  1 | ph:  0.0% | #CG/newton: 1850 | ls (cap|max|inv|bt):  0| 0| 0| 0| runtime:  868.7 ms | cr: 3474.7
    808. dt:  0.25 ms | #newton:  1 | ph:  0.0% | #CG/newton: 1847 | ls (cap|max|inv|bt):  0| 0| 0| 0| runtime:  947.1 ms | cr: 3788.4
    809. dt:  0.25 ms | #newton:  1 | ph:  0.0% | #CG/newton: 1846 | ls (cap|max|inv|bt):  0| 0| 0| 0| runtime:  865.2 ms | cr: 3460.7
    810. dt:  0.25 ms | #newton:  1 | ph:  0.0% | #CG/newton: 1856 | ls (cap|max|inv|bt):  0| 0| 0| 0| runtime:  850.4 ms | cr: 3401.4
    811. dt:  0.25 ms | #newton:  1 | ph:  0.0% | #CG/newton: 1843 | ls (cap|max|inv|bt):  0| 0| 0| 0| runtime:  858.0 ms | cr: 3432.2
    812. dt:  0.25 ms | #newton:  1 | ph:  0.0% | #CG/newton: 1846 | ls (cap|max|inv|bt):  0| 0| 0| 0| runtime:  845.0 ms | cr: 3380.2
    813. dt:  0.25 ms | #newton:  1 | ph:  0.0% | #CG/newton: 1869 | ls (cap|max|inv|bt):  0| 0| 0| 0| runtime:  863.1 ms | cr: 3452.4
    814. dt:  0.25 ms | #newton:  1 | ph:  0.0% | #CG/newton: 1854 | ls (cap|max|inv|bt):  0| 0| 0| 0| runtime:  864.0 ms | cr: 3456.1
    815. dt:  0.25 ms | #newton:  1 | ph:  0.0% | #CG/newton: 1871 | ls (cap|max|inv|bt):  0| 0| 0| 0| runtime:  865.1 ms | cr: 3460.4
    816. dt:  0.25 ms | #newton:  1 | ph:  0.0% | #CG/newton: 1877 | ls (cap|max|inv|bt):  0| 0| 0| 0| runtime:  861.1 ms | cr: 3444.3
    817. dt:  0.25 ms | #newton:  1 | ph:  0.0% | #CG/newton: 1868 | ls (cap|max|inv|bt):  0| 0| 0| 0| runtime:  852.3 ms | cr: 3409.0
    818. dt:  0.25 ms | #newton:  1 | ph:  0.0% | #CG/newton: 1874 | ls (cap|max|inv|bt):  0| 0| 0| 0| runtime:  880.6 ms | cr: 3522.4
    819. dt:  0.25 ms | #newton:  1 | ph:  0.0% | #CG/newton: 1694 | ls (cap|max|inv|bt):  0| 0| 0| 0| runtime:  823.5 ms | cr: 3294.0
    820. dt:  0.25 ms | #newton:  1 | ph:  0.0% | #CG/newton: 1686 | ls (cap|max|inv|bt):  0| 0| 0| 0| runtime:  815.3 ms | cr: 3261.2
    821. dt:  0.25 ms | #newton:  1 | ph:  0.0% | #CG/newton: 1687 | ls (cap|max|inv|bt):  0| 0| 0| 0| runtime:  825.3 ms | cr: 3301.4
    822. dt:  0.25 ms | #newton:  1 | ph:  0.0% | #CG/newton: 1687 | ls (cap|max|inv|bt):  0| 0| 0| 0| runtime:  828.3 ms | cr: 3313.1
    823. dt:  0.25 ms | #newton:  1 | ph:  0.0% | #CG/newton: 1687 | ls (cap|max|inv|bt):  0| 0| 0| 0| runtime:  818.0 ms | cr: 3271.9
    824. dt:  0.25 ms | #newton:  1 | ph:  0.0% | #CG/newton: 1689 | ls (cap|max|inv|bt):  0| 0| 0| 0| runtime:  813.2 ms | cr: 3252.7
    825. dt:  0.25 ms | #newton:  1 | ph:  0.0% | #CG/newton: 1690 | ls (cap|max|inv|bt):  0| 0| 0| 0| runtime:  816.5 ms | cr: 3265.9
    826. dt:  0.25 ms | #newton:  1 | ph:  0.0% | #CG/newton: 1691 | ls (cap|max|inv|bt):  0| 0| 0| 0| runtime:  821.1 ms | cr: 3284.5
    827. dt:  0.25 ms | #newton:  1 | ph:  0.0% | #CG/newton: 1692 | ls (cap|max|inv|bt):  0| 0| 0| 0| runtime:  820.7 ms | cr: 3282.9
    828. dt:  0.25 ms | #newton:  1 | ph:  0.0% | #CG/newton: 1692 | ls (cap|max|inv|bt):  0| 0| 0| 0| runtime:  830.6 ms | cr: 3322.3
    829. dt:  0.25 ms | #newton:  1 | ph:  0.0% | #CG/newton: 1693 | ls (cap|max|inv|bt):  0| 0| 0| 0| runtime:  815.1 ms | cr: 3260.3
    830. dt:  0.25 ms | #newton:  1 | ph:  0.0% | #CG/newton: 1694 | ls (cap|max|inv|bt):  0| 0| 0| 0| runtime:  817.3 ms | cr: 3269.4
    831. dt:  0.25 ms | #newton:  1 | ph:  0.0% | #CG/newton: 1694 | ls (cap|max|inv|bt):  0| 0| 0| 0| runtime:  814.4 ms | cr: 3257.6
    832. dt:  0.25 ms | #newton:  1 | ph:  0.0% | #CG/newton: 1695 | ls (cap|max|inv|bt):  0| 0| 0| 0| runtime:  794.2 ms | cr: 3176.6
    833. dt:  0.25 ms | #newton:  1 | ph:  0.0% | #CG/newton: 1695 | ls (cap|max|inv|bt):  0| 0| 0| 0| runtime:  815.6 ms | cr: 3262.2
    834. dt:  0.25 ms | #newton:  1 | ph:  0.0% | #CG/newton: 1696 | ls (cap|max|inv|bt):  0| 0| 0| 0| runtime:  815.9 ms | cr: 3263.6
    835. dt:  0.25 ms | #newton:  1 | ph:  0.0% | #CG/newton: 1695 | ls (cap|max|inv|bt):  0| 0| 0| 0| runtime:  827.5 ms | cr: 3310.2
    836. dt:  0.25 ms | #newton:  1 | ph:  0.0% | #CG/newton: 1697 | ls (cap|max|inv|bt):  0| 0| 0| 0| runtime:  820.8 ms | cr: 3283.3
    837. dt:  0.25 ms | #newton:  1 | ph:  0.0% | #CG/newton: 1693 | ls (cap|max|inv|bt):  0| 0| 0| 0| runtime:  816.2 ms | cr: 3264.7
    838. dt:  0.25 ms | #newton:  1 | ph:  0.0% | #CG/newton: 1693 | ls (cap|max|inv|bt):  0| 0| 0| 0| runtime:  827.5 ms | cr: 3310.2
    839. dt:  0.25 ms | #newton:  1 | ph:  0.0% | #CG/newton: 1696 | ls (cap|max|inv|bt):  0| 0| 0| 0| runtime:  816.3 ms | cr: 3265.2
    840. dt:  0.25 ms | #newton:  1 | ph:  0.0% | #CG/newton: 1695 | ls (cap|max|inv|bt):  0| 0| 0| 0| runtime:  832.5 ms | cr: 3329.9
    841. dt:  0.25 ms | #newton:  1 | ph:  0.0% | #CG/newton: 1695 | ls (cap|max|inv|bt):  0| 0| 0| 0| runtime:  815.8 ms | cr: 3263.2
    842. dt:  0.25 ms | #newton:  1 | ph:  0.0% | #CG/newton: 1699 | ls (cap|max|inv|bt):  0| 0| 0| 0| runtime:  821.1 ms | cr: 3284.4
    843. dt:  0.25 ms | #newton:  1 | ph:  0.0% | #CG/newton: 1874 | ls (cap|max|inv|bt):  0| 0| 0| 0| runtime:  885.9 ms | cr: 3543.6
    844. dt:  0.25 ms | #newton:  1 | ph:  0.0% | #CG/newton: 1879 | ls (cap|max|inv|bt):  0| 0| 0| 0| runtime:  880.3 ms | cr: 3521.2
    845. dt:  0.25 ms | #newton:  1 | ph:  0.0% | #CG/newton: 1855 | ls (cap|max|inv|bt):  0| 0| 0| 0| runtime:  880.7 ms | cr: 3522.9
    846. dt:  0.25 ms | #newton:  1 | ph:  0.0% | #CG/newton: 1857 | ls (cap|max|inv|bt):  0| 0| 0| 0| runtime:  885.1 ms | cr: 3540.5
    847. dt:  0.25 ms | #newton:  1 | ph:  0.0% | #CG/newton: 1880 | ls (cap|max|inv|bt):  0| 0| 0| 0| runtime:  894.3 ms | cr: 3577.1
    848. dt:  0.25 ms | #newton:  1 | ph:  0.0% | #CG/newton: 1865 | ls (cap|max|inv|bt):  0| 0| 0| 0| runtime:  890.9 ms | cr: 3563.6
    849. dt:  0.25 ms | #newton:  1 | ph:  0.0% | #CG/newton: 1706 | ls (cap|max|inv|bt):  0| 0| 0| 0| runtime:  815.6 ms | cr: 3262.5
    850. dt:  0.25 ms | #newton:  1 | ph:  0.0% | #CG/newton: 1702 | ls (cap|max|inv|bt):  0| 0| 0| 0| runtime:  825.1 ms | cr: 3300.4
    851. dt:  0.25 ms | #newton:  1 | ph:  0.0% | #CG/newton: 1701 | ls (cap|max|inv|bt):  0| 0| 0| 0| runtime:  825.0 ms | cr: 3299.8
    852. dt:  0.25 ms | #newton:  1 | ph:  0.0% | #CG/newton: 1702 | ls (cap|max|inv|bt):  0| 0| 0| 0| runtime:  831.8 ms | cr: 3327.1
    853. dt:  0.25 ms | #newton:  1 | ph:  0.0% | #CG/newton: 1886 | ls (cap|max|inv|bt):  0| 0| 0| 0| runtime:  893.6 ms | cr: 3574.3
    854. dt:  0.25 ms | #newton:  1 | ph:  0.0% | #CG/newton: 1888 | ls (cap|max|inv|bt):  0| 0| 0| 0| runtime:  899.8 ms | cr: 3599.3
    855. dt:  0.25 ms | #newton:  1 | ph:  0.0% | #CG/newton: 1708 | ls (cap|max|inv|bt):  0| 0| 0| 0| runtime:  827.7 ms | cr: 3310.9
    856. dt:  0.25 ms | #newton:  1 | ph:  0.0% | #CG/newton: 1728 | ls (cap|max|inv|bt):  0| 0| 0| 0| runtime:  833.1 ms | cr: 3332.2
    857. dt:  0.25 ms | #newton:  1 | ph:  0.0% | #CG/newton: 1894 | ls (cap|max|inv|bt):  0| 0| 0| 0| runtime:  909.8 ms | cr: 3639.3
    858. dt:  0.25 ms | #newton:  1 | ph:  0.0% | #CG/newton: 1895 | ls (cap|max|inv|bt):  0| 0| 0| 0| runtime:  892.7 ms | cr: 3570.8
    859. dt:  0.25 ms | #newton:  1 | ph:  0.0% | #CG/newton: 1896 | ls (cap|max|inv|bt):  0| 0| 0| 0| runtime:  889.4 ms | cr: 3557.4
    860. dt:  0.25 ms | #newton:  1 | ph:  0.0% | #CG/newton: 1897 | ls (cap|max|inv|bt):  0| 0| 0| 0| runtime:  901.1 ms | cr: 3604.3
    861. dt:  0.25 ms | #newton:  1 | ph:  0.0% | #CG/newton: 1722 | ls (cap|max|inv|bt):  0| 0| 0| 0| runtime:  808.9 ms | cr: 3235.5
    862. dt:  0.25 ms | #newton:  1 | ph:  0.0% | #CG/newton: 1733 | ls (cap|max|inv|bt):  0| 0| 0| 0| runtime:  809.2 ms | cr: 3236.9
    863. dt:  0.25 ms | #newton:  1 | ph:  0.0% | #CG/newton: 1725 | ls (cap|max|inv|bt):  0| 0| 0| 0| runtime:  809.4 ms | cr: 3237.4
    864. dt:  0.25 ms | #newton:  1 | ph:  0.0% | #CG/newton: 1694 | ls (cap|max|inv|bt):  0| 0| 0| 0| runtime:  796.3 ms | cr: 3185.2
    865. dt:  0.25 ms | #newton:  1 | ph:  0.0% | #CG/newton: 1723 | ls (cap|max|inv|bt):  0| 0| 0| 0| runtime:  807.1 ms | cr: 3228.4
    866. dt:  0.25 ms | #newton:  1 | ph:  0.0% | #CG/newton: 1744 | ls (cap|max|inv|bt):  0| 0| 0| 0| runtime:  808.3 ms | cr: 3233.1
    867. dt:  0.25 ms | #newton:  1 | ph:  0.0% | #CG/newton: 1744 | ls (cap|max|inv|bt):  0| 0| 0| 0| runtime:  815.7 ms | cr: 3263.0
    868. dt:  0.25 ms | #newton:  1 | ph:  0.0% | #CG/newton: 1741 | ls (cap|max|inv|bt):  0| 0| 0| 0| runtime:  826.0 ms | cr: 3304.2
    869. dt:  0.25 ms | #newton:  1 | ph:  0.0% | #CG/newton: 1742 | ls (cap|max|inv|bt):  0| 0| 0| 0| runtime:  813.8 ms | cr: 3255.2
    870. dt:  0.25 ms | #newton:  1 | ph:  0.0% | #CG/newton: 1744 | ls (cap|max|inv|bt):  0| 0| 0| 0| runtime:  823.0 ms | cr: 3291.8
    871. dt:  0.25 ms | #newton:  1 | ph:  0.0% | #CG/newton: 1746 | ls (cap|max|inv|bt):  0| 0| 0| 0| runtime:  812.0 ms | cr: 3247.9
    872. dt:  0.25 ms | #newton:  1 | ph:  0.0% | #CG/newton: 1746 | ls (cap|max|inv|bt):  0| 0| 0| 0| runtime:  823.4 ms | cr: 3293.7
    873. dt:  0.25 ms | #newton:  1 | ph:  0.0% | #CG/newton: 1715 | ls (cap|max|inv|bt):  0| 0| 0| 0| runtime:  803.9 ms | cr: 3215.5
    874. dt:  0.25 ms | #newton:  1 | ph:  0.0% | #CG/newton: 1749 | ls (cap|max|inv|bt):  0| 0| 0| 0| runtime:  863.5 ms | cr: 3454.1
    875. dt:  0.25 ms | #newton:  1 | ph:  0.0% | #CG/newton: 1750 | ls (cap|max|inv|bt):  0| 0| 0| 0| runtime:  817.5 ms | cr: 3270.0
    876. dt:  0.25 ms | #newton:  1 | ph:  0.0% | #CG/newton: 1746 | ls (cap|max|inv|bt):  0| 0| 0| 0| runtime:  807.7 ms | cr: 3230.6
    877. dt:  0.25 ms | #newton:  1 | ph:  0.0% | #CG/newton: 1751 | ls (cap|max|inv|bt):  0| 0| 0| 0| runtime:  814.2 ms | cr: 3257.0
    878. dt:  0.25 ms | #newton:  1 | ph:  0.0% | #CG/newton: 1527 | ls (cap|max|inv|bt):  0| 0| 0| 0| runtime:  739.4 ms | cr: 2957.6
    879. dt:  0.25 ms | #newton:  1 | ph:  0.0% | #CG/newton: 1521 | ls (cap|max|inv|bt):  0| 0| 0| 0| runtime:  728.5 ms | cr: 2914.2
    880. dt:  0.25 ms | #newton:  1 | ph:  0.0% | #CG/newton: 1522 | ls (cap|max|inv|bt):  0| 0| 0| 0| runtime:  733.9 ms | cr: 2935.6
    881. dt:  0.25 ms | #newton:  1 | ph:  0.0% | #CG/newton: 1519 | ls (cap|max|inv|bt):  0| 0| 0| 0| runtime:  728.5 ms | cr: 2913.9
    882. dt:  0.25 ms | #newton:  1 | ph:  0.0% | #CG/newton: 1520 | ls (cap|max|inv|bt):  0| 0| 0| 0| runtime:  738.4 ms | cr: 2953.5
    883. dt:  0.25 ms | #newton:  1 | ph:  0.0% | #CG/newton: 1519 | ls (cap|max|inv|bt):  0| 0| 0| 0| runtime:  748.3 ms | cr: 2993.1
    884. dt:  0.25 ms | #newton:  1 | ph:  0.0% | #CG/newton: 1521 | ls (cap|max|inv|bt):  0| 0| 0| 0| runtime:  726.3 ms | cr: 2905.2
    885. dt:  0.25 ms | #newton:  1 | ph:  0.0% | #CG/newton: 1522 | ls (cap|max|inv|bt):  0| 0| 0| 0| runtime:  742.7 ms | cr: 2970.6
    886. dt:  0.25 ms | #newton:  1 | ph:  0.0% | #CG/newton: 1521 | ls (cap|max|inv|bt):  0| 0| 0| 0| runtime:  731.2 ms | cr: 2924.9
    887. dt:  0.25 ms | #newton:  1 | ph:  0.0% | #CG/newton: 1520 | ls (cap|max|inv|bt):  0| 0| 0| 0| runtime:  729.7 ms | cr: 2918.8
    888. dt:  0.25 ms | #newton:  1 | ph:  0.0% | #CG/newton: 1522 | ls (cap|max|inv|bt):  0| 0| 0| 0| runtime:  727.7 ms | cr: 2910.7
    889. dt:  0.25 ms | #newton:  1 | ph:  0.0% | #CG/newton: 1522 | ls (cap|max|inv|bt):  0| 0| 0| 0| runtime:  731.6 ms | cr: 2926.4
    890. dt:  0.25 ms | #newton:  1 | ph:  0.0% | #CG/newton: 1521 | ls (cap|max|inv|bt):  0| 0| 0| 0| runtime:  731.3 ms | cr: 2925.4
    891. dt:  0.25 ms | #newton:  1 | ph:  0.0% | #CG/newton: 1522 | ls (cap|max|inv|bt):  0| 0| 0| 0| runtime:  725.5 ms | cr: 2901.9
    892. dt:  0.25 ms | #newton:  1 | ph:  0.0% | #CG/newton: 1522 | ls (cap|max|inv|bt):  0| 0| 0| 0| runtime:  729.6 ms | cr: 2918.3
    893. dt:  0.25 ms | #newton:  1 | ph:  0.0% | #CG/newton: 1523 | ls (cap|max|inv|bt):  0| 0| 0| 0| runtime:  722.9 ms | cr: 2891.7
    894. dt:  0.25 ms | #newton:  1 | ph:  0.0% | #CG/newton: 1523 | ls (cap|max|inv|bt):  0| 0| 0| 0| runtime:  729.4 ms | cr: 2917.5
    895. dt:  0.25 ms | #newton:  1 | ph:  0.0% | #CG/newton: 1525 | ls (cap|max|inv|bt):  0| 0| 0| 0| runtime:  726.8 ms | cr: 2907.3
    896. dt:  0.25 ms | #newton:  1 | ph:  0.0% | #CG/newton: 1525 | ls (cap|max|inv|bt):  0| 0| 0| 0| runtime:  728.2 ms | cr: 2912.8
    897. dt:  0.25 ms | #newton:  1 | ph:  0.0% | #CG/newton: 1523 | ls (cap|max|inv|bt):  0| 0| 0| 0| runtime:  742.3 ms | cr: 2969.3
    898. dt:  0.25 ms | #newton:  1 | ph:  0.0% | #CG/newton: 1525 | ls (cap|max|inv|bt):  0| 0| 0| 0| runtime:  759.3 ms | cr: 3037.4
    899. dt:  0.25 ms | #newton:  1 | ph:  0.0% | #CG/newton: 1525 | ls (cap|max|inv|bt):  0| 0| 0| 0| runtime:  729.5 ms | cr: 2917.9
    900. dt:  0.25 ms | #newton:  1 | ph:  0.0% | #CG/newton: 1526 | ls (cap|max|inv|bt):  0| 0| 0| 0| runtime:  735.8 ms | cr: 2943.0
    901. dt:  0.25 ms | #newton:  1 | ph:  0.0% | #CG/newton: 1525 | ls (cap|max|inv|bt):  0| 0| 0| 0| runtime:  744.9 ms | cr: 2979.6
    902. dt:  0.25 ms | #newton:  1 | ph:  0.0% | #CG/newton: 1532 | ls (cap|max|inv|bt):  0| 0| 0| 0| runtime:  731.9 ms | cr: 2927.5
    903. dt:  0.25 ms | #newton:  1 | ph:  0.0% | #CG/newton: 1526 | ls (cap|max|inv|bt):  0| 0| 0| 0| runtime:  753.7 ms | cr: 3014.8
    904. dt:  0.25 ms | #newton:  1 | ph:  0.0% | #CG/newton: 1531 | ls (cap|max|inv|bt):  0| 0| 0| 0| runtime:  734.1 ms | cr: 2936.6
    905. dt:  0.25 ms | #newton:  1 | ph:  0.0% | #CG/newton: 1531 | ls (cap|max|inv|bt):  0| 0| 0| 0| runtime:  738.8 ms | cr: 2955.2
    906. dt:  0.25 ms | #newton:  1 | ph:  0.0% | #CG/newton: 1539 | ls (cap|max|inv|bt):  0| 0| 0| 0| runtime:  755.5 ms | cr: 3021.8
    907. dt:  0.25 ms | #newton:  1 | ph:  0.0% | #CG/newton: 1534 | ls (cap|max|inv|bt):  0| 0| 0| 0| runtime:  756.5 ms | cr: 3025.9
    908. dt:  0.25 ms | #newton:  1 | ph:  0.0% | #CG/newton: 1297 | ls (cap|max|inv|bt):  0| 0| 0| 0| runtime:  645.9 ms | cr: 2583.8
    909. dt:  0.25 ms | #newton:  1 | ph:  0.0% | #CG/newton: 1243 | ls (cap|max|inv|bt):  0| 0| 0| 0| runtime:  623.4 ms | cr: 2493.7
    910. dt:  0.25 ms | #newton:  1 | ph:  0.0% | #CG/newton: 1295 | ls (cap|max|inv|bt):  0| 0| 0| 0| runtime:  675.4 ms | cr: 2701.5
    911. dt:  0.25 ms | #newton:  1 | ph:  0.0% | #CG/newton: 1293 | ls (cap|max|inv|bt):  0| 0| 0| 0| runtime:  656.9 ms | cr: 2627.8
    912. dt:  0.25 ms | #newton:  1 | ph:  0.0% | #CG/newton: 1294 | ls (cap|max|inv|bt):  0| 0| 0| 0| runtime:  644.1 ms | cr: 2576.4
    913. dt:  0.25 ms | #newton:  1 | ph:  0.0% | #CG/newton: 1296 | ls (cap|max|inv|bt):  0| 0| 0| 0| runtime:  646.4 ms | cr: 2585.5
    914. dt:  0.25 ms | #newton:  1 | ph:  0.0% | #CG/newton: 1293 | ls (cap|max|inv|bt):  0| 0| 0| 0| runtime:  641.8 ms | cr: 2567.2
    915. dt:  0.25 ms | #newton:  1 | ph:  0.0% | #CG/newton: 1293 | ls (cap|max|inv|bt):  0| 0| 0| 0| runtime:  638.7 ms | cr: 2554.6
    916. dt:  0.25 ms | #newton:  1 | ph:  0.0% | #CG/newton: 1293 | ls (cap|max|inv|bt):  0| 0| 0| 0| runtime:  731.0 ms | cr: 2924.1
    917. dt:  0.25 ms | #newton:  1 | ph:  0.0% | #CG/newton: 1293 | ls (cap|max|inv|bt):  0| 0| 0| 0| runtime:  636.7 ms | cr: 2546.7
    918. dt:  0.25 ms | #newton:  1 | ph:  0.0% | #CG/newton: 1291 | ls (cap|max|inv|bt):  0| 0| 0| 0| runtime:  645.0 ms | cr: 2580.2
    919. dt:  0.25 ms | #newton:  1 | ph:  0.0% | #CG/newton: 1291 | ls (cap|max|inv|bt):  0| 0| 0| 0| runtime:  635.1 ms | cr: 2540.4
    920. dt:  0.25 ms | #newton:  1 | ph:  0.0% | #CG/newton: 1290 | ls (cap|max|inv|bt):  0| 0| 0| 0| runtime:  648.3 ms | cr: 2593.2
    921. dt:  0.25 ms | #newton:  1 | ph:  0.0% | #CG/newton: 1248 | ls (cap|max|inv|bt):  0| 0| 0| 0| runtime:  620.2 ms | cr: 2480.7
    922. dt:  0.25 ms | #newton:  1 | ph:  0.0% | #CG/newton: 1292 | ls (cap|max|inv|bt):  0| 0| 0| 0| runtime:  632.6 ms | cr: 2530.5
    923. dt:  0.25 ms | #newton:  1 | ph:  0.0% | #CG/newton: 1291 | ls (cap|max|inv|bt):  0| 0| 0| 0| runtime:  637.7 ms | cr: 2550.8
    924. dt:  0.25 ms | #newton:  1 | ph:  0.0% | #CG/newton: 1269 | ls (cap|max|inv|bt):  0| 0| 0| 0| runtime:  630.3 ms | cr: 2521.0
    925. dt:  0.25 ms | #newton:  1 | ph:  0.0% | #CG/newton: 1231 | ls (cap|max|inv|bt):  0| 0| 0| 0| runtime:  613.7 ms | cr: 2454.8
    926. dt:  0.25 ms | #newton:  1 | ph:  0.0% | #CG/newton: 1250 | ls (cap|max|inv|bt):  0| 0| 0| 0| runtime:  618.9 ms | cr: 2475.8
    927. dt:  0.25 ms | #newton:  1 | ph:  0.0% | #CG/newton: 1290 | ls (cap|max|inv|bt):  0| 0| 0| 0| runtime:  647.9 ms | cr: 2591.8
    928. dt:  0.25 ms | #newton:  1 | ph:  0.0% | #CG/newton: 1290 | ls (cap|max|inv|bt):  0| 0| 0| 0| runtime:  635.6 ms | cr: 2542.5
    929. dt:  0.25 ms | #newton:  1 | ph:  0.0% | #CG/newton: 1256 | ls (cap|max|inv|bt):  0| 0| 0| 0| runtime:  622.5 ms | cr: 2489.8
    930. dt:  0.25 ms | #newton:  1 | ph:  0.0% | #CG/newton: 1293 | ls (cap|max|inv|bt):  0| 0| 0| 0| runtime:  635.9 ms | cr: 2543.6
    931. dt:  0.25 ms | #newton:  1 | ph:  0.0% | #CG/newton: 1162 | ls (cap|max|inv|bt):  0| 0| 0| 0| runtime:  590.7 ms | cr: 2362.7
    932. dt:  0.25 ms | #newton:  1 | ph:  0.0% | #CG/newton: 1257 | ls (cap|max|inv|bt):  0| 0| 0| 0| runtime:  640.0 ms | cr: 2560.1
    933. dt:  0.25 ms | #newton:  1 | ph:  0.0% | #CG/newton: 1290 | ls (cap|max|inv|bt):  0| 0| 0| 0| runtime:  647.7 ms | cr: 2590.8
[Frame: 7] Time: 0.234 s
    934. dt:  0.25 ms | #newton:  1 | ph:  0.0% | #CG/newton: 1289 | ls (cap|max|inv|bt):  0| 0| 0| 0| runtime:  638.4 ms | cr: 2553.5
    935. dt:  0.25 ms | #newton:  1 | ph:  0.0% | #CG/newton: 1231 | ls (cap|max|inv|bt):  0| 0| 0| 0| runtime:  620.1 ms | cr: 2480.2
    936. dt:  0.25 ms | #newton:  1 | ph:  0.0% | #CG/newton: 1240 | ls (cap|max|inv|bt):  0| 0| 0| 0| runtime:  623.3 ms | cr: 2493.2
    937. dt:  0.25 ms | #newton:  1 | ph:  0.0% | #CG/newton: 1269 | ls (cap|max|inv|bt):  0| 0| 0| 0| runtime:  612.5 ms | cr: 2450.0
    938. dt:  0.25 ms | #newton:  1 | ph:  0.0% | #CG/newton: 1290 | ls (cap|max|inv|bt):  0| 0| 0| 0| runtime:  651.9 ms | cr: 2607.8
    939. dt:  0.25 ms | #newton:  1 | ph:  0.0% | #CG/newton: 1291 | ls (cap|max|inv|bt):  0| 0| 0| 0| runtime:  643.4 ms | cr: 2573.6
    940. dt:  0.25 ms | #newton:  1 | ph:  0.0% | #CG/newton: 1255 | ls (cap|max|inv|bt):  0| 0| 0| 0| runtime:  631.7 ms | cr: 2527.0
    941. dt:  0.25 ms | #newton:  1 | ph:  0.0% | #CG/newton: 1243 | ls (cap|max|inv|bt):  0| 0| 0| 0| runtime:  654.7 ms | cr: 2618.9
    942. dt:  0.25 ms | #newton:  1 | ph:  0.0% | #CG/newton: 1287 | ls (cap|max|inv|bt):  0| 0| 0| 0| runtime:  667.7 ms | cr: 2670.7
    943. dt:  0.25 ms | #newton:  1 | ph:  0.0% | #CG/newton: 1290 | ls (cap|max|inv|bt):  0| 0| 0| 0| runtime:  661.4 ms | cr: 2645.6
    944. dt:  0.25 ms | #newton:  1 | ph:  0.0% | #CG/newton: 1293 | ls (cap|max|inv|bt):  0| 0| 0| 0| runtime:  664.1 ms | cr: 2656.5
    945. dt:  0.25 ms | #newton:  1 | ph:  0.0% | #CG/newton: 1251 | ls (cap|max|inv|bt):  0| 0| 0| 0| runtime:  646.2 ms | cr: 2585.0
    946. dt:  0.25 ms | #newton:  1 | ph:  0.0% | #CG/newton: 1254 | ls (cap|max|inv|bt):  0| 0| 0| 0| runtime:  647.4 ms | cr: 2589.5
    947. dt:  0.25 ms | #newton:  1 | ph:  0.0% | #CG/newton: 1290 | ls (cap|max|inv|bt):  0| 0| 0| 0| runtime:  658.1 ms | cr: 2632.3
    948. dt:  0.25 ms | #newton:  1 | ph:  0.0% | #CG/newton: 1253 | ls (cap|max|inv|bt):  0| 0| 0| 0| runtime:  648.6 ms | cr: 2594.6
    949. dt:  0.25 ms | #newton:  1 | ph:  0.0% | #CG/newton: 1251 | ls (cap|max|inv|bt):  0| 0| 0| 0| runtime:  643.5 ms | cr: 2573.9
    950. dt:  0.25 ms | #newton:  1 | ph:  0.0% | #CG/newton: 1271 | ls (cap|max|inv|bt):  0| 0| 0| 0| runtime:  653.5 ms | cr: 2614.2
    951. dt:  0.25 ms | #newton:  1 | ph:  0.0% | #CG/newton: 1238 | ls (cap|max|inv|bt):  0| 0| 0| 0| runtime:  645.6 ms | cr: 2582.4
    952. dt:  0.25 ms | #newton:  1 | ph:  0.0% | #CG/newton: 1228 | ls (cap|max|inv|bt):  0| 0| 0| 0| runtime:  640.9 ms | cr: 2563.6
    953. dt:  0.25 ms | #newton:  1 | ph:  0.0% | #CG/newton: 1290 | ls (cap|max|inv|bt):  0| 0| 0| 0| runtime:  666.2 ms | cr: 2665.0
    954. dt:  0.25 ms | #newton:  1 | ph:  0.0% | #CG/newton: 1262 | ls (cap|max|inv|bt):  0| 0| 0| 0| runtime:  653.9 ms | cr: 2615.5
    955. dt:  0.25 ms | #newton:  1 | ph:  0.0% | #CG/newton: 1293 | ls (cap|max|inv|bt):  0| 0| 0| 0| runtime:  665.6 ms | cr: 2662.4
    956. dt:  0.25 ms | #newton:  1 | ph:  0.0% | #CG/newton: 1254 | ls (cap|max|inv|bt):  0| 0| 0| 0| runtime:  655.0 ms | cr: 2620.1
    957. dt:  0.25 ms | #newton:  1 | ph:  0.0% | #CG/newton: 1256 | ls (cap|max|inv|bt):  0| 0| 0| 0| runtime:  651.7 ms | cr: 2607.0
    958. dt:  0.25 ms | #newton:  1 | ph:  0.0% | #CG/newton: 1257 | ls (cap|max|inv|bt):  0| 0| 0| 0| runtime:  658.7 ms | cr: 2634.8
    959. dt:  0.25 ms | #newton:  1 | ph:  0.0% | #CG/newton: 1292 | ls (cap|max|inv|bt):  0| 0| 0| 0| runtime:  670.9 ms | cr: 2683.4
    960. dt:  0.25 ms | #newton:  1 | ph:  0.0% | #CG/newton: 1254 | ls (cap|max|inv|bt):  0| 0| 0| 0| runtime:  679.7 ms | cr: 2718.6
    961. dt:  0.25 ms | #newton:  1 | ph:  0.0% | #CG/newton: 1261 | ls (cap|max|inv|bt):  0| 0| 0| 0| runtime:  665.5 ms | cr: 2662.1
    962. dt:  0.25 ms | #newton:  1 | ph:  0.0% | #CG/newton: 1259 | ls (cap|max|inv|bt):  0| 0| 0| 0| runtime:  659.3 ms | cr: 2637.1
    963. dt:  0.25 ms | #newton:  1 | ph:  0.0% | #CG/newton: 1262 | ls (cap|max|inv|bt):  0| 0| 0| 0| runtime:  655.9 ms | cr: 2623.5
    964. dt:  0.25 ms | #newton:  1 | ph:  0.0% | #CG/newton: 1293 | ls (cap|max|inv|bt):  0| 0| 0| 0| runtime:  687.4 ms | cr: 2749.5
    965. dt:  0.25 ms | #newton:  1 | ph:  0.0% | #CG/newton: 1261 | ls (cap|max|inv|bt):  0| 0| 0| 0| runtime:  658.3 ms | cr: 2633.1
    966. dt:  0.25 ms | #newton:  1 | ph:  0.0% | #CG/newton: 1236 | ls (cap|max|inv|bt):  0| 0| 0| 0| runtime:  653.4 ms | cr: 2613.5
    967. dt:  0.25 ms | #newton:  1 | ph:  0.0% | #CG/newton: 1267 | ls (cap|max|inv|bt):  0| 0| 0| 0| runtime:  663.4 ms | cr: 2653.6
    968. dt:  0.25 ms | #newton:  1 | ph:  0.0% | #CG/newton: 1250 | ls (cap|max|inv|bt):  0| 0| 0| 0| runtime:  655.5 ms | cr: 2622.2
    969. dt:  0.25 ms | #newton:  1 | ph:  0.0% | #CG/newton: 1291 | ls (cap|max|inv|bt):  0| 0| 0| 0| runtime:  638.2 ms | cr: 2552.8
    970. dt:  0.25 ms | #newton:  1 | ph:  0.0% | #CG/newton: 1258 | ls (cap|max|inv|bt):  0| 0| 0| 0| runtime:  624.3 ms | cr: 2497.1
    971. dt:  0.25 ms | #newton:  1 | ph:  0.0% | #CG/newton: 1293 | ls (cap|max|inv|bt):  0| 0| 0| 0| runtime:  665.6 ms | cr: 2662.4
    972. dt:  0.25 ms | #newton:  1 | ph:  0.0% | #CG/newton: 1251 | ls (cap|max|inv|bt):  0| 0| 0| 0| runtime:  629.1 ms | cr: 2516.2
    973. dt:  0.25 ms | #newton:  1 | ph:  0.0% | #CG/newton: 1258 | ls (cap|max|inv|bt):  0| 0| 0| 0| runtime:  653.3 ms | cr: 2613.2
    974. dt:  0.25 ms | #newton:  1 | ph:  0.0% | #CG/newton: 1289 | ls (cap|max|inv|bt):  0| 0| 0| 0| runtime:  661.6 ms | cr: 2646.3
    975. dt:  0.25 ms | #newton:  1 | ph:  0.0% | #CG/newton: 1203 | ls (cap|max|inv|bt):  0| 0| 0| 0| runtime:  626.8 ms | cr: 2507.1
    976. dt:  0.25 ms | #newton:  1 | ph:  0.0% | #CG/newton: 1233 | ls (cap|max|inv|bt):  0| 0| 0| 0| runtime:  646.4 ms | cr: 2585.7
    977. dt:  0.25 ms | #newton:  1 | ph:  0.0% | #CG/newton: 1253 | ls (cap|max|inv|bt):  0| 0| 0| 0| runtime:  649.0 ms | cr: 2596.1
    978. dt:  0.25 ms | #newton:  1 | ph:  0.0% | #CG/newton: 1293 | ls (cap|max|inv|bt):  0| 0| 0| 0| runtime:  661.2 ms | cr: 2645.0
    979. dt:  0.25 ms | #newton:  1 | ph:  0.0% | #CG/newton: 1290 | ls (cap|max|inv|bt):  0| 0| 0| 0| runtime:  663.0 ms | cr: 2651.8
    980. dt:  0.25 ms | #newton:  1 | ph:  0.0% | #CG/newton: 1267 | ls (cap|max|inv|bt):  0| 0| 0| 0| runtime:  653.6 ms | cr: 2614.3
    981. dt:  0.25 ms | #newton:  1 | ph:  0.0% | #CG/newton: 1291 | ls (cap|max|inv|bt):  0| 0| 0| 0| runtime:  667.7 ms | cr: 2670.7
    982. dt:  0.25 ms | #newton:  1 | ph:  0.0% | #CG/newton: 1252 | ls (cap|max|inv|bt):  0| 0| 0| 0| runtime:  644.5 ms | cr: 2578.0
    983. dt:  0.25 ms | #newton:  1 | ph:  0.0% | #CG/newton: 1287 | ls (cap|max|inv|bt):  0| 0| 0| 0| runtime:  661.7 ms | cr: 2646.9
    984. dt:  0.25 ms | #newton:  1 | ph:  0.0% | #CG/newton: 1292 | ls (cap|max|inv|bt):  0| 0| 0| 0| runtime:  664.9 ms | cr: 2659.8
    985. dt:  0.25 ms | #newton:  1 | ph:  0.0% | #CG/newton: 1252 | ls (cap|max|inv|bt):  0| 0| 0| 0| runtime:  634.8 ms | cr: 2539.4
    986. dt:  0.25 ms | #newton:  1 | ph:  0.0% | #CG/newton: 1293 | ls (cap|max|inv|bt):  0| 0| 0| 0| runtime:  636.4 ms | cr: 2545.8
    987. dt:  0.25 ms | #newton:  1 | ph:  0.0% | #CG/newton: 1251 | ls (cap|max|inv|bt):  0| 0| 0| 0| runtime:  627.4 ms | cr: 2509.5
    988. dt:  0.25 ms | #newton:  1 | ph:  0.0% | #CG/newton: 1285 | ls (cap|max|inv|bt):  0| 0| 0| 0| runtime:  627.0 ms | cr: 2508.1
    989. dt:  0.25 ms | #newton:  1 | ph:  0.0% | #CG/newton: 1256 | ls (cap|max|inv|bt):  0| 0| 0| 0| runtime:  621.8 ms | cr: 2487.2
    990. dt:  0.25 ms | #newton:  1 | ph:  0.0% | #CG/newton: 1236 | ls (cap|max|inv|bt):  0| 0| 0| 0| runtime:  622.7 ms | cr: 2490.7
    991. dt:  0.25 ms | #newton:  1 | ph:  0.0% | #CG/newton: 1248 | ls (cap|max|inv|bt):  0| 0| 0| 0| runtime:  622.1 ms | cr: 2488.3
    992. dt:  0.25 ms | #newton:  1 | ph:  0.0% | #CG/newton: 1263 | ls (cap|max|inv|bt):  0| 0| 0| 0| runtime:  659.4 ms | cr: 2637.6
    993. dt:  0.25 ms | #newton:  1 | ph:  0.0% | #CG/newton: 1293 | ls (cap|max|inv|bt):  0| 0| 0| 0| runtime:  666.8 ms | cr: 2667.0
    994. dt:  0.25 ms | #newton:  1 | ph:  0.0% | #CG/newton: 1253 | ls (cap|max|inv|bt):  0| 0| 0| 0| runtime:  647.7 ms | cr: 2590.9
    995. dt:  0.25 ms | #newton:  1 | ph:  0.0% | #CG/newton: 1286 | ls (cap|max|inv|bt):  0| 0| 0| 0| runtime:  660.2 ms | cr: 2640.8
    996. dt:  0.25 ms | #newton:  1 | ph:  0.0% | #CG/newton: 1239 | ls (cap|max|inv|bt):  0| 0| 0| 0| runtime:  639.6 ms | cr: 2558.4
    997. dt:  0.25 ms | #newton:  1 | ph:  0.0% | #CG/newton: 1265 | ls (cap|max|inv|bt):  0| 0| 0| 0| runtime:  654.2 ms | cr: 2616.7
    998. dt:  0.25 ms | #newton:  1 | ph:  0.0% | #CG/newton: 1293 | ls (cap|max|inv|bt):  0| 0| 0| 0| runtime:  663.4 ms | cr: 2653.6
    999. dt:  0.25 ms | #newton:  1 | ph:  0.0% | #CG/newton: 1277 | ls (cap|max|inv|bt):  0| 0| 0| 0| runtime:  663.8 ms | cr: 2655.0
    1000. dt:  0.25 ms | #newton:  1 | ph:  0.0% | #CG/newton: 1278 | ls (cap|max|inv|bt):  0| 0| 0| 0| runtime:  657.6 ms | cr: 2630.5
    1001. dt:  0.25 ms | #newton:  1 | ph:  0.0% | #CG/newton: 1293 | ls (cap|max|inv|bt):  0| 0| 0| 0| runtime:  659.8 ms | cr: 2639.1
    1002. dt:  0.25 ms | #newton:  1 | ph:  0.0% | #CG/newton: 1258 | ls (cap|max|inv|bt):  0| 0| 0| 0| runtime:  644.2 ms | cr: 2576.6
    1003. dt:  0.25 ms | #newton:  1 | ph:  0.0% | #CG/newton: 1262 | ls (cap|max|inv|bt):  0| 0| 0| 0| runtime:  647.8 ms | cr: 2591.1
    1004. dt:  0.25 ms | #newton:  1 | ph:  0.0% | #CG/newton: 1293 | ls (cap|max|inv|bt):  0| 0| 0| 0| runtime:  657.2 ms | cr: 2628.9
    1005. dt:  0.25 ms | #newton:  1 | ph:  0.0% | #CG/newton: 1290 | ls (cap|max|inv|bt):  0| 0| 0| 0| runtime:  655.4 ms | cr: 2621.4
    1006. dt:  0.25 ms | #newton:  1 | ph:  0.0% | #CG/newton: 1261 | ls (cap|max|inv|bt):  0| 0| 0| 0| runtime:  651.4 ms | cr: 2605.7
    1007. dt:  0.25 ms | #newton:  1 | ph:  0.0% | #CG/newton: 1233 | ls (cap|max|inv|bt):  0| 0| 0| 0| runtime:  639.3 ms | cr: 2557.4
    1008. dt:  0.25 ms | #newton:  1 | ph:  0.0% | #CG/newton: 1263 | ls (cap|max|inv|bt):  0| 0| 0| 0| runtime:  650.2 ms | cr: 2600.9
    1009. dt:  0.25 ms | #newton:  1 | ph:  0.0% | #CG/newton: 1269 | ls (cap|max|inv|bt):  0| 0| 0| 0| runtime:  661.1 ms | cr: 2644.4
    1010. dt:  0.25 ms | #newton:  1 | ph:  0.0% | #CG/newton: 1292 | ls (cap|max|inv|bt):  0| 0| 0| 0| runtime:  658.6 ms | cr: 2634.3
    1011. dt:  0.25 ms | #newton:  1 | ph:  0.0% | #CG/newton: 1256 | ls (cap|max|inv|bt):  0| 0| 0| 0| runtime:  662.7 ms | cr: 2650.6
    1012. dt:  0.25 ms | #newton:  1 | ph:  0.0% | #CG/newton: 1290 | ls (cap|max|inv|bt):  0| 0| 0| 0| runtime:  657.1 ms | cr: 2628.4
    1013. dt:  0.25 ms | #newton:  1 | ph:  0.0% | #CG/newton: 1252 | ls (cap|max|inv|bt):  0| 0| 0| 0| runtime:  655.1 ms | cr: 2620.3
    1014. dt:  0.25 ms | #newton:  1 | ph:  0.0% | #CG/newton: 1270 | ls (cap|max|inv|bt):  0| 0| 0| 0| runtime:  651.7 ms | cr: 2606.9
    1015. dt:  0.25 ms | #newton:  1 | ph:  0.0% | #CG/newton: 1254 | ls (cap|max|inv|bt):  0| 0| 0| 0| runtime:  652.7 ms | cr: 2610.8
    1016. dt:  0.25 ms | #newton:  1 | ph:  0.0% | #CG/newton: 1288 | ls (cap|max|inv|bt):  0| 0| 0| 0| runtime:  663.6 ms | cr: 2654.3
    1017. dt:  0.25 ms | #newton:  1 | ph:  0.0% | #CG/newton: 1250 | ls (cap|max|inv|bt):  0| 0| 0| 0| runtime:  648.7 ms | cr: 2594.6
    1018. dt:  0.25 ms | #newton:  1 | ph:  0.0% | #CG/newton: 1256 | ls (cap|max|inv|bt):  0| 0| 0| 0| runtime:  649.3 ms | cr: 2597.1
    1019. dt:  0.25 ms | #newton:  1 | ph:  0.0% | #CG/newton: 1232 | ls (cap|max|inv|bt):  0| 0| 0| 0| runtime:  639.7 ms | cr: 2558.9
    1020. dt:  0.25 ms | #newton:  1 | ph:  0.0% | #CG/newton: 1258 | ls (cap|max|inv|bt):  0| 0| 0| 0| runtime:  650.9 ms | cr: 2603.6
    1021. dt:  0.25 ms | #newton:  1 | ph:  0.0% | #CG/newton: 1289 | ls (cap|max|inv|bt):  0| 0| 0| 0| runtime:  660.6 ms | cr: 2642.3
    1022. dt:  0.25 ms | #newton:  1 | ph:  0.0% | #CG/newton: 1287 | ls (cap|max|inv|bt):  0| 0| 0| 0| runtime:  661.9 ms | cr: 2647.7
    1023. dt:  0.25 ms | #newton:  1 | ph:  0.0% | #CG/newton: 1249 | ls (cap|max|inv|bt):  0| 0| 0| 0| runtime:  648.3 ms | cr: 2593.4
    1024. dt:  0.25 ms | #newton:  1 | ph:  0.0% | #CG/newton: 1289 | ls (cap|max|inv|bt):  0| 0| 0| 0| runtime:  656.3 ms | cr: 2625.3
    1025. dt:  0.25 ms | #newton:  1 | ph:  0.0% | #CG/newton: 1248 | ls (cap|max|inv|bt):  0| 0| 0| 0| runtime:  641.2 ms | cr: 2564.7
    1026. dt:  0.25 ms | #newton:  1 | ph:  0.0% | #CG/newton: 1275 | ls (cap|max|inv|bt):  0| 0| 0| 0| runtime:  663.5 ms | cr: 2653.9
    1027. dt:  0.25 ms | #newton:  1 | ph:  0.0% | #CG/newton: 1233 | ls (cap|max|inv|bt):  0| 0| 0| 0| runtime:  636.3 ms | cr: 2545.0
    1028. dt:  0.25 ms | #newton:  1 | ph:  0.0% | #CG/newton: 1257 | ls (cap|max|inv|bt):  0| 0| 0| 0| runtime:  648.5 ms | cr: 2594.0
    1029. dt:  0.25 ms | #newton:  1 | ph:  0.0% | #CG/newton: 1289 | ls (cap|max|inv|bt):  0| 0| 0| 0| runtime:  659.7 ms | cr: 2638.9
    1030. dt:  0.25 ms | #newton:  1 | ph:  0.0% | #CG/newton: 1287 | ls (cap|max|inv|bt):  0| 0| 0| 0| runtime:  658.3 ms | cr: 2633.2
    1031. dt:  0.25 ms | #newton:  1 | ph:  0.0% | #CG/newton: 1253 | ls (cap|max|inv|bt):  0| 0| 0| 0| runtime:  641.9 ms | cr: 2567.8
    1032. dt:  0.25 ms | #newton:  1 | ph:  0.0% | #CG/newton: 1287 | ls (cap|max|inv|bt):  0| 0| 0| 0| runtime:  654.7 ms | cr: 2618.9
    1033. dt:  0.25 ms | #newton:  1 | ph:  0.0% | #CG/newton: 1253 | ls (cap|max|inv|bt):  0| 0| 0| 0| runtime:  644.2 ms | cr: 2576.9
    1034. dt:  0.25 ms | #newton:  1 | ph:  0.0% | #CG/newton: 1289 | ls (cap|max|inv|bt):  0| 0| 0| 0| runtime:  649.3 ms | cr: 2597.1
    1035. dt:  0.25 ms | #newton:  1 | ph:  0.0% | #CG/newton: 1290 | ls (cap|max|inv|bt):  0| 0| 0| 0| runtime:  654.4 ms | cr: 2617.7
    1036. dt:  0.25 ms | #newton:  1 | ph:  0.0% | #CG/newton: 1263 | ls (cap|max|inv|bt):  0| 0| 0| 0| runtime:  652.8 ms | cr: 2611.4
    1037. dt:  0.25 ms | #newton:  1 | ph:  0.0% | #CG/newton: 1294 | ls (cap|max|inv|bt):  0| 0| 0| 0| runtime:  673.1 ms | cr: 2692.3
    1038. dt:  0.25 ms | #newton:  1 | ph:  0.0% | #CG/newton: 1257 | ls (cap|max|inv|bt):  0| 0| 0| 0| runtime:  641.8 ms | cr: 2567.4
    1039. dt:  0.25 ms | #newton:  1 | ph:  0.0% | #CG/newton: 1290 | ls (cap|max|inv|bt):  0| 0| 0| 0| runtime:  661.0 ms | cr: 2644.0
    1040. dt:  0.25 ms | #newton:  1 | ph:  0.0% | #CG/newton: 1285 | ls (cap|max|inv|bt):  0| 0| 0| 0| runtime:  651.5 ms | cr: 2605.8
    1041. dt:  0.25 ms | #newton:  1 | ph:  0.0% | #CG/newton: 1254 | ls (cap|max|inv|bt):  0| 0| 0| 0| runtime:  643.6 ms | cr: 2574.3
    1042. dt:  0.25 ms | #newton:  1 | ph:  0.0% | #CG/newton: 1247 | ls (cap|max|inv|bt):  0| 0| 0| 0| runtime:  638.8 ms | cr: 2555.3
    1043. dt:  0.25 ms | #newton:  1 | ph:  0.0% | #CG/newton: 1257 | ls (cap|max|inv|bt):  0| 0| 0| 0| runtime:  643.3 ms | cr: 2573.2
    1044. dt:  0.25 ms | #newton:  1 | ph:  0.0% | #CG/newton: 1272 | ls (cap|max|inv|bt):  0| 0| 0| 0| runtime:  653.7 ms | cr: 2614.8
    1045. dt:  0.25 ms | #newton:  1 | ph:  0.0% | #CG/newton: 1262 | ls (cap|max|inv|bt):  0| 0| 0| 0| runtime:  641.8 ms | cr: 2567.3
    1046. dt:  0.25 ms | #newton:  1 | ph:  0.0% | #CG/newton: 1289 | ls (cap|max|inv|bt):  0| 0| 0| 0| runtime:  655.1 ms | cr: 2620.6
    1047. dt:  0.25 ms | #newton:  1 | ph:  0.0% | #CG/newton: 1254 | ls (cap|max|inv|bt):  0| 0| 0| 0| runtime:  621.2 ms | cr: 2485.0
    1048. dt:  0.25 ms | #newton:  1 | ph:  0.0% | #CG/newton: 1259 | ls (cap|max|inv|bt):  0| 0| 0| 0| runtime:  613.0 ms | cr: 2452.2
    1049. dt:  0.25 ms | #newton:  1 | ph:  0.0% | #CG/newton: 1234 | ls (cap|max|inv|bt):  0| 0| 0| 0| runtime:  627.0 ms | cr: 2507.9
    1050. dt:  0.25 ms | #newton:  1 | ph:  0.0% | #CG/newton: 1277 | ls (cap|max|inv|bt):  0| 0| 0| 0| runtime:  626.7 ms | cr: 2506.6
    1051. dt:  0.25 ms | #newton:  1 | ph:  0.0% | #CG/newton: 1265 | ls (cap|max|inv|bt):  0| 0| 0| 0| runtime:  647.9 ms | cr: 2591.8
    1052. dt:  0.25 ms | #newton:  1 | ph:  0.0% | #CG/newton: 1275 | ls (cap|max|inv|bt):  0| 0| 0| 0| runtime:  686.6 ms | cr: 2746.5
    1053. dt:  0.25 ms | #newton:  1 | ph:  0.0% | #CG/newton: 1249 | ls (cap|max|inv|bt):  0| 0| 0| 0| runtime:  639.7 ms | cr: 2558.9
    1054. dt:  0.25 ms | #newton:  1 | ph:  0.0% | #CG/newton: 1256 | ls (cap|max|inv|bt):  0| 0| 0| 0| runtime:  653.6 ms | cr: 2614.4
    1055. dt:  0.25 ms | #newton:  1 | ph:  0.0% | #CG/newton: 1270 | ls (cap|max|inv|bt):  0| 0| 0| 0| runtime:  658.4 ms | cr: 2633.8
    1056. dt:  0.25 ms | #newton:  1 | ph:  0.0% | #CG/newton: 1256 | ls (cap|max|inv|bt):  0| 0| 0| 0| runtime:  647.8 ms | cr: 2591.4
    1057. dt:  0.25 ms | #newton:  1 | ph:  0.0% | #CG/newton: 1266 | ls (cap|max|inv|bt):  0| 0| 0| 0| runtime:  651.5 ms | cr: 2605.8
    1058. dt:  0.25 ms | #newton:  1 | ph:  0.0% | #CG/newton: 1253 | ls (cap|max|inv|bt):  0| 0| 0| 0| runtime:  638.1 ms | cr: 2552.6
    1059. dt:  0.25 ms | #newton:  1 | ph:  0.0% | #CG/newton: 1268 | ls (cap|max|inv|bt):  0| 0| 0| 0| runtime:  648.9 ms | cr: 2595.5
    1060. dt:  0.25 ms | #newton:  1 | ph:  0.0% | #CG/newton: 1239 | ls (cap|max|inv|bt):  0| 0| 0| 0| runtime:  634.8 ms | cr: 2539.3
    1061. dt:  0.25 ms | #newton:  1 | ph:  0.0% | #CG/newton: 1284 | ls (cap|max|inv|bt):  0| 0| 0| 0| runtime:  657.9 ms | cr: 2631.5
    1062. dt:  0.25 ms | #newton:  1 | ph:  0.0% | #CG/newton: 1251 | ls (cap|max|inv|bt):  0| 0| 0| 0| runtime:  646.3 ms | cr: 2585.0
    1063. dt:  0.25 ms | #newton:  1 | ph:  0.0% | #CG/newton: 1162 | ls (cap|max|inv|bt):  0| 0| 0| 0| runtime:  606.3 ms | cr: 2425.2
    1064. dt:  0.25 ms | #newton:  1 | ph:  0.0% | #CG/newton: 1254 | ls (cap|max|inv|bt):  0| 0| 0| 0| runtime:  656.0 ms | cr: 2623.9
    1065. dt:  0.25 ms | #newton:  1 | ph:  0.0% | #CG/newton: 1261 | ls (cap|max|inv|bt):  0| 0| 0| 0| runtime:  649.6 ms | cr: 2598.5
    1066. dt:  0.25 ms | #newton:  1 | ph:  0.0% | #CG/newton: 1252 | ls (cap|max|inv|bt):  0| 0| 0| 0| runtime:  650.9 ms | cr: 2603.5
[Frame: 8] Time: 0.267 s
    1067. dt:  0.25 ms | #newton:  1 | ph:  0.0% | #CG/newton: 1158 | ls (cap|max|inv|bt):  0| 0| 0| 0| runtime:  603.4 ms | cr: 2413.5
    1068. dt:  0.25 ms | #newton:  1 | ph:  0.0% | #CG/newton: 1267 | ls (cap|max|inv|bt):  0| 0| 0| 0| runtime:  645.6 ms | cr: 2582.3
    1069. dt:  0.25 ms | #newton:  1 | ph:  0.0% | #CG/newton: 1253 | ls (cap|max|inv|bt):  0| 0| 0| 0| runtime:  644.8 ms | cr: 2579.3
    1070. dt:  0.25 ms | #newton:  1 | ph:  0.0% | #CG/newton: 1289 | ls (cap|max|inv|bt):  0| 0| 0| 0| runtime:  660.2 ms | cr: 2640.9
    1071. dt:  0.25 ms | #newton:  1 | ph:  0.0% | #CG/newton: 1255 | ls (cap|max|inv|bt):  0| 0| 0| 0| runtime:  634.4 ms | cr: 2537.5
    1072. dt:  0.25 ms | #newton:  1 | ph:  0.0% | #CG/newton: 1269 | ls (cap|max|inv|bt):  0| 0| 0| 0| runtime:  652.3 ms | cr: 2609.3
    1073. dt:  0.25 ms | #newton:  1 | ph:  0.0% | #CG/newton: 1126 | ls (cap|max|inv|bt):  0| 0| 0| 0| runtime:  598.8 ms | cr: 2395.1
    1074. dt:  0.25 ms | #newton:  1 | ph:  0.0% | #CG/newton: 1261 | ls (cap|max|inv|bt):  0| 0| 0| 0| runtime:  641.8 ms | cr: 2567.0
    1075. dt:  0.25 ms | #newton:  1 | ph:  0.0% | #CG/newton: 1270 | ls (cap|max|inv|bt):  0| 0| 0| 0| runtime:  654.0 ms | cr: 2616.1
    1076. dt:  0.25 ms | #newton:  1 | ph:  0.0% | #CG/newton: 1235 | ls (cap|max|inv|bt):  0| 0| 0| 0| runtime:  629.8 ms | cr: 2519.1
    1077. dt:  0.25 ms | #newton:  1 | ph:  0.0% | #CG/newton: 1162 | ls (cap|max|inv|bt):  0| 0| 0| 0| runtime:  604.0 ms | cr: 2415.9
    1078. dt:  0.25 ms | #newton:  1 | ph:  0.0% | #CG/newton: 1289 | ls (cap|max|inv|bt):  0| 0| 0| 0| runtime:  662.8 ms | cr: 2651.1
    1079. dt:  0.25 ms | #newton:  1 | ph:  0.0% | #CG/newton: 1253 | ls (cap|max|inv|bt):  0| 0| 0| 0| runtime:  649.8 ms | cr: 2599.2
    1080. dt:  0.25 ms | #newton:  1 | ph:  0.0% | #CG/newton: 1257 | ls (cap|max|inv|bt):  0| 0| 0| 0| runtime:  639.8 ms | cr: 2559.2
    1081. dt:  0.25 ms | #newton:  1 | ph:  0.0% | #CG/newton: 1260 | ls (cap|max|inv|bt):  0| 0| 0| 0| runtime:  645.3 ms | cr: 2581.0
    1082. dt:  0.25 ms | #newton:  1 | ph:  0.0% | #CG/newton: 1256 | ls (cap|max|inv|bt):  0| 0| 0| 0| runtime:  645.2 ms | cr: 2580.7
    1083. dt:  0.25 ms | #newton:  1 | ph:  0.0% | #CG/newton: 1287 | ls (cap|max|inv|bt):  0| 0| 0| 0| runtime:  664.3 ms | cr: 2657.0
    1084. dt:  0.25 ms | #newton:  1 | ph:  0.0% | #CG/newton: 1253 | ls (cap|max|inv|bt):  0| 0| 0| 0| runtime:  649.2 ms | cr: 2596.8
    1085. dt:  0.25 ms | #newton:  1 | ph:  0.0% | #CG/newton: 1289 | ls (cap|max|inv|bt):  0| 0| 0| 0| runtime:  653.7 ms | cr: 2615.0
    1086. dt:  0.25 ms | #newton:  1 | ph:  0.0% | #CG/newton: 1277 | ls (cap|max|inv|bt):  0| 0| 0| 0| runtime:  655.4 ms | cr: 2621.6
    1087. dt:  0.25 ms | #newton:  1 | ph:  0.0% | #CG/newton: 1235 | ls (cap|max|inv|bt):  0| 0| 0| 0| runtime:  641.9 ms | cr: 2567.5
    1088. dt:  0.25 ms | #newton:  1 | ph:  0.0% | #CG/newton: 1277 | ls (cap|max|inv|bt):  0| 0| 0| 0| runtime:  660.4 ms | cr: 2641.7
    1089. dt:  0.25 ms | #newton:  1 | ph:  0.0% | #CG/newton: 1262 | ls (cap|max|inv|bt):  0| 0| 0| 0| runtime:  656.9 ms | cr: 2627.6
    1090. dt:  0.25 ms | #newton:  1 | ph:  0.0% | #CG/newton: 1276 | ls (cap|max|inv|bt):  0| 0| 0| 0| runtime:  662.3 ms | cr: 2649.1
    1091. dt:  0.25 ms | #newton:  1 | ph:  0.0% | #CG/newton: 1101 | ls (cap|max|inv|bt):  0| 0| 0| 0| runtime:  592.0 ms | cr: 2367.8
    1092. dt:  0.25 ms | #newton:  1 | ph:  0.0% | #CG/newton: 1255 | ls (cap|max|inv|bt):  0| 0| 0| 0| runtime:  636.0 ms | cr: 2544.2
    1093. dt:  0.25 ms | #newton:  1 | ph:  0.0% | #CG/newton: 1289 | ls (cap|max|inv|bt):  0| 0| 0| 0| runtime:  658.3 ms | cr: 2633.1
    1094. dt:  0.25 ms | #newton:  1 | ph:  0.0% | #CG/newton: 1257 | ls (cap|max|inv|bt):  0| 0| 0| 0| runtime:  643.5 ms | cr: 2573.8
    1095. dt:  0.25 ms | #newton:  1 | ph:  0.0% | #CG/newton: 1230 | ls (cap|max|inv|bt):  0| 0| 0| 0| runtime:  632.3 ms | cr: 2529.1
    1096. dt:  0.25 ms | #newton:  1 | ph:  0.0% | #CG/newton: 1254 | ls (cap|max|inv|bt):  0| 0| 0| 0| runtime:  638.3 ms | cr: 2553.2
    1097. dt:  0.25 ms | #newton:  1 | ph:  0.0% | #CG/newton: 1247 | ls (cap|max|inv|bt):  0| 0| 0| 0| runtime:  640.8 ms | cr: 2563.4
    1098. dt:  0.25 ms | #newton:  1 | ph:  0.0% | #CG/newton: 1289 | ls (cap|max|inv|bt):  0| 0| 0| 0| runtime:  656.7 ms | cr: 2626.8
    1099. dt:  0.25 ms | #newton:  1 | ph:  0.0% | #CG/newton: 1256 | ls (cap|max|inv|bt):  0| 0| 0| 0| runtime:  643.5 ms | cr: 2573.8
    1100. dt:  0.25 ms | #newton:  1 | ph:  0.0% | #CG/newton: 1257 | ls (cap|max|inv|bt):  0| 0| 0| 0| runtime:  651.5 ms | cr: 2606.0
    1101. dt:  0.25 ms | #newton:  1 | ph:  0.0% | #CG/newton: 1232 | ls (cap|max|inv|bt):  0| 0| 0| 0| runtime:  637.5 ms | cr: 2550.1
    1102. dt:  0.25 ms | #newton:  1 | ph:  0.0% | #CG/newton: 1285 | ls (cap|max|inv|bt):  0| 0| 0| 0| runtime:  661.3 ms | cr: 2645.2
    1103. dt:  0.25 ms | #newton:  1 | ph:  0.0% | #CG/newton: 1253 | ls (cap|max|inv|bt):  0| 0| 0| 0| runtime:  640.5 ms | cr: 2562.2
    1104. dt:  0.25 ms | #newton:  1 | ph:  0.0% | #CG/newton: 1285 | ls (cap|max|inv|bt):  0| 0| 0| 0| runtime:  660.0 ms | cr: 2639.9
    1105. dt:  0.25 ms | #newton:  1 | ph:  0.0% | #CG/newton: 1252 | ls (cap|max|inv|bt):  0| 0| 0| 0| runtime:  655.6 ms | cr: 2622.3
    1106. dt:  0.25 ms | #newton:  1 | ph:  0.0% | #CG/newton: 1253 | ls (cap|max|inv|bt):  0| 0| 0| 0| runtime:  643.3 ms | cr: 2573.0
    1107. dt:  0.25 ms | #newton:  1 | ph:  0.0% | #CG/newton: 1257 | ls (cap|max|inv|bt):  0| 0| 0| 0| runtime:  646.2 ms | cr: 2584.9
    1108. dt:  0.25 ms | #newton:  1 | ph:  0.0% | #CG/newton: 1287 | ls (cap|max|inv|bt):  0| 0| 0| 0| runtime:  657.4 ms | cr: 2629.7
    1109. dt:  0.25 ms | #newton:  1 | ph:  0.0% | #CG/newton: 1253 | ls (cap|max|inv|bt):  0| 0| 0| 0| runtime:  640.2 ms | cr: 2560.8
    1110. dt:  0.25 ms | #newton:  1 | ph:  0.0% | #CG/newton: 1287 | ls (cap|max|inv|bt):  0| 0| 0| 0| runtime:  659.6 ms | cr: 2638.5
    1111. dt:  0.25 ms | #newton:  1 | ph:  0.0% | #CG/newton: 1249 | ls (cap|max|inv|bt):  0| 0| 0| 0| runtime:  641.3 ms | cr: 2565.2
    1112. dt:  0.25 ms | #newton:  1 | ph:  0.0% | #CG/newton: 1254 | ls (cap|max|inv|bt):  0| 0| 0| 0| runtime:  628.8 ms | cr: 2515.2
    1113. dt:  0.25 ms | #newton:  1 | ph:  0.0% | #CG/newton: 1292 | ls (cap|max|inv|bt):  0| 0| 0| 0| runtime:  654.6 ms | cr: 2618.2
    1114. dt:  0.25 ms | #newton:  1 | ph:  0.0% | #CG/newton: 1269 | ls (cap|max|inv|bt):  0| 0| 0| 0| runtime:  642.2 ms | cr: 2568.9
    1115. dt:  0.25 ms | #newton:  1 | ph:  0.0% | #CG/newton: 1270 | ls (cap|max|inv|bt):  0| 0| 0| 0| runtime:  651.3 ms | cr: 2605.3
    1116. dt:  0.25 ms | #newton:  1 | ph:  0.0% | #CG/newton: 1169 | ls (cap|max|inv|bt):  0| 0| 0| 0| runtime:  610.2 ms | cr: 2440.9
    1117. dt:  0.25 ms | #newton:  1 | ph:  0.0% | #CG/newton: 1294 | ls (cap|max|inv|bt):  0| 0| 0| 0| runtime:  645.8 ms | cr: 2583.1
    1118. dt:  0.25 ms | #newton:  1 | ph:  0.0% | #CG/newton: 1255 | ls (cap|max|inv|bt):  0| 0| 0| 0| runtime:  646.1 ms | cr: 2584.4
    1119. dt:  0.25 ms | #newton:  1 | ph:  0.0% | #CG/newton: 1258 | ls (cap|max|inv|bt):  0| 0| 0| 0| runtime:  646.7 ms | cr: 2586.7
    1120. dt:  0.25 ms | #newton:  1 | ph:  0.0% | #CG/newton: 1258 | ls (cap|max|inv|bt):  0| 0| 0| 0| runtime:  642.5 ms | cr: 2570.0
    1121. dt:  0.25 ms | #newton:  1 | ph:  0.0% | #CG/newton: 1249 | ls (cap|max|inv|bt):  0| 0| 0| 0| runtime:  650.5 ms | cr: 2602.2
    1122. dt:  0.25 ms | #newton:  1 | ph:  0.0% | #CG/newton: 1270 | ls (cap|max|inv|bt):  0| 0| 0| 0| runtime:  647.7 ms | cr: 2590.9
    1123. dt:  0.25 ms | #newton:  1 | ph:  0.0% | #CG/newton: 1257 | ls (cap|max|inv|bt):  0| 0| 0| 0| runtime:  633.6 ms | cr: 2534.2
    1124. dt:  0.25 ms | #newton:  1 | ph:  0.0% | #CG/newton: 1287 | ls (cap|max|inv|bt):  0| 0| 0| 0| runtime:  661.7 ms | cr: 2646.9
    1125. dt:  0.25 ms | #newton:  1 | ph:  0.0% | #CG/newton: 1256 | ls (cap|max|inv|bt):  0| 0| 0| 0| runtime:  635.3 ms | cr: 2541.3
    1126. dt:  0.25 ms | #newton:  1 | ph:  0.0% | #CG/newton: 1261 | ls (cap|max|inv|bt):  0| 0| 0| 0| runtime:  642.0 ms | cr: 2568.0
    1127. dt:  0.25 ms | #newton:  1 | ph:  0.0% | #CG/newton: 1232 | ls (cap|max|inv|bt):  0| 0| 0| 0| runtime:  635.6 ms | cr: 2542.3
    1128. dt:  0.25 ms | #newton:  1 | ph:  0.0% | #CG/newton: 1273 | ls (cap|max|inv|bt):  0| 0| 0| 0| runtime:  646.9 ms | cr: 2587.8
    1129. dt:  0.25 ms | #newton:  1 | ph:  0.0% | #CG/newton: 1230 | ls (cap|max|inv|bt):  0| 0| 0| 0| runtime:  630.1 ms | cr: 2520.4
    1130. dt:  0.25 ms | #newton:  1 | ph:  0.0% | #CG/newton: 1242 | ls (cap|max|inv|bt):  0| 0| 0| 0| runtime:  622.4 ms | cr: 2489.5
    1131. dt:  0.25 ms | #newton:  1 | ph:  0.0% | #CG/newton: 1275 | ls (cap|max|inv|bt):  0| 0| 0| 0| runtime:  644.6 ms | cr: 2578.3
    1132. dt:  0.25 ms | #newton:  1 | ph:  0.0% | #CG/newton: 1289 | ls (cap|max|inv|bt):  0| 0| 0| 0| runtime:  650.5 ms | cr: 2601.9
    1133. dt:  0.25 ms | #newton:  1 | ph:  0.0% | #CG/newton: 1253 | ls (cap|max|inv|bt):  0| 0| 0| 0| runtime:  648.8 ms | cr: 2595.2
    1134. dt:  0.25 ms | #newton:  1 | ph:  0.0% | #CG/newton: 1262 | ls (cap|max|inv|bt):  0| 0| 0| 0| runtime:  639.0 ms | cr: 2555.9
    1135. dt:  0.25 ms | #newton:  1 | ph:  0.0% | #CG/newton: 1530 | ls (cap|max|inv|bt):  0| 0| 0| 0| runtime:  757.0 ms | cr: 3028.1
    1136. dt:  0.25 ms | #newton:  1 | ph:  0.0% | #CG/newton: 1269 | ls (cap|max|inv|bt):  0| 0| 0| 0| runtime:  651.0 ms | cr: 2604.1
    1137. dt:  0.25 ms | #newton:  1 | ph:  0.0% | #CG/newton: 1268 | ls (cap|max|inv|bt):  0| 0| 0| 0| runtime:  652.7 ms | cr: 2610.7
    1138. dt:  0.25 ms | #newton:  1 | ph:  0.0% | #CG/newton: 1232 | ls (cap|max|inv|bt):  0| 0| 0| 0| runtime:  639.9 ms | cr: 2559.4
    1139. dt:  0.25 ms | #newton:  1 | ph:  0.0% | #CG/newton: 1261 | ls (cap|max|inv|bt):  0| 0| 0| 0| runtime:  649.7 ms | cr: 2598.7
    1140. dt:  0.25 ms | #newton:  1 | ph:  0.0% | #CG/newton: 1291 | ls (cap|max|inv|bt):  0| 0| 0| 0| runtime:  657.5 ms | cr: 2629.9
    1141. dt:  0.25 ms | #newton:  1 | ph:  0.0% | #CG/newton: 1269 | ls (cap|max|inv|bt):  0| 0| 0| 0| runtime:  641.5 ms | cr: 2565.9
    1142. dt:  0.25 ms | #newton:  1 | ph:  0.0% | #CG/newton: 1252 | ls (cap|max|inv|bt):  0| 0| 0| 0| runtime:  653.5 ms | cr: 2613.9
    1143. dt:  0.25 ms | #newton:  1 | ph:  0.0% | #CG/newton: 1289 | ls (cap|max|inv|bt):  0| 0| 0| 0| runtime:  651.8 ms | cr: 2607.3
    1144. dt:  0.25 ms | #newton:  1 | ph:  0.0% | #CG/newton: 1253 | ls (cap|max|inv|bt):  0| 0| 0| 0| runtime:  667.6 ms | cr: 2670.4
    1145. dt:  0.25 ms | #newton:  1 | ph:  0.0% | #CG/newton: 1262 | ls (cap|max|inv|bt):  0| 0| 0| 0| runtime:  652.9 ms | cr: 2611.5
    1146. dt:  0.25 ms | #newton:  1 | ph:  0.0% | #CG/newton: 1267 | ls (cap|max|inv|bt):  0| 0| 0| 0| runtime:  650.0 ms | cr: 2600.2
    1147. dt:  0.25 ms | #newton:  1 | ph:  0.0% | #CG/newton: 1263 | ls (cap|max|inv|bt):  0| 0| 0| 0| runtime:  649.8 ms | cr: 2599.3
    1148. dt:  0.25 ms | #newton:  1 | ph:  0.0% | #CG/newton: 1262 | ls (cap|max|inv|bt):  0| 0| 0| 0| runtime:  649.0 ms | cr: 2596.0
    1149. dt:  0.25 ms | #newton:  1 | ph:  0.0% | #CG/newton: 1292 | ls (cap|max|inv|bt):  0| 0| 0| 0| runtime:  656.2 ms | cr: 2624.7
    1150. dt:  0.25 ms | #newton:  1 | ph:  0.0% | #CG/newton: 1250 | ls (cap|max|inv|bt):  0| 0| 0| 0| runtime:  642.2 ms | cr: 2568.8
    1151. dt:  0.25 ms | #newton:  1 | ph:  0.0% | #CG/newton: 1271 | ls (cap|max|inv|bt):  0| 0| 0| 0| runtime:  649.8 ms | cr: 2599.2
    1152. dt:  0.25 ms | #newton:  1 | ph:  0.0% | #CG/newton: 1255 | ls (cap|max|inv|bt):  0| 0| 0| 0| runtime:  641.3 ms | cr: 2565.4
    1153. dt:  0.25 ms | #newton:  1 | ph:  0.0% | #CG/newton: 1263 | ls (cap|max|inv|bt):  0| 0| 0| 0| runtime:  642.9 ms | cr: 2571.6
    1154. dt:  0.25 ms | #newton:  1 | ph:  0.0% | #CG/newton: 1516 | ls (cap|max|inv|bt):  0| 0| 0| 0| runtime:  747.3 ms | cr: 2989.1
    1155. dt:  0.25 ms | #newton:  1 | ph:  0.0% | #CG/newton: 1259 | ls (cap|max|inv|bt):  0| 0| 0| 0| runtime:  636.3 ms | cr: 2545.2
    1156. dt:  0.25 ms | #newton:  1 | ph:  0.0% | #CG/newton: 1273 | ls (cap|max|inv|bt):  0| 0| 0| 0| runtime:  644.3 ms | cr: 2577.1
    1157. dt:  0.25 ms | #newton:  1 | ph:  0.0% | #CG/newton: 1263 | ls (cap|max|inv|bt):  0| 0| 0| 0| runtime:  645.4 ms | cr: 2581.6
    1158. dt:  0.25 ms | #newton:  1 | ph:  0.0% | #CG/newton: 1293 | ls (cap|max|inv|bt):  0| 0| 0| 0| runtime:  659.6 ms | cr: 2638.5
    1159. dt:  0.25 ms | #newton:  1 | ph:  0.0% | #CG/newton: 1290 | ls (cap|max|inv|bt):  0| 0| 0| 0| runtime:  649.0 ms | cr: 2596.0
    1160. dt:  0.25 ms | #newton:  1 | ph:  0.0% | #CG/newton: 1253 | ls (cap|max|inv|bt):  0| 0| 0| 0| runtime:  648.5 ms | cr: 2594.1
    1161. dt:  0.25 ms | #newton:  1 | ph:  0.0% | #CG/newton: 1254 | ls (cap|max|inv|bt):  0| 0| 0| 0| runtime:  640.2 ms | cr: 2560.9
    1162. dt:  0.25 ms | #newton:  1 | ph:  0.0% | #CG/newton: 1164 | ls (cap|max|inv|bt):  0| 0| 0| 0| runtime:  617.1 ms | cr: 2468.2
    1163. dt:  0.25 ms | #newton:  1 | ph:  0.0% | #CG/newton: 1256 | ls (cap|max|inv|bt):  0| 0| 0| 0| runtime:  651.9 ms | cr: 2607.7
    1164. dt:  0.25 ms | #newton:  1 | ph:  0.0% | #CG/newton: 1293 | ls (cap|max|inv|bt):  0| 0| 0| 0| runtime:  655.8 ms | cr: 2623.2
    1165. dt:  0.25 ms | #newton:  1 | ph:  0.0% | #CG/newton: 1269 | ls (cap|max|inv|bt):  0| 0| 0| 0| runtime:  654.8 ms | cr: 2619.2
    1166. dt:  0.25 ms | #newton:  1 | ph:  0.0% | #CG/newton: 1292 | ls (cap|max|inv|bt):  0| 0| 0| 0| runtime:  663.1 ms | cr: 2652.4
    1167. dt:  0.25 ms | #newton:  1 | ph:  0.0% | #CG/newton: 1293 | ls (cap|max|inv|bt):  0| 0| 0| 0| runtime:  658.4 ms | cr: 2633.5
    1168. dt:  0.25 ms | #newton:  1 | ph:  0.0% | #CG/newton: 1256 | ls (cap|max|inv|bt):  0| 0| 0| 0| runtime:  632.6 ms | cr: 2530.3
    1169. dt:  0.25 ms | #newton:  1 | ph:  0.0% | #CG/newton: 1290 | ls (cap|max|inv|bt):  0| 0| 0| 0| runtime:  665.7 ms | cr: 2662.8
    1170. dt:  0.25 ms | #newton:  1 | ph:  0.0% | #CG/newton: 1293 | ls (cap|max|inv|bt):  0| 0| 0| 0| runtime:  657.6 ms | cr: 2630.4
    1171. dt:  0.25 ms | #newton:  1 | ph:  0.0% | #CG/newton: 1254 | ls (cap|max|inv|bt):  0| 0| 0| 0| runtime:  641.7 ms | cr: 2567.0
    1172. dt:  0.25 ms | #newton:  1 | ph:  0.0% | #CG/newton: 1293 | ls (cap|max|inv|bt):  0| 0| 0| 0| runtime:  662.6 ms | cr: 2650.4
    1173. dt:  0.25 ms | #newton:  1 | ph:  0.0% | #CG/newton: 1292 | ls (cap|max|inv|bt):  0| 0| 0| 0| runtime:  655.7 ms | cr: 2622.6
    1174. dt:  0.25 ms | #newton:  1 | ph:  0.0% | #CG/newton: 1251 | ls (cap|max|inv|bt):  0| 0| 0| 0| runtime:  638.2 ms | cr: 2552.9
    1175. dt:  0.25 ms | #newton:  1 | ph:  0.0% | #CG/newton: 1262 | ls (cap|max|inv|bt):  0| 0| 0| 0| runtime:  644.2 ms | cr: 2576.8
    1176. dt:  0.25 ms | #newton:  1 | ph:  0.0% | #CG/newton: 1233 | ls (cap|max|inv|bt):  0| 0| 0| 0| runtime:  634.6 ms | cr: 2538.3
    1177. dt:  0.25 ms | #newton:  1 | ph:  0.0% | #CG/newton: 1269 | ls (cap|max|inv|bt):  0| 0| 0| 0| runtime:  640.3 ms | cr: 2561.1
    1178. dt:  0.25 ms | #newton:  1 | ph:  0.0% | #CG/newton: 1264 | ls (cap|max|inv|bt):  0| 0| 0| 0| runtime:  644.8 ms | cr: 2579.1
    1179. dt:  0.25 ms | #newton:  1 | ph:  0.0% | #CG/newton: 1296 | ls (cap|max|inv|bt):  0| 0| 0| 0| runtime:  663.4 ms | cr: 2653.5
    1180. dt:  0.25 ms | #newton:  1 | ph:  0.0% | #CG/newton: 1252 | ls (cap|max|inv|bt):  0| 0| 0| 0| runtime:  646.4 ms | cr: 2585.7
    1181. dt:  0.25 ms | #newton:  1 | ph:  0.0% | #CG/newton: 1259 | ls (cap|max|inv|bt):  0| 0| 0| 0| runtime:  652.0 ms | cr: 2608.0
    1182. dt:  0.25 ms | #newton:  1 | ph:  0.0% | #CG/newton: 1292 | ls (cap|max|inv|bt):  0| 0| 0| 0| runtime:  666.0 ms | cr: 2664.1
    1183. dt:  0.25 ms | #newton:  1 | ph:  0.0% | #CG/newton: 1251 | ls (cap|max|inv|bt):  0| 0| 0| 0| runtime:  638.2 ms | cr: 2552.6
    1184. dt:  0.25 ms | #newton:  1 | ph:  0.0% | #CG/newton: 1158 | ls (cap|max|inv|bt):  0| 0| 0| 0| runtime:  605.7 ms | cr: 2422.8
    1185. dt:  0.25 ms | #newton:  1 | ph:  0.0% | #CG/newton: 1235 | ls (cap|max|inv|bt):  0| 0| 0| 0| runtime:  634.1 ms | cr: 2536.5
    1186. dt:  0.25 ms | #newton:  1 | ph:  0.0% | #CG/newton: 1273 | ls (cap|max|inv|bt):  0| 0| 0| 0| runtime:  638.9 ms | cr: 2555.6
    1187. dt:  0.25 ms | #newton:  1 | ph:  0.0% | #CG/newton: 1234 | ls (cap|max|inv|bt):  0| 0| 0| 0| runtime:  632.9 ms | cr: 2531.4
    1188. dt:  0.25 ms | #newton:  1 | ph:  0.0% | #CG/newton: 1246 | ls (cap|max|inv|bt):  0| 0| 0| 0| runtime:  634.0 ms | cr: 2536.1
    1189. dt:  0.25 ms | #newton:  1 | ph:  0.0% | #CG/newton: 1256 | ls (cap|max|inv|bt):  0| 0| 0| 0| runtime:  641.6 ms | cr: 2566.4
    1190. dt:  0.25 ms | #newton:  1 | ph:  0.0% | #CG/newton: 1293 | ls (cap|max|inv|bt):  0| 0| 0| 0| runtime:  660.1 ms | cr: 2640.5
    1191. dt:  0.25 ms | #newton:  1 | ph:  0.0% | #CG/newton: 1253 | ls (cap|max|inv|bt):  0| 0| 0| 0| runtime:  642.1 ms | cr: 2568.5
    1192. dt:  0.25 ms | #newton:  1 | ph:  0.0% | #CG/newton: 1256 | ls (cap|max|inv|bt):  0| 0| 0| 0| runtime:  642.8 ms | cr: 2571.3
    1193. dt:  0.25 ms | #newton:  1 | ph:  0.0% | #CG/newton: 1293 | ls (cap|max|inv|bt):  0| 0| 0| 0| runtime:  667.6 ms | cr: 2670.6
    1194. dt:  0.25 ms | #newton:  1 | ph:  0.0% | #CG/newton: 1254 | ls (cap|max|inv|bt):  0| 0| 0| 0| runtime:  646.3 ms | cr: 2585.1
    1195. dt:  0.25 ms | #newton:  1 | ph:  0.0% | #CG/newton: 1266 | ls (cap|max|inv|bt):  0| 0| 0| 0| runtime:  645.8 ms | cr: 2583.4
    1196. dt:  0.25 ms | #newton:  1 | ph:  0.0% | #CG/newton: 1293 | ls (cap|max|inv|bt):  0| 0| 0| 0| runtime:  666.8 ms | cr: 2667.4
    1197. dt:  0.25 ms | #newton:  1 | ph:  0.0% | #CG/newton: 1256 | ls (cap|max|inv|bt):  0| 0| 0| 0| runtime:  631.5 ms | cr: 2526.0
    1198. dt:  0.25 ms | #newton:  1 | ph:  0.0% | #CG/newton: 1266 | ls (cap|max|inv|bt):  0| 0| 0| 0| runtime:  644.6 ms | cr: 2578.6
    1199. dt:  0.25 ms | #newton:  1 | ph:  0.0% | #CG/newton: 1291 | ls (cap|max|inv|bt):  0| 0| 0| 0| runtime:  653.1 ms | cr: 2612.3
    1200. dt:  0.25 ms | #newton:  1 | ph:  0.0% | #CG/newton: 1255 | ls (cap|max|inv|bt):  0| 0| 0| 0| runtime:  637.5 ms | cr: 2550.1
[Frame: 9] Time: 0.300 s
    1201. dt:  0.25 ms | #newton:  1 | ph:  0.0% | #CG/newton: 1269 | ls (cap|max|inv|bt):  0| 0| 0| 0| runtime:  651.0 ms | cr: 2603.9
    1202. dt:  0.25 ms | #newton:  1 | ph:  0.0% | #CG/newton: 1256 | ls (cap|max|inv|bt):  0| 0| 0| 0| runtime:  648.1 ms | cr: 2592.5
    1203. dt:  0.25 ms | #newton:  1 | ph:  0.0% | #CG/newton: 1253 | ls (cap|max|inv|bt):  0| 0| 0| 0| runtime:  643.1 ms | cr: 2572.3
    1204. dt:  0.25 ms | #newton:  1 | ph:  0.0% | #CG/newton: 1263 | ls (cap|max|inv|bt):  0| 0| 0| 0| runtime:  642.8 ms | cr: 2571.4
    1205. dt:  0.25 ms | #newton:  1 | ph:  0.0% | #CG/newton: 1236 | ls (cap|max|inv|bt):  0| 0| 0| 0| runtime:  638.1 ms | cr: 2552.2
    1206. dt:  0.25 ms | #newton:  1 | ph:  0.0% | #CG/newton: 1284 | ls (cap|max|inv|bt):  0| 0| 0| 0| runtime:  683.2 ms | cr: 2732.9
    1207. dt:  0.25 ms | #newton:  1 | ph:  0.0% | #CG/newton: 1265 | ls (cap|max|inv|bt):  0| 0| 0| 0| runtime:  652.4 ms | cr: 2609.7
    1208. dt:  0.25 ms | #newton:  1 | ph:  0.0% | #CG/newton: 1293 | ls (cap|max|inv|bt):  0| 0| 0| 0| runtime:  659.4 ms | cr: 2637.6
    1209. dt:  0.25 ms | #newton:  1 | ph:  0.0% | #CG/newton: 1263 | ls (cap|max|inv|bt):  0| 0| 0| 0| runtime:  641.5 ms | cr: 2566.2
    1210. dt:  0.25 ms | #newton:  1 | ph:  0.0% | #CG/newton: 1290 | ls (cap|max|inv|bt):  0| 0| 0| 0| runtime:  661.8 ms | cr: 2647.1
    1211. dt:  0.25 ms | #newton:  1 | ph:  0.0% | #CG/newton: 1251 | ls (cap|max|inv|bt):  0| 0| 0| 0| runtime:  639.1 ms | cr: 2556.3
    1212. dt:  0.25 ms | #newton:  1 | ph:  0.0% | #CG/newton: 1257 | ls (cap|max|inv|bt):  0| 0| 0| 0| runtime:  648.1 ms | cr: 2592.4
    1213. dt:  0.25 ms | #newton:  1 | ph:  0.0% | #CG/newton: 1293 | ls (cap|max|inv|bt):  0| 0| 0| 0| runtime:  657.2 ms | cr: 2628.9
    1214. dt:  0.25 ms | #newton:  1 | ph:  0.0% | #CG/newton: 1253 | ls (cap|max|inv|bt):  0| 0| 0| 0| runtime:  642.5 ms | cr: 2570.2
    1215. dt:  0.25 ms | #newton:  1 | ph:  0.0% | #CG/newton: 1290 | ls (cap|max|inv|bt):  0| 0| 0| 0| runtime:  648.2 ms | cr: 2592.9
    1216. dt:  0.25 ms | #newton:  1 | ph:  0.0% | #CG/newton: 1294 | ls (cap|max|inv|bt):  0| 0| 0| 0| runtime:  663.2 ms | cr: 2653.0
    1217. dt:  0.25 ms | #newton:  1 | ph:  0.0% | #CG/newton: 1257 | ls (cap|max|inv|bt):  0| 0| 0| 0| runtime:  646.7 ms | cr: 2586.7
    1218. dt:  0.25 ms | #newton:  1 | ph:  0.0% | #CG/newton: 1235 | ls (cap|max|inv|bt):  0| 0| 0| 0| runtime:  632.5 ms | cr: 2530.2
    1219. dt:  0.25 ms | #newton:  1 | ph:  0.0% | #CG/newton: 1280 | ls (cap|max|inv|bt):  0| 0| 0| 0| runtime:  647.5 ms | cr: 2590.0
    1220. dt:  0.25 ms | #newton:  1 | ph:  0.0% | #CG/newton: 1291 | ls (cap|max|inv|bt):  0| 0| 0| 0| runtime:  654.5 ms | cr: 2618.1
    1221. dt:  0.25 ms | #newton:  1 | ph:  0.0% | #CG/newton: 1246 | ls (cap|max|inv|bt):  0| 0| 0| 0| runtime:  644.9 ms | cr: 2579.7
    1222. dt:  0.25 ms | #newton:  1 | ph:  0.0% | #CG/newton: 1257 | ls (cap|max|inv|bt):  0| 0| 0| 0| runtime:  654.2 ms | cr: 2616.6
    1223. dt:  0.25 ms | #newton:  1 | ph:  0.0% | #CG/newton: 1294 | ls (cap|max|inv|bt):  0| 0| 0| 0| runtime:  655.2 ms | cr: 2620.9
    1224. dt:  0.25 ms | #newton:  1 | ph:  0.0% | #CG/newton: 1293 | ls (cap|max|inv|bt):  0| 0| 0| 0| runtime:  655.5 ms | cr: 2621.8
    1225. dt:  0.25 ms | #newton:  1 | ph:  0.0% | #CG/newton: 1235 | ls (cap|max|inv|bt):  0| 0| 0| 0| runtime:  631.3 ms | cr: 2525.1
    1226. dt:  0.25 ms | #newton:  1 | ph:  0.0% | #CG/newton: 1285 | ls (cap|max|inv|bt):  0| 0| 0| 0| runtime:  651.0 ms | cr: 2604.2
    1227. dt:  0.25 ms | #newton:  1 | ph:  0.0% | #CG/newton: 1290 | ls (cap|max|inv|bt):  0| 0| 0| 0| runtime:  650.1 ms | cr: 2600.5
    1228. dt:  0.25 ms | #newton:  1 | ph:  0.0% | #CG/newton: 1292 | ls (cap|max|inv|bt):  0| 0| 0| 0| runtime:  656.6 ms | cr: 2626.3
    1229. dt:  0.25 ms | #newton:  1 | ph:  0.0% | #CG/newton: 1232 | ls (cap|max|inv|bt):  0| 0| 0| 0| runtime:  633.7 ms | cr: 2534.7
    1230. dt:  0.25 ms | #newton:  1 | ph:  0.0% | #CG/newton: 1280 | ls (cap|max|inv|bt):  0| 0| 0| 0| runtime:  649.0 ms | cr: 2595.9
    1231. dt:  0.25 ms | #newton:  1 | ph:  0.0% | #CG/newton: 1261 | ls (cap|max|inv|bt):  0| 0| 0| 0| runtime:  639.4 ms | cr: 2557.5
    1232. dt:  0.25 ms | #newton:  1 | ph:  0.0% | #CG/newton: 1294 | ls (cap|max|inv|bt):  0| 0| 0| 0| runtime:  652.6 ms | cr: 2610.5
    1233. dt:  0.25 ms | #newton:  1 | ph:  0.0% | #CG/newton: 1255 | ls (cap|max|inv|bt):  0| 0| 0| 0| runtime:  641.1 ms | cr: 2564.3
    1234. dt:  0.25 ms | #newton:  1 | ph:  0.0% | #CG/newton: 1268 | ls (cap|max|inv|bt):  0| 0| 0| 0| runtime:  676.3 ms | cr: 2705.2
    1235. dt:  0.25 ms | #newton:  1 | ph:  0.0% | #CG/newton: 1264 | ls (cap|max|inv|bt):  0| 0| 0| 0| runtime:  661.9 ms | cr: 2647.5
    1236. dt:  0.25 ms | #newton:  1 | ph:  0.0% | #CG/newton: 1295 | ls (cap|max|inv|bt):  0| 0| 0| 0| runtime:  669.4 ms | cr: 2677.6
    1237. dt:  0.25 ms | #newton:  1 | ph:  0.0% | #CG/newton: 1253 | ls (cap|max|inv|bt):  0| 0| 0| 0| runtime:  644.2 ms | cr: 2576.8
    1238. dt:  0.25 ms | #newton:  1 | ph:  0.0% | #CG/newton: 1253 | ls (cap|max|inv|bt):  0| 0| 0| 0| runtime:  653.1 ms | cr: 2612.4
    1239. dt:  0.25 ms | #newton:  1 | ph:  0.0% | #CG/newton: 1294 | ls (cap|max|inv|bt):  0| 0| 0| 0| runtime:  674.0 ms | cr: 2695.9
    1240. dt:  0.25 ms | #newton:  1 | ph:  0.0% | #CG/newton: 1262 | ls (cap|max|inv|bt):  0| 0| 0| 0| runtime:  655.2 ms | cr: 2621.0
    1241. dt:  0.25 ms | #newton:  1 | ph:  0.0% | #CG/newton: 1258 | ls (cap|max|inv|bt):  0| 0| 0| 0| runtime:  633.0 ms | cr: 2531.9
    1242. dt:  0.25 ms | #newton:  1 | ph:  0.0% | #CG/newton: 1294 | ls (cap|max|inv|bt):  0| 0| 0| 0| runtime:  662.6 ms | cr: 2650.5
    1243. dt:  0.25 ms | #newton:  1 | ph:  0.0% | #CG/newton: 1261 | ls (cap|max|inv|bt):  0| 0| 0| 0| runtime:  647.9 ms | cr: 2591.7
    1244. dt:  0.25 ms | #newton:  1 | ph:  0.0% | #CG/newton: 1257 | ls (cap|max|inv|bt):  0| 0| 0| 0| runtime:  646.2 ms | cr: 2584.9
    1245. dt:  0.25 ms | #newton:  1 | ph:  0.0% | #CG/newton: 1235 | ls (cap|max|inv|bt):  0| 0| 0| 0| runtime:  633.6 ms | cr: 2534.4
    1246. dt:  0.25 ms | #newton:  1 | ph:  0.0% | #CG/newton: 1233 | ls (cap|max|inv|bt):  0| 0| 0| 0| runtime:  632.5 ms | cr: 2530.2
    1247. dt:  0.25 ms | #newton:  1 | ph:  0.0% | #CG/newton: 1265 | ls (cap|max|inv|bt):  0| 0| 0| 0| runtime:  646.8 ms | cr: 2587.4
    1248. dt:  0.25 ms | #newton:  1 | ph:  0.0% | #CG/newton: 1292 | ls (cap|max|inv|bt):  0| 0| 0| 0| runtime:  661.9 ms | cr: 2647.4
    1249. dt:  0.25 ms | #newton:  1 | ph:  0.0% | #CG/newton: 1294 | ls (cap|max|inv|bt):  0| 0| 0| 0| runtime:  655.1 ms | cr: 2620.3
    1250. dt:  0.25 ms | #newton:  1 | ph:  0.0% | #CG/newton: 1259 | ls (cap|max|inv|bt):  0| 0| 0| 0| runtime:  647.2 ms | cr: 2588.9
    1251. dt:  0.25 ms | #newton:  1 | ph:  0.0% | #CG/newton: 1234 | ls (cap|max|inv|bt):  0| 0| 0| 0| runtime:  635.6 ms | cr: 2542.2
    1252. dt:  0.25 ms | #newton:  1 | ph:  0.0% | #CG/newton: 1258 | ls (cap|max|inv|bt):  0| 0| 0| 0| runtime:  642.5 ms | cr: 2570.0
    1253. dt:  0.25 ms | #newton:  1 | ph:  0.0% | #CG/newton: 1287 | ls (cap|max|inv|bt):  0| 0| 0| 0| runtime:  661.0 ms | cr: 2644.1
    1254. dt:  0.25 ms | #newton:  1 | ph:  0.0% | #CG/newton: 1254 | ls (cap|max|inv|bt):  0| 0| 0| 0| runtime:  641.5 ms | cr: 2565.9
    1255. dt:  0.25 ms | #newton:  1 | ph:  0.0% | #CG/newton: 1293 | ls (cap|max|inv|bt):  0| 0| 0| 0| runtime:  654.8 ms | cr: 2619.1
    1256. dt:  0.25 ms | #newton:  1 | ph:  0.0% | #CG/newton: 1256 | ls (cap|max|inv|bt):  0| 0| 0| 0| runtime:  647.4 ms | cr: 2589.4
    1257. dt:  0.25 ms | #newton:  1 | ph:  0.0% | #CG/newton: 1286 | ls (cap|max|inv|bt):  0| 0| 0| 0| runtime:  655.3 ms | cr: 2621.0
    1258. dt:  0.25 ms | #newton:  1 | ph:  0.0% | #CG/newton: 1238 | ls (cap|max|inv|bt):  0| 0| 0| 0| runtime:  615.2 ms | cr: 2460.9
    1259. dt:  0.25 ms | #newton:  1 | ph:  0.0% | #CG/newton: 1246 | ls (cap|max|inv|bt):  0| 0| 0| 0| runtime:  644.4 ms | cr: 2577.5
    1260. dt:  0.25 ms | #newton:  1 | ph:  0.0% | #CG/newton: 1279 | ls (cap|max|inv|bt):  0| 0| 0| 0| runtime:  654.0 ms | cr: 2615.8
    1261. dt:  0.25 ms | #newton:  1 | ph:  0.0% | #CG/newton: 1294 | ls (cap|max|inv|bt):  0| 0| 0| 0| runtime:  659.2 ms | cr: 2636.8
    1262. dt:  0.25 ms | #newton:  1 | ph:  0.0% | #CG/newton: 1254 | ls (cap|max|inv|bt):  0| 0| 0| 0| runtime:  645.9 ms | cr: 2583.8
    1263. dt:  0.25 ms | #newton:  1 | ph:  0.0% | #CG/newton: 1291 | ls (cap|max|inv|bt):  0| 0| 0| 0| runtime:  651.9 ms | cr: 2607.4
    1264. dt:  0.25 ms | #newton:  1 | ph:  0.0% | #CG/newton: 1294 | ls (cap|max|inv|bt):  0| 0| 0| 0| runtime:  665.3 ms | cr: 2661.0
    1265. dt:  0.25 ms | #newton:  1 | ph:  0.0% | #CG/newton: 1256 | ls (cap|max|inv|bt):  0| 0| 0| 0| runtime:  643.9 ms | cr: 2575.7
    1266. dt:  0.25 ms | #newton:  1 | ph:  0.0% | #CG/newton: 1233 | ls (cap|max|inv|bt):  0| 0| 0| 0| runtime:  633.0 ms | cr: 2531.8
    1267. dt:  0.25 ms | #newton:  1 | ph:  0.0% | #CG/newton: 1254 | ls (cap|max|inv|bt):  0| 0| 0| 0| runtime:  645.4 ms | cr: 2581.6
    1268. dt:  0.25 ms | #newton:  1 | ph:  0.0% | #CG/newton: 1293 | ls (cap|max|inv|bt):  0| 0| 0| 0| runtime:  661.6 ms | cr: 2646.4
    1269. dt:  0.25 ms | #newton:  1 | ph:  0.0% | #CG/newton: 1252 | ls (cap|max|inv|bt):  0| 0| 0| 0| runtime:  641.5 ms | cr: 2566.0
    1270. dt:  0.25 ms | #newton:  1 | ph:  0.0% | #CG/newton: 1273 | ls (cap|max|inv|bt):  0| 0| 0| 0| runtime:  648.2 ms | cr: 2592.6
    1271. dt:  0.25 ms | #newton:  1 | ph:  0.0% | #CG/newton: 1256 | ls (cap|max|inv|bt):  0| 0| 0| 0| runtime:  639.9 ms | cr: 2559.5
    1272. dt:  0.25 ms | #newton:  1 | ph:  0.0% | #CG/newton: 1292 | ls (cap|max|inv|bt):  0| 0| 0| 0| runtime:  667.7 ms | cr: 2671.0
    1273. dt:  0.25 ms | #newton:  1 | ph:  0.0% | #CG/newton: 1256 | ls (cap|max|inv|bt):  0| 0| 0| 0| runtime:  647.5 ms | cr: 2590.0
    1274. dt:  0.25 ms | #newton:  1 | ph:  0.0% | #CG/newton: 1248 | ls (cap|max|inv|bt):  0| 0| 0| 0| runtime:  641.0 ms | cr: 2564.2
    1275. dt:  0.25 ms | #newton:  1 | ph:  0.0% | #CG/newton: 1290 | ls (cap|max|inv|bt):  0| 0| 0| 0| runtime:  659.8 ms | cr: 2639.4
    1276. dt:  0.25 ms | #newton:  1 | ph:  0.0% | #CG/newton: 1255 | ls (cap|max|inv|bt):  0| 0| 0| 0| runtime:  646.9 ms | cr: 2587.6
    1277. dt:  0.25 ms | #newton:  1 | ph:  0.0% | #CG/newton: 1265 | ls (cap|max|inv|bt):  0| 0| 0| 0| runtime:  648.9 ms | cr: 2595.5
    1278. dt:  0.25 ms | #newton:  1 | ph:  0.0% | #CG/newton: 1256 | ls (cap|max|inv|bt):  0| 0| 0| 0| runtime:  641.2 ms | cr: 2564.6
    1279. dt:  0.25 ms | #newton:  1 | ph:  0.0% | #CG/newton: 1290 | ls (cap|max|inv|bt):  0| 0| 0| 0| runtime:  656.0 ms | cr: 2623.8
    1280. dt:  0.25 ms | #newton:  1 | ph:  0.0% | #CG/newton: 1254 | ls (cap|max|inv|bt):  0| 0| 0| 0| runtime:  639.9 ms | cr: 2559.5
    1281. dt:  0.25 ms | #newton:  1 | ph:  0.0% | #CG/newton: 1256 | ls (cap|max|inv|bt):  0| 0| 0| 0| runtime:  655.8 ms | cr: 2623.4
    1282. dt:  0.25 ms | #newton:  1 | ph:  0.0% | #CG/newton: 1291 | ls (cap|max|inv|bt):  0| 0| 0| 0| runtime:  666.6 ms | cr: 2666.2
    1283. dt:  0.25 ms | #newton:  1 | ph:  0.0% | #CG/newton: 1256 | ls (cap|max|inv|bt):  0| 0| 0| 0| runtime:  656.6 ms | cr: 2626.5
    1284. dt:  0.25 ms | #newton:  1 | ph:  0.0% | #CG/newton: 1262 | ls (cap|max|inv|bt):  0| 0| 0| 0| runtime:  649.7 ms | cr: 2598.9
    1285. dt:  0.25 ms | #newton:  1 | ph:  0.0% | #CG/newton: 1289 | ls (cap|max|inv|bt):  0| 0| 0| 0| runtime:  658.2 ms | cr: 2632.8
    1286. dt:  0.25 ms | #newton:  1 | ph:  0.0% | #CG/newton: 1257 | ls (cap|max|inv|bt):  0| 0| 0| 0| runtime:  653.8 ms | cr: 2615.4
    1287. dt:  0.25 ms | #newton:  1 | ph:  0.0% | #CG/newton: 1267 | ls (cap|max|inv|bt):  0| 0| 0| 0| runtime:  657.4 ms | cr: 2629.4
    1288. dt:  0.25 ms | #newton:  1 | ph:  0.0% | #CG/newton: 1267 | ls (cap|max|inv|bt):  0| 0| 0| 0| runtime:  654.3 ms | cr: 2617.1
    1289. dt:  0.25 ms | #newton:  1 | ph:  0.0% | #CG/newton: 1257 | ls (cap|max|inv|bt):  0| 0| 0| 0| runtime:  649.8 ms | cr: 2599.1
    1290. dt:  0.25 ms | #newton:  1 | ph:  0.0% | #CG/newton: 1256 | ls (cap|max|inv|bt):  0| 0| 0| 0| runtime:  641.7 ms | cr: 2566.9
    1291. dt:  0.25 ms | #newton:  1 | ph:  0.0% | #CG/newton: 1235 | ls (cap|max|inv|bt):  0| 0| 0| 0| runtime:  640.1 ms | cr: 2560.5
    1292. dt:  0.25 ms | #newton:  1 | ph:  0.0% | #CG/newton: 1267 | ls (cap|max|inv|bt):  0| 0| 0| 0| runtime:  656.2 ms | cr: 2624.8
    1293. dt:  0.25 ms | #newton:  1 | ph:  0.0% | #CG/newton: 1290 | ls (cap|max|inv|bt):  0| 0| 0| 0| runtime:  659.3 ms | cr: 2637.3
    1294. dt:  0.25 ms | #newton:  1 | ph:  0.0% | #CG/newton: 1276 | ls (cap|max|inv|bt):  0| 0| 0| 0| runtime:  653.1 ms | cr: 2612.5
    1295. dt:  0.25 ms | #newton:  1 | ph:  0.0% | #CG/newton: 1256 | ls (cap|max|inv|bt):  0| 0| 0| 0| runtime:  652.7 ms | cr: 2610.6
    1296. dt:  0.25 ms | #newton:  1 | ph:  0.0% | #CG/newton: 1290 | ls (cap|max|inv|bt):  0| 0| 0| 0| runtime:  660.3 ms | cr: 2641.0
    1297. dt:  0.25 ms | #newton:  1 | ph:  0.0% | #CG/newton: 1253 | ls (cap|max|inv|bt):  0| 0| 0| 0| runtime:  651.2 ms | cr: 2604.7
    1298. dt:  0.25 ms | #newton:  1 | ph:  0.0% | #CG/newton: 1238 | ls (cap|max|inv|bt):  0| 0| 0| 0| runtime:  642.1 ms | cr: 2568.5
    1299. dt:  0.25 ms | #newton:  1 | ph:  0.0% | #CG/newton: 1286 | ls (cap|max|inv|bt):  0| 0| 0| 0| runtime:  667.6 ms | cr: 2670.3
    1300. dt:  0.25 ms | #newton:  1 | ph:  0.0% | #CG/newton: 1255 | ls (cap|max|inv|bt):  0| 0| 0| 0| runtime:  639.6 ms | cr: 2558.4
    1301. dt:  0.25 ms | #newton:  1 | ph:  0.0% | #CG/newton: 1267 | ls (cap|max|inv|bt):  0| 0| 0| 0| runtime:  646.3 ms | cr: 2585.3
    1302. dt:  0.25 ms | #newton:  1 | ph:  0.0% | #CG/newton: 1236 | ls (cap|max|inv|bt):  0| 0| 0| 0| runtime:  634.8 ms | cr: 2539.4
    1303. dt:  0.25 ms | #newton:  1 | ph:  0.0% | #CG/newton: 1269 | ls (cap|max|inv|bt):  0| 0| 0| 0| runtime:  642.4 ms | cr: 2569.7
    1304. dt:  0.25 ms | #newton:  1 | ph:  0.0% | #CG/newton: 1269 | ls (cap|max|inv|bt):  0| 0| 0| 0| runtime:  657.5 ms | cr: 2630.2
    1305. dt:  0.25 ms | #newton:  1 | ph:  0.0% | #CG/newton: 1259 | ls (cap|max|inv|bt):  0| 0| 0| 0| runtime:  654.1 ms | cr: 2616.2
    1306. dt:  0.25 ms | #newton:  1 | ph:  0.0% | #CG/newton: 1255 | ls (cap|max|inv|bt):  0| 0| 0| 0| runtime:  649.2 ms | cr: 2596.7
    1307. dt:  0.25 ms | #newton:  1 | ph:  0.0% | #CG/newton: 1261 | ls (cap|max|inv|bt):  0| 0| 0| 0| runtime:  641.3 ms | cr: 2565.3
    1308. dt:  0.25 ms | #newton:  1 | ph:  0.0% | #CG/newton: 1256 | ls (cap|max|inv|bt):  0| 0| 0| 0| runtime:  639.9 ms | cr: 2559.5
    1309. dt:  0.25 ms | #newton:  1 | ph:  0.0% | #CG/newton: 1252 | ls (cap|max|inv|bt):  0| 0| 0| 0| runtime:  642.1 ms | cr: 2568.3
    1310. dt:  0.25 ms | #newton:  1 | ph:  0.0% | #CG/newton: 1289 | ls (cap|max|inv|bt):  0| 0| 0| 0| runtime:  647.3 ms | cr: 2589.3
    1311. dt:  0.25 ms | #newton:  1 | ph:  0.0% | #CG/newton: 1256 | ls (cap|max|inv|bt):  0| 0| 0| 0| runtime:  649.9 ms | cr: 2599.6
    1312. dt:  0.25 ms | #newton:  1 | ph:  0.0% | #CG/newton: 1233 | ls (cap|max|inv|bt):  0| 0| 0| 0| runtime:  628.0 ms | cr: 2512.0
    1313. dt:  0.25 ms | #newton:  1 | ph:  0.0% | #CG/newton: 1255 | ls (cap|max|inv|bt):  0| 0| 0| 0| runtime:  641.7 ms | cr: 2566.9
    1314. dt:  0.25 ms | #newton:  1 | ph:  0.0% | #CG/newton: 1229 | ls (cap|max|inv|bt):  0| 0| 0| 0| runtime:  627.4 ms | cr: 2509.7
    1315. dt:  0.25 ms | #newton:  1 | ph:  0.0% | #CG/newton: 1240 | ls (cap|max|inv|bt):  0| 0| 0| 0| runtime:  646.1 ms | cr: 2584.6
    1316. dt:  0.25 ms | #newton:  1 | ph:  0.0% | #CG/newton: 1292 | ls (cap|max|inv|bt):  0| 0| 0| 0| runtime:  662.8 ms | cr: 2651.4
    1317. dt:  0.25 ms | #newton:  1 | ph:  0.0% | #CG/newton: 1255 | ls (cap|max|inv|bt):  0| 0| 0| 0| runtime:  651.6 ms | cr: 2606.4
    1318. dt:  0.25 ms | #newton:  1 | ph:  0.0% | #CG/newton: 1236 | ls (cap|max|inv|bt):  0| 0| 0| 0| runtime:  642.3 ms | cr: 2569.1
    1319. dt:  0.25 ms | #newton:  1 | ph:  0.0% | #CG/newton: 1257 | ls (cap|max|inv|bt):  0| 0| 0| 0| runtime:  644.6 ms | cr: 2578.3
    1320. dt:  0.25 ms | #newton:  1 | ph:  0.0% | #CG/newton: 1273 | ls (cap|max|inv|bt):  0| 0| 0| 0| runtime:  650.5 ms | cr: 2602.1
    1321. dt:  0.25 ms | #newton:  1 | ph:  0.0% | #CG/newton: 1239 | ls (cap|max|inv|bt):  0| 0| 0| 0| runtime:  637.0 ms | cr: 2548.1
    1322. dt:  0.25 ms | #newton:  1 | ph:  0.0% | #CG/newton: 1289 | ls (cap|max|inv|bt):  0| 0| 0| 0| runtime:  656.4 ms | cr: 2625.6
    1323. dt:  0.25 ms | #newton:  1 | ph:  0.0% | #CG/newton: 1290 | ls (cap|max|inv|bt):  0| 0| 0| 0| runtime:  661.2 ms | cr: 2644.8
    1324. dt:  0.25 ms | #newton:  1 | ph:  0.0% | #CG/newton: 1242 | ls (cap|max|inv|bt):  0| 0| 0| 0| runtime:  653.5 ms | cr: 2614.1
    1325. dt:  0.25 ms | #newton:  1 | ph:  0.0% | #CG/newton: 1252 | ls (cap|max|inv|bt):  0| 0| 0| 0| runtime:  642.6 ms | cr: 2570.3
    1326. dt:  0.25 ms | #newton:  1 | ph:  0.0% | #CG/newton: 1262 | ls (cap|max|inv|bt):  0| 0| 0| 0| runtime:  648.6 ms | cr: 2594.5
    1327. dt:  0.25 ms | #newton:  1 | ph:  0.0% | #CG/newton: 1294 | ls (cap|max|inv|bt):  0| 0| 0| 0| runtime:  658.8 ms | cr: 2635.2
    1328. dt:  0.25 ms | #newton:  1 | ph:  0.0% | #CG/newton: 1290 | ls (cap|max|inv|bt):  0| 0| 0| 0| runtime:  653.9 ms | cr: 2615.7
    1329. dt:  0.25 ms | #newton:  1 | ph:  0.0% | #CG/newton: 1242 | ls (cap|max|inv|bt):  0| 0| 0| 0| runtime:  635.2 ms | cr: 2540.9
    1330. dt:  0.25 ms | #newton:  1 | ph:  0.0% | #CG/newton: 1289 | ls (cap|max|inv|bt):  0| 0| 0| 0| runtime:  665.1 ms | cr: 2660.4
    1331. dt:  0.25 ms | #newton:  1 | ph:  0.0% | #CG/newton: 1293 | ls (cap|max|inv|bt):  0| 0| 0| 0| runtime:  661.0 ms | cr: 2644.0
    1332. dt:  0.25 ms | #newton:  1 | ph:  0.0% | #CG/newton: 1235 | ls (cap|max|inv|bt):  0| 0| 0| 0| runtime:  632.3 ms | cr: 2529.0
    1333. dt:  0.25 ms | #newton:  1 | ph:  0.0% | #CG/newton: 1238 | ls (cap|max|inv|bt):  0| 0| 0| 0| runtime:  636.2 ms | cr: 2545.0
[Frame: 10] Time: 0.333 s
    1334. dt:  0.25 ms | #newton:  1 | ph:  0.0% | #CG/newton: 1290 | ls (cap|max|inv|bt):  0| 0| 0| 0| runtime:  661.3 ms | cr: 2645.0
    1335. dt:  0.25 ms | #newton:  1 | ph:  0.0% | #CG/newton: 1269 | ls (cap|max|inv|bt):  0| 0| 0| 0| runtime:  652.4 ms | cr: 2609.6
    1336. dt:  0.25 ms | #newton:  1 | ph:  0.0% | #CG/newton: 1294 | ls (cap|max|inv|bt):  0| 0| 0| 0| runtime:  655.2 ms | cr: 2620.8
    1337. dt:  0.25 ms | #newton:  1 | ph:  0.0% | #CG/newton: 1256 | ls (cap|max|inv|bt):  0| 0| 0| 0| runtime:  643.4 ms | cr: 2573.7
    1338. dt:  0.25 ms | #newton:  1 | ph:  0.0% | #CG/newton: 1236 | ls (cap|max|inv|bt):  0| 0| 0| 0| runtime:  626.0 ms | cr: 2504.1
    1339. dt:  0.25 ms | #newton:  1 | ph:  0.0% | #CG/newton: 1263 | ls (cap|max|inv|bt):  0| 0| 0| 0| runtime:  640.1 ms | cr: 2560.2
    1340. dt:  0.25 ms | #newton:  1 | ph:  0.0% | #CG/newton: 1269 | ls (cap|max|inv|bt):  0| 0| 0| 0| runtime:  643.2 ms | cr: 2572.9
    1341. dt:  0.25 ms | #newton:  1 | ph:  0.0% | #CG/newton: 1240 | ls (cap|max|inv|bt):  0| 0| 0| 0| runtime:  630.2 ms | cr: 2520.9
    1342. dt:  0.25 ms | #newton:  1 | ph:  0.0% | #CG/newton: 1233 | ls (cap|max|inv|bt):  0| 0| 0| 0| runtime:  603.5 ms | cr: 2413.9
    1343. dt:  0.25 ms | #newton:  1 | ph:  0.0% | #CG/newton: 1288 | ls (cap|max|inv|bt):  0| 0| 0| 0| runtime:  659.9 ms | cr: 2639.7
    1344. dt:  0.25 ms | #newton:  1 | ph:  0.0% | #CG/newton: 1231 | ls (cap|max|inv|bt):  0| 0| 0| 0| runtime:  627.7 ms | cr: 2510.8
    1345. dt:  0.25 ms | #newton:  1 | ph:  0.0% | #CG/newton: 1258 | ls (cap|max|inv|bt):  0| 0| 0| 0| runtime:  643.1 ms | cr: 2572.6
    1346. dt:  0.25 ms | #newton:  1 | ph:  0.0% | #CG/newton: 1236 | ls (cap|max|inv|bt):  0| 0| 0| 0| runtime:  634.4 ms | cr: 2537.8
    1347. dt:  0.25 ms | #newton:  1 | ph:  0.0% | #CG/newton: 1266 | ls (cap|max|inv|bt):  0| 0| 0| 0| runtime:  650.3 ms | cr: 2601.3
    1348. dt:  0.25 ms | #newton:  1 | ph:  0.0% | #CG/newton: 1294 | ls (cap|max|inv|bt):  0| 0| 0| 0| runtime:  667.6 ms | cr: 2670.5
    1349. dt:  0.25 ms | #newton:  1 | ph:  0.0% | #CG/newton: 1269 | ls (cap|max|inv|bt):  0| 0| 0| 0| runtime:  652.0 ms | cr: 2608.1
    1350. dt:  0.25 ms | #newton:  1 | ph:  0.0% | #CG/newton: 1269 | ls (cap|max|inv|bt):  0| 0| 0| 0| runtime:  652.7 ms | cr: 2610.6
    1351. dt:  0.25 ms | #newton:  1 | ph:  0.0% | #CG/newton: 1295 | ls (cap|max|inv|bt):  0| 0| 0| 0| runtime:  662.9 ms | cr: 2651.5
    1352. dt:  0.25 ms | #newton:  1 | ph:  0.0% | #CG/newton: 1239 | ls (cap|max|inv|bt):  0| 0| 0| 0| runtime:  640.9 ms | cr: 2563.5
    1353. dt:  0.25 ms | #newton:  1 | ph:  0.0% | #CG/newton: 1287 | ls (cap|max|inv|bt):  0| 0| 0| 0| runtime:  659.8 ms | cr: 2639.4
    1354. dt:  0.25 ms | #newton:  1 | ph:  0.0% | #CG/newton: 1290 | ls (cap|max|inv|bt):  0| 0| 0| 0| runtime:  665.8 ms | cr: 2663.3
    1355. dt:  0.25 ms | #newton:  1 | ph:  0.0% | #CG/newton: 1240 | ls (cap|max|inv|bt):  0| 0| 0| 0| runtime:  634.7 ms | cr: 2538.6
    1356. dt:  0.25 ms | #newton:  1 | ph:  0.0% | #CG/newton: 1290 | ls (cap|max|inv|bt):  0| 0| 0| 0| runtime:  661.2 ms | cr: 2644.7
    1357. dt:  0.25 ms | #newton:  1 | ph:  0.0% | #CG/newton: 1261 | ls (cap|max|inv|bt):  0| 0| 0| 0| runtime:  650.9 ms | cr: 2603.5
    1358. dt:  0.25 ms | #newton:  1 | ph:  0.0% | #CG/newton: 1238 | ls (cap|max|inv|bt):  0| 0| 0| 0| runtime:  640.4 ms | cr: 2561.7
    1359. dt:  0.25 ms | #newton:  1 | ph:  0.0% | #CG/newton: 1289 | ls (cap|max|inv|bt):  0| 0| 0| 0| runtime:  663.5 ms | cr: 2654.1
    1360. dt:  0.25 ms | #newton:  1 | ph:  0.0% | #CG/newton: 1259 | ls (cap|max|inv|bt):  0| 0| 0| 0| runtime:  649.4 ms | cr: 2597.6
    1361. dt:  0.25 ms | #newton:  1 | ph:  0.0% | #CG/newton: 1294 | ls (cap|max|inv|bt):  0| 0| 0| 0| runtime:  663.5 ms | cr: 2653.9
    1362. dt:  0.25 ms | #newton:  1 | ph:  0.0% | #CG/newton: 1257 | ls (cap|max|inv|bt):  0| 0| 0| 0| runtime:  640.8 ms | cr: 2563.1
    1363. dt:  0.25 ms | #newton:  1 | ph:  0.0% | #CG/newton: 1233 | ls (cap|max|inv|bt):  0| 0| 0| 0| runtime:  635.7 ms | cr: 2542.8
    1364. dt:  0.25 ms | #newton:  1 | ph:  0.0% | #CG/newton: 1287 | ls (cap|max|inv|bt):  0| 0| 0| 0| runtime:  654.5 ms | cr: 2618.2
    1365. dt:  0.25 ms | #newton:  1 | ph:  0.0% | #CG/newton: 1254 | ls (cap|max|inv|bt):  0| 0| 0| 0| runtime:  634.9 ms | cr: 2539.4
    1366. dt:  0.25 ms | #newton:  1 | ph:  0.0% | #CG/newton: 1253 | ls (cap|max|inv|bt):  0| 0| 0| 0| runtime:  645.9 ms | cr: 2583.4
    1367. dt:  0.25 ms | #newton:  1 | ph:  0.0% | #CG/newton: 1309 | ls (cap|max|inv|bt):  0| 0| 0| 0| runtime:  672.7 ms | cr: 2690.7
    1368. dt:  0.25 ms | #newton:  1 | ph:  0.0% | #CG/newton: 1235 | ls (cap|max|inv|bt):  0| 0| 0| 0| runtime:  628.1 ms | cr: 2512.5
    1369. dt:  0.25 ms | #newton:  1 | ph:  0.0% | #CG/newton: 1286 | ls (cap|max|inv|bt):  0| 0| 0| 0| runtime:  655.3 ms | cr: 2621.1
    1370. dt:  0.25 ms | #newton:  1 | ph:  0.0% | #CG/newton: 1160 | ls (cap|max|inv|bt):  0| 0| 0| 0| runtime:  614.6 ms | cr: 2458.4
    1371. dt:  0.25 ms | #newton:  1 | ph:  0.0% | #CG/newton: 1290 | ls (cap|max|inv|bt):  0| 0| 0| 0| runtime:  654.8 ms | cr: 2619.2
    1372. dt:  0.25 ms | #newton:  1 | ph:  0.0% | #CG/newton: 1250 | ls (cap|max|inv|bt):  0| 0| 0| 0| runtime:  638.4 ms | cr: 2553.6
    1373. dt:  0.25 ms | #newton:  1 | ph:  0.0% | #CG/newton: 1277 | ls (cap|max|inv|bt):  0| 0| 0| 0| runtime:  648.9 ms | cr: 2595.5
    1374. dt:  0.25 ms | #newton:  1 | ph:  0.0% | #CG/newton: 1293 | ls (cap|max|inv|bt):  0| 0| 0| 0| runtime:  655.2 ms | cr: 2621.0
    1375. dt:  0.25 ms | #newton:  1 | ph:  0.0% | #CG/newton: 1256 | ls (cap|max|inv|bt):  0| 0| 0| 0| runtime:  640.9 ms | cr: 2563.7
    1376. dt:  0.25 ms | #newton:  1 | ph:  0.0% | #CG/newton: 1293 | ls (cap|max|inv|bt):  0| 0| 0| 0| runtime:  662.3 ms | cr: 2649.1
    1377. dt:  0.25 ms | #newton:  1 | ph:  0.0% | #CG/newton: 1294 | ls (cap|max|inv|bt):  0| 0| 0| 0| runtime:  677.9 ms | cr: 2711.4
    1378. dt:  0.25 ms | #newton:  1 | ph:  0.0% | #CG/newton: 1258 | ls (cap|max|inv|bt):  0| 0| 0| 0| runtime:  633.7 ms | cr: 2535.0
    1379. dt:  0.25 ms | #newton:  1 | ph:  0.0% | #CG/newton: 1233 | ls (cap|max|inv|bt):  0| 0| 0| 0| runtime:  630.1 ms | cr: 2520.4
    1380. dt:  0.25 ms | #newton:  1 | ph:  0.0% | #CG/newton: 1509 | ls (cap|max|inv|bt):  0| 0| 0| 0| runtime:  737.3 ms | cr: 2949.2
    1381. dt:  0.25 ms | #newton:  1 | ph:  0.0% | #CG/newton: 1527 | ls (cap|max|inv|bt):  0| 0| 0| 0| runtime:  749.4 ms | cr: 2997.7
    1382. dt:  0.25 ms | #newton:  1 | ph:  0.0% | #CG/newton: 1524 | ls (cap|max|inv|bt):  0| 0| 0| 0| runtime:  754.2 ms | cr: 3016.9
    1383. dt:  0.25 ms | #newton:  1 | ph:  0.0% | #CG/newton: 1517 | ls (cap|max|inv|bt):  0| 0| 0| 0| runtime:  747.8 ms | cr: 2991.0
    1384. dt:  0.25 ms | #newton:  1 | ph:  0.0% | #CG/newton: 1521 | ls (cap|max|inv|bt):  0| 0| 0| 0| runtime:  744.3 ms | cr: 2977.2
    1385. dt:  0.25 ms | #newton:  1 | ph:  0.0% | #CG/newton: 1501 | ls (cap|max|inv|bt):  0| 0| 0| 0| runtime:  741.8 ms | cr: 2967.3
    1386. dt:  0.25 ms | #newton:  1 | ph:  0.0% | #CG/newton: 1529 | ls (cap|max|inv|bt):  0| 0| 0| 0| runtime:  757.5 ms | cr: 3030.2
    1387. dt:  0.25 ms | #newton:  1 | ph:  0.0% | #CG/newton: 1523 | ls (cap|max|inv|bt):  0| 0| 0| 0| runtime:  744.9 ms | cr: 2979.6
    1388. dt:  0.25 ms | #newton:  1 | ph:  0.0% | #CG/newton: 1507 | ls (cap|max|inv|bt):  0| 0| 0| 0| runtime:  750.3 ms | cr: 3001.0
    1389. dt:  0.25 ms | #newton:  1 | ph:  0.0% | #CG/newton: 1518 | ls (cap|max|inv|bt):  0| 0| 0| 0| runtime:  763.7 ms | cr: 3055.0
    1390. dt:  0.25 ms | #newton:  1 | ph:  0.0% | #CG/newton: 1522 | ls (cap|max|inv|bt):  0| 0| 0| 0| runtime:  752.9 ms | cr: 3011.5
    1391. dt:  0.25 ms | #newton:  1 | ph:  0.0% | #CG/newton: 1520 | ls (cap|max|inv|bt):  0| 0| 0| 0| runtime:  747.7 ms | cr: 2990.7
    1392. dt:  0.25 ms | #newton:  1 | ph:  0.0% | #CG/newton: 1517 | ls (cap|max|inv|bt):  0| 0| 0| 0| runtime:  749.4 ms | cr: 2997.5
    1393. dt:  0.25 ms | #newton:  1 | ph:  0.0% | #CG/newton: 1493 | ls (cap|max|inv|bt):  0| 0| 0| 0| runtime:  738.9 ms | cr: 2955.8
    1394. dt:  0.25 ms | #newton:  1 | ph:  0.0% | #CG/newton: 1506 | ls (cap|max|inv|bt):  0| 0| 0| 0| runtime:  740.5 ms | cr: 2961.9
    1395. dt:  0.25 ms | #newton:  1 | ph:  0.0% | #CG/newton: 1528 | ls (cap|max|inv|bt):  0| 0| 0| 0| runtime:  748.9 ms | cr: 2995.7
    1396. dt:  0.25 ms | #newton:  1 | ph:  0.0% | #CG/newton: 1524 | ls (cap|max|inv|bt):  0| 0| 0| 0| runtime:  758.5 ms | cr: 3033.9
    1397. dt:  0.25 ms | #newton:  1 | ph:  0.0% | #CG/newton: 1512 | ls (cap|max|inv|bt):  0| 0| 0| 0| runtime:  736.7 ms | cr: 2946.9
    1398. dt:  0.25 ms | #newton:  1 | ph:  0.0% | #CG/newton: 1522 | ls (cap|max|inv|bt):  0| 0| 0| 0| runtime:  751.0 ms | cr: 3004.0
    1399. dt:  0.25 ms | #newton:  1 | ph:  0.0% | #CG/newton: 1490 | ls (cap|max|inv|bt):  0| 0| 0| 0| runtime:  731.0 ms | cr: 2923.9
    1400. dt:  0.25 ms | #newton:  1 | ph:  0.0% | #CG/newton: 1522 | ls (cap|max|inv|bt):  0| 0| 0| 0| runtime:  747.0 ms | cr: 2988.1
    1401. dt:  0.25 ms | #newton:  1 | ph:  0.0% | #CG/newton: 1525 | ls (cap|max|inv|bt):  0| 0| 0| 0| runtime:  747.8 ms | cr: 2991.4
    1402. dt:  0.25 ms | #newton:  1 | ph:  0.0% | #CG/newton: 1521 | ls (cap|max|inv|bt):  0| 0| 0| 0| runtime:  748.8 ms | cr: 2995.0
    1403. dt:  0.25 ms | #newton:  1 | ph:  0.0% | #CG/newton: 1522 | ls (cap|max|inv|bt):  0| 0| 0| 0| runtime:  752.3 ms | cr: 3009.0
    1404. dt:  0.25 ms | #newton:  1 | ph:  0.0% | #CG/newton: 1527 | ls (cap|max|inv|bt):  0| 0| 0| 0| runtime:  759.1 ms | cr: 3036.3
    1405. dt:  0.25 ms | #newton:  1 | ph:  0.0% | #CG/newton: 1519 | ls (cap|max|inv|bt):  0| 0| 0| 0| runtime:  748.3 ms | cr: 2993.4
    1406. dt:  0.25 ms | #newton:  1 | ph:  0.0% | #CG/newton: 1523 | ls (cap|max|inv|bt):  0| 0| 0| 0| runtime:  756.4 ms | cr: 3025.5
    1407. dt:  0.25 ms | #newton:  1 | ph:  0.0% | #CG/newton: 1511 | ls (cap|max|inv|bt):  0| 0| 0| 0| runtime:  743.4 ms | cr: 2973.8
    1408. dt:  0.25 ms | #newton:  1 | ph:  0.0% | #CG/newton: 1509 | ls (cap|max|inv|bt):  0| 0| 0| 0| runtime:  743.8 ms | cr: 2975.2
    1409. dt:  0.25 ms | #newton:  1 | ph:  0.0% | #CG/newton: 1521 | ls (cap|max|inv|bt):  0| 0| 0| 0| runtime:  751.7 ms | cr: 3006.8
    1410. dt:  0.25 ms | #newton:  1 | ph:  0.0% | #CG/newton: 1522 | ls (cap|max|inv|bt):  0| 0| 0| 0| runtime:  761.9 ms | cr: 3047.6
    1411. dt:  0.25 ms | #newton:  1 | ph:  0.0% | #CG/newton: 1525 | ls (cap|max|inv|bt):  0| 0| 0| 0| runtime:  751.6 ms | cr: 3006.3
    1412. dt:  0.25 ms | #newton:  1 | ph:  0.0% | #CG/newton: 1529 | ls (cap|max|inv|bt):  0| 0| 0| 0| runtime:  752.7 ms | cr: 3010.9
    1413. dt:  0.25 ms | #newton:  1 | ph:  0.0% | #CG/newton: 2612 | ls (cap|max|inv|bt):  0| 0| 0| 0| runtime: 1250.7 ms | cr: 5002.9
    1414. dt:  0.25 ms | #newton:  1 | ph:  0.0% | #CG/newton: 2603 | ls (cap|max|inv|bt):  0| 0| 0| 0| runtime: 1206.0 ms | cr: 4823.8
    1415. dt:  0.25 ms | #newton:  1 | ph:  0.0% | #CG/newton: 1520 | ls (cap|max|inv|bt):  0| 0| 0| 0| runtime:  745.3 ms | cr: 2981.3
    1416. dt:  0.25 ms | #newton:  1 | ph:  0.0% | #CG/newton: 1521 | ls (cap|max|inv|bt):  0| 0| 0| 0| runtime:  737.1 ms | cr: 2948.6
    1417. dt:  0.25 ms | #newton:  1 | ph:  0.0% | #CG/newton: 1527 | ls (cap|max|inv|bt):  0| 0| 0| 0| runtime:  750.8 ms | cr: 3003.3
    1418. dt:  0.25 ms | #newton:  1 | ph:  0.0% | #CG/newton: 2865 | ls (cap|max|inv|bt):  0| 0| 0| 0| runtime: 1309.7 ms | cr: 5239.0
    1419. dt:  0.25 ms | #newton:  1 | ph:  0.0% | #CG/newton: 2573 | ls (cap|max|inv|bt):  0| 0| 0| 0| runtime: 1180.2 ms | cr: 4721.0
    1420. dt:  0.25 ms | #newton:  1 | ph:  0.0% | #CG/newton: 2455 | ls (cap|max|inv|bt):  0| 0| 0| 0| runtime: 1147.0 ms | cr: 4587.8
    1421. dt:  0.25 ms | #newton:  1 | ph:  0.0% | #CG/newton: 2858 | ls (cap|max|inv|bt):  0| 0| 0| 0| runtime: 1319.4 ms | cr: 5277.4
    1422. dt:  0.25 ms | #newton:  1 | ph:  0.0% | #CG/newton: 2865 | ls (cap|max|inv|bt):  0| 0| 0| 0| runtime: 1328.0 ms | cr: 5312.0
    1423. dt:  0.25 ms | #newton:  1 | ph:  0.0% | #CG/newton: 2692 | ls (cap|max|inv|bt):  0| 0| 0| 0| runtime: 1232.5 ms | cr: 4929.9
    1424. dt:  0.25 ms | #newton:  1 | ph:  0.0% | #CG/newton: 2655 | ls (cap|max|inv|bt):  0| 0| 0| 0| runtime: 1231.7 ms | cr: 4926.8
    1425. dt:  0.25 ms | #newton:  1 | ph:  0.0% | #CG/newton: 2662 | ls (cap|max|inv|bt):  0| 0| 0| 0| runtime: 1224.9 ms | cr: 4899.6
    1426. dt:  0.25 ms | #newton:  1 | ph:  0.0% | #CG/newton: 2601 | ls (cap|max|inv|bt):  0| 0| 0| 0| runtime: 1208.2 ms | cr: 4832.7
    1427. dt:  0.25 ms | #newton:  1 | ph:  0.0% | #CG/newton: 2661 | ls (cap|max|inv|bt):  0| 0| 0| 0| runtime: 1225.1 ms | cr: 4900.4
    1428. dt:  0.25 ms | #newton:  1 | ph:  0.0% | #CG/newton: 2206 | ls (cap|max|inv|bt):  0| 0| 0| 0| runtime: 1019.8 ms | cr: 4079.2
    1429. dt:  0.25 ms | #newton:  1 | ph:  0.0% | #CG/newton: 2206 | ls (cap|max|inv|bt):  0| 0| 0| 0| runtime:  999.5 ms | cr: 3997.8
    1430. dt:  0.25 ms | #newton:  1 | ph:  0.0% | #CG/newton: 2209 | ls (cap|max|inv|bt):  0| 0| 0| 0| runtime:  994.7 ms | cr: 3978.9
    1431. dt:  0.25 ms | #newton:  1 | ph:  0.0% | #CG/newton: 2281 | ls (cap|max|inv|bt):  0| 0| 0| 0| runtime: 1027.7 ms | cr: 4110.7
    1432. dt:  0.25 ms | #newton:  1 | ph:  0.0% | #CG/newton: 2275 | ls (cap|max|inv|bt):  0| 0| 0| 0| runtime: 1048.4 ms | cr: 4193.7
    1433. dt:  0.25 ms | #newton:  1 | ph:  0.0% | #CG/newton: 2245 | ls (cap|max|inv|bt):  0| 0| 0| 0| runtime: 1058.6 ms | cr: 4234.3
    1434. dt:  0.25 ms | #newton:  1 | ph:  0.0% | #CG/newton: 2240 | ls (cap|max|inv|bt):  0| 0| 0| 0| runtime: 1064.4 ms | cr: 4257.8
    1435. dt:  0.25 ms | #newton:  1 | ph:  0.0% | #CG/newton: 2209 | ls (cap|max|inv|bt):  0| 0| 0| 0| runtime: 1042.8 ms | cr: 4171.3
    1436. dt:  0.25 ms | #newton:  1 | ph:  0.0% | #CG/newton: 2188 | ls (cap|max|inv|bt):  0| 0| 0| 0| runtime: 1036.2 ms | cr: 4144.9
    1437. dt:  0.25 ms | #newton:  1 | ph:  0.0% | #CG/newton: 2264 | ls (cap|max|inv|bt):  0| 0| 0| 0| runtime: 1058.9 ms | cr: 4235.7
    1438. dt:  0.25 ms | #newton:  1 | ph:  0.0% | #CG/newton: 2211 | ls (cap|max|inv|bt):  0| 0| 0| 0| runtime: 1052.8 ms | cr: 4211.3
    1439. dt:  0.25 ms | #newton:  1 | ph:  0.0% | #CG/newton: 2259 | ls (cap|max|inv|bt):  0| 0| 0| 0| runtime: 1072.1 ms | cr: 4288.3
    1440. dt:  0.25 ms | #newton:  1 | ph:  0.0% | #CG/newton: 2206 | ls (cap|max|inv|bt):  0| 0| 0| 0| runtime: 1034.8 ms | cr: 4139.3
    1441. dt:  0.25 ms | #newton:  1 | ph:  0.0% | #CG/newton: 2295 | ls (cap|max|inv|bt):  0| 0| 0| 0| runtime: 1078.0 ms | cr: 4311.8
    1442. dt:  0.25 ms | #newton:  1 | ph:  0.0% | #CG/newton: 2207 | ls (cap|max|inv|bt):  0| 0| 0| 0| runtime: 1044.8 ms | cr: 4179.0
    1443. dt:  0.25 ms | #newton:  1 | ph:  0.0% | #CG/newton: 2269 | ls (cap|max|inv|bt):  0| 0| 0| 0| runtime: 1061.6 ms | cr: 4246.5
    1444. dt:  0.25 ms | #newton:  1 | ph:  0.0% | #CG/newton: 2245 | ls (cap|max|inv|bt):  0| 0| 0| 0| runtime: 1041.5 ms | cr: 4166.1
    1445. dt:  0.25 ms | #newton:  1 | ph:  0.0% | #CG/newton: 2266 | ls (cap|max|inv|bt):  0| 0| 0| 0| runtime: 1066.0 ms | cr: 4263.9
    1446. dt:  0.25 ms | #newton:  1 | ph:  0.0% | #CG/newton: 2276 | ls (cap|max|inv|bt):  0| 0| 0| 0| runtime: 1082.7 ms | cr: 4331.0
    1447. dt:  0.25 ms | #newton:  1 | ph:  0.0% | #CG/newton: 2205 | ls (cap|max|inv|bt):  0| 0| 0| 0| runtime: 1058.5 ms | cr: 4233.9
    1448. dt:  0.25 ms | #newton:  1 | ph:  0.0% | #CG/newton: 2272 | ls (cap|max|inv|bt):  0| 0| 0| 0| runtime: 1081.6 ms | cr: 4326.4
    1449. dt:  0.25 ms | #newton:  1 | ph:  0.0% | #CG/newton: 2248 | ls (cap|max|inv|bt):  0| 0| 0| 0| runtime: 1060.4 ms | cr: 4241.5
    1450. dt:  0.25 ms | #newton:  1 | ph:  0.0% | #CG/newton: 2267 | ls (cap|max|inv|bt):  0| 0| 0| 0| runtime: 1074.8 ms | cr: 4299.4
    1451. dt:  0.25 ms | #newton:  1 | ph:  0.0% | #CG/newton: 2347 | ls (cap|max|inv|bt):  0| 0| 0| 0| runtime: 1108.3 ms | cr: 4433.1
    1452. dt:  0.25 ms | #newton:  1 | ph:  0.0% | #CG/newton: 2219 | ls (cap|max|inv|bt):  0| 0| 0| 0| runtime: 1063.1 ms | cr: 4252.6
    1453. dt:  0.25 ms | #newton:  1 | ph:  0.0% | #CG/newton: 2261 | ls (cap|max|inv|bt):  0| 0| 0| 0| runtime: 1064.0 ms | cr: 4256.0
    1454. dt:  0.25 ms | #newton:  1 | ph:  0.0% | #CG/newton: 2341 | ls (cap|max|inv|bt):  0| 0| 0| 0| runtime: 1097.1 ms | cr: 4388.5
    1455. dt:  0.25 ms | #newton:  1 | ph:  0.0% | #CG/newton: 2233 | ls (cap|max|inv|bt):  0| 0| 0| 0| runtime: 1050.4 ms | cr: 4201.4
    1456. dt:  0.25 ms | #newton:  1 | ph:  0.0% | #CG/newton: 2261 | ls (cap|max|inv|bt):  0| 0| 0| 0| runtime: 1052.4 ms | cr: 4209.5
    1457. dt:  0.25 ms | #newton:  1 | ph:  0.0% | #CG/newton: 2229 | ls (cap|max|inv|bt):  0| 0| 0| 0| runtime: 1046.1 ms | cr: 4184.2
    1458. dt:  0.25 ms | #newton:  1 | ph:  0.0% | #CG/newton: 2264 | ls (cap|max|inv|bt):  0| 0| 0| 0| runtime: 1076.2 ms | cr: 4304.6
    1459. dt:  0.25 ms | #newton:  1 | ph:  0.0% | #CG/newton: 2337 | ls (cap|max|inv|bt):  0| 0| 0| 0| runtime: 1095.6 ms | cr: 4382.4
    1460. dt:  0.25 ms | #newton:  1 | ph:  0.0% | #CG/newton: 2212 | ls (cap|max|inv|bt):  0| 0| 0| 0| runtime: 1055.3 ms | cr: 4221.2
    1461. dt:  0.25 ms | #newton:  1 | ph:  0.0% | #CG/newton: 2255 | ls (cap|max|inv|bt):  0| 0| 0| 0| runtime: 1061.9 ms | cr: 4247.7
    1462. dt:  0.25 ms | #newton:  1 | ph:  0.0% | #CG/newton: 2259 | ls (cap|max|inv|bt):  0| 0| 0| 0| runtime: 1073.7 ms | cr: 4294.8
    1463. dt:  0.25 ms | #newton:  1 | ph:  0.0% | #CG/newton: 1263 | ls (cap|max|inv|bt):  0| 0| 0| 0| runtime:  652.9 ms | cr: 2611.4
    1464. dt:  0.25 ms | #newton:  1 | ph:  0.0% | #CG/newton: 1289 | ls (cap|max|inv|bt):  0| 0| 0| 0| runtime:  663.5 ms | cr: 2654.0
    1465. dt:  0.25 ms | #newton:  1 | ph:  0.0% | #CG/newton: 1262 | ls (cap|max|inv|bt):  0| 0| 0| 0| runtime:  646.0 ms | cr: 2584.1
    1466. dt:  0.25 ms | #newton:  1 | ph:  0.0% | #CG/newton: 1286 | ls (cap|max|inv|bt):  0| 0| 0| 0| runtime:  651.5 ms | cr: 2605.8
[Frame: 11] Time: 0.367 s
    1467. dt:  0.25 ms | #newton:  1 | ph:  0.0% | #CG/newton: 1292 | ls (cap|max|inv|bt):  0| 0| 0| 0| runtime:  669.9 ms | cr: 2679.6
    1468. dt:  0.25 ms | #newton:  1 | ph:  0.0% | #CG/newton: 1255 | ls (cap|max|inv|bt):  0| 0| 0| 0| runtime:  648.4 ms | cr: 2593.8
    1469. dt:  0.25 ms | #newton:  1 | ph:  0.0% | #CG/newton: 1264 | ls (cap|max|inv|bt):  0| 0| 0| 0| runtime:  649.2 ms | cr: 2596.8
    1470. dt:  0.25 ms | #newton:  1 | ph:  0.0% | #CG/newton: 1295 | ls (cap|max|inv|bt):  0| 0| 0| 0| runtime:  670.9 ms | cr: 2683.8
    1471. dt:  0.25 ms | #newton:  1 | ph:  0.0% | #CG/newton: 1256 | ls (cap|max|inv|bt):  0| 0| 0| 0| runtime:  654.3 ms | cr: 2617.2
    1472. dt:  0.25 ms | #newton:  1 | ph:  0.0% | #CG/newton: 1265 | ls (cap|max|inv|bt):  0| 0| 0| 0| runtime:  684.6 ms | cr: 2738.5
    1473. dt:  0.25 ms | #newton:  1 | ph:  0.0% | #CG/newton: 1297 | ls (cap|max|inv|bt):  0| 0| 0| 0| runtime:  662.9 ms | cr: 2651.5
    1474. dt:  0.25 ms | #newton:  1 | ph:  0.0% | #CG/newton: 1281 | ls (cap|max|inv|bt):  0| 0| 0| 0| runtime:  651.5 ms | cr: 2606.0
    1475. dt:  0.25 ms | #newton:  1 | ph:  0.0% | #CG/newton: 1237 | ls (cap|max|inv|bt):  0| 0| 0| 0| runtime:  644.2 ms | cr: 2576.7
    1476. dt:  0.25 ms | #newton:  1 | ph:  0.0% | #CG/newton: 1265 | ls (cap|max|inv|bt):  0| 0| 0| 0| runtime:  643.4 ms | cr: 2573.5
    1477. dt:  0.25 ms | #newton:  1 | ph:  0.0% | #CG/newton: 1290 | ls (cap|max|inv|bt):  0| 0| 0| 0| runtime:  666.9 ms | cr: 2667.7
    1478. dt:  0.25 ms | #newton:  1 | ph:  0.0% | #CG/newton: 1239 | ls (cap|max|inv|bt):  0| 0| 0| 0| runtime:  641.0 ms | cr: 2563.8
    1479. dt:  0.25 ms | #newton:  1 | ph:  0.0% | #CG/newton: 1287 | ls (cap|max|inv|bt):  0| 0| 0| 0| runtime:  664.3 ms | cr: 2657.2
    1480. dt:  0.25 ms | #newton:  1 | ph:  0.0% | #CG/newton: 1253 | ls (cap|max|inv|bt):  0| 0| 0| 0| runtime:  631.5 ms | cr: 2525.9
    1481. dt:  0.25 ms | #newton:  1 | ph:  0.0% | #CG/newton: 1254 | ls (cap|max|inv|bt):  0| 0| 0| 0| runtime:  643.3 ms | cr: 2573.3
    1482. dt:  0.25 ms | #newton:  1 | ph:  0.0% | #CG/newton: 2238 | ls (cap|max|inv|bt):  0| 0| 0| 0| runtime: 1058.6 ms | cr: 4234.5
    1483. dt:  0.25 ms | #newton:  1 | ph:  0.0% | #CG/newton: 2262 | ls (cap|max|inv|bt):  0| 0| 0| 0| runtime: 1069.8 ms | cr: 4279.1
    1484. dt:  0.25 ms | #newton:  1 | ph:  0.0% | #CG/newton: 2342 | ls (cap|max|inv|bt):  0| 0| 0| 0| runtime: 1099.9 ms | cr: 4399.7
    1485. dt:  0.25 ms | #newton:  1 | ph:  0.0% | #CG/newton: 2279 | ls (cap|max|inv|bt):  0| 0| 0| 0| runtime: 1080.2 ms | cr: 4320.6
    1486. dt:  0.25 ms | #newton:  1 | ph:  0.0% | #CG/newton: 2317 | ls (cap|max|inv|bt):  0| 0| 0| 0| runtime: 1096.1 ms | cr: 4384.6
    1487. dt:  0.25 ms | #newton:  1 | ph:  0.0% | #CG/newton: 2346 | ls (cap|max|inv|bt):  0| 0| 0| 0| runtime: 1110.9 ms | cr: 4443.7
    1488. dt:  0.25 ms | #newton:  1 | ph:  0.0% | #CG/newton: 2195 | ls (cap|max|inv|bt):  0| 0| 0| 0| runtime: 1041.6 ms | cr: 4166.2
    1489. dt:  0.25 ms | #newton:  1 | ph:  0.0% | #CG/newton: 2347 | ls (cap|max|inv|bt):  0| 0| 0| 0| runtime: 1105.1 ms | cr: 4420.6
    1490. dt:  0.25 ms | #newton:  1 | ph:  0.0% | #CG/newton: 2285 | ls (cap|max|inv|bt):  0| 0| 0| 0| runtime: 1082.5 ms | cr: 4330.2
    1491. dt:  0.25 ms | #newton:  1 | ph:  0.0% | #CG/newton: 2260 | ls (cap|max|inv|bt):  0| 0| 0| 0| runtime: 1072.3 ms | cr: 4289.3
    1492. dt:  0.25 ms | #newton:  1 | ph:  0.0% | #CG/newton: 2352 | ls (cap|max|inv|bt):  0| 0| 0| 0| runtime: 1113.0 ms | cr: 4452.2
    1493. dt:  0.25 ms | #newton:  1 | ph:  0.0% | #CG/newton: 2303 | ls (cap|max|inv|bt):  0| 0| 0| 0| runtime: 1092.7 ms | cr: 4370.9
    1494. dt:  0.25 ms | #newton:  1 | ph:  0.0% | #CG/newton: 2332 | ls (cap|max|inv|bt):  0| 0| 0| 0| runtime: 1111.4 ms | cr: 4445.8
    1495. dt:  0.25 ms | #newton:  1 | ph:  0.0% | #CG/newton: 2234 | ls (cap|max|inv|bt):  0| 0| 0| 0| runtime: 1063.8 ms | cr: 4255.3
    1496. dt:  0.25 ms | #newton:  1 | ph:  0.0% | #CG/newton: 2309 | ls (cap|max|inv|bt):  0| 0| 0| 0| runtime: 1094.4 ms | cr: 4377.4
    1497. dt:  0.25 ms | #newton:  1 | ph:  0.0% | #CG/newton: 2256 | ls (cap|max|inv|bt):  0| 0| 0| 0| runtime: 1065.6 ms | cr: 4262.2
    1498. dt:  0.25 ms | #newton:  1 | ph:  0.0% | #CG/newton: 2330 | ls (cap|max|inv|bt):  0| 0| 0| 0| runtime: 1089.5 ms | cr: 4358.0
    1499. dt:  0.25 ms | #newton:  1 | ph:  0.0% | #CG/newton: 2210 | ls (cap|max|inv|bt):  0| 0| 0| 0| runtime: 1049.6 ms | cr: 4198.3
    1500. dt:  0.25 ms | #newton:  1 | ph:  0.0% | #CG/newton: 2373 | ls (cap|max|inv|bt):  0| 0| 0| 0| runtime: 1111.2 ms | cr: 4444.8
    1501. dt:  0.25 ms | #newton:  1 | ph:  0.0% | #CG/newton: 2226 | ls (cap|max|inv|bt):  0| 0| 0| 0| runtime: 1057.4 ms | cr: 4229.6
    1502. dt:  0.25 ms | #newton:  1 | ph:  0.0% | #CG/newton: 2339 | ls (cap|max|inv|bt):  0| 0| 0| 0| runtime: 1099.8 ms | cr: 4399.2
    1503. dt:  0.25 ms | #newton:  1 | ph:  0.0% | #CG/newton: 2328 | ls (cap|max|inv|bt):  0| 0| 0| 0| runtime: 1101.0 ms | cr: 4404.2
    1504. dt:  0.25 ms | #newton:  1 | ph:  0.0% | #CG/newton: 2240 | ls (cap|max|inv|bt):  0| 0| 0| 0| runtime: 1059.1 ms | cr: 4236.3
    1505. dt:  0.25 ms | #newton:  1 | ph:  0.0% | #CG/newton: 2331 | ls (cap|max|inv|bt):  0| 0| 0| 0| runtime: 1100.8 ms | cr: 4403.0
    1506. dt:  0.25 ms | #newton:  1 | ph:  0.0% | #CG/newton: 2262 | ls (cap|max|inv|bt):  0| 0| 0| 0| runtime: 1082.1 ms | cr: 4328.4
    1507. dt:  0.25 ms | #newton:  1 | ph:  0.0% | #CG/newton: 2318 | ls (cap|max|inv|bt):  0| 0| 0| 0| runtime: 1106.5 ms | cr: 4426.0
    1508. dt:  0.25 ms | #newton:  1 | ph:  0.0% | #CG/newton: 2312 | ls (cap|max|inv|bt):  0| 0| 0| 0| runtime: 1097.1 ms | cr: 4388.2
    1509. dt:  0.25 ms | #newton:  1 | ph:  0.0% | #CG/newton: 2244 | ls (cap|max|inv|bt):  0| 0| 0| 0| runtime: 1080.2 ms | cr: 4320.8
    1510. dt:  0.25 ms | #newton:  1 | ph:  0.0% | #CG/newton: 2311 | ls (cap|max|inv|bt):  0| 0| 0| 0| runtime: 1097.3 ms | cr: 4389.2
    1511. dt:  0.25 ms | #newton:  1 | ph:  0.0% | #CG/newton: 2334 | ls (cap|max|inv|bt):  0| 0| 0| 0| runtime: 1108.4 ms | cr: 4433.8
    1512. dt:  0.25 ms | #newton:  1 | ph:  0.0% | #CG/newton: 2325 | ls (cap|max|inv|bt):  0| 0| 0| 0| runtime: 1106.9 ms | cr: 4427.6
    1513. dt:  0.25 ms | #newton:  1 | ph:  0.0% | #CG/newton: 2262 | ls (cap|max|inv|bt):  0| 0| 0| 0| runtime: 1069.6 ms | cr: 4278.4
    1514. dt:  0.25 ms | #newton:  1 | ph:  0.0% | #CG/newton: 2349 | ls (cap|max|inv|bt):  0| 0| 0| 0| runtime: 1116.4 ms | cr: 4465.4
    1515. dt:  0.25 ms | #newton:  1 | ph:  0.0% | #CG/newton: 2235 | ls (cap|max|inv|bt):  0| 0| 0| 0| runtime: 1068.9 ms | cr: 4275.7
    1516. dt:  0.25 ms | #newton:  1 | ph:  0.0% | #CG/newton: 2263 | ls (cap|max|inv|bt):  0| 0| 0| 0| runtime: 1082.5 ms | cr: 4330.1
    1517. dt:  0.25 ms | #newton:  1 | ph:  0.0% | #CG/newton: 2339 | ls (cap|max|inv|bt):  0| 0| 0| 0| runtime: 1113.6 ms | cr: 4454.5
    1518. dt:  0.25 ms | #newton:  1 | ph:  0.0% | #CG/newton: 2276 | ls (cap|max|inv|bt):  0| 0| 0| 0| runtime: 1080.7 ms | cr: 4322.9
    1519. dt:  0.25 ms | #newton:  1 | ph:  0.0% | #CG/newton: 2272 | ls (cap|max|inv|bt):  0| 0| 0| 0| runtime: 1087.5 ms | cr: 4349.9
    1520. dt:  0.25 ms | #newton:  1 | ph:  0.0% | #CG/newton: 2320 | ls (cap|max|inv|bt):  0| 0| 0| 0| runtime: 1106.2 ms | cr: 4424.9
    1521. dt:  0.25 ms | #newton:  1 | ph:  0.0% | #CG/newton: 2245 | ls (cap|max|inv|bt):  0| 0| 0| 0| runtime: 1072.9 ms | cr: 4291.7
    1522. dt:  0.25 ms | #newton:  1 | ph:  0.0% | #CG/newton: 2314 | ls (cap|max|inv|bt):  0| 0| 0| 0| runtime: 1097.7 ms | cr: 4390.8
    1523. dt:  0.25 ms | #newton:  1 | ph:  0.0% | #CG/newton: 2196 | ls (cap|max|inv|bt):  0| 0| 0| 0| runtime: 1051.7 ms | cr: 4206.8
    1524. dt:  0.25 ms | #newton:  1 | ph:  0.0% | #CG/newton: 2362 | ls (cap|max|inv|bt):  0| 0| 0| 0| runtime: 1123.5 ms | cr: 4493.9
    1525. dt:  0.25 ms | #newton:  1 | ph:  0.0% | #CG/newton: 2212 | ls (cap|max|inv|bt):  0| 0| 0| 0| runtime: 1059.4 ms | cr: 4237.7
    1526. dt:  0.25 ms | #newton:  1 | ph:  0.0% | #CG/newton: 2346 | ls (cap|max|inv|bt):  0| 0| 0| 0| runtime: 1109.8 ms | cr: 4439.1
    1527. dt:  0.25 ms | #newton:  1 | ph:  0.0% | #CG/newton: 2311 | ls (cap|max|inv|bt):  0| 0| 0| 0| runtime: 1103.2 ms | cr: 4412.8
    1528. dt:  0.25 ms | #newton:  1 | ph:  0.0% | #CG/newton: 2294 | ls (cap|max|inv|bt):  0| 0| 0| 0| runtime: 1089.0 ms | cr: 4356.0
    1529. dt:  0.25 ms | #newton:  1 | ph:  0.0% | #CG/newton: 2260 | ls (cap|max|inv|bt):  0| 0| 0| 0| runtime: 1080.9 ms | cr: 4323.5
    1530. dt:  0.25 ms | #newton:  1 | ph:  0.0% | #CG/newton: 2329 | ls (cap|max|inv|bt):  0| 0| 0| 0| runtime: 1104.7 ms | cr: 4418.6
    1531. dt:  0.25 ms | #newton:  1 | ph:  0.0% | #CG/newton: 2351 | ls (cap|max|inv|bt):  0| 0| 0| 0| runtime: 1107.9 ms | cr: 4431.6
    1532. dt:  0.25 ms | #newton:  1 | ph:  0.0% | #CG/newton: 2350 | ls (cap|max|inv|bt):  0| 0| 0| 0| runtime: 1067.6 ms | cr: 4270.4
    1533. dt:  0.25 ms | #newton:  1 | ph:  0.0% | #CG/newton: 2248 | ls (cap|max|inv|bt):  0| 0| 0| 0| runtime: 1067.9 ms | cr: 4271.7
    1534. dt:  0.25 ms | #newton:  1 | ph:  0.0% | #CG/newton: 2349 | ls (cap|max|inv|bt):  0| 0| 0| 0| runtime: 1094.9 ms | cr: 4379.7
    1535. dt:  0.25 ms | #newton:  1 | ph:  0.0% | #CG/newton: 2195 | ls (cap|max|inv|bt):  0| 0| 0| 0| runtime: 1050.4 ms | cr: 4201.5
    1536. dt:  0.25 ms | #newton:  1 | ph:  0.0% | #CG/newton: 2332 | ls (cap|max|inv|bt):  0| 0| 0| 0| runtime: 1107.8 ms | cr: 4431.0
    1537. dt:  0.25 ms | #newton:  1 | ph:  0.0% | #CG/newton: 2241 | ls (cap|max|inv|bt):  0| 0| 0| 0| runtime: 1064.3 ms | cr: 4257.2
    1538. dt:  0.25 ms | #newton:  1 | ph:  0.0% | #CG/newton: 2333 | ls (cap|max|inv|bt):  0| 0| 0| 0| runtime: 1100.1 ms | cr: 4400.4
    1539. dt:  0.25 ms | #newton:  1 | ph:  0.0% | #CG/newton: 2239 | ls (cap|max|inv|bt):  0| 0| 0| 0| runtime: 1070.5 ms | cr: 4282.0
    1540. dt:  0.25 ms | #newton:  1 | ph:  0.0% | #CG/newton: 2343 | ls (cap|max|inv|bt):  0| 0| 0| 0| runtime: 1106.5 ms | cr: 4426.1
    1541. dt:  0.25 ms | #newton:  1 | ph:  0.0% | #CG/newton: 2200 | ls (cap|max|inv|bt):  0| 0| 0| 0| runtime: 1050.6 ms | cr: 4202.5
    1542. dt:  0.25 ms | #newton:  1 | ph:  0.0% | #CG/newton: 2358 | ls (cap|max|inv|bt):  0| 0| 0| 0| runtime: 1112.4 ms | cr: 4449.6
    1543. dt:  0.25 ms | #newton:  1 | ph:  0.0% | #CG/newton: 2241 | ls (cap|max|inv|bt):  0| 0| 0| 0| runtime: 1066.7 ms | cr: 4266.8
    1544. dt:  0.25 ms | #newton:  1 | ph:  0.0% | #CG/newton: 2366 | ls (cap|max|inv|bt):  0| 0| 0| 0| runtime: 1123.0 ms | cr: 4491.9
    1545. dt:  0.25 ms | #newton:  1 | ph:  0.0% | #CG/newton: 2279 | ls (cap|max|inv|bt):  0| 0| 0| 0| runtime: 1070.5 ms | cr: 4282.1
    1546. dt:  0.25 ms | #newton:  1 | ph:  0.0% | #CG/newton: 2324 | ls (cap|max|inv|bt):  0| 0| 0| 0| runtime: 1089.0 ms | cr: 4356.2
    1547. dt:  0.25 ms | #newton:  1 | ph:  0.0% | #CG/newton: 2313 | ls (cap|max|inv|bt):  0| 0| 0| 0| runtime: 1095.8 ms | cr: 4383.0
    1548. dt:  0.25 ms | #newton:  1 | ph:  0.0% | #CG/newton: 2356 | ls (cap|max|inv|bt):  0| 0| 0| 0| runtime: 1114.7 ms | cr: 4458.9
    1549. dt:  0.25 ms | #newton:  1 | ph:  0.0% | #CG/newton: 2340 | ls (cap|max|inv|bt):  0| 0| 0| 0| runtime: 1106.8 ms | cr: 4427.1
    1550. dt:  0.25 ms | #newton:  1 | ph:  0.0% | #CG/newton: 2266 | ls (cap|max|inv|bt):  0| 0| 0| 0| runtime: 1079.8 ms | cr: 4319.1
    1551. dt:  0.25 ms | #newton:  1 | ph:  0.0% | #CG/newton: 2346 | ls (cap|max|inv|bt):  0| 0| 0| 0| runtime: 1111.0 ms | cr: 4443.9
    1552. dt:  0.25 ms | #newton:  1 | ph:  0.0% | #CG/newton: 2187 | ls (cap|max|inv|bt):  0| 0| 0| 0| runtime: 1052.1 ms | cr: 4208.4
    1553. dt:  0.25 ms | #newton:  1 | ph:  0.0% | #CG/newton: 2330 | ls (cap|max|inv|bt):  0| 0| 0| 0| runtime: 1103.4 ms | cr: 4413.6
    1554. dt:  0.25 ms | #newton:  1 | ph:  0.0% | #CG/newton: 2239 | ls (cap|max|inv|bt):  0| 0| 0| 0| runtime: 1071.5 ms | cr: 4285.8
    1555. dt:  0.25 ms | #newton:  1 | ph:  0.0% | #CG/newton: 2322 | ls (cap|max|inv|bt):  0| 0| 0| 0| runtime: 1098.4 ms | cr: 4393.6
    1556. dt:  0.25 ms | #newton:  1 | ph:  0.0% | #CG/newton: 2238 | ls (cap|max|inv|bt):  0| 0| 0| 0| runtime: 1061.0 ms | cr: 4243.9
    1557. dt:  0.25 ms | #newton:  1 | ph:  0.0% | #CG/newton: 2336 | ls (cap|max|inv|bt):  0| 0| 0| 0| runtime: 1106.4 ms | cr: 4425.6
    1558. dt:  0.25 ms | #newton:  1 | ph:  0.0% | #CG/newton: 2231 | ls (cap|max|inv|bt):  0| 0| 0| 0| runtime: 1062.1 ms | cr: 4248.3
    1559. dt:  0.25 ms | #newton:  1 | ph:  0.0% | #CG/newton: 2345 | ls (cap|max|inv|bt):  0| 0| 0| 0| runtime: 1112.1 ms | cr: 4448.4
    1560. dt:  0.25 ms | #newton:  1 | ph:  0.0% | #CG/newton: 2263 | ls (cap|max|inv|bt):  0| 0| 0| 0| runtime: 1071.1 ms | cr: 4284.5
    1561. dt:  0.25 ms | #newton:  1 | ph:  0.0% | #CG/newton: 2353 | ls (cap|max|inv|bt):  0| 0| 0| 0| runtime: 1117.2 ms | cr: 4468.8
    1562. dt:  0.25 ms | #newton:  1 | ph:  0.0% | #CG/newton: 2275 | ls (cap|max|inv|bt):  0| 0| 0| 0| runtime: 1087.6 ms | cr: 4350.2
    1563. dt:  0.25 ms | #newton:  1 | ph:  0.0% | #CG/newton: 2352 | ls (cap|max|inv|bt):  0| 0| 0| 0| runtime: 1106.7 ms | cr: 4426.9
    1564. dt:  0.25 ms | #newton:  1 | ph:  0.0% | #CG/newton: 2268 | ls (cap|max|inv|bt):  0| 0| 0| 0| runtime: 1075.9 ms | cr: 4303.7
    1565. dt:  0.25 ms | #newton:  1 | ph:  0.0% | #CG/newton: 2337 | ls (cap|max|inv|bt):  0| 0| 0| 0| runtime: 1097.9 ms | cr: 4391.6
    1566. dt:  0.25 ms | #newton:  1 | ph:  0.0% | #CG/newton: 2238 | ls (cap|max|inv|bt):  0| 0| 0| 0| runtime: 1058.1 ms | cr: 4232.5
    1567. dt:  0.25 ms | #newton:  1 | ph:  0.0% | #CG/newton: 2364 | ls (cap|max|inv|bt):  0| 0| 0| 0| runtime: 1114.6 ms | cr: 4458.5
    1568. dt:  0.25 ms | #newton:  1 | ph:  0.0% | #CG/newton: 2252 | ls (cap|max|inv|bt):  0| 0| 0| 0| runtime: 1062.3 ms | cr: 4249.1
    1569. dt:  0.25 ms | #newton:  1 | ph:  0.0% | #CG/newton: 2308 | ls (cap|max|inv|bt):  0| 0| 0| 0| runtime: 1083.1 ms | cr: 4332.4
    1570. dt:  0.25 ms | #newton:  1 | ph:  0.0% | #CG/newton: 2347 | ls (cap|max|inv|bt):  0| 0| 0| 0| runtime: 1106.8 ms | cr: 4427.1
    1571. dt:  0.25 ms | #newton:  1 | ph:  0.0% | #CG/newton: 2335 | ls (cap|max|inv|bt):  0| 0| 0| 0| runtime: 1102.4 ms | cr: 4409.7
    1572. dt:  0.25 ms | #newton:  1 | ph:  0.0% | #CG/newton: 2325 | ls (cap|max|inv|bt):  0| 0| 0| 0| runtime: 1096.4 ms | cr: 4385.7
    1573. dt:  0.25 ms | #newton:  1 | ph:  0.0% | #CG/newton: 2268 | ls (cap|max|inv|bt):  0| 0| 0| 0| runtime: 1065.6 ms | cr: 4262.5
    1574. dt:  0.25 ms | #newton:  1 | ph:  0.0% | #CG/newton: 2305 | ls (cap|max|inv|bt):  0| 0| 0| 0| runtime: 1088.4 ms | cr: 4353.5
    1575. dt:  0.25 ms | #newton:  1 | ph:  0.0% | #CG/newton: 2303 | ls (cap|max|inv|bt):  0| 0| 0| 0| runtime: 1085.6 ms | cr: 4342.5
    1576. dt:  0.25 ms | #newton:  1 | ph:  0.0% | #CG/newton: 2214 | ls (cap|max|inv|bt):  0| 0| 0| 0| runtime: 1038.1 ms | cr: 4152.4
    1577. dt:  0.25 ms | #newton:  1 | ph:  0.0% | #CG/newton: 2324 | ls (cap|max|inv|bt):  0| 0| 0| 0| runtime: 1098.5 ms | cr: 4394.1
    1578. dt:  0.25 ms | #newton:  1 | ph:  0.0% | #CG/newton: 2244 | ls (cap|max|inv|bt):  0| 0| 0| 0| runtime: 1063.0 ms | cr: 4252.0
    1579. dt:  0.25 ms | #newton:  1 | ph:  0.0% | #CG/newton: 2292 | ls (cap|max|inv|bt):  0| 0| 0| 0| runtime: 1080.5 ms | cr: 4322.2
    1580. dt:  0.25 ms | #newton:  1 | ph:  0.0% | #CG/newton: 2244 | ls (cap|max|inv|bt):  0| 0| 0| 0| runtime: 1067.3 ms | cr: 4269.1
    1581. dt:  0.25 ms | #newton:  1 | ph:  0.0% | #CG/newton: 2323 | ls (cap|max|inv|bt):  0| 0| 0| 0| runtime: 1112.5 ms | cr: 4450.0
    1582. dt:  0.25 ms | #newton:  1 | ph:  0.0% | #CG/newton: 2261 | ls (cap|max|inv|bt):  0| 0| 0| 0| runtime: 1068.8 ms | cr: 4275.2
    1583. dt:  0.25 ms | #newton:  1 | ph:  0.0% | #CG/newton: 2286 | ls (cap|max|inv|bt):  0| 0| 0| 0| runtime: 1085.3 ms | cr: 4341.3
    1584. dt:  0.25 ms | #newton:  1 | ph:  0.0% | #CG/newton: 2247 | ls (cap|max|inv|bt):  0| 0| 0| 0| runtime: 1064.7 ms | cr: 4259.0
    1585. dt:  0.25 ms | #newton:  1 | ph:  0.0% | #CG/newton: 2341 | ls (cap|max|inv|bt):  0| 0| 0| 0| runtime: 1094.4 ms | cr: 4377.4
    1586. dt:  0.25 ms | #newton:  1 | ph:  0.0% | #CG/newton: 2280 | ls (cap|max|inv|bt):  0| 0| 0| 0| runtime: 1102.0 ms | cr: 4407.9
    1587. dt:  0.25 ms | #newton:  1 | ph:  0.0% | #CG/newton: 2270 | ls (cap|max|inv|bt):  0| 0| 0| 0| runtime: 1067.9 ms | cr: 4271.6
    1588. dt:  0.25 ms | #newton:  1 | ph:  0.0% | #CG/newton: 2228 | ls (cap|max|inv|bt):  0| 0| 0| 0| runtime: 1062.2 ms | cr: 4248.9
    1589. dt:  0.25 ms | #newton:  1 | ph:  0.0% | #CG/newton: 2297 | ls (cap|max|inv|bt):  0| 0| 0| 0| runtime: 1082.5 ms | cr: 4329.9
    1590. dt:  0.25 ms | #newton:  1 | ph:  0.0% | #CG/newton: 2255 | ls (cap|max|inv|bt):  0| 0| 0| 0| runtime: 1067.1 ms | cr: 4268.6
    1591. dt:  0.25 ms | #newton:  1 | ph:  0.0% | #CG/newton: 2331 | ls (cap|max|inv|bt):  0| 0| 0| 0| runtime: 1096.5 ms | cr: 4386.1
    1592. dt:  0.25 ms | #newton:  1 | ph:  0.0% | #CG/newton: 2240 | ls (cap|max|inv|bt):  0| 0| 0| 0| runtime: 1072.9 ms | cr: 4291.7
    1593. dt:  0.25 ms | #newton:  1 | ph:  0.0% | #CG/newton: 2277 | ls (cap|max|inv|bt):  0| 0| 0| 0| runtime: 1082.7 ms | cr: 4330.7
    1594. dt:  0.25 ms | #newton:  1 | ph:  0.0% | #CG/newton: 2185 | ls (cap|max|inv|bt):  0| 0| 0| 0| runtime: 1040.2 ms | cr: 4160.7
    1595. dt:  0.25 ms | #newton:  1 | ph:  0.0% | #CG/newton: 2239 | ls (cap|max|inv|bt):  0| 0| 0| 0| runtime: 1156.9 ms | cr: 4627.4
    1596. dt:  0.25 ms | #newton:  1 | ph:  0.0% | #CG/newton: 2279 | ls (cap|max|inv|bt):  0| 0| 0| 0| runtime: 1071.7 ms | cr: 4287.0
    1597. dt:  0.25 ms | #newton:  1 | ph:  0.0% | #CG/newton: 2253 | ls (cap|max|inv|bt):  0| 0| 0| 0| runtime: 1069.2 ms | cr: 4276.9
    1598. dt:  0.25 ms | #newton:  1 | ph:  0.0% | #CG/newton: 2205 | ls (cap|max|inv|bt):  0| 0| 0| 0| runtime: 1053.1 ms | cr: 4212.5
    1599. dt:  0.25 ms | #newton:  1 | ph:  0.0% | #CG/newton: 2277 | ls (cap|max|inv|bt):  0| 0| 0| 0| runtime: 1074.7 ms | cr: 4298.6
    1600. dt:  0.25 ms | #newton:  1 | ph:  0.0% | #CG/newton: 2269 | ls (cap|max|inv|bt):  0| 0| 0| 0| runtime: 1077.9 ms | cr: 4311.7
[Frame: 12] Time: 0.400 s
    1601. dt:  0.25 ms | #newton:  1 | ph:  0.0% | #CG/newton: 2262 | ls (cap|max|inv|bt):  0| 0| 0| 0| runtime: 1077.7 ms | cr: 4310.7
    1602. dt:  0.25 ms | #newton:  1 | ph:  0.0% | #CG/newton: 2249 | ls (cap|max|inv|bt):  0| 0| 0| 0| runtime: 1090.5 ms | cr: 4362.0
    1603. dt:  0.25 ms | #newton:  1 | ph:  0.0% | #CG/newton: 2381 | ls (cap|max|inv|bt):  0| 0| 0| 0| runtime: 1120.2 ms | cr: 4480.7
    1604. dt:  0.25 ms | #newton:  1 | ph:  0.0% | #CG/newton: 2276 | ls (cap|max|inv|bt):  0| 0| 0| 0| runtime: 1079.8 ms | cr: 4319.3
    1605. dt:  0.25 ms | #newton:  1 | ph:  0.0% | #CG/newton: 2260 | ls (cap|max|inv|bt):  0| 0| 0| 0| runtime: 1081.4 ms | cr: 4325.5
    1606. dt:  0.25 ms | #newton:  1 | ph:  0.0% | #CG/newton: 2356 | ls (cap|max|inv|bt):  0| 0| 0| 0| runtime: 1122.3 ms | cr: 4489.0
    1607. dt:  0.25 ms | #newton:  1 | ph:  0.0% | #CG/newton: 2284 | ls (cap|max|inv|bt):  0| 0| 0| 0| runtime: 1075.0 ms | cr: 4300.0
    1608. dt:  0.25 ms | #newton:  1 | ph:  0.0% | #CG/newton: 2193 | ls (cap|max|inv|bt):  0| 0| 0| 0| runtime: 1047.1 ms | cr: 4188.5
    1609. dt:  0.25 ms | #newton:  1 | ph:  0.0% | #CG/newton: 2369 | ls (cap|max|inv|bt):  0| 0| 0| 0| runtime: 1107.4 ms | cr: 4429.4
    1610. dt:  0.25 ms | #newton:  1 | ph:  0.0% | #CG/newton: 2221 | ls (cap|max|inv|bt):  0| 0| 0| 0| runtime: 1040.6 ms | cr: 4162.2
    1611. dt:  0.25 ms | #newton:  1 | ph:  0.0% | #CG/newton: 2244 | ls (cap|max|inv|bt):  0| 0| 0| 0| runtime: 1053.2 ms | cr: 4212.8
    1612. dt:  0.25 ms | #newton:  1 | ph:  0.0% | #CG/newton: 2201 | ls (cap|max|inv|bt):  0| 0| 0| 0| runtime: 1053.9 ms | cr: 4215.7
    1613. dt:  0.25 ms | #newton:  1 | ph:  0.0% | #CG/newton: 2450 | ls (cap|max|inv|bt):  0| 0| 0| 0| runtime: 1142.5 ms | cr: 4569.8
    1614. dt:  0.25 ms | #newton:  1 | ph:  0.0% | #CG/newton: 2463 | ls (cap|max|inv|bt):  0| 0| 0| 0| runtime: 1148.1 ms | cr: 4592.4
    1615. dt:  0.25 ms | #newton:  1 | ph:  0.0% | #CG/newton: 2475 | ls (cap|max|inv|bt):  0| 0| 0| 0| runtime: 1152.0 ms | cr: 4608.0
    1616. dt:  0.25 ms | #newton:  1 | ph:  0.0% | #CG/newton: 2451 | ls (cap|max|inv|bt):  0| 0| 0| 0| runtime: 1141.2 ms | cr: 4564.8
    1617. dt:  0.25 ms | #newton:  1 | ph:  0.0% | #CG/newton: 2460 | ls (cap|max|inv|bt):  0| 0| 0| 0| runtime: 1154.0 ms | cr: 4616.0
    1618. dt:  0.25 ms | #newton:  1 | ph:  0.0% | #CG/newton: 2672 | ls (cap|max|inv|bt):  0| 0| 0| 0| runtime: 1236.2 ms | cr: 4944.9
    1619. dt:  0.25 ms | #newton:  1 | ph:  0.0% | #CG/newton: 2449 | ls (cap|max|inv|bt):  0| 0| 0| 0| runtime: 1149.9 ms | cr: 4599.4
    1620. dt:  0.25 ms | #newton:  1 | ph:  0.0% | #CG/newton: 2463 | ls (cap|max|inv|bt):  0| 0| 0| 0| runtime: 1150.3 ms | cr: 4601.3
    1621. dt:  0.25 ms | #newton:  1 | ph:  0.0% | #CG/newton: 2682 | ls (cap|max|inv|bt):  0| 0| 0| 0| runtime: 1245.0 ms | cr: 4980.1
    1622. dt:  0.25 ms | #newton:  1 | ph:  0.0% | #CG/newton: 2653 | ls (cap|max|inv|bt):  0| 0| 0| 0| runtime: 1230.9 ms | cr: 4923.4
    1623. dt:  0.25 ms | #newton:  1 | ph:  0.0% | #CG/newton: 2662 | ls (cap|max|inv|bt):  0| 0| 0| 0| runtime: 1223.1 ms | cr: 4892.4
    1624. dt:  0.25 ms | #newton:  1 | ph:  0.0% | #CG/newton: 2600 | ls (cap|max|inv|bt):  0| 0| 0| 0| runtime: 1213.1 ms | cr: 4852.6
    1625. dt:  0.25 ms | #newton:  1 | ph:  0.0% | #CG/newton: 2570 | ls (cap|max|inv|bt):  0| 0| 0| 0| runtime: 1201.9 ms | cr: 4807.6
    1626. dt:  0.25 ms | #newton:  1 | ph:  0.0% | #CG/newton: 2433 | ls (cap|max|inv|bt):  0| 0| 0| 0| runtime: 1134.2 ms | cr: 4536.6
    1627. dt:  0.25 ms | #newton:  1 | ph:  0.0% | #CG/newton: 2452 | ls (cap|max|inv|bt):  0| 0| 0| 0| runtime: 1160.7 ms | cr: 4642.7
    1628. dt:  0.25 ms | #newton:  1 | ph:  0.0% | #CG/newton: 2456 | ls (cap|max|inv|bt):  0| 0| 0| 0| runtime: 1148.6 ms | cr: 4594.5
    1629. dt:  0.25 ms | #newton:  1 | ph:  0.0% | #CG/newton: 2455 | ls (cap|max|inv|bt):  0| 0| 0| 0| runtime: 1161.8 ms | cr: 4647.2
    1630. dt:  0.25 ms | #newton:  1 | ph:  0.0% | #CG/newton: 2441 | ls (cap|max|inv|bt):  0| 0| 0| 0| runtime: 1150.3 ms | cr: 4601.0
    1631. dt:  0.25 ms | #newton:  1 | ph:  0.0% | #CG/newton: 2450 | ls (cap|max|inv|bt):  0| 0| 0| 0| runtime: 1162.7 ms | cr: 4650.9
    1632. dt:  0.25 ms | #newton:  1 | ph:  0.0% | #CG/newton: 2457 | ls (cap|max|inv|bt):  0| 0| 0| 0| runtime: 1159.0 ms | cr: 4635.8
    1633. dt:  0.25 ms | #newton:  1 | ph:  0.0% | #CG/newton: 2451 | ls (cap|max|inv|bt):  0| 0| 0| 0| runtime: 1147.0 ms | cr: 4587.9
    1634. dt:  0.25 ms | #newton:  1 | ph:  0.0% | #CG/newton: 2429 | ls (cap|max|inv|bt):  0| 0| 0| 0| runtime: 1150.4 ms | cr: 4601.5
    1635. dt:  0.25 ms | #newton:  1 | ph:  0.0% | #CG/newton: 2436 | ls (cap|max|inv|bt):  0| 0| 0| 0| runtime: 1144.3 ms | cr: 4577.4
    1636. dt:  0.25 ms | #newton:  1 | ph:  0.0% | #CG/newton: 2456 | ls (cap|max|inv|bt):  0| 0| 0| 0| runtime: 1151.2 ms | cr: 4604.7
    1637. dt:  0.25 ms | #newton:  1 | ph:  0.0% | #CG/newton: 2439 | ls (cap|max|inv|bt):  0| 0| 0| 0| runtime: 1140.6 ms | cr: 4562.3
    1638. dt:  0.25 ms | #newton:  1 | ph:  0.0% | #CG/newton: 2447 | ls (cap|max|inv|bt):  0| 0| 0| 0| runtime: 1145.7 ms | cr: 4583.0
    1639. dt:  0.25 ms | #newton:  1 | ph:  0.0% | #CG/newton: 2455 | ls (cap|max|inv|bt):  0| 0| 0| 0| runtime: 1186.5 ms | cr: 4746.0
    1640. dt:  0.25 ms | #newton:  1 | ph:  0.0% | #CG/newton: 2451 | ls (cap|max|inv|bt):  0| 0| 0| 0| runtime: 1143.2 ms | cr: 4572.7
    1641. dt:  0.25 ms | #newton:  1 | ph:  0.0% | #CG/newton: 2428 | ls (cap|max|inv|bt):  0| 0| 0| 0| runtime: 1132.4 ms | cr: 4529.7
    1642. dt:  0.25 ms | #newton:  1 | ph:  0.0% | #CG/newton: 2444 | ls (cap|max|inv|bt):  0| 0| 0| 0| runtime: 1141.2 ms | cr: 4564.7
    1643. dt:  0.25 ms | #newton:  1 | ph:  0.0% | #CG/newton: 2413 | ls (cap|max|inv|bt):  0| 0| 0| 0| runtime: 1129.2 ms | cr: 4517.0
    1644. dt:  0.25 ms | #newton:  1 | ph:  0.0% | #CG/newton: 2441 | ls (cap|max|inv|bt):  0| 0| 0| 0| runtime: 1144.8 ms | cr: 4579.4
    1645. dt:  0.25 ms | #newton:  1 | ph:  0.0% | #CG/newton: 2439 | ls (cap|max|inv|bt):  0| 0| 0| 0| runtime: 1137.9 ms | cr: 4551.5
    1646. dt:  0.25 ms | #newton:  1 | ph:  0.0% | #CG/newton: 2840 | ls (cap|max|inv|bt):  0| 0| 0| 0| runtime: 1292.2 ms | cr: 5168.7
    1647. dt:  0.25 ms | #newton:  1 | ph:  0.0% | #CG/newton: 2825 | ls (cap|max|inv|bt):  0| 0| 0| 0| runtime: 1298.7 ms | cr: 5194.9
    1648. dt:  0.25 ms | #newton:  1 | ph:  0.0% | #CG/newton: 2445 | ls (cap|max|inv|bt):  0| 0| 0| 0| runtime: 1149.6 ms | cr: 4598.4
    1649. dt:  0.25 ms | #newton:  1 | ph:  0.0% | #CG/newton: 2455 | ls (cap|max|inv|bt):  0| 0| 0| 0| runtime: 1147.3 ms | cr: 4589.1
    1650. dt:  0.25 ms | #newton:  1 | ph:  0.0% | #CG/newton: 2451 | ls (cap|max|inv|bt):  0| 0| 0| 0| runtime: 1150.6 ms | cr: 4602.6
    1651. dt:  0.25 ms | #newton:  1 | ph:  0.0% | #CG/newton: 2453 | ls (cap|max|inv|bt):  0| 0| 0| 0| runtime: 1151.2 ms | cr: 4604.7
    1652. dt:  0.25 ms | #newton:  1 | ph:  0.0% | #CG/newton: 2431 | ls (cap|max|inv|bt):  0| 0| 0| 0| runtime: 1131.7 ms | cr: 4526.8
    1653. dt:  0.25 ms | #newton:  1 | ph:  0.0% | #CG/newton: 2425 | ls (cap|max|inv|bt):  0| 0| 0| 0| runtime: 1127.1 ms | cr: 4508.3
    1654. dt:  0.25 ms | #newton:  1 | ph:  0.0% | #CG/newton: 2448 | ls (cap|max|inv|bt):  0| 0| 0| 0| runtime: 1144.4 ms | cr: 4577.6
    1655. dt:  0.25 ms | #newton:  1 | ph:  0.0% | #CG/newton: 2425 | ls (cap|max|inv|bt):  0| 0| 0| 0| runtime: 1143.1 ms | cr: 4572.5
    1656. dt:  0.25 ms | #newton:  1 | ph:  0.0% | #CG/newton: 2420 | ls (cap|max|inv|bt):  0| 0| 0| 0| runtime: 1134.2 ms | cr: 4536.9
    1657. dt:  0.25 ms | #newton:  1 | ph:  0.0% | #CG/newton: 2438 | ls (cap|max|inv|bt):  0| 0| 0| 0| runtime: 1180.8 ms | cr: 4723.1
    1658. dt:  0.25 ms | #newton:  1 | ph:  0.0% | #CG/newton: 2453 | ls (cap|max|inv|bt):  0| 0| 0| 0| runtime: 1149.9 ms | cr: 4599.6
    1659. dt:  0.25 ms | #newton:  1 | ph:  0.0% | #CG/newton: 2445 | ls (cap|max|inv|bt):  0| 0| 0| 0| runtime: 1151.9 ms | cr: 4607.8
    1660. dt:  0.25 ms | #newton:  1 | ph:  0.0% | #CG/newton: 2441 | ls (cap|max|inv|bt):  0| 0| 0| 0| runtime: 1138.9 ms | cr: 4555.6
    1661. dt:  0.25 ms | #newton:  1 | ph:  0.0% | #CG/newton: 2436 | ls (cap|max|inv|bt):  0| 0| 0| 0| runtime: 1146.1 ms | cr: 4584.5
    1662. dt:  0.25 ms | #newton:  1 | ph:  0.0% | #CG/newton: 2457 | ls (cap|max|inv|bt):  0| 0| 0| 0| runtime: 1152.5 ms | cr: 4610.0
    1663. dt:  0.25 ms | #newton:  1 | ph:  0.0% | #CG/newton: 2451 | ls (cap|max|inv|bt):  0| 0| 0| 0| runtime: 1146.5 ms | cr: 4586.1
    1664. dt:  0.25 ms | #newton:  1 | ph:  0.0% | #CG/newton: 2448 | ls (cap|max|inv|bt):  0| 0| 0| 0| runtime: 1145.7 ms | cr: 4582.7
    1665. dt:  0.25 ms | #newton:  1 | ph:  0.0% | #CG/newton: 2446 | ls (cap|max|inv|bt):  0| 0| 0| 0| runtime: 1146.0 ms | cr: 4584.0
    1666. dt:  0.25 ms | #newton:  1 | ph:  0.0% | #CG/newton: 2454 | ls (cap|max|inv|bt):  0| 0| 0| 0| runtime: 1146.4 ms | cr: 4585.6
    1667. dt:  0.25 ms | #newton:  1 | ph:  0.0% | #CG/newton: 2457 | ls (cap|max|inv|bt):  0| 0| 0| 0| runtime: 1161.0 ms | cr: 4644.1
    1668. dt:  0.25 ms | #newton:  1 | ph:  0.0% | #CG/newton: 2448 | ls (cap|max|inv|bt):  0| 0| 0| 0| runtime: 1153.8 ms | cr: 4615.0
    1669. dt:  0.25 ms | #newton:  1 | ph:  0.0% | #CG/newton: 2435 | ls (cap|max|inv|bt):  0| 0| 0| 0| runtime: 1141.8 ms | cr: 4567.4
    1670. dt:  0.25 ms | #newton:  1 | ph:  0.0% | #CG/newton: 2436 | ls (cap|max|inv|bt):  0| 0| 0| 0| runtime: 1142.6 ms | cr: 4570.2
    1671. dt:  0.25 ms | #newton:  1 | ph:  0.0% | #CG/newton: 2453 | ls (cap|max|inv|bt):  0| 0| 0| 0| runtime: 1156.3 ms | cr: 4625.3
    1672. dt:  0.25 ms | #newton:  1 | ph:  0.0% | #CG/newton: 2435 | ls (cap|max|inv|bt):  0| 0| 0| 0| runtime: 1147.3 ms | cr: 4589.1
    1673. dt:  0.25 ms | #newton:  1 | ph:  0.0% | #CG/newton: 2459 | ls (cap|max|inv|bt):  0| 0| 0| 0| runtime: 1154.2 ms | cr: 4616.9
    1674. dt:  0.25 ms | #newton:  1 | ph:  0.0% | #CG/newton: 2453 | ls (cap|max|inv|bt):  0| 0| 0| 0| runtime: 1140.6 ms | cr: 4562.3
    1675. dt:  0.25 ms | #newton:  1 | ph:  0.0% | #CG/newton: 2459 | ls (cap|max|inv|bt):  0| 0| 0| 0| runtime: 1145.5 ms | cr: 4582.1
    1676. dt:  0.25 ms | #newton:  1 | ph:  0.0% | #CG/newton: 2460 | ls (cap|max|inv|bt):  0| 0| 0| 0| runtime: 1144.7 ms | cr: 4578.9
    1677. dt:  0.25 ms | #newton:  1 | ph:  0.0% | #CG/newton: 2444 | ls (cap|max|inv|bt):  0| 0| 0| 0| runtime: 1129.7 ms | cr: 4518.8
    1678. dt:  0.25 ms | #newton:  1 | ph:  0.0% | #CG/newton: 2460 | ls (cap|max|inv|bt):  0| 0| 0| 0| runtime: 1156.3 ms | cr: 4625.2
    1679. dt:  0.25 ms | #newton:  1 | ph:  0.0% | #CG/newton: 2461 | ls (cap|max|inv|bt):  0| 0| 0| 0| runtime: 1150.0 ms | cr: 4600.0
    1680. dt:  0.25 ms | #newton:  1 | ph:  0.0% | #CG/newton: 2452 | ls (cap|max|inv|bt):  0| 0| 0| 0| runtime: 1155.9 ms | cr: 4623.5
    1681. dt:  0.25 ms | #newton:  1 | ph:  0.0% | #CG/newton: 2408 | ls (cap|max|inv|bt):  0| 0| 0| 0| runtime: 1119.0 ms | cr: 4475.9
    1682. dt:  0.25 ms | #newton:  1 | ph:  0.0% | #CG/newton: 2187 | ls (cap|max|inv|bt):  0| 0| 0| 0| runtime: 1045.7 ms | cr: 4182.7
    1683. dt:  0.25 ms | #newton:  1 | ph:  0.0% | #CG/newton: 2463 | ls (cap|max|inv|bt):  0| 0| 0| 0| runtime: 1139.0 ms | cr: 4556.1
    1684. dt:  0.25 ms | #newton:  1 | ph:  0.0% | #CG/newton: 2382 | ls (cap|max|inv|bt):  0| 0| 0| 0| runtime: 1110.4 ms | cr: 4441.6
    1685. dt:  0.25 ms | #newton:  1 | ph:  0.0% | #CG/newton: 2213 | ls (cap|max|inv|bt):  0| 0| 0| 0| runtime: 1065.0 ms | cr: 4260.1
    1686. dt:  0.25 ms | #newton:  1 | ph:  0.0% | #CG/newton: 2199 | ls (cap|max|inv|bt):  0| 0| 0| 0| runtime: 1040.3 ms | cr: 4161.3
    1687. dt:  0.25 ms | #newton:  1 | ph:  0.0% | #CG/newton: 2183 | ls (cap|max|inv|bt):  0| 0| 0| 0| runtime: 1036.9 ms | cr: 4147.6
    1688. dt:  0.25 ms | #newton:  1 | ph:  0.0% | #CG/newton: 2380 | ls (cap|max|inv|bt):  0| 0| 0| 0| runtime: 1108.2 ms | cr: 4432.7
    1689. dt:  0.25 ms | #newton:  1 | ph:  0.0% | #CG/newton: 2625 | ls (cap|max|inv|bt):  0| 0| 0| 0| runtime: 1216.7 ms | cr: 4866.8
    1690. dt:  0.25 ms | #newton:  1 | ph:  0.0% | #CG/newton: 2576 | ls (cap|max|inv|bt):  0| 0| 0| 0| runtime: 1190.0 ms | cr: 4760.1
    1691. dt:  0.25 ms | #newton:  1 | ph:  0.0% | #CG/newton: 2673 | ls (cap|max|inv|bt):  0| 0| 0| 0| runtime: 1242.3 ms | cr: 4969.1
    1692. dt:  0.25 ms | #newton:  1 | ph:  0.0% | #CG/newton: 2611 | ls (cap|max|inv|bt):  0| 0| 0| 0| runtime: 1241.8 ms | cr: 4967.3
    1693. dt:  0.25 ms | #newton:  1 | ph:  0.0% | #CG/newton: 2625 | ls (cap|max|inv|bt):  0| 0| 0| 0| runtime: 1218.6 ms | cr: 4874.4
    1694. dt:  0.25 ms | #newton:  1 | ph:  0.0% | #CG/newton: 2585 | ls (cap|max|inv|bt):  0| 0| 0| 0| runtime: 1189.9 ms | cr: 4759.7
    1695. dt:  0.25 ms | #newton:  1 | ph:  0.0% | #CG/newton: 2634 | ls (cap|max|inv|bt):  0| 0| 0| 0| runtime: 1208.7 ms | cr: 4835.0
    1696. dt:  0.25 ms | #newton:  1 | ph:  0.0% | #CG/newton: 2563 | ls (cap|max|inv|bt):  0| 0| 0| 0| runtime: 1181.8 ms | cr: 4727.2
    1697. dt:  0.25 ms | #newton:  1 | ph:  0.0% | #CG/newton: 2458 | ls (cap|max|inv|bt):  0| 0| 0| 0| runtime: 1135.2 ms | cr: 4540.7
    1698. dt:  0.25 ms | #newton:  1 | ph:  0.0% | #CG/newton: 2472 | ls (cap|max|inv|bt):  0| 0| 0| 0| runtime: 1140.6 ms | cr: 4562.3
    1699. dt:  0.25 ms | #newton:  1 | ph:  0.0% | #CG/newton: 2676 | ls (cap|max|inv|bt):  0| 0| 0| 0| runtime: 1223.6 ms | cr: 4894.6
    1700. dt:  0.25 ms | #newton:  1 | ph:  0.0% | #CG/newton: 2184 | ls (cap|max|inv|bt):  0| 0| 0| 0| runtime: 1016.8 ms | cr: 4067.3
    1701. dt:  0.25 ms | #newton:  1 | ph:  0.0% | #CG/newton: 2206 | ls (cap|max|inv|bt):  0| 0| 0| 0| runtime: 1033.9 ms | cr: 4135.8
    1702. dt:  0.25 ms | #newton:  1 | ph:  0.0% | #CG/newton: 2236 | ls (cap|max|inv|bt):  0| 0| 0| 0| runtime: 1060.0 ms | cr: 4240.2
    1703. dt:  0.25 ms | #newton:  1 | ph:  0.0% | #CG/newton: 2234 | ls (cap|max|inv|bt):  0| 0| 0| 0| runtime: 1056.7 ms | cr: 4226.8
    1704. dt:  0.25 ms | #newton:  1 | ph:  0.0% | #CG/newton: 2253 | ls (cap|max|inv|bt):  0| 0| 0| 0| runtime: 1060.5 ms | cr: 4242.1
    1705. dt:  0.25 ms | #newton:  1 | ph:  0.0% | #CG/newton: 2229 | ls (cap|max|inv|bt):  0| 0| 0| 0| runtime: 1060.3 ms | cr: 4241.2
    1706. dt:  0.25 ms | #newton:  1 | ph:  0.0% | #CG/newton: 2237 | ls (cap|max|inv|bt):  0| 0| 0| 0| runtime: 1056.1 ms | cr: 4224.5
    1707. dt:  0.25 ms | #newton:  1 | ph:  0.0% | #CG/newton: 2211 | ls (cap|max|inv|bt):  0| 0| 0| 0| runtime: 1057.4 ms | cr: 4229.4
    1708. dt:  0.25 ms | #newton:  1 | ph:  0.0% | #CG/newton: 2233 | ls (cap|max|inv|bt):  0| 0| 0| 0| runtime: 1066.9 ms | cr: 4267.7
    1709. dt:  0.25 ms | #newton:  1 | ph:  0.0% | #CG/newton: 2236 | ls (cap|max|inv|bt):  0| 0| 0| 0| runtime: 1065.1 ms | cr: 4260.6
    1710. dt:  0.25 ms | #newton:  1 | ph:  0.0% | #CG/newton: 2228 | ls (cap|max|inv|bt):  0| 0| 0| 0| runtime: 1065.8 ms | cr: 4263.2
    1711. dt:  0.25 ms | #newton:  1 | ph:  0.0% | #CG/newton: 2196 | ls (cap|max|inv|bt):  0| 0| 0| 0| runtime: 1049.2 ms | cr: 4196.6
    1712. dt:  0.25 ms | #newton:  1 | ph:  0.0% | #CG/newton: 2235 | ls (cap|max|inv|bt):  0| 0| 0| 0| runtime: 1064.4 ms | cr: 4257.7
    1713. dt:  0.25 ms | #newton:  1 | ph:  0.0% | #CG/newton: 2199 | ls (cap|max|inv|bt):  0| 0| 0| 0| runtime: 1039.3 ms | cr: 4157.4
    1714. dt:  0.25 ms | #newton:  1 | ph:  0.0% | #CG/newton: 2194 | ls (cap|max|inv|bt):  0| 0| 0| 0| runtime: 1049.4 ms | cr: 4197.5
    1715. dt:  0.25 ms | #newton:  1 | ph:  0.0% | #CG/newton: 2249 | ls (cap|max|inv|bt):  0| 0| 0| 0| runtime: 1069.1 ms | cr: 4276.5
    1716. dt:  0.25 ms | #newton:  1 | ph:  0.0% | #CG/newton: 2627 | ls (cap|max|inv|bt):  0| 0| 0| 0| runtime: 1211.7 ms | cr: 4846.6
    1717. dt:  0.25 ms | #newton:  1 | ph:  0.0% | #CG/newton: 2627 | ls (cap|max|inv|bt):  0| 0| 0| 0| runtime: 1213.2 ms | cr: 4852.7
    1718. dt:  0.25 ms | #newton:  1 | ph:  0.0% | #CG/newton: 2452 | ls (cap|max|inv|bt):  0| 0| 0| 0| runtime: 1144.0 ms | cr: 4576.1
    1719. dt:  0.25 ms | #newton:  1 | ph:  0.0% | #CG/newton: 2457 | ls (cap|max|inv|bt):  0| 0| 0| 0| runtime: 1147.8 ms | cr: 4591.3
    1720. dt:  0.25 ms | #newton:  1 | ph:  0.0% | #CG/newton: 2466 | ls (cap|max|inv|bt):  0| 0| 0| 0| runtime: 1153.6 ms | cr: 4614.2
    1721. dt:  0.25 ms | #newton:  1 | ph:  0.0% | #CG/newton: 2473 | ls (cap|max|inv|bt):  0| 0| 0| 0| runtime: 1156.7 ms | cr: 4626.8
    1722. dt:  0.25 ms | #newton:  1 | ph:  0.0% | #CG/newton: 2858 | ls (cap|max|inv|bt):  0| 0| 0| 0| runtime: 1298.1 ms | cr: 5192.6
    1723. dt:  0.25 ms | #newton:  1 | ph:  0.0% | #CG/newton: 2463 | ls (cap|max|inv|bt):  0| 0| 0| 0| runtime: 1142.3 ms | cr: 4569.1
    1724. dt:  0.25 ms | #newton:  1 | ph:  0.0% | #CG/newton: 2833 | ls (cap|max|inv|bt):  0| 0| 0| 0| runtime: 1302.7 ms | cr: 5210.9
    1725. dt:  0.25 ms | #newton:  1 | ph:  0.0% | #CG/newton: 2462 | ls (cap|max|inv|bt):  0| 0| 0| 0| runtime: 1146.9 ms | cr: 4587.6
    1726. dt:  0.25 ms | #newton:  1 | ph:  0.0% | #CG/newton: 2457 | ls (cap|max|inv|bt):  0| 0| 0| 0| runtime: 1152.7 ms | cr: 4610.8
    1727. dt:  0.25 ms | #newton:  1 | ph:  0.0% | #CG/newton: 2464 | ls (cap|max|inv|bt):  0| 0| 0| 0| runtime: 1148.5 ms | cr: 4593.8
    1728. dt:  0.25 ms | #newton:  1 | ph:  0.0% | #CG/newton: 2450 | ls (cap|max|inv|bt):  0| 0| 0| 0| runtime: 1145.5 ms | cr: 4582.0
    1729. dt:  0.25 ms | #newton:  1 | ph:  0.0% | #CG/newton: 2464 | ls (cap|max|inv|bt):  0| 0| 0| 0| runtime: 1156.3 ms | cr: 4625.2
    1730. dt:  0.25 ms | #newton:  1 | ph:  0.0% | #CG/newton: 2667 | ls (cap|max|inv|bt):  0| 0| 0| 0| runtime: 1242.3 ms | cr: 4969.3
    1731. dt:  0.25 ms | #newton:  1 | ph:  0.0% | #CG/newton: 2175 | ls (cap|max|inv|bt):  0| 0| 0| 0| runtime: 1044.7 ms | cr: 4178.8
    1732. dt:  0.25 ms | #newton:  1 | ph:  0.0% | #CG/newton: 2181 | ls (cap|max|inv|bt):  0| 0| 0| 0| runtime: 1045.1 ms | cr: 4180.3
    1733. dt:  0.25 ms | #newton:  1 | ph:  0.0% | #CG/newton: 2457 | ls (cap|max|inv|bt):  0| 0| 0| 0| runtime: 1141.2 ms | cr: 4564.9
[Frame: 13] Time: 0.433 s
    1734. dt:  0.25 ms | #newton:  1 | ph:  0.0% | #CG/newton: 2457 | ls (cap|max|inv|bt):  0| 0| 0| 0| runtime: 1155.0 ms | cr: 4620.1
    1735. dt:  0.25 ms | #newton:  1 | ph:  0.0% | #CG/newton: 2661 | ls (cap|max|inv|bt):  0| 0| 0| 0| runtime: 1231.8 ms | cr: 4927.3
    1736. dt:  0.25 ms | #newton:  1 | ph:  0.0% | #CG/newton: 2181 | ls (cap|max|inv|bt):  0| 0| 0| 0| runtime: 1044.8 ms | cr: 4179.1
    1737. dt:  0.25 ms | #newton:  1 | ph:  0.0% | #CG/newton: 2665 | ls (cap|max|inv|bt):  0| 0| 0| 0| runtime: 1347.7 ms | cr: 5390.9
    1738. dt:  0.25 ms | #newton:  1 | ph:  0.0% | #CG/newton: 2209 | ls (cap|max|inv|bt):  0| 0| 0| 0| runtime: 1076.0 ms | cr: 4303.9
    1739. dt:  0.25 ms | #newton:  1 | ph:  0.0% | #CG/newton: 2624 | ls (cap|max|inv|bt):  0| 0| 0| 0| runtime: 1217.9 ms | cr: 4871.6
    1740. dt:  0.25 ms | #newton:  1 | ph:  0.0% | #CG/newton: 2631 | ls (cap|max|inv|bt):  0| 0| 0| 0| runtime: 1224.1 ms | cr: 4896.4
    1741. dt:  0.25 ms | #newton:  1 | ph:  0.0% | #CG/newton: 2630 | ls (cap|max|inv|bt):  0| 0| 0| 0| runtime: 1213.4 ms | cr: 4853.6
    1742. dt:  0.25 ms | #newton:  1 | ph:  0.0% | #CG/newton: 2160 | ls (cap|max|inv|bt):  0| 0| 0| 0| runtime: 1030.2 ms | cr: 4120.9
    1743. dt:  0.25 ms | #newton:  1 | ph:  0.0% | #CG/newton: 2234 | ls (cap|max|inv|bt):  0| 0| 0| 0| runtime: 1052.6 ms | cr: 4210.4
    1744. dt:  0.25 ms | #newton:  1 | ph:  0.0% | #CG/newton: 2199 | ls (cap|max|inv|bt):  0| 0| 0| 0| runtime: 1044.0 ms | cr: 4176.0
    1745. dt:  0.25 ms | #newton:  1 | ph:  0.0% | #CG/newton: 2183 | ls (cap|max|inv|bt):  0| 0| 0| 0| runtime: 1048.0 ms | cr: 4191.8
    1746. dt:  0.25 ms | #newton:  1 | ph:  0.0% | #CG/newton: 2249 | ls (cap|max|inv|bt):  0| 0| 0| 0| runtime: 1062.8 ms | cr: 4251.0
    1747. dt:  0.25 ms | #newton:  1 | ph:  0.0% | #CG/newton: 2195 | ls (cap|max|inv|bt):  0| 0| 0| 0| runtime: 1043.1 ms | cr: 4172.6
    1748. dt:  0.25 ms | #newton:  1 | ph:  0.0% | #CG/newton: 2210 | ls (cap|max|inv|bt):  0| 0| 0| 0| runtime: 1052.2 ms | cr: 4208.6
    1749. dt:  0.25 ms | #newton:  1 | ph:  0.0% | #CG/newton: 2183 | ls (cap|max|inv|bt):  0| 0| 0| 0| runtime: 1039.7 ms | cr: 4158.9
    1750. dt:  0.25 ms | #newton:  1 | ph:  0.0% | #CG/newton: 2227 | ls (cap|max|inv|bt):  0| 0| 0| 0| runtime: 1071.2 ms | cr: 4284.7
    1751. dt:  0.25 ms | #newton:  1 | ph:  0.0% | #CG/newton: 2195 | ls (cap|max|inv|bt):  0| 0| 0| 0| runtime: 1030.9 ms | cr: 4123.5
    1752. dt:  0.25 ms | #newton:  1 | ph:  0.0% | #CG/newton: 2264 | ls (cap|max|inv|bt):  0| 0| 0| 0| runtime: 1067.6 ms | cr: 4270.2
    1753. dt:  0.25 ms | #newton:  1 | ph:  0.0% | #CG/newton: 2200 | ls (cap|max|inv|bt):  0| 0| 0| 0| runtime: 1032.3 ms | cr: 4129.4
    1754. dt:  0.25 ms | #newton:  1 | ph:  0.0% | #CG/newton: 2290 | ls (cap|max|inv|bt):  0| 0| 0| 0| runtime: 1079.0 ms | cr: 4316.1
    1755. dt:  0.25 ms | #newton:  1 | ph:  0.0% | #CG/newton: 2135 | ls (cap|max|inv|bt):  0| 0| 0| 0| runtime: 1027.5 ms | cr: 4109.9
    1756. dt:  0.25 ms | #newton:  1 | ph:  0.0% | #CG/newton: 2273 | ls (cap|max|inv|bt):  0| 0| 0| 0| runtime: 1078.4 ms | cr: 4313.6
    1757. dt:  0.25 ms | #newton:  1 | ph:  0.0% | #CG/newton: 2189 | ls (cap|max|inv|bt):  0| 0| 0| 0| runtime: 1053.7 ms | cr: 4214.8
    1758. dt:  0.25 ms | #newton:  1 | ph:  0.0% | #CG/newton: 2228 | ls (cap|max|inv|bt):  0| 0| 0| 0| runtime: 1051.4 ms | cr: 4205.7
    1759. dt:  0.25 ms | #newton:  1 | ph:  0.0% | #CG/newton: 2200 | ls (cap|max|inv|bt):  0| 0| 0| 0| runtime: 1041.1 ms | cr: 4164.5
    1760. dt:  0.25 ms | #newton:  1 | ph:  0.0% | #CG/newton: 2179 | ls (cap|max|inv|bt):  0| 0| 0| 0| runtime: 1039.0 ms | cr: 4155.9
    1761. dt:  0.25 ms | #newton:  1 | ph:  0.0% | #CG/newton: 2305 | ls (cap|max|inv|bt):  0| 0| 0| 0| runtime: 1089.3 ms | cr: 4357.3
    1762. dt:  0.25 ms | #newton:  1 | ph:  0.0% | #CG/newton: 2206 | ls (cap|max|inv|bt):  0| 0| 0| 0| runtime: 1040.8 ms | cr: 4163.2
    1763. dt:  0.25 ms | #newton:  1 | ph:  0.0% | #CG/newton: 2246 | ls (cap|max|inv|bt):  0| 0| 0| 0| runtime: 1063.6 ms | cr: 4254.5
    1764. dt:  0.25 ms | #newton:  1 | ph:  0.0% | #CG/newton: 2235 | ls (cap|max|inv|bt):  0| 0| 0| 0| runtime: 1049.8 ms | cr: 4199.1
    1765. dt:  0.25 ms | #newton:  1 | ph:  0.0% | #CG/newton: 2209 | ls (cap|max|inv|bt):  0| 0| 0| 0| runtime: 1039.7 ms | cr: 4158.7
    1766. dt:  0.25 ms | #newton:  1 | ph:  0.0% | #CG/newton: 2350 | ls (cap|max|inv|bt):  0| 0| 0| 0| runtime: 1107.6 ms | cr: 4430.3
    1767. dt:  0.25 ms | #newton:  1 | ph:  0.0% | #CG/newton: 2232 | ls (cap|max|inv|bt):  0| 0| 0| 0| runtime: 1049.0 ms | cr: 4195.9
    1768. dt:  0.25 ms | #newton:  1 | ph:  0.0% | #CG/newton: 2250 | ls (cap|max|inv|bt):  0| 0| 0| 0| runtime: 1069.4 ms | cr: 4277.6
    1769. dt:  0.25 ms | #newton:  1 | ph:  0.0% | #CG/newton: 2244 | ls (cap|max|inv|bt):  0| 0| 0| 0| runtime: 1059.2 ms | cr: 4237.0
    1770. dt:  0.25 ms | #newton:  1 | ph:  0.0% | #CG/newton: 2200 | ls (cap|max|inv|bt):  0| 0| 0| 0| runtime: 1049.5 ms | cr: 4198.2
    1771. dt:  0.25 ms | #newton:  1 | ph:  0.0% | #CG/newton: 2294 | ls (cap|max|inv|bt):  0| 0| 0| 0| runtime: 1091.2 ms | cr: 4364.7
    1772. dt:  0.25 ms | #newton:  1 | ph:  0.0% | #CG/newton: 2254 | ls (cap|max|inv|bt):  0| 0| 0| 0| runtime: 1068.6 ms | cr: 4274.2
    1773. dt:  0.25 ms | #newton:  1 | ph:  0.0% | #CG/newton: 2260 | ls (cap|max|inv|bt):  0| 0| 0| 0| runtime: 1066.6 ms | cr: 4266.4
    1774. dt:  0.25 ms | #newton:  1 | ph:  0.0% | #CG/newton: 2191 | ls (cap|max|inv|bt):  0| 0| 0| 0| runtime: 1042.9 ms | cr: 4171.7
    1775. dt:  0.25 ms | #newton:  1 | ph:  0.0% | #CG/newton: 2191 | ls (cap|max|inv|bt):  0| 0| 0| 0| runtime: 1049.2 ms | cr: 4196.8
    1776. dt:  0.25 ms | #newton:  1 | ph:  0.0% | #CG/newton: 2245 | ls (cap|max|inv|bt):  0| 0| 0| 0| runtime: 1070.5 ms | cr: 4282.2
    1777. dt:  0.25 ms | #newton:  1 | ph:  0.0% | #CG/newton: 2346 | ls (cap|max|inv|bt):  0| 0| 0| 0| runtime: 1113.2 ms | cr: 4452.8
    1778. dt:  0.25 ms | #newton:  1 | ph:  0.0% | #CG/newton: 2226 | ls (cap|max|inv|bt):  0| 0| 0| 0| runtime: 1086.5 ms | cr: 4346.1
    1779. dt:  0.25 ms | #newton:  1 | ph:  0.0% | #CG/newton: 2249 | ls (cap|max|inv|bt):  0| 0| 0| 0| runtime: 1073.5 ms | cr: 4293.9
    1780. dt:  0.25 ms | #newton:  1 | ph:  0.0% | #CG/newton: 2360 | ls (cap|max|inv|bt):  0| 0| 0| 0| runtime: 1114.6 ms | cr: 4458.6
    1781. dt:  0.25 ms | #newton:  1 | ph:  0.0% | #CG/newton: 2204 | ls (cap|max|inv|bt):  0| 0| 0| 0| runtime: 1048.3 ms | cr: 4193.3
    1782. dt:  0.25 ms | #newton:  1 | ph:  0.0% | #CG/newton: 2247 | ls (cap|max|inv|bt):  0| 0| 0| 0| runtime: 1078.8 ms | cr: 4315.3
    1783. dt:  0.25 ms | #newton:  1 | ph:  0.0% | #CG/newton: 2359 | ls (cap|max|inv|bt):  0| 0| 0| 0| runtime: 1105.5 ms | cr: 4422.1
    1784. dt:  0.25 ms | #newton:  1 | ph:  0.0% | #CG/newton: 2229 | ls (cap|max|inv|bt):  0| 0| 0| 0| runtime: 1049.6 ms | cr: 4198.2
    1785. dt:  0.25 ms | #newton:  1 | ph:  0.0% | #CG/newton: 2248 | ls (cap|max|inv|bt):  0| 0| 0| 0| runtime: 1062.4 ms | cr: 4249.5
    1786. dt:  0.25 ms | #newton:  1 | ph:  0.0% | #CG/newton: 2248 | ls (cap|max|inv|bt):  0| 0| 0| 0| runtime: 1065.4 ms | cr: 4261.5
    1787. dt:  0.25 ms | #newton:  1 | ph:  0.0% | #CG/newton: 2204 | ls (cap|max|inv|bt):  0| 0| 0| 0| runtime: 1042.7 ms | cr: 4170.8
    1788. dt:  0.25 ms | #newton:  1 | ph:  0.0% | #CG/newton: 2186 | ls (cap|max|inv|bt):  0| 0| 0| 0| runtime: 1045.6 ms | cr: 4182.4
    1789. dt:  0.25 ms | #newton:  1 | ph:  0.0% | #CG/newton: 2245 | ls (cap|max|inv|bt):  0| 0| 0| 0| runtime: 1072.3 ms | cr: 4289.4
    1790. dt:  0.25 ms | #newton:  1 | ph:  0.0% | #CG/newton: 2347 | ls (cap|max|inv|bt):  0| 0| 0| 0| runtime: 1117.4 ms | cr: 4469.6
    1791. dt:  0.25 ms | #newton:  1 | ph:  0.0% | #CG/newton: 2302 | ls (cap|max|inv|bt):  0| 0| 0| 0| runtime: 1102.0 ms | cr: 4407.9
    1792. dt:  0.25 ms | #newton:  1 | ph:  0.0% | #CG/newton: 2310 | ls (cap|max|inv|bt):  0| 0| 0| 0| runtime: 1112.5 ms | cr: 4450.1
    1793. dt:  0.25 ms | #newton:  1 | ph:  0.0% | #CG/newton: 2289 | ls (cap|max|inv|bt):  0| 0| 0| 0| runtime: 1092.1 ms | cr: 4368.3
    1794. dt:  0.25 ms | #newton:  1 | ph:  0.0% | #CG/newton: 2285 | ls (cap|max|inv|bt):  0| 0| 0| 0| runtime: 1093.4 ms | cr: 4373.5
    1795. dt:  0.25 ms | #newton:  1 | ph:  0.0% | #CG/newton: 2263 | ls (cap|max|inv|bt):  0| 0| 0| 0| runtime: 1087.7 ms | cr: 4350.8
    1796. dt:  0.25 ms | #newton:  1 | ph:  0.0% | #CG/newton: 2244 | ls (cap|max|inv|bt):  0| 0| 0| 0| runtime: 1062.7 ms | cr: 4250.8
    1797. dt:  0.25 ms | #newton:  1 | ph:  0.0% | #CG/newton: 2202 | ls (cap|max|inv|bt):  0| 0| 0| 0| runtime: 1045.4 ms | cr: 4181.5
    1798. dt:  0.25 ms | #newton:  1 | ph:  0.0% | #CG/newton: 2213 | ls (cap|max|inv|bt):  0| 0| 0| 0| runtime: 1052.6 ms | cr: 4210.5
    1799. dt:  0.25 ms | #newton:  1 | ph:  0.0% | #CG/newton: 2254 | ls (cap|max|inv|bt):  0| 0| 0| 0| runtime: 1073.8 ms | cr: 4295.2
    1800. dt:  0.25 ms | #newton:  1 | ph:  0.0% | #CG/newton: 2215 | ls (cap|max|inv|bt):  0| 0| 0| 0| runtime: 1059.3 ms | cr: 4237.4
    1801. dt:  0.25 ms | #newton:  1 | ph:  0.0% | #CG/newton: 2235 | ls (cap|max|inv|bt):  0| 0| 0| 0| runtime: 1055.9 ms | cr: 4223.7
    1802. dt:  0.25 ms | #newton:  1 | ph:  0.0% | #CG/newton: 2293 | ls (cap|max|inv|bt):  0| 0| 0| 0| runtime: 1080.4 ms | cr: 4321.4
    1803. dt:  0.25 ms | #newton:  1 | ph:  0.0% | #CG/newton: 2220 | ls (cap|max|inv|bt):  0| 0| 0| 0| runtime: 1063.1 ms | cr: 4252.6
    1804. dt:  0.25 ms | #newton:  1 | ph:  0.0% | #CG/newton: 2246 | ls (cap|max|inv|bt):  0| 0| 0| 0| runtime: 1059.6 ms | cr: 4238.5
    1805. dt:  0.25 ms | #newton:  1 | ph:  0.0% | #CG/newton: 2283 | ls (cap|max|inv|bt):  0| 0| 0| 0| runtime: 1084.2 ms | cr: 4336.6
    1806. dt:  0.25 ms | #newton:  1 | ph:  0.0% | #CG/newton: 2206 | ls (cap|max|inv|bt):  0| 0| 0| 0| runtime: 1051.7 ms | cr: 4206.8
    1807. dt:  0.25 ms | #newton:  1 | ph:  0.0% | #CG/newton: 2242 | ls (cap|max|inv|bt):  0| 0| 0| 0| runtime: 1062.1 ms | cr: 4248.5
    1808. dt:  0.25 ms | #newton:  1 | ph:  0.0% | #CG/newton: 2240 | ls (cap|max|inv|bt):  0| 0| 0| 0| runtime: 1055.1 ms | cr: 4220.4
    1809. dt:  0.25 ms | #newton:  1 | ph:  0.0% | #CG/newton: 2263 | ls (cap|max|inv|bt):  0| 0| 0| 0| runtime: 1065.4 ms | cr: 4261.4
    1810. dt:  0.25 ms | #newton:  1 | ph:  0.0% | #CG/newton: 2216 | ls (cap|max|inv|bt):  0| 0| 0| 0| runtime: 1055.7 ms | cr: 4223.0
    1811. dt:  0.25 ms | #newton:  1 | ph:  0.0% | #CG/newton: 2241 | ls (cap|max|inv|bt):  0| 0| 0| 0| runtime: 1053.8 ms | cr: 4215.1
    1812. dt:  0.25 ms | #newton:  1 | ph:  0.0% | #CG/newton: 2240 | ls (cap|max|inv|bt):  0| 0| 0| 0| runtime: 1062.9 ms | cr: 4251.7
    1813. dt:  0.25 ms | #newton:  1 | ph:  0.0% | #CG/newton: 2224 | ls (cap|max|inv|bt):  0| 0| 0| 0| runtime: 1057.0 ms | cr: 4227.8
    1814. dt:  0.25 ms | #newton:  1 | ph:  0.0% | #CG/newton: 2086 | ls (cap|max|inv|bt):  0| 0| 0| 0| runtime:  994.7 ms | cr: 3978.8
    1815. dt:  0.25 ms | #newton:  1 | ph:  0.0% | #CG/newton: 2233 | ls (cap|max|inv|bt):  0| 0| 0| 0| runtime: 1054.6 ms | cr: 4218.5
    1816. dt:  0.25 ms | #newton:  1 | ph:  0.0% | #CG/newton: 2204 | ls (cap|max|inv|bt):  0| 0| 0| 0| runtime: 1046.5 ms | cr: 4186.1
    1817. dt:  0.25 ms | #newton:  1 | ph:  0.0% | #CG/newton: 2235 | ls (cap|max|inv|bt):  0| 0| 0| 0| runtime: 1059.3 ms | cr: 4237.0
    1818. dt:  0.25 ms | #newton:  1 | ph:  0.0% | #CG/newton: 2206 | ls (cap|max|inv|bt):  0| 0| 0| 0| runtime: 1041.3 ms | cr: 4165.3
    1819. dt:  0.25 ms | #newton:  1 | ph:  0.0% | #CG/newton: 2201 | ls (cap|max|inv|bt):  0| 0| 0| 0| runtime: 1040.9 ms | cr: 4163.7
    1820. dt:  0.25 ms | #newton:  1 | ph:  0.0% | #CG/newton: 2239 | ls (cap|max|inv|bt):  0| 0| 0| 0| runtime: 1060.6 ms | cr: 4242.4
    1821. dt:  0.25 ms | #newton:  1 | ph:  0.0% | #CG/newton: 2233 | ls (cap|max|inv|bt):  0| 0| 0| 0| runtime: 1053.5 ms | cr: 4214.1
    1822. dt:  0.25 ms | #newton:  1 | ph:  0.0% | #CG/newton: 2232 | ls (cap|max|inv|bt):  0| 0| 0| 0| runtime: 1055.1 ms | cr: 4220.3
    1823. dt:  0.25 ms | #newton:  1 | ph:  0.0% | #CG/newton: 2237 | ls (cap|max|inv|bt):  0| 0| 0| 0| runtime: 1054.4 ms | cr: 4217.5
    1824. dt:  0.25 ms | #newton:  1 | ph:  0.0% | #CG/newton: 2218 | ls (cap|max|inv|bt):  0| 0| 0| 0| runtime: 1054.1 ms | cr: 4216.3
    1825. dt:  0.25 ms | #newton:  1 | ph:  0.0% | #CG/newton: 2187 | ls (cap|max|inv|bt):  0| 0| 0| 0| runtime: 1036.5 ms | cr: 4146.2
    1826. dt:  0.25 ms | #newton:  1 | ph:  0.0% | #CG/newton: 2241 | ls (cap|max|inv|bt):  0| 0| 0| 0| runtime: 1041.2 ms | cr: 4164.7
    1827. dt:  0.25 ms | #newton:  1 | ph:  0.0% | #CG/newton: 2084 | ls (cap|max|inv|bt):  0| 0| 0| 0| runtime:  966.6 ms | cr: 3866.4
    1828. dt:  0.25 ms | #newton:  1 | ph:  0.0% | #CG/newton: 2242 | ls (cap|max|inv|bt):  0| 0| 0| 0| runtime: 1055.6 ms | cr: 4222.5
    1829. dt:  0.25 ms | #newton:  1 | ph:  0.0% | #CG/newton: 2233 | ls (cap|max|inv|bt):  0| 0| 0| 0| runtime: 1056.5 ms | cr: 4225.9
    1830. dt:  0.25 ms | #newton:  1 | ph:  0.0% | #CG/newton: 2235 | ls (cap|max|inv|bt):  0| 0| 0| 0| runtime: 1056.8 ms | cr: 4227.1
    1831. dt:  0.25 ms | #newton:  1 | ph:  0.0% | #CG/newton: 2236 | ls (cap|max|inv|bt):  0| 0| 0| 0| runtime: 1057.0 ms | cr: 4227.8
    1832. dt:  0.25 ms | #newton:  1 | ph:  0.0% | #CG/newton: 2215 | ls (cap|max|inv|bt):  0| 0| 0| 0| runtime: 1057.2 ms | cr: 4228.8
    1833. dt:  0.25 ms | #newton:  1 | ph:  0.0% | #CG/newton: 2202 | ls (cap|max|inv|bt):  0| 0| 0| 0| runtime: 1038.8 ms | cr: 4155.1
    1834. dt:  0.25 ms | #newton:  1 | ph:  0.0% | #CG/newton: 2205 | ls (cap|max|inv|bt):  0| 0| 0| 0| runtime: 1052.4 ms | cr: 4209.6
    1835. dt:  0.25 ms | #newton:  1 | ph:  0.0% | #CG/newton: 2258 | ls (cap|max|inv|bt):  0| 0| 0| 0| runtime: 1071.6 ms | cr: 4286.4
    1836. dt:  0.25 ms | #newton:  1 | ph:  0.0% | #CG/newton: 2198 | ls (cap|max|inv|bt):  0| 0| 0| 0| runtime: 1042.0 ms | cr: 4168.1
    1837. dt:  0.25 ms | #newton:  1 | ph:  0.0% | #CG/newton: 2243 | ls (cap|max|inv|bt):  0| 0| 0| 0| runtime: 1057.7 ms | cr: 4230.7
    1838. dt:  0.25 ms | #newton:  1 | ph:  0.0% | #CG/newton: 2225 | ls (cap|max|inv|bt):  0| 0| 0| 0| runtime: 1051.7 ms | cr: 4207.0
    1839. dt:  0.25 ms | #newton:  1 | ph:  0.0% | #CG/newton: 2611 | ls (cap|max|inv|bt):  0| 0| 0| 0| runtime: 1219.3 ms | cr: 4877.2
    1840. dt:  0.25 ms | #newton:  1 | ph:  0.0% | #CG/newton: 2588 | ls (cap|max|inv|bt):  0| 0| 0| 0| runtime: 1198.2 ms | cr: 4792.8
    1841. dt:  0.25 ms | #newton:  1 | ph:  0.0% | #CG/newton: 2861 | ls (cap|max|inv|bt):  0| 0| 0| 0| runtime: 1302.9 ms | cr: 5211.7
    1842. dt:  0.25 ms | #newton:  1 | ph:  0.0% | #CG/newton: 2876 | ls (cap|max|inv|bt):  0| 0| 0| 0| runtime: 1317.4 ms | cr: 5269.4
    1843. dt:  0.25 ms | #newton:  1 | ph:  0.0% | #CG/newton: 2477 | ls (cap|max|inv|bt):  0| 0| 0| 0| runtime: 1182.0 ms | cr: 4727.8
    1844. dt:  0.25 ms | #newton:  1 | ph:  0.0% | #CG/newton: 2459 | ls (cap|max|inv|bt):  0| 0| 0| 0| runtime: 1146.6 ms | cr: 4586.4
    1845. dt:  0.25 ms | #newton:  1 | ph:  0.0% | #CG/newton: 2460 | ls (cap|max|inv|bt):  0| 0| 0| 0| runtime: 1144.2 ms | cr: 4576.9
    1846. dt:  0.25 ms | #newton:  1 | ph:  0.0% | #CG/newton: 2629 | ls (cap|max|inv|bt):  0| 0| 0| 0| runtime: 1209.5 ms | cr: 4838.2
    1847. dt:  0.25 ms | #newton:  1 | ph:  0.0% | #CG/newton: 2628 | ls (cap|max|inv|bt):  0| 0| 0| 0| runtime: 1241.1 ms | cr: 4964.4
    1848. dt:  0.25 ms | #newton:  1 | ph:  0.0% | #CG/newton: 2184 | ls (cap|max|inv|bt):  0| 0| 0| 0| runtime: 1039.2 ms | cr: 4156.6
    1849. dt:  0.25 ms | #newton:  1 | ph:  0.0% | #CG/newton: 2252 | ls (cap|max|inv|bt):  0| 0| 0| 0| runtime: 1068.0 ms | cr: 4272.1
    1850. dt:  0.25 ms | #newton:  1 | ph:  0.0% | #CG/newton: 2438 | ls (cap|max|inv|bt):  0| 0| 0| 0| runtime: 1133.6 ms | cr: 4534.5
    1851. dt:  0.25 ms | #newton:  1 | ph:  0.0% | #CG/newton: 2109 | ls (cap|max|inv|bt):  0| 0| 0| 0| runtime: 1002.9 ms | cr: 4011.6
    1852. dt:  0.25 ms | #newton:  1 | ph:  0.0% | #CG/newton: 2629 | ls (cap|max|inv|bt):  0| 0| 0| 0| runtime: 1209.5 ms | cr: 4837.9
    1853. dt:  0.25 ms | #newton:  1 | ph:  0.0% | #CG/newton: 2861 | ls (cap|max|inv|bt):  0| 0| 0| 0| runtime: 1307.1 ms | cr: 5228.3
    1854. dt:  0.25 ms | #newton:  1 | ph:  0.0% | #CG/newton: 2859 | ls (cap|max|inv|bt):  0| 0| 0| 0| runtime: 1304.7 ms | cr: 5218.9
    1855. dt:  0.25 ms | #newton:  1 | ph:  0.0% | #CG/newton: 2439 | ls (cap|max|inv|bt):  0| 0| 0| 0| runtime: 1137.2 ms | cr: 4548.8
    1856. dt:  0.25 ms | #newton:  1 | ph:  0.0% | #CG/newton: 2221 | ls (cap|max|inv|bt):  0| 0| 0| 0| runtime: 1042.9 ms | cr: 4171.7
    1857. dt:  0.25 ms | #newton:  1 | ph:  0.0% | #CG/newton: 2344 | ls (cap|max|inv|bt):  0| 0| 0| 0| runtime: 1095.6 ms | cr: 4382.3
    1858. dt:  0.25 ms | #newton:  1 | ph:  0.0% | #CG/newton: 2339 | ls (cap|max|inv|bt):  0| 0| 0| 0| runtime: 1082.5 ms | cr: 4330.0
    1859. dt:  0.25 ms | #newton:  1 | ph:  0.0% | #CG/newton: 2441 | ls (cap|max|inv|bt):  0| 0| 0| 0| runtime: 1148.2 ms | cr: 4592.7
    1860. dt:  0.25 ms | #newton:  1 | ph:  0.0% | #CG/newton: 2446 | ls (cap|max|inv|bt):  0| 0| 0| 0| runtime: 1137.8 ms | cr: 4551.3
    1861. dt:  0.25 ms | #newton:  1 | ph:  0.0% | #CG/newton: 2451 | ls (cap|max|inv|bt):  0| 0| 0| 0| runtime: 1143.0 ms | cr: 4572.0
    1862. dt:  0.25 ms | #newton:  1 | ph:  0.0% | #CG/newton: 2468 | ls (cap|max|inv|bt):  0| 0| 0| 0| runtime: 1152.8 ms | cr: 4611.3
    1863. dt:  0.25 ms | #newton:  1 | ph:  0.0% | #CG/newton: 2515 | ls (cap|max|inv|bt):  0| 0| 0| 0| runtime: 1169.9 ms | cr: 4679.6
    1864. dt:  0.25 ms | #newton:  1 | ph:  0.0% | #CG/newton: 2620 | ls (cap|max|inv|bt):  0| 0| 0| 0| runtime: 1204.0 ms | cr: 4816.0
    1865. dt:  0.25 ms | #newton:  1 | ph:  0.0% | #CG/newton: 2618 | ls (cap|max|inv|bt):  0| 0| 0| 0| runtime: 1222.7 ms | cr: 4890.9
    1866. dt:  0.25 ms | #newton:  1 | ph:  0.0% | #CG/newton: 2620 | ls (cap|max|inv|bt):  0| 0| 0| 0| runtime: 1222.2 ms | cr: 4888.7
[Frame: 14] Time: 0.467 s
    1867. dt:  0.25 ms | #newton:  1 | ph:  0.0% | #CG/newton: 2523 | ls (cap|max|inv|bt):  0| 0| 0| 0| runtime: 1185.4 ms | cr: 4741.5
    1868. dt:  0.25 ms | #newton:  1 | ph:  0.0% | #CG/newton: 2534 | ls (cap|max|inv|bt):  0| 0| 0| 0| runtime: 1186.6 ms | cr: 4746.4
    1869. dt:  0.25 ms | #newton:  1 | ph:  0.0% | #CG/newton: 2249 | ls (cap|max|inv|bt):  0| 0| 0| 0| runtime: 1064.9 ms | cr: 4259.5
    1870. dt:  0.25 ms | #newton:  1 | ph:  0.0% | #CG/newton: 2203 | ls (cap|max|inv|bt):  0| 0| 0| 0| runtime: 1045.2 ms | cr: 4180.9
    1871. dt:  0.25 ms | #newton:  1 | ph:  0.0% | #CG/newton: 2446 | ls (cap|max|inv|bt):  0| 0| 0| 0| runtime: 1134.2 ms | cr: 4536.9
    1872. dt:  0.25 ms | #newton:  1 | ph:  0.0% | #CG/newton: 2344 | ls (cap|max|inv|bt):  0| 0| 0| 0| runtime: 1094.7 ms | cr: 4378.7
    1873. dt:  0.25 ms | #newton:  1 | ph:  0.0% | #CG/newton: 2235 | ls (cap|max|inv|bt):  0| 0| 0| 0| runtime: 1054.4 ms | cr: 4217.5
    1874. dt:  0.25 ms | #newton:  1 | ph:  0.0% | #CG/newton: 2111 | ls (cap|max|inv|bt):  0| 0| 0| 0| runtime: 1011.5 ms | cr: 4046.0
    1875. dt:  0.25 ms | #newton:  1 | ph:  0.0% | #CG/newton: 2215 | ls (cap|max|inv|bt):  0| 0| 0| 0| runtime: 1056.0 ms | cr: 4223.9
    1876. dt:  0.25 ms | #newton:  1 | ph:  0.0% | #CG/newton: 2207 | ls (cap|max|inv|bt):  0| 0| 0| 0| runtime: 1058.1 ms | cr: 4232.4
    1877. dt:  0.25 ms | #newton:  1 | ph:  0.0% | #CG/newton: 2097 | ls (cap|max|inv|bt):  0| 0| 0| 0| runtime:  995.9 ms | cr: 3983.7
    1878. dt:  0.25 ms | #newton:  1 | ph:  0.0% | #CG/newton: 2218 | ls (cap|max|inv|bt):  0| 0| 0| 0| runtime: 1052.5 ms | cr: 4209.8
    1879. dt:  0.25 ms | #newton:  1 | ph:  0.0% | #CG/newton: 2577 | ls (cap|max|inv|bt):  0| 0| 0| 0| runtime: 1183.0 ms | cr: 4731.9
    1880. dt:  0.25 ms | #newton:  1 | ph:  0.0% | #CG/newton: 2618 | ls (cap|max|inv|bt):  0| 0| 0| 0| runtime: 1207.4 ms | cr: 4829.6
    1881. dt:  0.25 ms | #newton:  1 | ph:  0.0% | #CG/newton: 2627 | ls (cap|max|inv|bt):  0| 0| 0| 0| runtime: 1215.7 ms | cr: 4862.7
    1882. dt:  0.25 ms | #newton:  1 | ph:  0.0% | #CG/newton: 2633 | ls (cap|max|inv|bt):  0| 0| 0| 0| runtime: 1209.7 ms | cr: 4838.9
    1883. dt:  0.25 ms | #newton:  1 | ph:  0.0% | #CG/newton: 2203 | ls (cap|max|inv|bt):  0| 0| 0| 0| runtime: 1041.0 ms | cr: 4163.8
    1884. dt:  0.25 ms | #newton:  1 | ph:  0.0% | #CG/newton: 2196 | ls (cap|max|inv|bt):  0| 0| 0| 0| runtime: 1041.6 ms | cr: 4166.2
    1885. dt:  0.25 ms | #newton:  1 | ph:  0.0% | #CG/newton: 2219 | ls (cap|max|inv|bt):  0| 0| 0| 0| runtime: 1048.2 ms | cr: 4192.8
    1886. dt:  0.25 ms | #newton:  1 | ph:  0.0% | #CG/newton: 2163 | ls (cap|max|inv|bt):  0| 0| 0| 0| runtime: 1034.4 ms | cr: 4137.5
    1887. dt:  0.25 ms | #newton:  1 | ph:  0.0% | #CG/newton: 2236 | ls (cap|max|inv|bt):  0| 0| 0| 0| runtime: 1064.0 ms | cr: 4256.0
    1888. dt:  0.25 ms | #newton:  1 | ph:  0.0% | #CG/newton: 2243 | ls (cap|max|inv|bt):  0| 0| 0| 0| runtime: 1059.5 ms | cr: 4237.8
    1889. dt:  0.25 ms | #newton:  1 | ph:  0.0% | #CG/newton: 2356 | ls (cap|max|inv|bt):  0| 0| 0| 0| runtime: 1110.7 ms | cr: 4442.7
    1890. dt:  0.25 ms | #newton:  1 | ph:  0.0% | #CG/newton: 2360 | ls (cap|max|inv|bt):  0| 0| 0| 0| runtime: 1110.2 ms | cr: 4440.8
    1891. dt:  0.25 ms | #newton:  1 | ph:  0.0% | #CG/newton: 2346 | ls (cap|max|inv|bt):  0| 0| 0| 0| runtime: 1099.9 ms | cr: 4399.7
    1892. dt:  0.25 ms | #newton:  1 | ph:  0.0% | #CG/newton: 2212 | ls (cap|max|inv|bt):  0| 0| 0| 0| runtime: 1044.7 ms | cr: 4178.8
    1893. dt:  0.25 ms | #newton:  1 | ph:  0.0% | #CG/newton: 2214 | ls (cap|max|inv|bt):  0| 0| 0| 0| runtime: 1039.3 ms | cr: 4157.1
    1894. dt:  0.25 ms | #newton:  1 | ph:  0.0% | #CG/newton: 2230 | ls (cap|max|inv|bt):  0| 0| 0| 0| runtime: 1054.1 ms | cr: 4216.6
    1895. dt:  0.25 ms | #newton:  1 | ph:  0.0% | #CG/newton: 2627 | ls (cap|max|inv|bt):  0| 0| 0| 0| runtime: 1220.6 ms | cr: 4882.4
    1896. dt:  0.25 ms | #newton:  1 | ph:  0.0% | #CG/newton: 2639 | ls (cap|max|inv|bt):  0| 0| 0| 0| runtime: 1215.9 ms | cr: 4863.7
    1897. dt:  0.25 ms | #newton:  1 | ph:  0.0% | #CG/newton: 2656 | ls (cap|max|inv|bt):  0| 0| 0| 0| runtime: 1225.7 ms | cr: 4902.8
    1898. dt:  0.25 ms | #newton:  1 | ph:  0.0% | #CG/newton: 2200 | ls (cap|max|inv|bt):  0| 0| 0| 0| runtime: 1045.0 ms | cr: 4180.0
    1899. dt:  0.25 ms | #newton:  1 | ph:  0.0% | #CG/newton: 2697 | ls (cap|max|inv|bt):  0| 0| 0| 0| runtime: 1250.1 ms | cr: 5000.6
    1900. dt:  0.25 ms | #newton:  1 | ph:  0.0% | #CG/newton: 2632 | ls (cap|max|inv|bt):  0| 0| 0| 0| runtime: 1216.3 ms | cr: 4865.1
    1901. dt:  0.25 ms | #newton:  1 | ph:  0.0% | #CG/newton: 2472 | ls (cap|max|inv|bt):  0| 0| 0| 0| runtime: 1154.7 ms | cr: 4618.9
    1902. dt:  0.25 ms | #newton:  1 | ph:  0.0% | #CG/newton: 2472 | ls (cap|max|inv|bt):  0| 0| 0| 0| runtime: 1165.4 ms | cr: 4661.7
    1903. dt:  0.25 ms | #newton:  1 | ph:  0.0% | #CG/newton: 2697 | ls (cap|max|inv|bt):  0| 0| 0| 0| runtime: 1235.2 ms | cr: 4940.7
    1904. dt:  0.25 ms | #newton:  1 | ph:  0.0% | #CG/newton: 2251 | ls (cap|max|inv|bt):  0| 0| 0| 0| runtime: 1063.3 ms | cr: 4253.3
    1905. dt:  0.25 ms | #newton:  1 | ph:  0.0% | #CG/newton: 2248 | ls (cap|max|inv|bt):  0| 0| 0| 0| runtime: 1069.7 ms | cr: 4278.9
    1906. dt:  0.25 ms | #newton:  1 | ph:  0.0% | #CG/newton: 2277 | ls (cap|max|inv|bt):  0| 0| 0| 0| runtime: 1089.9 ms | cr: 4359.5
    1907. dt:  0.25 ms | #newton:  1 | ph:  0.0% | #CG/newton: 2208 | ls (cap|max|inv|bt):  0| 0| 0| 0| runtime: 1052.5 ms | cr: 4209.9
    1908. dt:  0.25 ms | #newton:  1 | ph:  0.0% | #CG/newton: 2206 | ls (cap|max|inv|bt):  0| 0| 0| 0| runtime: 1056.9 ms | cr: 4227.5
    1909. dt:  0.25 ms | #newton:  1 | ph:  0.0% | #CG/newton: 2249 | ls (cap|max|inv|bt):  0| 0| 0| 0| runtime: 1101.9 ms | cr: 4407.5
    1910. dt:  0.25 ms | #newton:  1 | ph:  0.0% | #CG/newton: 2276 | ls (cap|max|inv|bt):  0| 0| 0| 0| runtime: 1081.5 ms | cr: 4325.9
    1911. dt:  0.25 ms | #newton:  1 | ph:  0.0% | #CG/newton: 2209 | ls (cap|max|inv|bt):  0| 0| 0| 0| runtime: 1052.7 ms | cr: 4210.9
    1912. dt:  0.25 ms | #newton:  1 | ph:  0.0% | #CG/newton: 2210 | ls (cap|max|inv|bt):  0| 0| 0| 0| runtime: 1058.6 ms | cr: 4234.3
    1913. dt:  0.25 ms | #newton:  1 | ph:  0.0% | #CG/newton: 2273 | ls (cap|max|inv|bt):  0| 0| 0| 0| runtime: 1074.9 ms | cr: 4299.6
    1914. dt:  0.25 ms | #newton:  1 | ph:  0.0% | #CG/newton: 2244 | ls (cap|max|inv|bt):  0| 0| 0| 0| runtime: 1073.4 ms | cr: 4293.7
    1915. dt:  0.25 ms | #newton:  1 | ph:  0.0% | #CG/newton: 2285 | ls (cap|max|inv|bt):  0| 0| 0| 0| runtime: 1080.6 ms | cr: 4322.5
    1916. dt:  0.25 ms | #newton:  1 | ph:  0.0% | #CG/newton: 2203 | ls (cap|max|inv|bt):  0| 0| 0| 0| runtime: 1047.6 ms | cr: 4190.4
    1917. dt:  0.25 ms | #newton:  1 | ph:  0.0% | #CG/newton: 2245 | ls (cap|max|inv|bt):  0| 0| 0| 0| runtime: 1066.0 ms | cr: 4264.0
    1918. dt:  0.25 ms | #newton:  1 | ph:  0.0% | #CG/newton: 2272 | ls (cap|max|inv|bt):  0| 0| 0| 0| runtime: 1073.3 ms | cr: 4293.4
    1919. dt:  0.25 ms | #newton:  1 | ph:  0.0% | #CG/newton: 2220 | ls (cap|max|inv|bt):  0| 0| 0| 0| runtime: 1060.0 ms | cr: 4240.0
    1920. dt:  0.25 ms | #newton:  1 | ph:  0.0% | #CG/newton: 2265 | ls (cap|max|inv|bt):  0| 0| 0| 0| runtime: 1076.6 ms | cr: 4306.6
    1921. dt:  0.25 ms | #newton:  1 | ph:  0.0% | #CG/newton: 2205 | ls (cap|max|inv|bt):  0| 0| 0| 0| runtime: 1053.0 ms | cr: 4212.2
    1922. dt:  0.25 ms | #newton:  1 | ph:  0.0% | #CG/newton: 2243 | ls (cap|max|inv|bt):  0| 0| 0| 0| runtime: 1071.6 ms | cr: 4286.2
    1923. dt:  0.25 ms | #newton:  1 | ph:  0.0% | #CG/newton: 2243 | ls (cap|max|inv|bt):  0| 0| 0| 0| runtime: 1074.4 ms | cr: 4297.6
    1924. dt:  0.25 ms | #newton:  1 | ph:  0.0% | #CG/newton: 2248 | ls (cap|max|inv|bt):  0| 0| 0| 0| runtime: 1075.9 ms | cr: 4303.6
    1925. dt:  0.25 ms | #newton:  1 | ph:  0.0% | #CG/newton: 2238 | ls (cap|max|inv|bt):  0| 0| 0| 0| runtime: 1065.5 ms | cr: 4262.0
    1926. dt:  0.25 ms | #newton:  1 | ph:  0.0% | #CG/newton: 2279 | ls (cap|max|inv|bt):  0| 0| 0| 0| runtime: 1085.7 ms | cr: 4342.6
    1927. dt:  0.25 ms | #newton:  1 | ph:  0.0% | #CG/newton: 2212 | ls (cap|max|inv|bt):  0| 0| 0| 0| runtime: 1057.3 ms | cr: 4229.3
    1928. dt:  0.25 ms | #newton:  1 | ph:  0.0% | #CG/newton: 2243 | ls (cap|max|inv|bt):  0| 0| 0| 0| runtime: 1066.1 ms | cr: 4264.2
    1929. dt:  0.25 ms | #newton:  1 | ph:  0.0% | #CG/newton: 2242 | ls (cap|max|inv|bt):  0| 0| 0| 0| runtime: 1069.8 ms | cr: 4279.4
    1930. dt:  0.25 ms | #newton:  1 | ph:  0.0% | #CG/newton: 2242 | ls (cap|max|inv|bt):  0| 0| 0| 0| runtime: 1068.7 ms | cr: 4274.9
    1931. dt:  0.25 ms | #newton:  1 | ph:  0.0% | #CG/newton: 2254 | ls (cap|max|inv|bt):  0| 0| 0| 0| runtime: 1125.6 ms | cr: 4502.4
    1932. dt:  0.25 ms | #newton:  1 | ph:  0.0% | #CG/newton: 2199 | ls (cap|max|inv|bt):  0| 0| 0| 0| runtime: 1059.0 ms | cr: 4236.1
    1933. dt:  0.25 ms | #newton:  1 | ph:  0.0% | #CG/newton: 2244 | ls (cap|max|inv|bt):  0| 0| 0| 0| runtime: 1074.2 ms | cr: 4296.9
    1934. dt:  0.25 ms | #newton:  1 | ph:  0.0% | #CG/newton: 2248 | ls (cap|max|inv|bt):  0| 0| 0| 0| runtime: 1070.0 ms | cr: 4280.2
    1935. dt:  0.25 ms | #newton:  1 | ph:  0.0% | #CG/newton: 2229 | ls (cap|max|inv|bt):  0| 0| 0| 0| runtime: 1064.6 ms | cr: 4258.4
    1936. dt:  0.25 ms | #newton:  1 | ph:  0.0% | #CG/newton: 2198 | ls (cap|max|inv|bt):  0| 0| 0| 0| runtime: 1051.6 ms | cr: 4206.4
    1937. dt:  0.25 ms | #newton:  1 | ph:  0.0% | #CG/newton: 2465 | ls (cap|max|inv|bt):  0| 0| 0| 0| runtime: 1171.4 ms | cr: 4685.4
    1938. dt:  0.25 ms | #newton:  1 | ph:  0.0% | #CG/newton: 2248 | ls (cap|max|inv|bt):  0| 0| 0| 0| runtime: 1073.2 ms | cr: 4292.6
    1939. dt:  0.25 ms | #newton:  1 | ph:  0.0% | #CG/newton: 2528 | ls (cap|max|inv|bt):  0| 0| 0| 0| runtime: 1185.0 ms | cr: 4740.1
    1940. dt:  0.25 ms | #newton:  1 | ph:  0.0% | #CG/newton: 2191 | ls (cap|max|inv|bt):  0| 0| 0| 0| runtime: 1052.2 ms | cr: 4208.8
    1941. dt:  0.25 ms | #newton:  1 | ph:  0.0% | #CG/newton: 2665 | ls (cap|max|inv|bt):  0| 0| 0| 0| runtime: 1242.5 ms | cr: 4970.1
    1942. dt:  0.25 ms | #newton:  1 | ph:  0.0% | #CG/newton: 2464 | ls (cap|max|inv|bt):  0| 0| 0| 0| runtime: 1160.5 ms | cr: 4641.9
    1943. dt:  0.25 ms | #newton:  1 | ph:  0.0% | #CG/newton: 2686 | ls (cap|max|inv|bt):  0| 0| 0| 0| runtime: 1251.4 ms | cr: 5005.7
    1944. dt:  0.25 ms | #newton:  1 | ph:  0.0% | #CG/newton: 2662 | ls (cap|max|inv|bt):  0| 0| 0| 0| runtime: 1234.1 ms | cr: 4936.4
    1945. dt:  0.25 ms | #newton:  1 | ph:  0.0% | #CG/newton: 2668 | ls (cap|max|inv|bt):  0| 0| 0| 0| runtime: 1245.0 ms | cr: 4980.1
    1946. dt:  0.25 ms | #newton:  1 | ph:  0.0% | #CG/newton: 2195 | ls (cap|max|inv|bt):  0| 0| 0| 0| runtime: 1048.7 ms | cr: 4195.0
    1947. dt:  0.25 ms | #newton:  1 | ph:  0.0% | #CG/newton: 2455 | ls (cap|max|inv|bt):  0| 0| 0| 0| runtime: 1147.2 ms | cr: 4588.9
    1948. dt:  0.25 ms | #newton:  1 | ph:  0.0% | #CG/newton: 2689 | ls (cap|max|inv|bt):  0| 0| 0| 0| runtime: 1245.3 ms | cr: 4981.1
    1949. dt:  0.25 ms | #newton:  1 | ph:  0.0% | #CG/newton: 2661 | ls (cap|max|inv|bt):  0| 0| 0| 0| runtime: 1228.1 ms | cr: 4912.5
    1950. dt:  0.25 ms | #newton:  1 | ph:  0.0% | #CG/newton: 2684 | ls (cap|max|inv|bt):  0| 0| 0| 0| runtime: 1243.5 ms | cr: 4973.9
    1951. dt:  0.25 ms | #newton:  1 | ph:  0.0% | #CG/newton: 2454 | ls (cap|max|inv|bt):  0| 0| 0| 0| runtime: 1138.8 ms | cr: 4555.2
    1952. dt:  0.25 ms | #newton:  1 | ph:  0.0% | #CG/newton: 2683 | ls (cap|max|inv|bt):  0| 0| 0| 0| runtime: 1234.4 ms | cr: 4937.7
    1953. dt:  0.25 ms | #newton:  1 | ph:  0.0% | #CG/newton: 2662 | ls (cap|max|inv|bt):  0| 0| 0| 0| runtime: 1223.0 ms | cr: 4892.1
    1954. dt:  0.25 ms | #newton:  1 | ph:  0.0% | #CG/newton: 2676 | ls (cap|max|inv|bt):  0| 0| 0| 0| runtime: 1235.9 ms | cr: 4943.5
    1955. dt:  0.25 ms | #newton:  1 | ph:  0.0% | #CG/newton: 2203 | ls (cap|max|inv|bt):  0| 0| 0| 0| runtime: 1048.1 ms | cr: 4192.3
    1956. dt:  0.25 ms | #newton:  1 | ph:  0.0% | #CG/newton: 2199 | ls (cap|max|inv|bt):  0| 0| 0| 0| runtime: 1045.7 ms | cr: 4182.8
    1957. dt:  0.25 ms | #newton:  1 | ph:  0.0% | #CG/newton: 2456 | ls (cap|max|inv|bt):  0| 0| 0| 0| runtime: 1144.3 ms | cr: 4577.2
    1958. dt:  0.25 ms | #newton:  1 | ph:  0.0% | #CG/newton: 2463 | ls (cap|max|inv|bt):  0| 0| 0| 0| runtime: 1145.2 ms | cr: 4580.7
    1959. dt:  0.25 ms | #newton:  1 | ph:  0.0% | #CG/newton: 2465 | ls (cap|max|inv|bt):  0| 0| 0| 0| runtime: 1153.3 ms | cr: 4613.2
    1960. dt:  0.25 ms | #newton:  1 | ph:  0.0% | #CG/newton: 2239 | ls (cap|max|inv|bt):  0| 0| 0| 0| runtime: 1095.3 ms | cr: 4381.1
    1961. dt:  0.25 ms | #newton:  1 | ph:  0.0% | #CG/newton: 2217 | ls (cap|max|inv|bt):  0| 0| 0| 0| runtime: 1050.3 ms | cr: 4201.1
    1962. dt:  0.25 ms | #newton:  1 | ph:  0.0% | #CG/newton: 2199 | ls (cap|max|inv|bt):  0| 0| 0| 0| runtime: 1036.6 ms | cr: 4146.3
    1963. dt:  0.25 ms | #newton:  1 | ph:  0.0% | #CG/newton: 2201 | ls (cap|max|inv|bt):  0| 0| 0| 0| runtime: 1041.6 ms | cr: 4166.6
    1964. dt:  0.25 ms | #newton:  1 | ph:  0.0% | #CG/newton: 2652 | ls (cap|max|inv|bt):  0| 0| 0| 0| runtime: 1241.3 ms | cr: 4965.3
    1965. dt:  0.25 ms | #newton:  1 | ph:  0.0% | #CG/newton: 2198 | ls (cap|max|inv|bt):  0| 0| 0| 0| runtime: 1055.3 ms | cr: 4221.1
    1966. dt:  0.25 ms | #newton:  1 | ph:  0.0% | #CG/newton: 2664 | ls (cap|max|inv|bt):  0| 0| 0| 0| runtime: 1247.4 ms | cr: 4989.8
    1967. dt:  0.25 ms | #newton:  1 | ph:  0.0% | #CG/newton: 2464 | ls (cap|max|inv|bt):  0| 0| 0| 0| runtime: 1157.9 ms | cr: 4631.7
    1968. dt:  0.25 ms | #newton:  1 | ph:  0.0% | #CG/newton: 2250 | ls (cap|max|inv|bt):  0| 0| 0| 0| runtime: 1073.4 ms | cr: 4293.8
    1969. dt:  0.25 ms | #newton:  1 | ph:  0.0% | #CG/newton: 2192 | ls (cap|max|inv|bt):  0| 0| 0| 0| runtime: 1054.5 ms | cr: 4217.9
    1970. dt:  0.25 ms | #newton:  1 | ph:  0.0% | #CG/newton: 2239 | ls (cap|max|inv|bt):  0| 0| 0| 0| runtime: 1067.2 ms | cr: 4268.9
    1971. dt:  0.25 ms | #newton:  1 | ph:  0.0% | #CG/newton: 2259 | ls (cap|max|inv|bt):  0| 0| 0| 0| runtime: 1079.9 ms | cr: 4319.7
    1972. dt:  0.25 ms | #newton:  1 | ph:  0.0% | #CG/newton: 2186 | ls (cap|max|inv|bt):  0| 0| 0| 0| runtime: 1050.7 ms | cr: 4203.0
    1973. dt:  0.25 ms | #newton:  1 | ph:  0.0% | #CG/newton: 2340 | ls (cap|max|inv|bt):  0| 0| 0| 0| runtime: 1091.8 ms | cr: 4367.1
    1974. dt:  0.25 ms | #newton:  1 | ph:  0.0% | #CG/newton: 2240 | ls (cap|max|inv|bt):  0| 0| 0| 0| runtime: 1050.1 ms | cr: 4200.3
    1975. dt:  0.25 ms | #newton:  1 | ph:  0.0% | #CG/newton: 2340 | ls (cap|max|inv|bt):  0| 0| 0| 0| runtime: 1100.7 ms | cr: 4402.8
    1976. dt:  0.25 ms | #newton:  1 | ph:  0.0% | #CG/newton: 2295 | ls (cap|max|inv|bt):  0| 0| 0| 0| runtime: 1076.3 ms | cr: 4305.3
    1977. dt:  0.25 ms | #newton:  1 | ph:  0.0% | #CG/newton: 2267 | ls (cap|max|inv|bt):  0| 0| 0| 0| runtime: 1062.3 ms | cr: 4249.2
    1978. dt:  0.25 ms | #newton:  1 | ph:  0.0% | #CG/newton: 2847 | ls (cap|max|inv|bt):  0| 0| 0| 0| runtime: 1303.4 ms | cr: 5213.6
    1979. dt:  0.25 ms | #newton:  1 | ph:  0.0% | #CG/newton: 2868 | ls (cap|max|inv|bt):  0| 0| 0| 0| runtime: 1320.0 ms | cr: 5280.2
    1980. dt:  0.25 ms | #newton:  1 | ph:  0.0% | #CG/newton: 2808 | ls (cap|max|inv|bt):  0| 0| 0| 0| runtime: 1280.6 ms | cr: 5122.3
    1981. dt:  0.25 ms | #newton:  1 | ph:  0.0% | #CG/newton: 2824 | ls (cap|max|inv|bt):  0| 0| 0| 0| runtime: 1290.7 ms | cr: 5162.9
    1982. dt:  0.25 ms | #newton:  1 | ph:  0.0% | #CG/newton: 2463 | ls (cap|max|inv|bt):  0| 0| 0| 0| runtime: 1152.6 ms | cr: 4610.5
    1983. dt:  0.25 ms | #newton:  1 | ph:  0.0% | #CG/newton: 2556 | ls (cap|max|inv|bt):  0| 0| 0| 0| runtime: 1180.5 ms | cr: 4722.2
    1984. dt:  0.25 ms | #newton:  1 | ph:  0.0% | #CG/newton: 2622 | ls (cap|max|inv|bt):  0| 0| 0| 0| runtime: 1226.4 ms | cr: 4905.5
    1985. dt:  0.25 ms | #newton:  1 | ph:  0.0% | #CG/newton: 2167 | ls (cap|max|inv|bt):  0| 0| 0| 0| runtime: 1031.6 ms | cr: 4126.3
    1986. dt:  0.25 ms | #newton:  1 | ph:  0.0% | #CG/newton: 2652 | ls (cap|max|inv|bt):  0| 0| 0| 0| runtime: 1240.3 ms | cr: 4961.0
    1987. dt:  0.25 ms | #newton:  1 | ph:  0.0% | #CG/newton: 2437 | ls (cap|max|inv|bt):  0| 0| 0| 0| runtime: 1139.3 ms | cr: 4557.3
    1988. dt:  0.25 ms | #newton:  1 | ph:  0.0% | #CG/newton: 2445 | ls (cap|max|inv|bt):  0| 0| 0| 0| runtime: 1148.9 ms | cr: 4595.5
    1989. dt:  0.25 ms | #newton:  1 | ph:  0.0% | #CG/newton: 2444 | ls (cap|max|inv|bt):  0| 0| 0| 0| runtime: 1134.7 ms | cr: 4538.7
    1990. dt:  0.25 ms | #newton:  1 | ph:  0.0% | #CG/newton: 2460 | ls (cap|max|inv|bt):  0| 0| 0| 0| runtime: 1144.5 ms | cr: 4577.9
    1991. dt:  0.25 ms | #newton:  1 | ph:  0.0% | #CG/newton: 2683 | ls (cap|max|inv|bt):  0| 0| 0| 0| runtime: 1250.1 ms | cr: 5000.2
    1992. dt:  0.25 ms | #newton:  1 | ph:  0.0% | #CG/newton: 2588 | ls (cap|max|inv|bt):  0| 0| 0| 0| runtime: 1199.6 ms | cr: 4798.3
    1993. dt:  0.25 ms | #newton:  1 | ph:  0.0% | #CG/newton: 2826 | ls (cap|max|inv|bt):  0| 0| 0| 0| runtime: 1293.1 ms | cr: 5172.3
    1994. dt:  0.25 ms | #newton:  1 | ph:  0.0% | #CG/newton: 2654 | ls (cap|max|inv|bt):  0| 0| 0| 0| runtime: 1221.6 ms | cr: 4886.3
    1995. dt:  0.25 ms | #newton:  1 | ph:  0.0% | #CG/newton: 2539 | ls (cap|max|inv|bt):  0| 0| 0| 0| runtime: 1191.1 ms | cr: 4764.5
    1996. dt:  0.25 ms | #newton:  1 | ph:  0.0% | #CG/newton: 2813 | ls (cap|max|inv|bt):  0| 0| 0| 0| runtime: 1287.0 ms | cr: 5148.1
    1997. dt:  0.25 ms | #newton:  1 | ph:  0.0% | #CG/newton: 2865 | ls (cap|max|inv|bt):  0| 0| 0| 0| runtime: 1309.6 ms | cr: 5238.5
    1998. dt:  0.25 ms | #newton:  1 | ph:  0.0% | #CG/newton: 2478 | ls (cap|max|inv|bt):  0| 0| 0| 0| runtime: 1150.1 ms | cr: 4600.3
    1999. dt:  0.25 ms | #newton:  1 | ph:  0.0% | #CG/newton: 2652 | ls (cap|max|inv|bt):  0| 0| 0| 0| runtime: 1231.5 ms | cr: 4925.8
    2000. dt:  0.25 ms | #newton:  1 | ph:  0.0% | #CG/newton: 2608 | ls (cap|max|inv|bt):  0| 0| 0| 0| runtime: 1206.8 ms | cr: 4827.1
[Frame: 15] Time: 0.500 s
    2001. dt:  0.25 ms | #newton:  1 | ph:  0.0% | #CG/newton: 2612 | ls (cap|max|inv|bt):  0| 0| 0| 0| runtime: 1219.1 ms | cr: 4876.3
    2002. dt:  0.25 ms | #newton:  1 | ph:  0.0% | #CG/newton: 2510 | ls (cap|max|inv|bt):  0| 0| 0| 0| runtime: 1175.2 ms | cr: 4700.9
    2003. dt:  0.25 ms | #newton:  1 | ph:  0.0% | #CG/newton: 2608 | ls (cap|max|inv|bt):  0| 0| 0| 0| runtime: 1223.7 ms | cr: 4894.9
    2004. dt:  0.25 ms | #newton:  1 | ph:  0.0% | #CG/newton: 2610 | ls (cap|max|inv|bt):  0| 0| 0| 0| runtime: 1212.6 ms | cr: 4850.5
    2005. dt:  0.25 ms | #newton:  1 | ph:  0.0% | #CG/newton: 2600 | ls (cap|max|inv|bt):  0| 0| 0| 0| runtime: 1201.7 ms | cr: 4807.0
    2006. dt:  0.25 ms | #newton:  1 | ph:  0.0% | #CG/newton: 2515 | ls (cap|max|inv|bt):  0| 0| 0| 0| runtime: 1174.8 ms | cr: 4699.1
    2007. dt:  0.25 ms | #newton:  1 | ph:  0.0% | #CG/newton: 2650 | ls (cap|max|inv|bt):  0| 0| 0| 0| runtime: 1222.4 ms | cr: 4889.6
    2008. dt:  0.25 ms | #newton:  1 | ph:  0.0% | #CG/newton: 2522 | ls (cap|max|inv|bt):  0| 0| 0| 0| runtime: 1173.9 ms | cr: 4695.7
    2009. dt:  0.25 ms | #newton:  1 | ph:  0.0% | #CG/newton: 2574 | ls (cap|max|inv|bt):  0| 0| 0| 0| runtime: 1189.9 ms | cr: 4759.6
    2010. dt:  0.25 ms | #newton:  1 | ph:  0.0% | #CG/newton: 2657 | ls (cap|max|inv|bt):  0| 0| 0| 0| runtime: 1232.0 ms | cr: 4927.9
    2011. dt:  0.25 ms | #newton:  1 | ph:  0.0% | #CG/newton: 2484 | ls (cap|max|inv|bt):  0| 0| 0| 0| runtime: 1162.3 ms | cr: 4649.3
    2012. dt:  0.25 ms | #newton:  1 | ph:  0.0% | #CG/newton: 2647 | ls (cap|max|inv|bt):  0| 0| 0| 0| runtime: 1226.9 ms | cr: 4907.5
    2013. dt:  0.25 ms | #newton:  1 | ph:  0.0% | #CG/newton: 2509 | ls (cap|max|inv|bt):  0| 0| 0| 0| runtime: 1166.6 ms | cr: 4666.4
    2014. dt:  0.25 ms | #newton:  1 | ph:  0.0% | #CG/newton: 2558 | ls (cap|max|inv|bt):  0| 0| 0| 0| runtime: 1229.3 ms | cr: 4917.2
    2015. dt:  0.25 ms | #newton:  1 | ph:  0.0% | #CG/newton: 2864 | ls (cap|max|inv|bt):  0| 0| 0| 0| runtime: 1319.5 ms | cr: 5278.0
    2016. dt:  0.25 ms | #newton:  1 | ph:  0.0% | #CG/newton: 2811 | ls (cap|max|inv|bt):  0| 0| 0| 0| runtime: 1290.4 ms | cr: 5161.6
    2017. dt:  0.25 ms | #newton:  1 | ph:  0.0% | #CG/newton: 2848 | ls (cap|max|inv|bt):  0| 0| 0| 0| runtime: 1305.8 ms | cr: 5223.3
    2018. dt:  0.25 ms | #newton:  1 | ph:  0.0% | #CG/newton: 2875 | ls (cap|max|inv|bt):  0| 0| 0| 0| runtime: 1323.2 ms | cr: 5293.0
    2019. dt:  0.25 ms | #newton:  1 | ph:  0.0% | #CG/newton: 2850 | ls (cap|max|inv|bt):  0| 0| 0| 0| runtime: 1298.0 ms | cr: 5191.8
    2020. dt:  0.25 ms | #newton:  1 | ph:  0.0% | #CG/newton: 2869 | ls (cap|max|inv|bt):  0| 0| 0| 0| runtime: 1323.5 ms | cr: 5294.0
    2021. dt:  0.25 ms | #newton:  1 | ph:  0.0% | #CG/newton: 2871 | ls (cap|max|inv|bt):  0| 0| 0| 0| runtime: 1315.1 ms | cr: 5260.3
    2022. dt:  0.25 ms | #newton:  1 | ph:  0.0% | #CG/newton: 2856 | ls (cap|max|inv|bt):  0| 0| 0| 0| runtime: 1308.9 ms | cr: 5235.7
    2023. dt:  0.25 ms | #newton:  1 | ph:  0.0% | #CG/newton: 2878 | ls (cap|max|inv|bt):  0| 0| 0| 0| runtime: 1327.6 ms | cr: 5310.5
    2024. dt:  0.25 ms | #newton:  1 | ph:  0.0% | #CG/newton: 2869 | ls (cap|max|inv|bt):  0| 0| 0| 0| runtime: 1312.6 ms | cr: 5250.4
    2025. dt:  0.25 ms | #newton:  1 | ph:  0.0% | #CG/newton: 2856 | ls (cap|max|inv|bt):  0| 0| 0| 0| runtime: 1301.9 ms | cr: 5207.7
    2026. dt:  0.25 ms | #newton:  1 | ph:  0.0% | #CG/newton: 2880 | ls (cap|max|inv|bt):  0| 0| 0| 0| runtime: 1321.4 ms | cr: 5285.8
    2027. dt:  0.25 ms | #newton:  1 | ph:  0.0% | #CG/newton: 2861 | ls (cap|max|inv|bt):  0| 0| 0| 0| runtime: 1303.1 ms | cr: 5212.5
    2028. dt:  0.25 ms | #newton:  1 | ph:  0.0% | #CG/newton: 2585 | ls (cap|max|inv|bt):  0| 0| 0| 0| runtime: 1193.8 ms | cr: 4775.3
    2029. dt:  0.25 ms | #newton:  1 | ph:  0.0% | #CG/newton: 2617 | ls (cap|max|inv|bt):  0| 0| 0| 0| runtime: 1225.6 ms | cr: 4902.6
    2030. dt:  0.25 ms | #newton:  1 | ph:  0.0% | #CG/newton: 2631 | ls (cap|max|inv|bt):  0| 0| 0| 0| runtime: 1212.2 ms | cr: 4848.8
    2031. dt:  0.25 ms | #newton:  1 | ph:  0.0% | #CG/newton: 2868 | ls (cap|max|inv|bt):  0| 0| 0| 0| runtime: 1306.9 ms | cr: 5227.6
    2032. dt:  0.25 ms | #newton:  1 | ph:  0.0% | #CG/newton: 2448 | ls (cap|max|inv|bt):  0| 0| 0| 0| runtime: 1141.4 ms | cr: 4565.8
    2033. dt:  0.25 ms | #newton:  1 | ph:  0.0% | #CG/newton: 2439 | ls (cap|max|inv|bt):  0| 0| 0| 0| runtime: 1138.9 ms | cr: 4555.4
    2034. dt:  0.25 ms | #newton:  1 | ph:  0.0% | #CG/newton: 2566 | ls (cap|max|inv|bt):  0| 0| 0| 0| runtime: 1187.2 ms | cr: 4748.9
    2035. dt:  0.25 ms | #newton:  1 | ph:  0.0% | #CG/newton: 2695 | ls (cap|max|inv|bt):  0| 0| 0| 0| runtime: 1240.0 ms | cr: 4959.9
    2036. dt:  0.25 ms | #newton:  1 | ph:  0.0% | #CG/newton: 2844 | ls (cap|max|inv|bt):  0| 0| 0| 0| runtime: 1302.0 ms | cr: 5207.9
    2037. dt:  0.25 ms | #newton:  1 | ph:  0.0% | #CG/newton: 2832 | ls (cap|max|inv|bt):  0| 0| 0| 0| runtime: 1287.9 ms | cr: 5151.5
    2038. dt:  0.25 ms | #newton:  1 | ph:  0.0% | #CG/newton: 2829 | ls (cap|max|inv|bt):  0| 0| 0| 0| runtime: 1293.2 ms | cr: 5172.9
    2039. dt:  0.25 ms | #newton:  1 | ph:  0.0% | #CG/newton: 2859 | ls (cap|max|inv|bt):  0| 0| 0| 0| runtime: 1304.1 ms | cr: 5216.4
    2040. dt:  0.25 ms | #newton:  1 | ph:  0.0% | #CG/newton: 2856 | ls (cap|max|inv|bt):  0| 0| 0| 0| runtime: 1298.6 ms | cr: 5194.5
    2041. dt:  0.25 ms | #newton:  1 | ph:  0.0% | #CG/newton: 2827 | ls (cap|max|inv|bt):  0| 0| 0| 0| runtime: 1284.4 ms | cr: 5137.7
    2042. dt:  0.25 ms | #newton:  1 | ph:  0.0% | #CG/newton: 2818 | ls (cap|max|inv|bt):  0| 0| 0| 0| runtime: 1285.2 ms | cr: 5140.8
    2043. dt:  0.25 ms | #newton:  1 | ph:  0.0% | #CG/newton: 2816 | ls (cap|max|inv|bt):  0| 0| 0| 0| runtime: 1289.5 ms | cr: 5157.8
    2044. dt:  0.25 ms | #newton:  1 | ph:  0.0% | #CG/newton: 2810 | ls (cap|max|inv|bt):  0| 0| 0| 0| runtime: 1303.7 ms | cr: 5214.9
    2045. dt:  0.25 ms | #newton:  1 | ph:  0.0% | #CG/newton: 2815 | ls (cap|max|inv|bt):  0| 0| 0| 0| runtime: 1299.4 ms | cr: 5197.5
    2046. dt:  0.25 ms | #newton:  1 | ph:  0.0% | #CG/newton: 3073 | ls (cap|max|inv|bt):  0| 0| 0| 0| runtime: 1403.1 ms | cr: 5612.3
    2047. dt:  0.25 ms | #newton:  1 | ph:  0.0% | #CG/newton: 3018 | ls (cap|max|inv|bt):  0| 0| 0| 0| runtime: 1364.7 ms | cr: 5458.7
    2048. dt:  0.25 ms | #newton:  1 | ph:  0.0% | #CG/newton: 3030 | ls (cap|max|inv|bt):  0| 0| 0| 0| runtime: 1375.8 ms | cr: 5503.3
    2049. dt:  0.25 ms | #newton:  1 | ph:  0.0% | #CG/newton: 3031 | ls (cap|max|inv|bt):  0| 0| 0| 0| runtime: 1369.2 ms | cr: 5476.7
    2050. dt:  0.25 ms | #newton:  1 | ph:  0.0% | #CG/newton: 3036 | ls (cap|max|inv|bt):  0| 0| 0| 0| runtime: 1373.5 ms | cr: 5493.8
    2051. dt:  0.25 ms | #newton:  1 | ph:  0.0% | #CG/newton: 3023 | ls (cap|max|inv|bt):  0| 0| 0| 0| runtime: 1373.6 ms | cr: 5494.3
    2052. dt:  0.25 ms | #newton:  1 | ph:  0.0% | #CG/newton: 3270 | ls (cap|max|inv|bt):  0| 0| 0| 0| runtime: 1471.8 ms | cr: 5887.4
    2053. dt:  0.25 ms | #newton:  1 | ph:  0.0% | #CG/newton: 3020 | ls (cap|max|inv|bt):  0| 0| 0| 0| runtime: 1358.9 ms | cr: 5435.4
    2054. dt:  0.25 ms | #newton:  1 | ph:  0.0% | #CG/newton: 3001 | ls (cap|max|inv|bt):  0| 0| 0| 0| runtime: 1362.1 ms | cr: 5448.4
    2055. dt:  0.25 ms | #newton:  1 | ph:  0.0% | #CG/newton: 3007 | ls (cap|max|inv|bt):  0| 0| 0| 0| runtime: 1368.2 ms | cr: 5472.6
    2056. dt:  0.25 ms | #newton:  1 | ph:  0.0% | #CG/newton: 3255 | ls (cap|max|inv|bt):  0| 0| 0| 0| runtime: 1504.7 ms | cr: 6018.7
    2057. dt:  0.25 ms | #newton:  1 | ph:  0.0% | #CG/newton: 3241 | ls (cap|max|inv|bt):  0| 0| 0| 0| runtime: 1456.6 ms | cr: 5826.3
    2058. dt:  0.25 ms | #newton:  1 | ph:  0.0% | #CG/newton: 3215 | ls (cap|max|inv|bt):  0| 0| 0| 0| runtime: 1441.2 ms | cr: 5764.8
    2059. dt:  0.25 ms | #newton:  1 | ph:  0.0% | #CG/newton: 3211 | ls (cap|max|inv|bt):  0| 0| 0| 0| runtime: 1454.3 ms | cr: 5817.2
    2060. dt:  0.25 ms | #newton:  1 | ph:  0.0% | #CG/newton: 3208 | ls (cap|max|inv|bt):  0| 0| 0| 0| runtime: 1448.5 ms | cr: 5794.1
    2061. dt:  0.25 ms | #newton:  1 | ph:  0.0% | #CG/newton: 3227 | ls (cap|max|inv|bt):  0| 0| 0| 0| runtime: 1460.9 ms | cr: 5843.7
    2062. dt:  0.25 ms | #newton:  1 | ph:  0.0% | #CG/newton: 3169 | ls (cap|max|inv|bt):  0| 0| 0| 0| runtime: 1428.0 ms | cr: 5712.0
    2063. dt:  0.25 ms | #newton:  1 | ph:  0.0% | #CG/newton: 3167 | ls (cap|max|inv|bt):  0| 0| 0| 0| runtime: 1435.0 ms | cr: 5740.1
    2064. dt:  0.25 ms | #newton:  1 | ph:  0.0% | #CG/newton: 3216 | ls (cap|max|inv|bt):  0| 0| 0| 0| runtime: 1454.9 ms | cr: 5819.8
    2065. dt:  0.25 ms | #newton:  1 | ph:  0.0% | #CG/newton: 3215 | ls (cap|max|inv|bt):  0| 0| 0| 0| runtime: 1456.9 ms | cr: 5827.6
    2066. dt:  0.25 ms | #newton:  1 | ph:  0.0% | #CG/newton: 3418 | ls (cap|max|inv|bt):  0| 0| 0| 0| runtime: 1536.7 ms | cr: 6146.9
    2067. dt:  0.25 ms | #newton:  1 | ph:  0.0% | #CG/newton: 1664 | ls (cap|max|inv|bt):  0| 0| 0| 0| runtime:  822.6 ms | cr: 3290.3
    2068. dt:  0.25 ms | #newton:  1 | ph:  0.0% | #CG/newton: 1658 | ls (cap|max|inv|bt):  0| 0| 0| 0| runtime:  801.0 ms | cr: 3203.9
    2069. dt:  0.25 ms | #newton:  1 | ph:  0.0% | #CG/newton: 1650 | ls (cap|max|inv|bt):  0| 0| 0| 0| runtime:  799.8 ms | cr: 3199.1
    2070. dt:  0.25 ms | #newton:  1 | ph:  0.0% | #CG/newton: 1632 | ls (cap|max|inv|bt):  0| 0| 0| 0| runtime:  799.9 ms | cr: 3199.5
    2071. dt:  0.25 ms | #newton:  1 | ph:  0.0% | #CG/newton: 1621 | ls (cap|max|inv|bt):  0| 0| 0| 0| runtime:  782.9 ms | cr: 3131.6
    2072. dt:  0.25 ms | #newton:  1 | ph:  0.0% | #CG/newton: 1612 | ls (cap|max|inv|bt):  0| 0| 0| 0| runtime:  787.0 ms | cr: 3148.0
    2073. dt:  0.25 ms | #newton:  1 | ph:  0.0% | #CG/newton: 1602 | ls (cap|max|inv|bt):  0| 0| 0| 0| runtime:  785.4 ms | cr: 3141.4
    2074. dt:  0.25 ms | #newton:  1 | ph:  0.0% | #CG/newton: 1604 | ls (cap|max|inv|bt):  0| 0| 0| 0| runtime:  787.5 ms | cr: 3150.0
    2075. dt:  0.25 ms | #newton:  1 | ph:  0.0% | #CG/newton: 1598 | ls (cap|max|inv|bt):  0| 0| 0| 0| runtime:  774.4 ms | cr: 3097.5
    2076. dt:  0.25 ms | #newton:  1 | ph:  0.0% | #CG/newton: 1601 | ls (cap|max|inv|bt):  0| 0| 0| 0| runtime:  782.2 ms | cr: 3128.6
    2077. dt:  0.25 ms | #newton:  1 | ph:  0.0% | #CG/newton: 1601 | ls (cap|max|inv|bt):  0| 0| 0| 0| runtime:  791.2 ms | cr: 3164.9
    2078. dt:  0.25 ms | #newton:  1 | ph:  0.0% | #CG/newton: 1814 | ls (cap|max|inv|bt):  0| 0| 0| 0| runtime:  868.4 ms | cr: 3473.4
    2079. dt:  0.25 ms | #newton:  1 | ph:  0.0% | #CG/newton: 1820 | ls (cap|max|inv|bt):  0| 0| 0| 0| runtime:  867.4 ms | cr: 3469.7
    2080. dt:  0.25 ms | #newton:  1 | ph:  0.0% | #CG/newton: 1808 | ls (cap|max|inv|bt):  0| 0| 0| 0| runtime:  866.9 ms | cr: 3467.5
    2081. dt:  0.25 ms | #newton:  1 | ph:  0.0% | #CG/newton: 1795 | ls (cap|max|inv|bt):  0| 0| 0| 0| runtime:  855.6 ms | cr: 3422.4
    2082. dt:  0.25 ms | #newton:  1 | ph:  0.0% | #CG/newton: 3662 | ls (cap|max|inv|bt):  0| 0| 0| 0| runtime: 1638.0 ms | cr: 6551.8
    2083. dt:  0.25 ms | #newton:  1 | ph:  0.0% | #CG/newton: 3628 | ls (cap|max|inv|bt):  0| 0| 0| 0| runtime: 1624.6 ms | cr: 6498.3
    2084. dt:  0.25 ms | #newton:  1 | ph:  0.0% | #CG/newton: 3628 | ls (cap|max|inv|bt):  0| 0| 0| 0| runtime: 1627.0 ms | cr: 6508.1
    2085. dt:  0.25 ms | #newton:  1 | ph:  0.0% | #CG/newton: 3635 | ls (cap|max|inv|bt):  0| 0| 0| 0| runtime: 1624.7 ms | cr: 6498.8
    2086. dt:  0.25 ms | #newton:  1 | ph:  0.0% | #CG/newton: 3461 | ls (cap|max|inv|bt):  0| 0| 0| 0| runtime: 1569.5 ms | cr: 6278.0
    2087. dt:  0.25 ms | #newton:  1 | ph:  0.0% | #CG/newton: 3634 | ls (cap|max|inv|bt):  0| 0| 0| 0| runtime: 1625.3 ms | cr: 6501.1
    2088. dt:  0.25 ms | #newton:  1 | ph:  0.0% | #CG/newton: 3642 | ls (cap|max|inv|bt):  0| 0| 0| 0| runtime: 1623.3 ms | cr: 6493.3
    2089. dt:  0.25 ms | #newton:  1 | ph:  0.0% | #CG/newton: 3635 | ls (cap|max|inv|bt):  0| 0| 0| 0| runtime: 1628.3 ms | cr: 6513.3
    2090. dt:  0.25 ms | #newton:  1 | ph:  0.0% | #CG/newton: 3628 | ls (cap|max|inv|bt):  0| 0| 0| 0| runtime: 1620.4 ms | cr: 6481.6
    2091. dt:  0.25 ms | #newton:  1 | ph:  0.0% | #CG/newton: 3627 | ls (cap|max|inv|bt):  0| 0| 0| 0| runtime: 1623.0 ms | cr: 6492.0
    2092. dt:  0.25 ms | #newton:  1 | ph:  0.0% | #CG/newton: 3630 | ls (cap|max|inv|bt):  0| 0| 0| 0| runtime: 1616.9 ms | cr: 6467.7
    2093. dt:  0.25 ms | #newton:  1 | ph:  0.0% | #CG/newton: 3621 | ls (cap|max|inv|bt):  0| 0| 0| 0| runtime: 1618.6 ms | cr: 6474.2
    2094. dt:  0.25 ms | #newton:  1 | ph:  0.0% | #CG/newton: 3603 | ls (cap|max|inv|bt):  0| 0| 0| 0| runtime: 1601.2 ms | cr: 6404.6
    2095. dt:  0.25 ms | #newton:  1 | ph:  0.0% | #CG/newton: 3591 | ls (cap|max|inv|bt):  0| 0| 0| 0| runtime: 1611.1 ms | cr: 6444.5
    2096. dt:  0.25 ms | #newton:  1 | ph:  0.0% | #CG/newton: 3596 | ls (cap|max|inv|bt):  0| 0| 0| 0| runtime: 1620.4 ms | cr: 6481.6
    2097. dt:  0.25 ms | #newton:  1 | ph:  0.0% | #CG/newton: 3586 | ls (cap|max|inv|bt):  0| 0| 0| 0| runtime: 1606.2 ms | cr: 6424.9
    2098. dt:  0.25 ms | #newton:  1 | ph:  0.0% | #CG/newton: 3586 | ls (cap|max|inv|bt):  0| 0| 0| 0| runtime: 1619.3 ms | cr: 6477.3
    2099. dt:  0.25 ms | #newton:  1 | ph:  0.0% | #CG/newton: 3584 | ls (cap|max|inv|bt):  0| 0| 0| 0| runtime: 1608.4 ms | cr: 6433.4
    2100. dt:  0.25 ms | #newton:  1 | ph:  0.0% | #CG/newton: 3577 | ls (cap|max|inv|bt):  0| 0| 0| 0| runtime: 1590.7 ms | cr: 6362.7
    2101. dt:  0.25 ms | #newton:  1 | ph:  0.0% | #CG/newton: 3572 | ls (cap|max|inv|bt):  0| 0| 0| 0| runtime: 1605.5 ms | cr: 6422.2
    2102. dt:  0.25 ms | #newton:  1 | ph:  0.0% | #CG/newton: 3572 | ls (cap|max|inv|bt):  0| 0| 0| 0| runtime: 1596.9 ms | cr: 6387.6
    2103. dt:  0.25 ms | #newton:  1 | ph:  0.0% | #CG/newton: 3569 | ls (cap|max|inv|bt):  0| 0| 0| 0| runtime: 1612.2 ms | cr: 6448.9
    2104. dt:  0.25 ms | #newton:  1 | ph:  0.0% | #CG/newton: 3567 | ls (cap|max|inv|bt):  0| 0| 0| 0| runtime: 1598.0 ms | cr: 6391.9
    2105. dt:  0.25 ms | #newton:  1 | ph:  0.0% | #CG/newton: 3560 | ls (cap|max|inv|bt):  0| 0| 0| 0| runtime: 1632.3 ms | cr: 6529.1
    2106. dt:  0.25 ms | #newton:  1 | ph:  0.0% | #CG/newton: 3558 | ls (cap|max|inv|bt):  0| 0| 0| 0| runtime: 1603.5 ms | cr: 6413.8
    2107. dt:  0.25 ms | #newton:  1 | ph:  0.0% | #CG/newton: 3555 | ls (cap|max|inv|bt):  0| 0| 0| 0| runtime: 1598.2 ms | cr: 6392.7
    2108. dt:  0.25 ms | #newton:  1 | ph:  0.0% | #CG/newton: 3555 | ls (cap|max|inv|bt):  0| 0| 0| 0| runtime: 1592.0 ms | cr: 6368.1
    2109. dt:  0.25 ms | #newton:  1 | ph:  0.0% | #CG/newton: 3552 | ls (cap|max|inv|bt):  0| 0| 0| 0| runtime: 1592.6 ms | cr: 6370.5
    2110. dt:  0.25 ms | #newton:  1 | ph:  0.0% | #CG/newton: 3551 | ls (cap|max|inv|bt):  0| 0| 0| 0| runtime: 1598.0 ms | cr: 6391.9
    2111. dt:  0.25 ms | #newton:  1 | ph:  0.0% | #CG/newton: 3553 | ls (cap|max|inv|bt):  0| 0| 0| 0| runtime: 1594.4 ms | cr: 6377.4
    2112. dt:  0.25 ms | #newton:  1 | ph:  0.0% | #CG/newton: 3553 | ls (cap|max|inv|bt):  0| 0| 0| 0| runtime: 1592.3 ms | cr: 6369.2
    2113. dt:  0.25 ms | #newton:  1 | ph:  0.0% | #CG/newton: 3552 | ls (cap|max|inv|bt):  0| 0| 0| 0| runtime: 1604.4 ms | cr: 6417.5
    2114. dt:  0.25 ms | #newton:  1 | ph:  0.0% | #CG/newton: 3554 | ls (cap|max|inv|bt):  0| 0| 0| 0| runtime: 1592.3 ms | cr: 6369.1
    2115. dt:  0.25 ms | #newton:  1 | ph:  0.0% | #CG/newton: 3555 | ls (cap|max|inv|bt):  0| 0| 0| 0| runtime: 1594.8 ms | cr: 6379.3
    2116. dt:  0.25 ms | #newton:  1 | ph:  0.0% | #CG/newton: 3555 | ls (cap|max|inv|bt):  0| 0| 0| 0| runtime: 1599.6 ms | cr: 6398.3
    2117. dt:  0.25 ms | #newton:  1 | ph:  0.0% | #CG/newton: 3559 | ls (cap|max|inv|bt):  0| 0| 0| 0| runtime: 1584.2 ms | cr: 6336.8
    2118. dt:  0.25 ms | #newton:  1 | ph:  0.0% | #CG/newton: 3558 | ls (cap|max|inv|bt):  0| 0| 0| 0| runtime: 1607.2 ms | cr: 6428.8
    2119. dt:  0.25 ms | #newton:  1 | ph:  0.0% | #CG/newton: 3563 | ls (cap|max|inv|bt):  0| 0| 0| 0| runtime: 1608.1 ms | cr: 6432.5
    2120. dt:  0.25 ms | #newton:  1 | ph:  0.0% | #CG/newton: 3567 | ls (cap|max|inv|bt):  0| 0| 0| 0| runtime: 1618.4 ms | cr: 6473.5
    2121. dt:  0.25 ms | #newton:  1 | ph:  0.0% | #CG/newton: 3572 | ls (cap|max|inv|bt):  0| 0| 0| 0| runtime: 1622.7 ms | cr: 6490.8
    2122. dt:  0.25 ms | #newton:  1 | ph:  0.0% | #CG/newton: 3573 | ls (cap|max|inv|bt):  0| 0| 0| 0| runtime: 1616.2 ms | cr: 6464.9
    2123. dt:  0.25 ms | #newton:  1 | ph:  0.0% | #CG/newton: 3706 | ls (cap|max|inv|bt):  0| 0| 0| 0| runtime: 1683.1 ms | cr: 6732.2
    2124. dt:  0.25 ms | #newton:  1 | ph:  0.0% | #CG/newton: 3708 | ls (cap|max|inv|bt):  0| 0| 0| 0| runtime: 1666.5 ms | cr: 6666.2
    2125. dt:  0.25 ms | #newton:  1 | ph:  0.0% | #CG/newton: 3710 | ls (cap|max|inv|bt):  0| 0| 0| 0| runtime: 1663.2 ms | cr: 6652.8
    2126. dt:  0.25 ms | #newton:  1 | ph:  0.0% | #CG/newton: 3712 | ls (cap|max|inv|bt):  0| 0| 0| 0| runtime: 1665.0 ms | cr: 6660.0
    2127. dt:  0.25 ms | #newton:  1 | ph:  0.0% | #CG/newton: 3714 | ls (cap|max|inv|bt):  0| 0| 0| 0| runtime: 1768.3 ms | cr: 7073.1
    2128. dt:  0.25 ms | #newton:  1 | ph:  0.0% | #CG/newton: 3713 | ls (cap|max|inv|bt):  0| 0| 0| 0| runtime: 2950.8 ms | cr: 11803.3
    2129. dt:  0.25 ms | #newton:  1 | ph:  0.0% | #CG/newton: 3714 | ls (cap|max|inv|bt):  0| 0| 0| 0| runtime: 1626.8 ms | cr: 6507.2
    2130. dt:  0.25 ms | #newton:  1 | ph:  0.0% | #CG/newton: 3716 | ls (cap|max|inv|bt):  0| 0| 0| 0| runtime: 1617.3 ms | cr: 6469.1
    2131. dt:  0.25 ms | #newton:  1 | ph:  0.0% | #CG/newton: 3718 | ls (cap|max|inv|bt):  0| 0| 0| 0| runtime: 1633.9 ms | cr: 6535.5
    2132. dt:  0.25 ms | #newton:  1 | ph:  0.0% | #CG/newton: 3721 | ls (cap|max|inv|bt):  0| 0| 0| 0| runtime: 1679.2 ms | cr: 6716.9
    2133. dt:  0.25 ms | #newton:  1 | ph:  0.0% | #CG/newton: 3718 | ls (cap|max|inv|bt):  0| 0| 0| 0| runtime: 1662.9 ms | cr: 6651.6
[Frame: 16] Time: 0.533 s
    2134. dt:  0.25 ms | #newton:  1 | ph:  0.0% | #CG/newton: 3720 | ls (cap|max|inv|bt):  0| 0| 0| 0| runtime: 1662.1 ms | cr: 6648.5
    2135. dt:  0.25 ms | #newton:  1 | ph:  0.0% | #CG/newton: 3721 | ls (cap|max|inv|bt):  0| 0| 0| 0| runtime: 1660.8 ms | cr: 6643.1
    2136. dt:  0.25 ms | #newton:  1 | ph:  0.0% | #CG/newton: 3722 | ls (cap|max|inv|bt):  0| 0| 0| 0| runtime: 1716.4 ms | cr: 6865.6
    2137. dt:  0.25 ms | #newton:  1 | ph:  0.0% | #CG/newton: 3726 | ls (cap|max|inv|bt):  0| 0| 0| 0| runtime: 1672.9 ms | cr: 6691.6
    2138. dt:  0.25 ms | #newton:  1 | ph:  0.0% | #CG/newton: 3731 | ls (cap|max|inv|bt):  0| 0| 0| 0| runtime: 1649.9 ms | cr: 6599.8
    2139. dt:  0.25 ms | #newton:  1 | ph:  0.0% | #CG/newton: 3732 | ls (cap|max|inv|bt):  0| 0| 0| 0| runtime: 1660.5 ms | cr: 6642.0
    2140. dt:  0.25 ms | #newton:  1 | ph:  0.0% | #CG/newton: 3733 | ls (cap|max|inv|bt):  0| 0| 0| 0| runtime: 1667.6 ms | cr: 6670.5
    2141. dt:  0.25 ms | #newton:  1 | ph:  0.0% | #CG/newton: 3737 | ls (cap|max|inv|bt):  0| 0| 0| 0| runtime: 1662.6 ms | cr: 6650.3
    2142. dt:  0.25 ms | #newton:  1 | ph:  0.0% | #CG/newton: 3738 | ls (cap|max|inv|bt):  0| 0| 0| 0| runtime: 1671.6 ms | cr: 6686.4
    2143. dt:  0.25 ms | #newton:  1 | ph:  0.0% | #CG/newton: 3741 | ls (cap|max|inv|bt):  0| 0| 0| 0| runtime: 1659.7 ms | cr: 6638.6
    2144. dt:  0.25 ms | #newton:  1 | ph:  0.0% | #CG/newton: 3743 | ls (cap|max|inv|bt):  0| 0| 0| 0| runtime: 1658.1 ms | cr: 6632.5
    2145. dt:  0.25 ms | #newton:  1 | ph:  0.0% | #CG/newton: 3611 | ls (cap|max|inv|bt):  0| 0| 0| 0| runtime: 1613.5 ms | cr: 6454.0
    2146. dt:  0.25 ms | #newton:  1 | ph:  0.0% | #CG/newton: 3611 | ls (cap|max|inv|bt):  0| 0| 0| 0| runtime: 1615.4 ms | cr: 6461.5
    2147. dt:  0.25 ms | #newton:  1 | ph:  0.0% | #CG/newton: 3607 | ls (cap|max|inv|bt):  0| 0| 0| 0| runtime: 1598.7 ms | cr: 6394.9
    2148. dt:  0.25 ms | #newton:  1 | ph:  0.0% | #CG/newton: 3605 | ls (cap|max|inv|bt):  0| 0| 0| 0| runtime: 1645.1 ms | cr: 6580.2
    2149. dt:  0.25 ms | #newton:  1 | ph:  0.0% | #CG/newton: 3603 | ls (cap|max|inv|bt):  0| 0| 0| 0| runtime: 1616.8 ms | cr: 6467.1
    2150. dt:  0.25 ms | #newton:  1 | ph:  0.0% | #CG/newton: 3604 | ls (cap|max|inv|bt):  0| 0| 0| 0| runtime: 1617.5 ms | cr: 6469.9
    2151. dt:  0.25 ms | #newton:  1 | ph:  0.0% | #CG/newton: 3601 | ls (cap|max|inv|bt):  0| 0| 0| 0| runtime: 1635.6 ms | cr: 6542.3
    2152. dt:  0.25 ms | #newton:  1 | ph:  0.0% | #CG/newton: 3597 | ls (cap|max|inv|bt):  0| 0| 0| 0| runtime: 1622.9 ms | cr: 6491.6
    2153. dt:  0.25 ms | #newton:  1 | ph:  0.0% | #CG/newton: 3602 | ls (cap|max|inv|bt):  0| 0| 0| 0| runtime: 1618.4 ms | cr: 6473.6
    2154. dt:  0.25 ms | #newton:  1 | ph:  0.0% | #CG/newton: 3614 | ls (cap|max|inv|bt):  0| 0| 0| 0| runtime: 1617.6 ms | cr: 6470.3
    2155. dt:  0.25 ms | #newton:  1 | ph:  0.0% | #CG/newton: 3611 | ls (cap|max|inv|bt):  0| 0| 0| 0| runtime: 1636.2 ms | cr: 6544.8
    2156. dt:  0.25 ms | #newton:  1 | ph:  0.0% | #CG/newton: 3607 | ls (cap|max|inv|bt):  0| 0| 0| 0| runtime: 1630.2 ms | cr: 6521.0
    2157. dt:  0.25 ms | #newton:  1 | ph:  0.0% | #CG/newton: 3460 | ls (cap|max|inv|bt):  0| 0| 0| 0| runtime: 1549.4 ms | cr: 6197.7
    2158. dt:  0.25 ms | #newton:  1 | ph:  0.0% | #CG/newton: 3611 | ls (cap|max|inv|bt):  0| 0| 0| 0| runtime: 1630.0 ms | cr: 6520.0
    2159. dt:  0.25 ms | #newton:  1 | ph:  0.0% | #CG/newton: 3615 | ls (cap|max|inv|bt):  0| 0| 0| 0| runtime: 1617.1 ms | cr: 6468.4
    2160. dt:  0.25 ms | #newton:  1 | ph:  0.0% | #CG/newton: 3621 | ls (cap|max|inv|bt):  0| 0| 0| 0| runtime: 1616.2 ms | cr: 6464.6
    2161. dt:  0.25 ms | #newton:  1 | ph:  0.0% | #CG/newton: 3621 | ls (cap|max|inv|bt):  0| 0| 0| 0| runtime: 1620.4 ms | cr: 6481.6
    2162. dt:  0.25 ms | #newton:  1 | ph:  0.0% | #CG/newton: 3624 | ls (cap|max|inv|bt):  0| 0| 0| 0| runtime: 1608.1 ms | cr: 6432.5
    2163. dt:  0.25 ms | #newton:  1 | ph:  0.0% | #CG/newton: 3625 | ls (cap|max|inv|bt):  0| 0| 0| 0| runtime: 1631.9 ms | cr: 6527.7
    2164. dt:  0.25 ms | #newton:  1 | ph:  0.0% | #CG/newton: 3624 | ls (cap|max|inv|bt):  0| 0| 0| 0| runtime: 1621.3 ms | cr: 6485.3
    2165. dt:  0.25 ms | #newton:  1 | ph:  0.0% | #CG/newton: 3624 | ls (cap|max|inv|bt):  0| 0| 0| 0| runtime: 1620.1 ms | cr: 6480.5
    2166. dt:  0.25 ms | #newton:  1 | ph:  0.0% | #CG/newton: 3612 | ls (cap|max|inv|bt):  0| 0| 0| 0| runtime: 1616.7 ms | cr: 6466.8
    2167. dt:  0.25 ms | #newton:  1 | ph:  0.0% | #CG/newton: 3635 | ls (cap|max|inv|bt):  0| 0| 0| 0| runtime: 1634.9 ms | cr: 6539.8
    2168. dt:  0.25 ms | #newton:  1 | ph:  0.0% | #CG/newton: 3610 | ls (cap|max|inv|bt):  0| 0| 0| 0| runtime: 1627.0 ms | cr: 6507.9
    2169. dt:  0.25 ms | #newton:  1 | ph:  0.0% | #CG/newton: 3808 | ls (cap|max|inv|bt):  0| 0| 0| 0| runtime: 1706.2 ms | cr: 6824.8
    2170. dt:  0.25 ms | #newton:  1 | ph:  0.0% | #CG/newton: 3809 | ls (cap|max|inv|bt):  0| 0| 0| 0| runtime: 1702.3 ms | cr: 6809.1
    2171. dt:  0.25 ms | #newton:  1 | ph:  0.0% | #CG/newton: 3804 | ls (cap|max|inv|bt):  0| 0| 0| 0| runtime: 1683.7 ms | cr: 6734.8
    2172. dt:  0.25 ms | #newton:  1 | ph:  0.0% | #CG/newton: 3799 | ls (cap|max|inv|bt):  0| 0| 0| 0| runtime: 1720.2 ms | cr: 6880.9
    2173. dt:  0.25 ms | #newton:  2 | ph:  0.0% | #CG/newton: 1901 | ls (cap|max|inv|bt):  0| 0| 0| 0| runtime: 1760.8 ms | cr: 7043.3
    2174. dt:  0.25 ms | #newton:  1 | ph:  0.0% | #CG/newton: 3608 | ls (cap|max|inv|bt):  0| 0| 0| 0| runtime: 1612.8 ms | cr: 6451.0
    2175. dt:  0.25 ms | #newton:  1 | ph:  0.0% | #CG/newton: 3814 | ls (cap|max|inv|bt):  0| 0| 0| 0| runtime: 1709.9 ms | cr: 6839.5
    2176. dt:  0.25 ms | #newton:  1 | ph:  0.0% | #CG/newton: 3802 | ls (cap|max|inv|bt):  0| 0| 0| 0| runtime: 1702.1 ms | cr: 6808.4
    2177. dt:  0.25 ms | #newton:  1 | ph:  0.0% | #CG/newton: 3606 | ls (cap|max|inv|bt):  0| 0| 0| 0| runtime: 1621.1 ms | cr: 6484.4
    2178. dt:  0.25 ms | #newton:  1 | ph:  0.0% | #CG/newton: 3606 | ls (cap|max|inv|bt):  0| 0| 0| 0| runtime: 1660.6 ms | cr: 6642.4
    2179. dt:  0.25 ms | #newton:  1 | ph:  0.0% | #CG/newton: 3634 | ls (cap|max|inv|bt):  0| 0| 0| 0| runtime: 1642.2 ms | cr: 6568.8
    2180. dt:  0.25 ms | #newton:  1 | ph:  0.0% | #CG/newton: 3806 | ls (cap|max|inv|bt):  0| 0| 0| 0| runtime: 1696.5 ms | cr: 6786.1
    2181. dt:  0.25 ms | #newton:  1 | ph:  0.0% | #CG/newton: 3814 | ls (cap|max|inv|bt):  0| 0| 0| 0| runtime: 1692.7 ms | cr: 6770.8
    2182. dt:  0.25 ms | #newton:  1 | ph:  0.0% | #CG/newton: 3663 | ls (cap|max|inv|bt):  0| 0| 0| 0| runtime: 1647.4 ms | cr: 6589.5
    2183. dt:  0.25 ms | #newton:  1 | ph:  0.0% | #CG/newton: 3821 | ls (cap|max|inv|bt):  0| 0| 0| 0| runtime: 1702.2 ms | cr: 6808.7
    2184. dt:  0.25 ms | #newton:  1 | ph:  0.0% | #CG/newton: 3805 | ls (cap|max|inv|bt):  0| 0| 0| 0| runtime: 1692.8 ms | cr: 6771.3
    2185. dt:  0.25 ms | #newton:  1 | ph:  0.0% | #CG/newton: 3833 | ls (cap|max|inv|bt):  0| 0| 0| 0| runtime: 1702.0 ms | cr: 6808.1
    2186. dt:  0.25 ms | #newton:  1 | ph:  0.0% | #CG/newton: 3831 | ls (cap|max|inv|bt):  0| 0| 0| 0| runtime: 1704.8 ms | cr: 6819.2
    2187. dt:  0.25 ms | #newton:  1 | ph:  0.0% | #CG/newton: 3834 | ls (cap|max|inv|bt):  0| 0| 0| 0| runtime: 1709.9 ms | cr: 6839.7
    2188. dt:  0.25 ms | #newton:  1 | ph:  0.0% | #CG/newton: 3796 | ls (cap|max|inv|bt):  0| 0| 0| 0| runtime: 1690.7 ms | cr: 6762.9
    2189. dt:  0.25 ms | #newton:  1 | ph:  0.0% | #CG/newton: 3628 | ls (cap|max|inv|bt):  0| 0| 0| 0| runtime: 1634.8 ms | cr: 6539.3
    2190. dt:  0.25 ms | #newton:  1 | ph:  0.0% | #CG/newton: 3818 | ls (cap|max|inv|bt):  0| 0| 0| 0| runtime: 1701.9 ms | cr: 6807.8
    2191. dt:  0.25 ms | #newton:  1 | ph:  0.0% | #CG/newton: 3963 | ls (cap|max|inv|bt):  0| 0| 0| 0| runtime: 1768.3 ms | cr: 7073.2
    2192. dt:  0.25 ms | #newton:  1 | ph:  0.0% | #CG/newton: 3779 | ls (cap|max|inv|bt):  0| 0| 0| 0| runtime: 1737.4 ms | cr: 6949.8
    2193. dt:  0.25 ms | #newton:  1 | ph:  0.0% | #CG/newton: 3763 | ls (cap|max|inv|bt):  0| 0| 0| 0| runtime: 1683.9 ms | cr: 6735.6
    2194. dt:  0.25 ms | #newton:  1 | ph:  0.0% | #CG/newton: 3786 | ls (cap|max|inv|bt):  0| 0| 0| 0| runtime: 1710.6 ms | cr: 6842.5
    2195. dt:  0.25 ms | #newton:  1 | ph:  0.0% | #CG/newton: 3962 | ls (cap|max|inv|bt):  0| 0| 0| 0| runtime: 1764.9 ms | cr: 7059.5
    2196. dt:  0.25 ms | #newton:  1 | ph:  0.0% | #CG/newton: 3730 | ls (cap|max|inv|bt):  0| 0| 0| 0| runtime: 1668.3 ms | cr: 6673.1
    2197. dt:  0.25 ms | #newton:  1 | ph:  0.0% | #CG/newton: 3578 | ls (cap|max|inv|bt):  0| 0| 0| 0| runtime: 1595.6 ms | cr: 6382.5
    2198. dt:  0.25 ms | #newton:  1 | ph:  0.0% | #CG/newton: 3760 | ls (cap|max|inv|bt):  0| 0| 0| 0| runtime: 1680.6 ms | cr: 6722.3
    2199. dt:  0.25 ms | #newton:  1 | ph:  0.0% | #CG/newton: 3772 | ls (cap|max|inv|bt):  0| 0| 0| 0| runtime: 1690.5 ms | cr: 6761.8
    2200. dt:  0.25 ms | #newton:  1 | ph:  0.0% | #CG/newton: 3940 | ls (cap|max|inv|bt):  0| 0| 0| 0| runtime: 1765.9 ms | cr: 7063.5
    2201. dt:  0.25 ms | #newton:  1 | ph:  0.0% | #CG/newton: 3942 | ls (cap|max|inv|bt):  0| 0| 0| 0| runtime: 1749.3 ms | cr: 6997.3
    2202. dt:  0.25 ms | #newton:  1 | ph:  0.0% | #CG/newton: 3937 | ls (cap|max|inv|bt):  0| 0| 0| 0| runtime: 1745.2 ms | cr: 6980.6
    2203. dt:  0.25 ms | #newton:  1 | ph:  0.0% | #CG/newton: 3930 | ls (cap|max|inv|bt):  0| 0| 0| 0| runtime: 1782.4 ms | cr: 7129.4
    2204. dt:  0.25 ms | #newton:  1 | ph:  0.0% | #CG/newton: 3924 | ls (cap|max|inv|bt):  0| 0| 0| 0| runtime: 1774.3 ms | cr: 7097.3
    2205. dt:  0.25 ms | #newton:  1 | ph:  0.0% | #CG/newton: 3919 | ls (cap|max|inv|bt):  0| 0| 0| 0| runtime: 1747.9 ms | cr: 6991.6
    2206. dt:  0.25 ms | #newton:  1 | ph:  0.0% | #CG/newton: 3726 | ls (cap|max|inv|bt):  0| 0| 0| 0| runtime: 1669.2 ms | cr: 6676.9
    2207. dt:  0.25 ms | #newton:  1 | ph:  0.0% | #CG/newton: 3734 | ls (cap|max|inv|bt):  0| 0| 0| 0| runtime: 1667.2 ms | cr: 6668.9
    2208. dt:  0.25 ms | #newton:  1 | ph:  0.0% | #CG/newton: 3911 | ls (cap|max|inv|bt):  0| 0| 0| 0| runtime: 1746.1 ms | cr: 6984.5
    2209. dt:  0.25 ms | #newton:  1 | ph:  0.0% | #CG/newton: 3916 | ls (cap|max|inv|bt):  0| 0| 0| 0| runtime: 1736.5 ms | cr: 6945.9
    2210. dt:  0.25 ms | #newton:  1 | ph:  0.0% | #CG/newton: 3932 | ls (cap|max|inv|bt):  0| 0| 0| 0| runtime: 1747.8 ms | cr: 6991.3
    2211. dt:  0.25 ms | #newton:  1 | ph:  0.0% | #CG/newton: 4077 | ls (cap|max|inv|bt):  0| 0| 0| 0| runtime: 1816.4 ms | cr: 7265.5
    2212. dt:  0.25 ms | #newton:  1 | ph:  0.0% | #CG/newton: 4072 | ls (cap|max|inv|bt):  0| 0| 0| 0| runtime: 1814.2 ms | cr: 7256.9
    2213. dt:  0.25 ms | #newton:  1 | ph:  0.0% | #CG/newton: 3907 | ls (cap|max|inv|bt):  0| 0| 0| 0| runtime: 1735.0 ms | cr: 6940.0
    2214. dt:  0.25 ms | #newton:  1 | ph:  0.0% | #CG/newton: 4056 | ls (cap|max|inv|bt):  0| 0| 0| 0| runtime: 1800.5 ms | cr: 7202.0
    2215. dt:  0.25 ms | #newton:  1 | ph:  0.0% | #CG/newton: 4079 | ls (cap|max|inv|bt):  0| 0| 0| 0| runtime: 1803.4 ms | cr: 7213.5
    2216. dt:  0.25 ms | #newton:  1 | ph:  0.0% | #CG/newton: 3889 | ls (cap|max|inv|bt):  0| 0| 0| 0| runtime: 1739.6 ms | cr: 6958.3
    2217. dt:  0.25 ms | #newton:  1 | ph:  0.0% | #CG/newton: 3881 | ls (cap|max|inv|bt):  0| 0| 0| 0| runtime: 1725.8 ms | cr: 6903.3
    2218. dt:  0.25 ms | 
    Penetration couldn't be avoided. Contact stiffness hardened from 1.0e+08 to 2.0e+08.
