
================================== Settings ==============================
Stark Settings
     Output
         simulation_name: "mechanical_eval"
         output_directory: "/Users/wikios/.codex/worktrees/2c13/sim/examples/rotary_transmission/runs/candidate_025_contract_1_9_0/vtk"
         codegen_directory: "/Users/wikios/.codex/worktrees/2c13/sim/examples/rotary_transmission/runs/candidate_025_contract_1_9_0/codegen"
         time_stamp: "2026-08-17__22-45-34"
         fps: 30
         console_verbosity: Summary
         file_verbosity: Full
         enable_frame_writes: true
         enable_output: true
     Simulation
         gravity: (0.000000, 0.000000, -9.810000)
         init_frictional_contact: true
         max_time_step_size: 2.5000e-04
         use_adaptive_time_step: false
         time_step_size_success_multiplier: 1.05
         time_step_size_lower_bound: 1.0e-06
     Newton's Method
         Iteration limits
             max_iterations: 2147483647
             min_iterations: 0
         Convergence
             residual_tolerance_abs: 1.0e-06
             residual_tolerance_rel: 0.0e+00
             step_tolerance: 1.0e-03
             max_iterations_as_success: false
         Line search
             step_cap: inf
             enable_armijo_backtracking: true
             armijo_beta: 1.0e-04
             max_armijo_iterations: 20
             max_invalid_state_iterations: 8
             print_line_search_upon_failure: false
         Hessian projection
             projection_mode: Progressive
             projection_eps: 1.0e-10
             use_mirroring: false
             on_demand_countdown: 4
             ppn_tightening_factor: 0.50
             ppn_release_factor: 2.00
         Linear solver
             solver: BDPCG
             cg_max_iterations: 10000
             cg_abs_tolerance: 1.0e-12
             cg_rel_tolerance: 1.0e-04
             cg_stop_on_indefiniteness: true
             bailout_residual: 1.0e-10
     Execution
         allowed_execution_time: 1.8e+308
         end_simulation_time: 1.8e+308
         end_frame: 2147483647
         n_threads: 5

==================================== SymX ================================
Second Order Potentials:
    EnergyLumpedInertia.............................queued for compilation
    EnergyPrescribedPositions.......................queued for compilation
    EnergyAttachments_d_d_e_e.......................queued for compilation
    rb_constraint_global_directions.................queued for compilation
    EnergySegmentStrain.............................queued for compilation
    friction_d_d_pt_C0..............................queued for compilation
    EnergySegmentStrain_Elasticity_Only.............queued for compilation
    EnergyAttachments_rb_d..........................queued for compilation
    contact_d_d_pt_pp_cubic.........................queued for compilation
    friction_d_d_ee_C0..............................queued for compilation
    contact_d_d_pt_pe_cubic.........................queued for compilation
    rb_constraint_points............................queued for compilation
    contact_d_d_pt_pt_cubic.........................queued for compilation
    EnergyTriangleStrain............................queued for compilation
    friction_rb_rb_pp_C0............................queued for compilation
    EnergyTriangleStrain_Elasticity_Only............queued for compilation
    contact_d_d_ee_pp_cubic.........................queued for compilation
    rb_constraint_point_on_axis.....................queued for compilation
    contact_rb_rb_ee_ee_cubic.......................queued for compilation
    contact_d_d_ee_pe_cubic.........................queued for compilation
    rb_constraint_distances.........................queued for compilation
    EnergyDiscreteShells............................queued for compilation
    friction_rb_rb_pe_C0............................queued for compilation
    EnergyBendingFlat...............................queued for compilation
    contact_rb_d_pt_pp_cubic........................queued for compilation
    contact_d_d_ee_ee_cubic.........................queued for compilation
    rb_constraint_distance_limits...................queued for compilation
    contact_rb_rb_pt_pp_cubic.......................queued for compilation
    friction_rb_rb_pt_C0............................queued for compilation
    rb_constraint_directions........................queued for compilation
    contact_rb_d_pt_pe_cubic........................queued for compilation
    rb_constraint_angle_limits......................queued for compilation
    contact_rb_rb_pt_pe_cubic.......................queued for compilation
    EnergyTetStrain.................................queued for compilation
    friction_rb_rb_ee_C0............................queued for compilation
    friction_rb_d_pp_C0.............................queued for compilation
    rb_constraint_damped_spring.....................queued for compilation
    EnergyTetStrain_Elasticity_Only.................queued for compilation
    EnergyRigidBodyInertia_Linear...................queued for compilation
    EnergyRigidBodyInertia_Angular..................queued for compilation
    contact_rb_d_pt_pt_cubic........................queued for compilation
    rb_constraint_linear_velocity...................queued for compilation
    contact_rb_rb_pt_pt_cubic.......................queued for compilation
    friction_rb_d_pe_C0.............................queued for compilation
    rb_constraint_global_points.....................queued for compilation
    EnergyAttachments_d_d_p_t.......................queued for compilation
    rb_constraint_angular_velocity..................queued for compilation
    EnergyAttachments_d_d_p_e.......................queued for compilation
    EnergyAttachments_d_d_p_p.......................queued for compilation
    friction_d_d_pe_C0..............................queued for compilation
    friction_d_d_pp_C0..............................queued for compilation
    contact_rb_d_pt_ep_cubic........................queued for compilation
    friction_rb_d_pt_C0.............................queued for compilation
    contact_rb_d_pt_tp_cubic........................queued for compilation
    friction_rb_d_ee_C0.............................queued for compilation
    friction_rb_d_ep_C0.............................queued for compilation
    contact_rb_d_ee_ep_cubic........................queued for compilation
    contact_rb_rb_ee_pe_cubic.......................queued for compilation
    friction_rb_d_tp_C0.............................queued for compilation
    contact_rb_rb_ee_pp_cubic.......................queued for compilation
    contact_rb_d_ee_pp_cubic........................queued for compilation
    contact_rb_d_ee_ee_cubic........................queued for compilation
    contact_rb_d_ee_pe_cubic........................queued for compilation
Compiling... done.
Total time: 22.785622 s

Degrees of freedom:
soft.v1: 72516
rigid.v1: 21
rigid.w1: 21
Total: 72558

==================================== STARK ===============================
[Frame: 0] Time: 0.000 s
    0. dt:  0.25 ms | #newton:  0 | ph:  0.0% | #CG/newton:    0 | ls (cap|max|inv|bt):  0| 0| 0| 0| runtime:  139.1 ms | cr:  556.2
    1. dt:  0.25 ms | #newton:  0 | ph:  0.0% | #CG/newton:    0 | ls (cap|max|inv|bt):  0| 0| 0| 0| runtime:  118.6 ms | cr:  474.5
    2. dt:  0.25 ms | #newton:  0 | ph:  0.0% | #CG/newton:    0 | ls (cap|max|inv|bt):  0| 0| 0| 0| runtime:  114.1 ms | cr:  456.2
    3. dt:  0.25 ms | #newton:  0 | ph:  0.0% | #CG/newton:    0 | ls (cap|max|inv|bt):  0| 0| 0| 0| runtime:  118.5 ms | cr:  474.2
    4. dt:  0.25 ms | #newton:  0 | ph:  0.0% | #CG/newton:    0 | ls (cap|max|inv|bt):  0| 0| 0| 0| runtime:  116.9 ms | cr:  467.6
    5. dt:  0.25 ms | #newton:  0 | ph:  0.0% | #CG/newton:    0 | ls (cap|max|inv|bt):  0| 0| 0| 0| runtime:  121.3 ms | cr:  485.3
    6. dt:  0.25 ms | #newton:  0 | ph:  0.0% | #CG/newton:    0 | ls (cap|max|inv|bt):  0| 0| 0| 0| runtime:  116.1 ms | cr:  464.4
    7. dt:  0.25 ms | #newton:  0 | ph:  0.0% | #CG/newton:    0 | ls (cap|max|inv|bt):  0| 0| 0| 0| runtime:  121.5 ms | cr:  485.9
    8. dt:  0.25 ms | #newton:  0 | ph:  0.0% | #CG/newton:    0 | ls (cap|max|inv|bt):  0| 0| 0| 0| runtime:  116.6 ms | cr:  466.5
    9. dt:  0.25 ms | #newton:  0 | ph:  0.0% | #CG/newton:    0 | ls (cap|max|inv|bt):  0| 0| 0| 0| runtime:  117.6 ms | cr:  470.4
    10. dt:  0.25 ms | #newton:  0 | ph:  0.0% | #CG/newton:    0 | ls (cap|max|inv|bt):  0| 0| 0| 0| runtime:  119.0 ms | cr:  475.8
    11. dt:  0.25 ms | #newton:  0 | ph:  0.0% | #CG/newton:    0 | ls (cap|max|inv|bt):  0| 0| 0| 0| runtime:  115.7 ms | cr:  462.6
    12. dt:  0.25 ms | #newton:  0 | ph:  0.0% | #CG/newton:    0 | ls (cap|max|inv|bt):  0| 0| 0| 0| runtime:  117.3 ms | cr:  469.4
    13. dt:  0.25 ms | #newton:  0 | ph:  0.0% | #CG/newton:    0 | ls (cap|max|inv|bt):  0| 0| 0| 0| runtime:  117.4 ms | cr:  469.7
    14. dt:  0.25 ms | #newton:  0 | ph:  0.0% | #CG/newton:    0 | ls (cap|max|inv|bt):  0| 0| 0| 0| runtime:  118.6 ms | cr:  474.2
    15. dt:  0.25 ms | #newton:  0 | ph:  0.0% | #CG/newton:    0 | ls (cap|max|inv|bt):  0| 0| 0| 0| runtime:  117.2 ms | cr:  468.8
    16. dt:  0.25 ms | #newton:  0 | ph:  0.0% | #CG/newton:    0 | ls (cap|max|inv|bt):  0| 0| 0| 0| runtime:  118.4 ms | cr:  473.7
    17. dt:  0.25 ms | #newton:  0 | ph:  0.0% | #CG/newton:    0 | ls (cap|max|inv|bt):  0| 0| 0| 0| runtime:  117.7 ms | cr:  470.8
    18. dt:  0.25 ms | #newton:  0 | ph:  0.0% | #CG/newton:    0 | ls (cap|max|inv|bt):  0| 0| 0| 0| runtime:  118.2 ms | cr:  472.6
    19. dt:  0.25 ms | #newton:  0 | ph:  0.0% | #CG/newton:    0 | ls (cap|max|inv|bt):  0| 0| 0| 0| runtime:  116.7 ms | cr:  466.9
    20. dt:  0.25 ms | #newton:  0 | ph:  0.0% | #CG/newton:    0 | ls (cap|max|inv|bt):  0| 0| 0| 0| runtime:  115.6 ms | cr:  462.4
    21. dt:  0.25 ms | #newton:  0 | ph:  0.0% | #CG/newton:    0 | ls (cap|max|inv|bt):  0| 0| 0| 0| runtime:  116.8 ms | cr:  467.1
    22. dt:  0.25 ms | #newton:  0 | ph:  0.0% | #CG/newton:    0 | ls (cap|max|inv|bt):  0| 0| 0| 0| runtime:  117.5 ms | cr:  470.0
    23. dt:  0.25 ms | #newton:  0 | ph:  0.0% | #CG/newton:    0 | ls (cap|max|inv|bt):  0| 0| 0| 0| runtime:  120.6 ms | cr:  482.2
    24. dt:  0.25 ms | #newton:  0 | ph:  0.0% | #CG/newton:    0 | ls (cap|max|inv|bt):  0| 0| 0| 0| runtime:  116.7 ms | cr:  466.9
    25. dt:  0.25 ms | #newton:  0 | ph:  0.0% | #CG/newton:    0 | ls (cap|max|inv|bt):  0| 0| 0| 0| runtime:  119.7 ms | cr:  478.6
    26. dt:  0.25 ms | #newton:  0 | ph:  0.0% | #CG/newton:    0 | ls (cap|max|inv|bt):  0| 0| 0| 0| runtime:  120.2 ms | cr:  480.6
    27. dt:  0.25 ms | #newton:  0 | ph:  0.0% | #CG/newton:    0 | ls (cap|max|inv|bt):  0| 0| 0| 0| runtime:  122.1 ms | cr:  488.2
    28. dt:  0.25 ms | #newton:  0 | ph:  0.0% | #CG/newton:    0 | ls (cap|max|inv|bt):  0| 0| 0| 0| runtime:  117.5 ms | cr:  469.8
    29. dt:  0.25 ms | #newton:  0 | ph:  0.0% | #CG/newton:    0 | ls (cap|max|inv|bt):  0| 0| 0| 0| runtime:  116.7 ms | cr:  466.8
    30. dt:  0.25 ms | #newton:  0 | ph:  0.0% | #CG/newton:    0 | ls (cap|max|inv|bt):  0| 0| 0| 0| runtime:  115.1 ms | cr:  460.5
    31. dt:  0.25 ms | #newton:  0 | ph:  0.0% | #CG/newton:    0 | ls (cap|max|inv|bt):  0| 0| 0| 0| runtime:  116.1 ms | cr:  464.5
    32. dt:  0.25 ms | #newton:  0 | ph:  0.0% | #CG/newton:    0 | ls (cap|max|inv|bt):  0| 0| 0| 0| runtime:  117.0 ms | cr:  468.1
    33. dt:  0.25 ms | #newton:  0 | ph:  0.0% | #CG/newton:    0 | ls (cap|max|inv|bt):  0| 0| 0| 0| runtime:  116.2 ms | cr:  464.9
    34. dt:  0.25 ms | #newton:  0 | ph:  0.0% | #CG/newton:    0 | ls (cap|max|inv|bt):  0| 0| 0| 0| runtime:  116.2 ms | cr:  464.8
    35. dt:  0.25 ms | #newton:  0 | ph:  0.0% | #CG/newton:    0 | ls (cap|max|inv|bt):  0| 0| 0| 0| runtime:  116.9 ms | cr:  467.5
    36. dt:  0.25 ms | #newton:  0 | ph:  0.0% | #CG/newton:    0 | ls (cap|max|inv|bt):  0| 0| 0| 0| runtime:  121.6 ms | cr:  486.3
    37. dt:  0.25 ms | #newton:  0 | ph:  0.0% | #CG/newton:    0 | ls (cap|max|inv|bt):  0| 0| 0| 0| runtime:  120.2 ms | cr:  480.7
    38. dt:  0.25 ms | #newton:  0 | ph:  0.0% | #CG/newton:    0 | ls (cap|max|inv|bt):  0| 0| 0| 0| runtime:  119.8 ms | cr:  479.1
    39. dt:  0.25 ms | #newton:  0 | ph:  0.0% | #CG/newton:    0 | ls (cap|max|inv|bt):  0| 0| 0| 0| runtime:  115.4 ms | cr:  461.5
    40. dt:  0.25 ms | #newton:  0 | ph:  0.0% | #CG/newton:    0 | ls (cap|max|inv|bt):  0| 0| 0| 0| runtime:  116.2 ms | cr:  464.7
    41. dt:  0.25 ms | #newton:  0 | ph:  0.0% | #CG/newton:    0 | ls (cap|max|inv|bt):  0| 0| 0| 0| runtime:  116.8 ms | cr:  467.4
    42. dt:  0.25 ms | #newton:  0 | ph:  0.0% | #CG/newton:    0 | ls (cap|max|inv|bt):  0| 0| 0| 0| runtime:  119.8 ms | cr:  479.2
    43. dt:  0.25 ms | #newton:  0 | ph:  0.0% | #CG/newton:    0 | ls (cap|max|inv|bt):  0| 0| 0| 0| runtime:  122.0 ms | cr:  488.0
    44. dt:  0.25 ms | #newton:  0 | ph:  0.0% | #CG/newton:    0 | ls (cap|max|inv|bt):  0| 0| 0| 0| runtime:  119.9 ms | cr:  479.8
    45. dt:  0.25 ms | #newton:  0 | ph:  0.0% | #CG/newton:    0 | ls (cap|max|inv|bt):  0| 0| 0| 0| runtime:  118.0 ms | cr:  472.0
    46. dt:  0.25 ms | #newton:  1 | ph:  0.0% | #CG/newton:  106 | ls (cap|max|inv|bt):  0| 0| 0| 0| runtime:  183.5 ms | cr:  733.9
    47. dt:  0.25 ms | #newton:  0 | ph:  0.0% | #CG/newton:    0 | ls (cap|max|inv|bt):  0| 0| 0| 0| runtime:   58.2 ms | cr:  232.9
    48. dt:  0.25 ms | #newton:  0 | ph:  0.0% | #CG/newton:    0 | ls (cap|max|inv|bt):  0| 0| 0| 0| runtime:   57.9 ms | cr:  231.6
    49. dt:  0.25 ms | #newton:  0 | ph:  0.0% | #CG/newton:    0 | ls (cap|max|inv|bt):  0| 0| 0| 0| runtime:   57.5 ms | cr:  230.2
    50. dt:  0.25 ms | #newton:  0 | ph:  0.0% | #CG/newton:    0 | ls (cap|max|inv|bt):  0| 0| 0| 0| runtime:   58.8 ms | cr:  235.3
    51. dt:  0.25 ms | #newton:  0 | ph:  0.0% | #CG/newton:    0 | ls (cap|max|inv|bt):  0| 0| 0| 0| runtime:   58.5 ms | cr:  234.1
    52. dt:  0.25 ms | #newton:  0 | ph:  0.0% | #CG/newton:    0 | ls (cap|max|inv|bt):  0| 0| 0| 0| runtime:   62.1 ms | cr:  248.6
    53. dt:  0.25 ms | #newton:  0 | ph:  0.0% | #CG/newton:    0 | ls (cap|max|inv|bt):  0| 0| 0| 0| runtime:   57.4 ms | cr:  229.7
    54. dt:  0.25 ms | #newton:  0 | ph:  0.0% | #CG/newton:    0 | ls (cap|max|inv|bt):  0| 0| 0| 0| runtime:   58.9 ms | cr:  235.5
    55. dt:  0.25 ms | #newton:  0 | ph:  0.0% | #CG/newton:    0 | ls (cap|max|inv|bt):  0| 0| 0| 0| runtime:   58.5 ms | cr:  234.2
    56. dt:  0.25 ms | #newton:  0 | ph:  0.0% | #CG/newton:    0 | ls (cap|max|inv|bt):  0| 0| 0| 0| runtime:   58.3 ms | cr:  233.1
    57. dt:  0.25 ms | #newton:  0 | ph:  0.0% | #CG/newton:    0 | ls (cap|max|inv|bt):  0| 0| 0| 0| runtime:   57.4 ms | cr:  229.5
    58. dt:  0.25 ms | #newton:  0 | ph:  0.0% | #CG/newton:    0 | ls (cap|max|inv|bt):  0| 0| 0| 0| runtime:   56.8 ms | cr:  227.3
    59. dt:  0.25 ms | #newton:  0 | ph:  0.0% | #CG/newton:    0 | ls (cap|max|inv|bt):  0| 0| 0| 0| runtime:   61.1 ms | cr:  244.3
    60. dt:  0.25 ms | #newton:  0 | ph:  0.0% | #CG/newton:    0 | ls (cap|max|inv|bt):  0| 0| 0| 0| runtime:   57.6 ms | cr:  230.6
    61. dt:  0.25 ms | #newton:  0 | ph:  0.0% | #CG/newton:    0 | ls (cap|max|inv|bt):  0| 0| 0| 0| runtime:   58.0 ms | cr:  232.1
    62. dt:  0.25 ms | #newton:  0 | ph:  0.0% | #CG/newton:    0 | ls (cap|max|inv|bt):  0| 0| 0| 0| runtime:   57.7 ms | cr:  230.9
    63. dt:  0.25 ms | #newton:  0 | ph:  0.0% | #CG/newton:    0 | ls (cap|max|inv|bt):  0| 0| 0| 0| runtime:   62.7 ms | cr:  251.0
    64. dt:  0.25 ms | #newton:  0 | ph:  0.0% | #CG/newton:    0 | ls (cap|max|inv|bt):  0| 0| 0| 0| runtime:   59.0 ms | cr:  236.2
    65. dt:  0.25 ms | #newton:  0 | ph:  0.0% | #CG/newton:    0 | ls (cap|max|inv|bt):  0| 0| 0| 0| runtime:   59.5 ms | cr:  238.2
    66. dt:  0.25 ms | #newton:  0 | ph:  0.0% | #CG/newton:    0 | ls (cap|max|inv|bt):  0| 0| 0| 0| runtime:   58.0 ms | cr:  232.0
    67. dt:  0.25 ms | #newton:  1 | ph:  0.0% | #CG/newton:  426 | ls (cap|max|inv|bt):  0| 0| 0| 0| runtime:  306.4 ms | cr: 1225.7
    68. dt:  0.25 ms | #newton:  1 | ph:  0.0% | #CG/newton:    1 | ls (cap|max|inv|bt):  0| 0| 0| 0| runtime:  132.9 ms | cr:  531.5
    69. dt:  0.25 ms | #newton:  1 | ph:  0.0% | #CG/newton:    1 | ls (cap|max|inv|bt):  0| 0| 0| 0| runtime:  132.4 ms | cr:  529.7
    70. dt:  0.25 ms | #newton:  1 | ph:  0.0% | #CG/newton:    1 | ls (cap|max|inv|bt):  0| 0| 0| 0| runtime:  136.8 ms | cr:  547.2
    71. dt:  0.25 ms | #newton:  1 | ph:  0.0% | #CG/newton:    2 | ls (cap|max|inv|bt):  0| 0| 0| 0| runtime:  139.8 ms | cr:  559.1
    72. dt:  0.25 ms | #newton:  1 | ph:  0.0% | #CG/newton:    1 | ls (cap|max|inv|bt):  0| 0| 0| 0| runtime:  136.6 ms | cr:  546.5
    73. dt:  0.25 ms | #newton:  1 | ph:  0.0% | #CG/newton:    1 | ls (cap|max|inv|bt):  0| 0| 0| 0| runtime:  135.3 ms | cr:  541.1
    74. dt:  0.25 ms | #newton:  1 | ph:  0.0% | #CG/newton:    1 | ls (cap|max|inv|bt):  0| 0| 0| 0| runtime:  133.7 ms | cr:  534.7
    75. dt:  0.25 ms | #newton:  1 | ph:  0.0% | #CG/newton:    1 | ls (cap|max|inv|bt):  0| 0| 0| 0| runtime:  134.1 ms | cr:  536.3
    76. dt:  0.25 ms | #newton:  1 | ph:  0.0% | #CG/newton:    1 | ls (cap|max|inv|bt):  0| 0| 0| 0| runtime:  133.2 ms | cr:  532.6
    77. dt:  0.25 ms | #newton:  1 | ph:  0.0% | #CG/newton:    2 | ls (cap|max|inv|bt):  0| 0| 0| 0| runtime:  136.2 ms | cr:  544.9
    78. dt:  0.25 ms | #newton:  1 | ph:  0.0% | #CG/newton:    1 | ls (cap|max|inv|bt):  0| 0| 0| 0| runtime:  134.3 ms | cr:  537.2
    79. dt:  0.25 ms | #newton:  1 | ph:  0.0% | #CG/newton:    1 | ls (cap|max|inv|bt):  0| 0| 0| 0| runtime:  138.1 ms | cr:  552.5
    80. dt:  0.25 ms | #newton:  1 | ph:  0.0% | #CG/newton:    1 | ls (cap|max|inv|bt):  0| 0| 0| 0| runtime:  136.7 ms | cr:  547.0
    81. dt:  0.25 ms | #newton:  1 | ph:  0.0% | #CG/newton:    1 | ls (cap|max|inv|bt):  0| 0| 0| 0| runtime:  133.3 ms | cr:  533.1
    82. dt:  0.25 ms | #newton:  1 | ph:  0.0% | #CG/newton:    1 | ls (cap|max|inv|bt):  0| 0| 0| 0| runtime:  138.2 ms | cr:  552.7
    83. dt:  0.25 ms | #newton:  1 | ph:  0.0% | #CG/newton:    1 | ls (cap|max|inv|bt):  0| 0| 0| 0| runtime:  136.4 ms | cr:  545.4
    84. dt:  0.25 ms | #newton:  1 | ph:  0.0% | #CG/newton:    2 | ls (cap|max|inv|bt):  0| 0| 0| 0| runtime:  132.0 ms | cr:  528.0
    85. dt:  0.25 ms | #newton:  1 | ph:  0.0% | #CG/newton:    1 | ls (cap|max|inv|bt):  0| 0| 0| 0| runtime:  135.0 ms | cr:  539.9
    86. dt:  0.25 ms | #newton:  1 | ph:  0.0% | #CG/newton:    1 | ls (cap|max|inv|bt):  0| 0| 0| 0| runtime:  137.0 ms | cr:  548.1
    87. dt:  0.25 ms | #newton:  1 | ph:  0.0% | #CG/newton:    1 | ls (cap|max|inv|bt):  0| 0| 0| 0| runtime:  139.6 ms | cr:  558.3
    88. dt:  0.25 ms | #newton:  1 | ph:  0.0% | #CG/newton:    1 | ls (cap|max|inv|bt):  0| 0| 0| 0| runtime:  136.6 ms | cr:  546.3
    89. dt:  0.25 ms | #newton:  1 | ph:  0.0% | #CG/newton:    2 | ls (cap|max|inv|bt):  0| 0| 0| 0| runtime:  134.1 ms | cr:  536.4
    90. dt:  0.25 ms | #newton:  1 | ph:  0.0% | #CG/newton:    1 | ls (cap|max|inv|bt):  0| 0| 0| 0| runtime:  133.2 ms | cr:  532.9
    91. dt:  0.25 ms | #newton:  1 | ph:  0.0% | #CG/newton:    1 | ls (cap|max|inv|bt):  0| 0| 0| 0| runtime:  139.0 ms | cr:  556.1
    92. dt:  0.25 ms | #newton:  1 | ph:  0.0% | #CG/newton:    1 | ls (cap|max|inv|bt):  0| 0| 0| 0| runtime:  135.7 ms | cr:  542.7
    93. dt:  0.25 ms | #newton:  1 | ph:  0.0% | #CG/newton:    1 | ls (cap|max|inv|bt):  0| 0| 0| 0| runtime:  133.4 ms | cr:  533.8
    94. dt:  0.25 ms | #newton:  1 | ph:  0.0% | #CG/newton:    2 | ls (cap|max|inv|bt):  0| 0| 0| 0| runtime:  134.3 ms | cr:  537.1
    95. dt:  0.25 ms | #newton:  1 | ph:  0.0% | #CG/newton:    1 | ls (cap|max|inv|bt):  0| 0| 0| 0| runtime:  133.4 ms | cr:  533.7
    96. dt:  0.25 ms | #newton:  1 | ph:  0.0% | #CG/newton:    1 | ls (cap|max|inv|bt):  0| 0| 0| 0| runtime:  138.0 ms | cr:  551.8
    97. dt:  0.25 ms | #newton:  1 | ph:  0.0% | #CG/newton:    1 | ls (cap|max|inv|bt):  0| 0| 0| 0| runtime:  133.7 ms | cr:  534.7
    98. dt:  0.25 ms | #newton:  1 | ph:  0.0% | #CG/newton:    1 | ls (cap|max|inv|bt):  0| 0| 0| 0| runtime:  133.3 ms | cr:  533.1
    99. dt:  0.25 ms | #newton:  1 | ph:  0.0% | #CG/newton:    2 | ls (cap|max|inv|bt):  0| 0| 0| 0| runtime:  131.6 ms | cr:  526.5
    100. dt:  0.25 ms | #newton:  1 | ph:  0.0% | #CG/newton:    1 | ls (cap|max|inv|bt):  0| 0| 0| 0| runtime:  138.6 ms | cr:  554.2
    101. dt:  0.25 ms | #newton:  1 | ph:  0.0% | #CG/newton:    1 | ls (cap|max|inv|bt):  0| 0| 0| 0| runtime:  132.3 ms | cr:  529.4
    102. dt:  0.25 ms | #newton:  1 | ph:  0.0% | #CG/newton:    1 | ls (cap|max|inv|bt):  0| 0| 0| 0| runtime:  135.6 ms | cr:  542.3
    103. dt:  0.25 ms | #newton:  1 | ph:  0.0% | #CG/newton:    1 | ls (cap|max|inv|bt):  0| 0| 0| 0| runtime:  136.9 ms | cr:  547.8
    104. dt:  0.25 ms | #newton:  1 | ph:  0.0% | #CG/newton:    2 | ls (cap|max|inv|bt):  0| 0| 0| 0| runtime:  135.9 ms | cr:  543.4
    105. dt:  0.25 ms | #newton:  1 | ph:  0.0% | #CG/newton:    1 | ls (cap|max|inv|bt):  0| 0| 0| 0| runtime:  131.9 ms | cr:  527.4
    106. dt:  0.25 ms | #newton:  1 | ph:  0.0% | #CG/newton:    1 | ls (cap|max|inv|bt):  0| 0| 0| 0| runtime:  133.1 ms | cr:  532.4
    107. dt:  0.25 ms | #newton:  1 | ph:  0.0% | #CG/newton:    1 | ls (cap|max|inv|bt):  0| 0| 0| 0| runtime:  133.2 ms | cr:  532.7
    108. dt:  0.25 ms | #newton:  1 | ph:  0.0% | #CG/newton:    1 | ls (cap|max|inv|bt):  0| 0| 0| 0| runtime:  136.1 ms | cr:  544.5
    109. dt:  0.25 ms | #newton:  1 | ph:  0.0% | #CG/newton:    2 | ls (cap|max|inv|bt):  0| 0| 0| 0| runtime:  137.1 ms | cr:  548.2
    110. dt:  0.25 ms | #newton:  1 | ph:  0.0% | #CG/newton:    1 | ls (cap|max|inv|bt):  0| 0| 0| 0| runtime:  133.9 ms | cr:  535.6
    111. dt:  0.25 ms | #newton:  1 | ph:  0.0% | #CG/newton:    1 | ls (cap|max|inv|bt):  0| 0| 0| 0| runtime:  150.2 ms | cr:  600.9
    112. dt:  0.25 ms | #newton:  1 | ph:  0.0% | #CG/newton:    1 | ls (cap|max|inv|bt):  0| 0| 0| 0| runtime:  163.0 ms | cr:  651.9
    113. dt:  0.25 ms | #newton:  1 | ph:  0.0% | #CG/newton:    2 | ls (cap|max|inv|bt):  0| 0| 0| 0| runtime:  140.0 ms | cr:  559.9
    114. dt:  0.25 ms | #newton:  1 | ph:  0.0% | #CG/newton:    1 | ls (cap|max|inv|bt):  0| 0| 0| 0| runtime:  139.5 ms | cr:  557.8
    115. dt:  0.25 ms | #newton:  1 | ph:  0.0% | #CG/newton:    1 | ls (cap|max|inv|bt):  0| 0| 0| 0| runtime:  131.3 ms | cr:  525.4
    116. dt:  0.25 ms | #newton:  1 | ph:  0.0% | #CG/newton:    1 | ls (cap|max|inv|bt):  0| 0| 0| 0| runtime:  138.9 ms | cr:  555.7
    117. dt:  0.25 ms | #newton:  1 | ph:  0.0% | #CG/newton:    2 | ls (cap|max|inv|bt):  0| 0| 0| 0| runtime:  135.5 ms | cr:  542.1
    118. dt:  0.25 ms | #newton:  1 | ph:  0.0% | #CG/newton:    1 | ls (cap|max|inv|bt):  0| 0| 0| 0| runtime:  136.1 ms | cr:  544.5
    119. dt:  0.25 ms | #newton:  1 | ph:  0.0% | #CG/newton:    1 | ls (cap|max|inv|bt):  0| 0| 0| 0| runtime:  133.5 ms | cr:  533.8
    120. dt:  0.25 ms | #newton:  1 | ph:  0.0% | #CG/newton:    1 | ls (cap|max|inv|bt):  0| 0| 0| 0| runtime:  134.5 ms | cr:  537.8
    121. dt:  0.25 ms | #newton:  1 | ph:  0.0% | #CG/newton:    1 | ls (cap|max|inv|bt):  0| 0| 0| 0| runtime:  135.7 ms | cr:  542.9
    122. dt:  0.25 ms | #newton:  1 | ph:  0.0% | #CG/newton:    2 | ls (cap|max|inv|bt):  0| 0| 0| 0| runtime:  138.7 ms | cr:  554.7
    123. dt:  0.25 ms | #newton:  1 | ph:  0.0% | #CG/newton:    1 | ls (cap|max|inv|bt):  0| 0| 0| 0| runtime:  134.7 ms | cr:  538.9
    124. dt:  0.25 ms | #newton:  1 | ph:  0.0% | #CG/newton:    1 | ls (cap|max|inv|bt):  0| 0| 0| 0| runtime:  138.6 ms | cr:  554.5
    125. dt:  0.25 ms | #newton:  1 | ph:  0.0% | #CG/newton:    1 | ls (cap|max|inv|bt):  0| 0| 0| 0| runtime:  131.9 ms | cr:  527.6
    126. dt:  0.25 ms | #newton:  1 | ph:  0.0% | #CG/newton:    1 | ls (cap|max|inv|bt):  0| 0| 0| 0| runtime:  131.5 ms | cr:  526.1
    127. dt:  0.25 ms | #newton:  1 | ph:  0.0% | #CG/newton:    2 | ls (cap|max|inv|bt):  0| 0| 0| 0| runtime:  135.4 ms | cr:  541.5
    128. dt:  0.25 ms | #newton:  1 | ph:  0.0% | #CG/newton:    1 | ls (cap|max|inv|bt):  0| 0| 0| 0| runtime:  130.9 ms | cr:  523.6
    129. dt:  0.25 ms | #newton:  1 | ph:  0.0% | #CG/newton:    1 | ls (cap|max|inv|bt):  0| 0| 0| 0| runtime:  138.9 ms | cr:  555.4
    130. dt:  0.25 ms | #newton:  1 | ph:  0.0% | #CG/newton:    1 | ls (cap|max|inv|bt):  0| 0| 0| 0| runtime:  137.2 ms | cr:  548.9
    131. dt:  0.25 ms | #newton:  1 | ph:  0.0% | #CG/newton:    2 | ls (cap|max|inv|bt):  0| 0| 0| 0| runtime:  135.3 ms | cr:  541.3
    132. dt:  0.25 ms | #newton:  1 | ph:  0.0% | #CG/newton:    1 | ls (cap|max|inv|bt):  0| 0| 0| 0| runtime:  134.4 ms | cr:  537.7
    133. dt:  0.25 ms | #newton:  1 | ph:  0.0% | #CG/newton:    1 | ls (cap|max|inv|bt):  0| 0| 0| 0| runtime:  137.5 ms | cr:  549.9
[Frame: 1] Time: 0.034 s
    134. dt:  0.25 ms | #newton:  1 | ph:  0.0% | #CG/newton:    1 | ls (cap|max|inv|bt):  0| 0| 0| 0| runtime:  135.7 ms | cr:  542.6
    135. dt:  0.25 ms | #newton:  1 | ph:  0.0% | #CG/newton:    2 | ls (cap|max|inv|bt):  0| 0| 0| 0| runtime:  133.2 ms | cr:  532.6
    136. dt:  0.25 ms | #newton:  1 | ph:  0.0% | #CG/newton:    1 | ls (cap|max|inv|bt):  0| 0| 0| 0| runtime:  143.5 ms | cr:  573.8
    137. dt:  0.25 ms | #newton:  1 | ph:  0.0% | #CG/newton:    1 | ls (cap|max|inv|bt):  0| 0| 0| 0| runtime:  135.5 ms | cr:  542.1
    138. dt:  0.25 ms | #newton:  1 | ph:  0.0% | #CG/newton:    1 | ls (cap|max|inv|bt):  0| 0| 0| 0| runtime:  133.8 ms | cr:  535.1
    139. dt:  0.25 ms | #newton:  1 | ph:  0.0% | #CG/newton:    1 | ls (cap|max|inv|bt):  0| 0| 0| 0| runtime:  138.0 ms | cr:  552.2
    140. dt:  0.25 ms | #newton:  1 | ph:  0.0% | #CG/newton:    2 | ls (cap|max|inv|bt):  0| 0| 0| 0| runtime:  134.9 ms | cr:  539.4
    141. dt:  0.25 ms | #newton:  1 | ph:  0.0% | #CG/newton:    1 | ls (cap|max|inv|bt):  0| 0| 0| 0| runtime:  138.7 ms | cr:  554.9
    142. dt:  0.25 ms | #newton:  1 | ph:  0.0% | #CG/newton:    1 | ls (cap|max|inv|bt):  0| 0| 0| 0| runtime:  135.3 ms | cr:  541.1
    143. dt:  0.25 ms | #newton:  1 | ph:  0.0% | #CG/newton:    1 | ls (cap|max|inv|bt):  0| 0| 0| 0| runtime:  135.1 ms | cr:  540.3
    144. dt:  0.25 ms | #newton:  1 | ph:  0.0% | #CG/newton:    2 | ls (cap|max|inv|bt):  0| 0| 0| 0| runtime:  132.4 ms | cr:  529.6
    145. dt:  0.25 ms | #newton:  1 | ph:  0.0% | #CG/newton:    1 | ls (cap|max|inv|bt):  0| 0| 0| 0| runtime:  134.1 ms | cr:  536.3
    146. dt:  0.25 ms | #newton:  1 | ph:  0.0% | #CG/newton:    1 | ls (cap|max|inv|bt):  0| 0| 0| 0| runtime:  130.3 ms | cr:  521.2
    147. dt:  0.25 ms | #newton:  1 | ph:  0.0% | #CG/newton:    1 | ls (cap|max|inv|bt):  0| 0| 0| 0| runtime:  131.7 ms | cr:  526.8
    148. dt:  0.25 ms | #newton:  1 | ph:  0.0% | #CG/newton:    2 | ls (cap|max|inv|bt):  0| 0| 0| 0| runtime:  135.3 ms | cr:  541.0
    149. dt:  0.25 ms | #newton:  1 | ph:  0.0% | #CG/newton:    1 | ls (cap|max|inv|bt):  0| 0| 0| 0| runtime:  133.0 ms | cr:  532.1
    150. dt:  0.25 ms | #newton:  1 | ph:  0.0% | #CG/newton:    1 | ls (cap|max|inv|bt):  0| 0| 0| 0| runtime:  138.5 ms | cr:  554.2
    151. dt:  0.25 ms | #newton:  1 | ph:  0.0% | #CG/newton:    1 | ls (cap|max|inv|bt):  0| 0| 0| 0| runtime:  133.7 ms | cr:  534.7
    152. dt:  0.25 ms | #newton:  1 | ph:  0.0% | #CG/newton:    1 | ls (cap|max|inv|bt):  0| 0| 0| 0| runtime:  137.3 ms | cr:  549.1
    153. dt:  0.25 ms | #newton:  1 | ph:  0.0% | #CG/newton:    2 | ls (cap|max|inv|bt):  0| 0| 0| 0| runtime:  137.1 ms | cr:  548.2
    154. dt:  0.25 ms | #newton:  1 | ph:  0.0% | #CG/newton:    1 | ls (cap|max|inv|bt):  0| 0| 0| 0| runtime:  133.8 ms | cr:  535.3
    155. dt:  0.25 ms | #newton:  1 | ph:  0.0% | #CG/newton:    1 | ls (cap|max|inv|bt):  0| 0| 0| 0| runtime:  132.9 ms | cr:  531.7
    156. dt:  0.25 ms | #newton:  1 | ph:  0.0% | #CG/newton:    1 | ls (cap|max|inv|bt):  0| 0| 0| 0| runtime:  134.8 ms | cr:  539.2
    157. dt:  0.25 ms | #newton:  1 | ph:  0.0% | #CG/newton:    2 | ls (cap|max|inv|bt):  0| 0| 0| 0| runtime:  137.6 ms | cr:  550.5
    158. dt:  0.25 ms | #newton:  1 | ph:  0.0% | #CG/newton:    1 | ls (cap|max|inv|bt):  0| 0| 0| 0| runtime:  133.2 ms | cr:  532.6
    159. dt:  0.25 ms | #newton:  1 | ph:  0.0% | #CG/newton:    1 | ls (cap|max|inv|bt):  0| 0| 0| 0| runtime:  139.7 ms | cr:  558.7
    160. dt:  0.25 ms | #newton:  1 | ph:  0.0% | #CG/newton:    1 | ls (cap|max|inv|bt):  0| 0| 0| 0| runtime:  134.1 ms | cr:  536.3
    161. dt:  0.25 ms | #newton:  1 | ph:  0.0% | #CG/newton:    2 | ls (cap|max|inv|bt):  0| 0| 0| 0| runtime:  138.2 ms | cr:  552.8
    162. dt:  0.25 ms | #newton:  1 | ph:  0.0% | #CG/newton:    1 | ls (cap|max|inv|bt):  0| 0| 0| 0| runtime:  136.1 ms | cr:  544.3
    163. dt:  0.25 ms | #newton:  1 | ph:  0.0% | #CG/newton:    1 | ls (cap|max|inv|bt):  0| 0| 0| 0| runtime:  138.2 ms | cr:  552.9
    164. dt:  0.25 ms | #newton:  1 | ph:  0.0% | #CG/newton:    1 | ls (cap|max|inv|bt):  0| 0| 0| 0| runtime:  140.8 ms | cr:  563.0
    165. dt:  0.25 ms | #newton:  1 | ph:  0.0% | #CG/newton:    1 | ls (cap|max|inv|bt):  0| 0| 0| 0| runtime:  133.3 ms | cr:  533.1
    166. dt:  0.25 ms | #newton:  1 | ph:  0.0% | #CG/newton:    2 | ls (cap|max|inv|bt):  0| 0| 0| 0| runtime:  134.3 ms | cr:  537.3
    167. dt:  0.25 ms | #newton:  1 | ph:  0.0% | #CG/newton:    1 | ls (cap|max|inv|bt):  0| 0| 0| 0| runtime:  138.7 ms | cr:  554.9
    168. dt:  0.25 ms | #newton:  1 | ph:  0.0% | #CG/newton:    1 | ls (cap|max|inv|bt):  0| 0| 0| 0| runtime:  134.0 ms | cr:  536.0
    169. dt:  0.25 ms | #newton:  1 | ph:  0.0% | #CG/newton:    1 | ls (cap|max|inv|bt):  0| 0| 0| 0| runtime:  135.7 ms | cr:  542.9
    170. dt:  0.25 ms | #newton:  1 | ph:  0.0% | #CG/newton:    2 | ls (cap|max|inv|bt):  0| 0| 0| 0| runtime:  140.6 ms | cr:  562.3
    171. dt:  0.25 ms | #newton:  1 | ph:  0.0% | #CG/newton:    1 | ls (cap|max|inv|bt):  0| 0| 0| 0| runtime:  132.4 ms | cr:  529.7
    172. dt:  0.25 ms | #newton:  1 | ph:  0.0% | #CG/newton:    1 | ls (cap|max|inv|bt):  0| 0| 0| 0| runtime:  133.6 ms | cr:  534.5
    173. dt:  0.25 ms | #newton:  1 | ph:  0.0% | #CG/newton:    1 | ls (cap|max|inv|bt):  0| 0| 0| 0| runtime:  130.2 ms | cr:  520.7
    174. dt:  0.25 ms | #newton:  1 | ph:  0.0% | #CG/newton:    2 | ls (cap|max|inv|bt):  0| 0| 0| 0| runtime:  136.5 ms | cr:  546.0
    175. dt:  0.25 ms | #newton:  1 | ph:  0.0% | #CG/newton:    1 | ls (cap|max|inv|bt):  0| 0| 0| 0| runtime:  135.1 ms | cr:  540.3
    176. dt:  0.25 ms | #newton:  1 | ph:  0.0% | #CG/newton:    1 | ls (cap|max|inv|bt):  0| 0| 0| 0| runtime:  135.4 ms | cr:  541.5
    177. dt:  0.25 ms | #newton:  1 | ph:  0.0% | #CG/newton:    1 | ls (cap|max|inv|bt):  0| 0| 0| 0| runtime:  135.9 ms | cr:  543.5
    178. dt:  0.25 ms | #newton:  1 | ph:  0.0% | #CG/newton:    1 | ls (cap|max|inv|bt):  0| 0| 0| 0| runtime:  136.1 ms | cr:  544.4
    179. dt:  0.25 ms | #newton:  1 | ph:  0.0% | #CG/newton:    2 | ls (cap|max|inv|bt):  0| 0| 0| 0| runtime:  138.6 ms | cr:  554.3
    180. dt:  0.25 ms | #newton:  1 | ph:  0.0% | #CG/newton:    1 | ls (cap|max|inv|bt):  0| 0| 0| 0| runtime:  135.5 ms | cr:  542.1
    181. dt:  0.25 ms | #newton:  1 | ph:  0.0% | #CG/newton:    1 | ls (cap|max|inv|bt):  0| 0| 0| 0| runtime:  139.5 ms | cr:  557.8
    182. dt:  0.25 ms | #newton:  1 | ph:  0.0% | #CG/newton:    1 | ls (cap|max|inv|bt):  0| 0| 0| 0| runtime:  135.5 ms | cr:  541.8
    183. dt:  0.25 ms | #newton:  1 | ph:  0.0% | #CG/newton:    2 | ls (cap|max|inv|bt):  0| 0| 0| 0| runtime:  134.0 ms | cr:  535.8
    184. dt:  0.25 ms | #newton:  1 | ph:  0.0% | #CG/newton:    1 | ls (cap|max|inv|bt):  0| 0| 0| 0| runtime:  141.6 ms | cr:  566.3
    185. dt:  0.25 ms | #newton:  1 | ph:  0.0% | #CG/newton:    1 | ls (cap|max|inv|bt):  0| 0| 0| 0| runtime:  139.1 ms | cr:  556.3
    186. dt:  0.25 ms | #newton:  1 | ph:  0.0% | #CG/newton:    1 | ls (cap|max|inv|bt):  0| 0| 0| 0| runtime:  135.8 ms | cr:  543.4
    187. dt:  0.25 ms | #newton:  1 | ph:  0.0% | #CG/newton:    2 | ls (cap|max|inv|bt):  0| 0| 0| 0| runtime:  137.8 ms | cr:  551.1
    188. dt:  0.25 ms | #newton:  1 | ph:  0.0% | #CG/newton:    1 | ls (cap|max|inv|bt):  0| 0| 0| 0| runtime:  137.5 ms | cr:  549.9
    189. dt:  0.25 ms | #newton:  1 | ph:  0.0% | #CG/newton:    1 | ls (cap|max|inv|bt):  0| 0| 0| 0| runtime:  137.2 ms | cr:  548.9
    190. dt:  0.25 ms | #newton:  1 | ph:  0.0% | #CG/newton:    1 | ls (cap|max|inv|bt):  0| 0| 0| 0| runtime:  139.9 ms | cr:  559.7
    191. dt:  0.25 ms | #newton:  1 | ph:  0.0% | #CG/newton:    1 | ls (cap|max|inv|bt):  0| 0| 0| 0| runtime:  136.9 ms | cr:  547.8
    192. dt:  0.25 ms | #newton:  1 | ph:  0.0% | #CG/newton:    2 | ls (cap|max|inv|bt):  0| 0| 0| 0| runtime:  135.9 ms | cr:  543.6
    193. dt:  0.25 ms | #newton:  1 | ph:  0.0% | #CG/newton:    1 | ls (cap|max|inv|bt):  0| 0| 0| 0| runtime:  142.4 ms | cr:  569.7
    194. dt:  0.25 ms | #newton:  1 | ph:  0.0% | #CG/newton:    1 | ls (cap|max|inv|bt):  0| 0| 0| 0| runtime:  134.1 ms | cr:  536.3
    195. dt:  0.25 ms | #newton:  1 | ph:  0.0% | #CG/newton:    1 | ls (cap|max|inv|bt):  0| 0| 0| 0| runtime:  139.0 ms | cr:  556.0
    196. dt:  0.25 ms | #newton:  1 | ph:  0.0% | #CG/newton:    2 | ls (cap|max|inv|bt):  0| 0| 0| 0| runtime:  139.1 ms | cr:  556.5
    197. dt:  0.25 ms | #newton:  1 | ph:  0.0% | #CG/newton:    1 | ls (cap|max|inv|bt):  0| 0| 0| 0| runtime:  136.5 ms | cr:  546.1
    198. dt:  0.25 ms | #newton:  1 | ph:  0.0% | #CG/newton:    1 | ls (cap|max|inv|bt):  0| 0| 0| 0| runtime:  137.0 ms | cr:  548.1
    199. dt:  0.25 ms | #newton:  1 | ph:  0.0% | #CG/newton:    1 | ls (cap|max|inv|bt):  0| 0| 0| 0| runtime:  137.7 ms | cr:  550.8
    200. dt:  0.25 ms | #newton:  1 | ph:  0.0% | #CG/newton:    2 | ls (cap|max|inv|bt):  0| 0| 0| 0| runtime:  134.0 ms | cr:  535.9
    201. dt:  0.25 ms | #newton:  1 | ph:  0.0% | #CG/newton:    1 | ls (cap|max|inv|bt):  0| 0| 0| 0| runtime:  138.8 ms | cr:  555.1
    202. dt:  0.25 ms | #newton:  1 | ph:  0.0% | #CG/newton:    1 | ls (cap|max|inv|bt):  0| 0| 0| 0| runtime:  137.3 ms | cr:  549.4
    203. dt:  0.25 ms | #newton:  1 | ph:  0.0% | #CG/newton:    1 | ls (cap|max|inv|bt):  0| 0| 0| 0| runtime:  136.0 ms | cr:  544.2
    204. dt:  0.25 ms | #newton:  1 | ph:  0.0% | #CG/newton:    1 | ls (cap|max|inv|bt):  0| 0| 0| 0| runtime:  136.0 ms | cr:  544.2
    205. dt:  0.25 ms | #newton:  1 | ph:  0.0% | #CG/newton:    2 | ls (cap|max|inv|bt):  0| 0| 0| 0| runtime:  136.2 ms | cr:  544.9
    206. dt:  0.25 ms | #newton:  1 | ph:  0.0% | #CG/newton:    1 | ls (cap|max|inv|bt):  0| 0| 0| 0| runtime:  137.6 ms | cr:  550.2
    207. dt:  0.25 ms | #newton:  1 | ph:  0.0% | #CG/newton:    1 | ls (cap|max|inv|bt):  0| 0| 0| 0| runtime:  139.8 ms | cr:  559.3
    208. dt:  0.25 ms | #newton:  1 | ph:  0.0% | #CG/newton:    1 | ls (cap|max|inv|bt):  0| 0| 0| 0| runtime:  140.2 ms | cr:  560.8
    209. dt:  0.25 ms | #newton:  1 | ph:  0.0% | #CG/newton:    2 | ls (cap|max|inv|bt):  0| 0| 0| 0| runtime:  136.9 ms | cr:  547.5
    210. dt:  0.25 ms | #newton:  1 | ph:  0.0% | #CG/newton:    1 | ls (cap|max|inv|bt):  0| 0| 0| 0| runtime:  136.0 ms | cr:  544.0
    211. dt:  0.25 ms | #newton:  1 | ph:  0.0% | #CG/newton:    1 | ls (cap|max|inv|bt):  0| 0| 0| 0| runtime:  141.1 ms | cr:  564.6
    212. dt:  0.25 ms | #newton:  1 | ph:  0.0% | #CG/newton:    1 | ls (cap|max|inv|bt):  0| 0| 0| 0| runtime:  138.1 ms | cr:  552.4
    213. dt:  0.25 ms | #newton:  1 | ph:  0.0% | #CG/newton:    2 | ls (cap|max|inv|bt):  0| 0| 0| 0| runtime:  139.4 ms | cr:  557.7
    214. dt:  0.25 ms | #newton:  1 | ph:  0.0% | #CG/newton:    1 | ls (cap|max|inv|bt):  0| 0| 0| 0| runtime:  138.4 ms | cr:  553.5
    215. dt:  0.25 ms | #newton:  1 | ph:  0.0% | #CG/newton:    1 | ls (cap|max|inv|bt):  0| 0| 0| 0| runtime:  136.7 ms | cr:  546.8
    216. dt:  0.25 ms | #newton:  1 | ph:  0.0% | #CG/newton:    1 | ls (cap|max|inv|bt):  0| 0| 0| 0| runtime:  138.8 ms | cr:  555.1
    217. dt:  0.25 ms | #newton:  1 | ph:  0.0% | #CG/newton:    2 | ls (cap|max|inv|bt):  0| 0| 0| 0| runtime:  144.1 ms | cr:  576.3
    218. dt:  0.25 ms | #newton:  1 | ph:  0.0% | #CG/newton:    1 | ls (cap|max|inv|bt):  0| 0| 0| 0| runtime:  136.0 ms | cr:  544.2
    219. dt:  0.25 ms | #newton:  1 | ph:  0.0% | #CG/newton:    1 | ls (cap|max|inv|bt):  0| 0| 0| 0| runtime:  136.5 ms | cr:  546.0
    220. dt:  0.25 ms | #newton:  1 | ph:  0.0% | #CG/newton:    1 | ls (cap|max|inv|bt):  0| 0| 0| 0| runtime:  138.2 ms | cr:  552.6
    221. dt:  0.25 ms | #newton:  1 | ph:  0.0% | #CG/newton:    2 | ls (cap|max|inv|bt):  0| 0| 0| 0| runtime:  135.9 ms | cr:  543.8
    222. dt:  0.25 ms | #newton:  1 | ph:  0.0% | #CG/newton:    1 | ls (cap|max|inv|bt):  0| 0| 0| 0| runtime:  138.3 ms | cr:  553.2
    223. dt:  0.25 ms | #newton:  1 | ph:  0.0% | #CG/newton:    1 | ls (cap|max|inv|bt):  0| 0| 0| 0| runtime:  140.9 ms | cr:  563.7
    224. dt:  0.25 ms | #newton:  1 | ph:  0.0% | #CG/newton:    1 | ls (cap|max|inv|bt):  0| 0| 0| 0| runtime:  135.9 ms | cr:  543.5
    225. dt:  0.25 ms | #newton:  1 | ph:  0.0% | #CG/newton:    1 | ls (cap|max|inv|bt):  0| 0| 0| 0| runtime:  137.6 ms | cr:  550.4
    226. dt:  0.25 ms | #newton:  1 | ph:  0.0% | #CG/newton:    2 | ls (cap|max|inv|bt):  0| 0| 0| 0| runtime:  141.0 ms | cr:  563.9
    227. dt:  0.25 ms | #newton:  1 | ph:  0.0% | #CG/newton:    1 | ls (cap|max|inv|bt):  0| 0| 0| 0| runtime:  136.8 ms | cr:  547.4
    228. dt:  0.25 ms | #newton:  1 | ph:  0.0% | #CG/newton:    1 | ls (cap|max|inv|bt):  0| 0| 0| 0| runtime:  137.4 ms | cr:  549.6
    229. dt:  0.25 ms | #newton:  1 | ph:  0.0% | #CG/newton:    1 | ls (cap|max|inv|bt):  0| 0| 0| 0| runtime:  135.8 ms | cr:  543.4
    230. dt:  0.25 ms | #newton:  1 | ph:  0.0% | #CG/newton:    2 | ls (cap|max|inv|bt):  0| 0| 0| 0| runtime:  140.5 ms | cr:  562.2
    231. dt:  0.25 ms | #newton:  1 | ph:  0.0% | #CG/newton:    1 | ls (cap|max|inv|bt):  0| 0| 0| 0| runtime:  136.7 ms | cr:  546.9
    232. dt:  0.25 ms | #newton:  1 | ph:  0.0% | #CG/newton:    1 | ls (cap|max|inv|bt):  0| 0| 0| 0| runtime:  137.8 ms | cr:  551.3
    233. dt:  0.25 ms | #newton:  1 | ph:  0.0% | #CG/newton:    1 | ls (cap|max|inv|bt):  0| 0| 0| 0| runtime:  137.0 ms | cr:  548.1
    234. dt:  0.25 ms | #newton:  1 | ph:  0.0% | #CG/newton:    2 | ls (cap|max|inv|bt):  0| 0| 0| 0| runtime:  138.6 ms | cr:  554.5
    235. dt:  0.25 ms | #newton:  1 | ph:  0.0% | #CG/newton:    1 | ls (cap|max|inv|bt):  0| 0| 0| 0| runtime:  135.2 ms | cr:  540.9
    236. dt:  0.25 ms | #newton:  1 | ph:  0.0% | #CG/newton:    1 | ls (cap|max|inv|bt):  0| 0| 0| 0| runtime:  139.3 ms | cr:  557.2
    237. dt:  0.25 ms | #newton:  1 | ph:  0.0% | #CG/newton:    1 | ls (cap|max|inv|bt):  0| 0| 0| 0| runtime:  135.7 ms | cr:  543.0
    238. dt:  0.25 ms | #newton:  1 | ph:  0.0% | #CG/newton:    1 | ls (cap|max|inv|bt):  0| 0| 0| 0| runtime:  140.6 ms | cr:  562.2
    239. dt:  0.25 ms | #newton:  1 | ph:  0.0% | #CG/newton:    2 | ls (cap|max|inv|bt):  0| 0| 0| 0| runtime:  135.7 ms | cr:  542.6
    240. dt:  0.25 ms | #newton:  1 | ph:  0.0% | #CG/newton:    1 | ls (cap|max|inv|bt):  0| 0| 0| 0| runtime:  141.0 ms | cr:  564.1
    241. dt:  0.25 ms | #newton:  1 | ph:  0.0% | #CG/newton:    1 | ls (cap|max|inv|bt):  0| 0| 0| 0| runtime:  143.1 ms | cr:  572.3
    242. dt:  0.25 ms | #newton:  1 | ph:  0.0% | #CG/newton:    1 | ls (cap|max|inv|bt):  0| 0| 0| 0| runtime:  139.9 ms | cr:  559.4
    243. dt:  0.25 ms | #newton:  1 | ph:  0.0% | #CG/newton:    2 | ls (cap|max|inv|bt):  0| 0| 0| 0| runtime:  142.1 ms | cr:  568.3
    244. dt:  0.25 ms | #newton:  1 | ph:  0.0% | #CG/newton:    1 | ls (cap|max|inv|bt):  0| 0| 0| 0| runtime:  142.8 ms | cr:  571.4
    245. dt:  0.25 ms | #newton:  1 | ph:  0.0% | #CG/newton:    1 | ls (cap|max|inv|bt):  0| 0| 0| 0| runtime:  139.5 ms | cr:  558.0
    246. dt:  0.25 ms | #newton:  1 | ph:  0.0% | #CG/newton:    1 | ls (cap|max|inv|bt):  0| 0| 0| 0| runtime:  141.4 ms | cr:  565.5
    247. dt:  0.25 ms | #newton:  1 | ph:  0.0% | #CG/newton:    2 | ls (cap|max|inv|bt):  0| 0| 0| 0| runtime:  141.4 ms | cr:  565.5
    248. dt:  0.25 ms | #newton:  1 | ph:  0.0% | #CG/newton:    1 | ls (cap|max|inv|bt):  0| 0| 0| 0| runtime:  137.8 ms | cr:  551.2
    249. dt:  0.25 ms | #newton:  1 | ph:  0.0% | #CG/newton:    1 | ls (cap|max|inv|bt):  0| 0| 0| 0| runtime:  137.7 ms | cr:  550.6
    250. dt:  0.25 ms | #newton:  1 | ph:  0.0% | #CG/newton:    1 | ls (cap|max|inv|bt):  0| 0| 0| 0| runtime:  143.7 ms | cr:  575.0
    251. dt:  0.25 ms | #newton:  1 | ph:  0.0% | #CG/newton:    1 | ls (cap|max|inv|bt):  0| 0| 0| 0| runtime:  137.8 ms | cr:  551.1
    252. dt:  0.25 ms | #newton:  1 | ph:  0.0% | #CG/newton:    2 | ls (cap|max|inv|bt):  0| 0| 0| 0| runtime:  138.2 ms | cr:  552.9
    253. dt:  0.25 ms | #newton:  1 | ph:  0.0% | #CG/newton:    1 | ls (cap|max|inv|bt):  0| 0| 0| 0| runtime:  141.0 ms | cr:  563.8
    254. dt:  0.25 ms | #newton:  1 | ph:  0.0% | #CG/newton:    1 | ls (cap|max|inv|bt):  0| 0| 0| 0| runtime:  140.1 ms | cr:  560.2
    255. dt:  0.25 ms | #newton:  1 | ph:  0.0% | #CG/newton:    1 | ls (cap|max|inv|bt):  0| 0| 0| 0| runtime:  142.7 ms | cr:  570.6
    256. dt:  0.25 ms | #newton:  1 | ph:  0.0% | #CG/newton:    2 | ls (cap|max|inv|bt):  0| 0| 0| 0| runtime:  140.7 ms | cr:  563.0
    257. dt:  0.25 ms | #newton:  1 | ph:  0.0% | #CG/newton:    1 | ls (cap|max|inv|bt):  0| 0| 0| 0| runtime:  141.5 ms | cr:  566.0
    258. dt:  0.25 ms | #newton:  1 | ph:  0.0% | #CG/newton:    1 | ls (cap|max|inv|bt):  0| 0| 0| 0| runtime:  135.8 ms | cr:  543.2
    259. dt:  0.25 ms | #newton:  1 | ph:  0.0% | #CG/newton:    1 | ls (cap|max|inv|bt):  0| 0| 0| 0| runtime:  142.7 ms | cr:  570.8
    260. dt:  0.25 ms | #newton:  1 | ph:  0.0% | #CG/newton:    2 | ls (cap|max|inv|bt):  0| 0| 0| 0| runtime:  135.5 ms | cr:  542.2
    261. dt:  0.25 ms | #newton:  1 | ph:  0.0% | #CG/newton:    1 | ls (cap|max|inv|bt):  0| 0| 0| 0| runtime:  137.9 ms | cr:  551.5
    262. dt:  0.25 ms | #newton:  1 | ph:  0.0% | #CG/newton:    1 | ls (cap|max|inv|bt):  0| 0| 0| 0| runtime:  137.4 ms | cr:  549.5
    263. dt:  0.25 ms | #newton:  1 | ph:  0.0% | #CG/newton:    1 | ls (cap|max|inv|bt):  0| 0| 0| 0| runtime:  137.2 ms | cr:  548.7
    264. dt:  0.25 ms | #newton:  1 | ph:  0.0% | #CG/newton:    2 | ls (cap|max|inv|bt):  0| 0| 0| 0| runtime:  136.9 ms | cr:  547.8
    265. dt:  0.25 ms | #newton:  1 | ph:  0.0% | #CG/newton:    1 | ls (cap|max|inv|bt):  0| 0| 0| 0| runtime:  143.6 ms | cr:  574.3
    266. dt:  0.25 ms | #newton:  1 | ph:  0.0% | #CG/newton:    1 | ls (cap|max|inv|bt):  0| 0| 0| 0| runtime:  138.4 ms | cr:  553.7
[Frame: 2] Time: 0.067 s
    267. dt:  0.25 ms | #newton:  1 | ph:  0.0% | #CG/newton:    1 | ls (cap|max|inv|bt):  0| 0| 0| 0| runtime:  139.8 ms | cr:  559.2
    268. dt:  0.25 ms | #newton:  1 | ph:  0.0% | #CG/newton:    2 | ls (cap|max|inv|bt):  0| 0| 0| 0| runtime:  137.3 ms | cr:  549.1
    269. dt:  0.25 ms | #newton:  1 | ph:  0.0% | #CG/newton:    1 | ls (cap|max|inv|bt):  0| 0| 0| 0| runtime:  140.4 ms | cr:  561.4
    270. dt:  0.25 ms | #newton:  1 | ph:  0.0% | #CG/newton:    1 | ls (cap|max|inv|bt):  0| 0| 0| 0| runtime:  141.3 ms | cr:  565.3
    271. dt:  0.25 ms | #newton:  1 | ph:  0.0% | #CG/newton:    1 | ls (cap|max|inv|bt):  0| 0| 0| 0| runtime:  137.8 ms | cr:  551.1
    272. dt:  0.25 ms | #newton:  1 | ph:  0.0% | #CG/newton:    1 | ls (cap|max|inv|bt):  0| 0| 0| 0| runtime:  136.8 ms | cr:  547.0
    273. dt:  0.25 ms | #newton:  1 | ph:  0.0% | #CG/newton:    2 | ls (cap|max|inv|bt):  0| 0| 0| 0| runtime:  145.1 ms | cr:  580.5
    274. dt:  0.25 ms | #newton:  1 | ph:  0.0% | #CG/newton:    1 | ls (cap|max|inv|bt):  0| 0| 0| 0| runtime:  145.9 ms | cr:  583.4
    275. dt:  0.25 ms | #newton:  1 | ph:  0.0% | #CG/newton:    1 | ls (cap|max|inv|bt):  0| 0| 0| 0| runtime:  134.9 ms | cr:  539.7
    276. dt:  0.25 ms | #newton:  1 | ph:  0.0% | #CG/newton:    1 | ls (cap|max|inv|bt):  0| 0| 0| 0| runtime:  138.9 ms | cr:  555.6
    277. dt:  0.25 ms | #newton:  1 | ph:  0.0% | #CG/newton:    2 | ls (cap|max|inv|bt):  0| 0| 0| 0| runtime:  139.5 ms | cr:  558.2
    278. dt:  0.25 ms | #newton:  1 | ph:  0.0% | #CG/newton:    1 | ls (cap|max|inv|bt):  0| 0| 0| 0| runtime:  135.9 ms | cr:  543.4
    279. dt:  0.25 ms | #newton:  1 | ph:  0.0% | #CG/newton:    1 | ls (cap|max|inv|bt):  0| 0| 0| 0| runtime:  136.5 ms | cr:  546.2
    280. dt:  0.25 ms | #newton:  1 | ph:  0.0% | #CG/newton:    1 | ls (cap|max|inv|bt):  0| 0| 0| 0| runtime:  142.0 ms | cr:  568.1
    281. dt:  0.25 ms | #newton:  1 | ph:  0.0% | #CG/newton:    2 | ls (cap|max|inv|bt):  0| 0| 0| 0| runtime:  141.2 ms | cr:  564.9
    282. dt:  0.25 ms | #newton:  1 | ph:  0.0% | #CG/newton:    1 | ls (cap|max|inv|bt):  0| 0| 0| 0| runtime:  138.4 ms | cr:  553.8
    283. dt:  0.25 ms | #newton:  1 | ph:  0.0% | #CG/newton:    1 | ls (cap|max|inv|bt):  0| 0| 0| 0| runtime:  141.7 ms | cr:  566.8
    284. dt:  0.25 ms | #newton:  1 | ph:  0.0% | #CG/newton:    1 | ls (cap|max|inv|bt):  0| 0| 0| 0| runtime:  136.2 ms | cr:  544.6
    285. dt:  0.25 ms | #newton:  1 | ph:  0.0% | #CG/newton:    1 | ls (cap|max|inv|bt):  0| 0| 0| 0| runtime:  139.6 ms | cr:  558.4
    286. dt:  0.25 ms | #newton:  1 | ph:  0.0% | #CG/newton:    2 | ls (cap|max|inv|bt):  0| 0| 0| 0| runtime:  139.1 ms | cr:  556.2
    287. dt:  0.25 ms | #newton:  1 | ph:  0.0% | #CG/newton:    1 | ls (cap|max|inv|bt):  0| 0| 0| 0| runtime:  141.7 ms | cr:  566.7
    288. dt:  0.25 ms | #newton:  1 | ph:  0.0% | #CG/newton:    1 | ls (cap|max|inv|bt):  0| 0| 0| 0| runtime:  142.9 ms | cr:  571.6
    289. dt:  0.25 ms | #newton:  1 | ph:  0.0% | #CG/newton:    1 | ls (cap|max|inv|bt):  0| 0| 0| 0| runtime:  141.1 ms | cr:  564.5
    290. dt:  0.25 ms | #newton:  1 | ph:  0.0% | #CG/newton:    2 | ls (cap|max|inv|bt):  0| 0| 0| 0| runtime:  140.0 ms | cr:  560.0
    291. dt:  0.25 ms | #newton:  1 | ph:  0.0% | #CG/newton:    1 | ls (cap|max|inv|bt):  0| 0| 0| 0| runtime:  144.2 ms | cr:  576.8
    292. dt:  0.25 ms | #newton:  1 | ph:  0.0% | #CG/newton:    1 | ls (cap|max|inv|bt):  0| 0| 0| 0| runtime:  143.4 ms | cr:  573.5
    293. dt:  0.25 ms | #newton:  1 | ph:  0.0% | #CG/newton:    1 | ls (cap|max|inv|bt):  0| 0| 0| 0| runtime:  138.2 ms | cr:  552.8
    294. dt:  0.25 ms | #newton:  1 | ph:  0.0% | #CG/newton:    2 | ls (cap|max|inv|bt):  0| 0| 0| 0| runtime:  136.6 ms | cr:  546.5
    295. dt:  0.25 ms | #newton:  1 | ph:  0.0% | #CG/newton:    1 | ls (cap|max|inv|bt):  0| 0| 0| 0| runtime:  141.2 ms | cr:  564.6
    296. dt:  0.25 ms | #newton:  1 | ph:  0.0% | #CG/newton:    1 | ls (cap|max|inv|bt):  0| 0| 0| 0| runtime:  136.8 ms | cr:  547.2
    297. dt:  0.25 ms | #newton:  1 | ph:  0.0% | #CG/newton:    1 | ls (cap|max|inv|bt):  0| 0| 0| 0| runtime:  137.9 ms | cr:  551.4
    298. dt:  0.25 ms | #newton:  1 | ph:  0.0% | #CG/newton:    2 | ls (cap|max|inv|bt):  0| 0| 0| 0| runtime:  139.6 ms | cr:  558.4
    299. dt:  0.25 ms | #newton:  1 | ph:  0.0% | #CG/newton:    1 | ls (cap|max|inv|bt):  0| 0| 0| 0| runtime:  140.0 ms | cr:  559.8
    300. dt:  0.25 ms | #newton:  1 | ph:  0.0% | #CG/newton:    1 | ls (cap|max|inv|bt):  0| 0| 0| 0| runtime:  140.7 ms | cr:  562.8
    301. dt:  0.25 ms | #newton:  1 | ph:  0.0% | #CG/newton:    1 | ls (cap|max|inv|bt):  0| 0| 0| 0| runtime:  139.0 ms | cr:  556.1
    302. dt:  0.25 ms | #newton:  1 | ph:  0.0% | #CG/newton:    2 | ls (cap|max|inv|bt):  0| 0| 0| 0| runtime:  140.9 ms | cr:  563.7
    303. dt:  0.25 ms | #newton:  1 | ph:  0.0% | #CG/newton:    1 | ls (cap|max|inv|bt):  0| 0| 0| 0| runtime:  133.6 ms | cr:  534.6
    304. dt:  0.25 ms | #newton:  1 | ph:  0.0% | #CG/newton:    1 | ls (cap|max|inv|bt):  0| 0| 0| 0| runtime:  140.5 ms | cr:  561.8
    305. dt:  0.25 ms | #newton:  1 | ph:  0.0% | #CG/newton:    1 | ls (cap|max|inv|bt):  0| 0| 0| 0| runtime:  139.5 ms | cr:  557.8
    306. dt:  0.25 ms | #newton:  1 | ph:  0.0% | #CG/newton:    1 | ls (cap|max|inv|bt):  0| 0| 0| 0| runtime:  139.5 ms | cr:  558.1
    307. dt:  0.25 ms | #newton:  1 | ph:  0.0% | #CG/newton:    2 | ls (cap|max|inv|bt):  0| 0| 0| 0| runtime:  142.2 ms | cr:  568.7
    308. dt:  0.25 ms | #newton:  1 | ph:  0.0% | #CG/newton:    1 | ls (cap|max|inv|bt):  0| 0| 0| 0| runtime:  140.1 ms | cr:  560.4
    309. dt:  0.25 ms | #newton:  1 | ph:  0.0% | #CG/newton:    1 | ls (cap|max|inv|bt):  0| 0| 0| 0| runtime:  141.5 ms | cr:  566.1
    310. dt:  0.25 ms | #newton:  1 | ph:  0.0% | #CG/newton:    1 | ls (cap|max|inv|bt):  0| 0| 0| 0| runtime:  138.6 ms | cr:  554.5
    311. dt:  0.25 ms | #newton:  1 | ph:  0.0% | #CG/newton:    2 | ls (cap|max|inv|bt):  0| 0| 0| 0| runtime:  138.5 ms | cr:  554.2
    312. dt:  0.25 ms | #newton:  1 | ph:  0.0% | #CG/newton:    1 | ls (cap|max|inv|bt):  0| 0| 0| 0| runtime:  138.9 ms | cr:  555.5
    313. dt:  0.25 ms | #newton:  1 | ph:  0.0% | #CG/newton:    1 | ls (cap|max|inv|bt):  0| 0| 0| 0| runtime:  135.0 ms | cr:  539.9
    314. dt:  0.25 ms | #newton:  1 | ph:  0.0% | #CG/newton:    1 | ls (cap|max|inv|bt):  0| 0| 0| 0| runtime:  137.6 ms | cr:  550.5
    315. dt:  0.25 ms | #newton:  1 | ph:  0.0% | #CG/newton:    2 | ls (cap|max|inv|bt):  0| 0| 0| 0| runtime:  138.0 ms | cr:  552.0
    316. dt:  0.25 ms | #newton:  1 | ph:  0.0% | #CG/newton:    1 | ls (cap|max|inv|bt):  0| 0| 0| 0| runtime:  140.4 ms | cr:  561.7
    317. dt:  0.25 ms | #newton:  1 | ph:  0.0% | #CG/newton:    1 | ls (cap|max|inv|bt):  0| 0| 0| 0| runtime:  136.8 ms | cr:  547.4
    318. dt:  0.25 ms | #newton:  1 | ph:  0.0% | #CG/newton:  267 | ls (cap|max|inv|bt):  0| 0| 0| 0| runtime:  249.0 ms | cr:  996.1
    319. dt:  0.25 ms | #newton:  1 | ph:  0.0% | #CG/newton:  473 | ls (cap|max|inv|bt):  0| 0| 0| 0| runtime:  336.4 ms | cr: 1345.5
    320. dt:  0.25 ms | #newton:  1 | ph:  0.0% | #CG/newton:  809 | ls (cap|max|inv|bt):  0| 0| 0| 0| runtime:  476.7 ms | cr: 1906.8
    321. dt:  0.25 ms | #newton:  1 | ph:  0.0% | #CG/newton:  794 | ls (cap|max|inv|bt):  0| 0| 0| 0| runtime:  465.9 ms | cr: 1863.8
    322. dt:  0.25 ms | #newton:  1 | ph:  0.0% | #CG/newton:  859 | ls (cap|max|inv|bt):  0| 0| 0| 0| runtime:  494.7 ms | cr: 1978.7
    323. dt:  0.25 ms | #newton:  1 | ph:  0.0% | #CG/newton:  933 | ls (cap|max|inv|bt):  0| 0| 0| 0| runtime:  523.3 ms | cr: 2093.3
    324. dt:  0.25 ms | #newton:  1 | ph:  0.0% | #CG/newton:  858 | ls (cap|max|inv|bt):  0| 0| 0| 0| runtime:  488.6 ms | cr: 1954.4
    325. dt:  0.25 ms | #newton:  1 | ph:  0.0% | #CG/newton:  930 | ls (cap|max|inv|bt):  0| 0| 0| 0| runtime:  520.2 ms | cr: 2080.9
    326. dt:  0.25 ms | #newton:  1 | ph:  0.0% | #CG/newton:  828 | ls (cap|max|inv|bt):  0| 0| 0| 0| runtime:  481.6 ms | cr: 1926.4
    327. dt:  0.25 ms | #newton:  1 | ph:  0.0% | #CG/newton:  929 | ls (cap|max|inv|bt):  0| 0| 0| 0| runtime:  526.1 ms | cr: 2104.5
    328. dt:  0.25 ms | #newton:  1 | ph:  0.0% | #CG/newton:  842 | ls (cap|max|inv|bt):  0| 0| 0| 0| runtime:  486.0 ms | cr: 1944.1
    329. dt:  0.25 ms | #newton:  1 | ph:  0.0% | #CG/newton:  928 | ls (cap|max|inv|bt):  0| 0| 0| 0| runtime:  517.2 ms | cr: 2068.8
    330. dt:  0.25 ms | #newton:  1 | ph:  0.0% | #CG/newton:  837 | ls (cap|max|inv|bt):  0| 0| 0| 0| runtime:  481.2 ms | cr: 1924.9
    331. dt:  0.25 ms | #newton:  1 | ph:  0.0% | #CG/newton:  933 | ls (cap|max|inv|bt):  0| 0| 0| 0| runtime:  553.6 ms | cr: 2214.3
    332. dt:  0.25 ms | #newton:  1 | ph:  0.0% | #CG/newton:  875 | ls (cap|max|inv|bt):  0| 0| 0| 0| runtime:  494.1 ms | cr: 1976.6
    333. dt:  0.25 ms | #newton:  1 | ph:  0.0% | #CG/newton:  931 | ls (cap|max|inv|bt):  0| 0| 0| 0| runtime:  527.1 ms | cr: 2108.3
    334. dt:  0.25 ms | #newton:  1 | ph:  0.0% | #CG/newton:  807 | ls (cap|max|inv|bt):  0| 0| 0| 0| runtime:  472.5 ms | cr: 1889.9
    335. dt:  0.25 ms | #newton:  1 | ph:  0.0% | #CG/newton:  924 | ls (cap|max|inv|bt):  0| 0| 0| 0| runtime:  529.8 ms | cr: 2119.1
    336. dt:  0.25 ms | #newton:  1 | ph:  0.0% | #CG/newton:  833 | ls (cap|max|inv|bt):  0| 0| 0| 0| runtime:  486.0 ms | cr: 1944.2
    337. dt:  0.25 ms | #newton:  1 | ph:  0.0% | #CG/newton:  927 | ls (cap|max|inv|bt):  0| 0| 0| 0| runtime:  537.4 ms | cr: 2149.7
    338. dt:  0.25 ms | #newton:  1 | ph:  0.0% | #CG/newton:  833 | ls (cap|max|inv|bt):  0| 0| 0| 0| runtime:  479.7 ms | cr: 1918.8
    339. dt:  0.25 ms | #newton:  1 | ph:  0.0% | #CG/newton:  927 | ls (cap|max|inv|bt):  0| 0| 0| 0| runtime:  519.9 ms | cr: 2079.4
    340. dt:  0.25 ms | #newton:  1 | ph:  0.0% | #CG/newton:  930 | ls (cap|max|inv|bt):  0| 0| 0| 0| runtime:  521.5 ms | cr: 2086.0
    341. dt:  0.25 ms | #newton:  1 | ph:  0.0% | #CG/newton:  956 | ls (cap|max|inv|bt):  0| 0| 0| 0| runtime:  539.9 ms | cr: 2159.5
    342. dt:  0.25 ms | #newton:  1 | ph:  0.0% | #CG/newton:  844 | ls (cap|max|inv|bt):  0| 0| 0| 0| runtime:  498.2 ms | cr: 1992.9
    343. dt:  0.25 ms | #newton:  1 | ph:  0.0% | #CG/newton:  931 | ls (cap|max|inv|bt):  0| 0| 0| 0| runtime:  531.1 ms | cr: 2124.5
    344. dt:  0.25 ms | #newton:  1 | ph:  0.0% | #CG/newton:  839 | ls (cap|max|inv|bt):  0| 0| 0| 0| runtime:  491.9 ms | cr: 1967.8
    345. dt:  0.25 ms | #newton:  1 | ph:  0.0% | #CG/newton:  857 | ls (cap|max|inv|bt):  0| 0| 0| 0| runtime:  499.9 ms | cr: 1999.8
    346. dt:  0.25 ms | #newton:  1 | ph:  0.0% | #CG/newton:  921 | ls (cap|max|inv|bt):  0| 0| 0| 0| runtime:  531.5 ms | cr: 2126.0
    347. dt:  0.25 ms | #newton:  1 | ph:  0.0% | #CG/newton:  873 | ls (cap|max|inv|bt):  0| 0| 0| 0| runtime:  499.3 ms | cr: 1997.3
    348. dt:  0.25 ms | #newton:  1 | ph:  0.0% | #CG/newton:  925 | ls (cap|max|inv|bt):  0| 0| 0| 0| runtime:  524.4 ms | cr: 2097.6
    349. dt:  0.25 ms | #newton:  1 | ph:  0.0% | #CG/newton:  838 | ls (cap|max|inv|bt):  0| 0| 0| 0| runtime:  496.4 ms | cr: 1985.4
    350. dt:  0.25 ms | #newton:  1 | ph:  0.0% | #CG/newton:  940 | ls (cap|max|inv|bt):  0| 0| 0| 0| runtime:  528.7 ms | cr: 2114.9
    351. dt:  0.25 ms | #newton:  1 | ph:  0.0% | #CG/newton:  841 | ls (cap|max|inv|bt):  0| 0| 0| 0| runtime:  492.8 ms | cr: 1971.1
    352. dt:  0.25 ms | #newton:  1 | ph:  0.0% | #CG/newton:  883 | ls (cap|max|inv|bt):  0| 0| 0| 0| runtime:  507.2 ms | cr: 2028.8
    353. dt:  0.25 ms | #newton:  1 | ph:  0.0% | #CG/newton:  837 | ls (cap|max|inv|bt):  0| 0| 0| 0| runtime:  494.9 ms | cr: 1979.5
    354. dt:  0.25 ms | #newton:  1 | ph:  0.0% | #CG/newton:  932 | ls (cap|max|inv|bt):  0| 0| 0| 0| runtime:  529.9 ms | cr: 2119.8
    355. dt:  0.25 ms | #newton:  1 | ph:  0.0% | #CG/newton:  838 | ls (cap|max|inv|bt):  0| 0| 0| 0| runtime:  485.4 ms | cr: 1941.8
    356. dt:  0.25 ms | #newton:  1 | ph:  0.0% | #CG/newton:  950 | ls (cap|max|inv|bt):  0| 0| 0| 0| runtime:  541.8 ms | cr: 2167.3
    357. dt:  0.25 ms | #newton:  1 | ph:  0.0% | #CG/newton:  835 | ls (cap|max|inv|bt):  0| 0| 0| 0| runtime:  488.3 ms | cr: 1953.3
    358. dt:  0.25 ms | #newton:  1 | ph:  0.0% | #CG/newton:  928 | ls (cap|max|inv|bt):  0| 0| 0| 0| runtime:  522.6 ms | cr: 2090.3
    359. dt:  0.25 ms | #newton:  1 | ph:  0.0% | #CG/newton:  858 | ls (cap|max|inv|bt):  0| 0| 0| 0| runtime:  499.6 ms | cr: 1998.4
    360. dt:  0.25 ms | #newton:  1 | ph:  0.0% | #CG/newton:  928 | ls (cap|max|inv|bt):  0| 0| 0| 0| runtime:  528.3 ms | cr: 2113.3
    361. dt:  0.25 ms | #newton:  1 | ph:  0.0% | #CG/newton:  833 | ls (cap|max|inv|bt):  0| 0| 0| 0| runtime:  481.8 ms | cr: 1927.2
    362. dt:  0.25 ms | #newton:  1 | ph:  0.0% | #CG/newton:  841 | ls (cap|max|inv|bt):  0| 0| 0| 0| runtime:  500.8 ms | cr: 2003.4
    363. dt:  0.25 ms | #newton:  1 | ph:  0.0% | #CG/newton:  853 | ls (cap|max|inv|bt):  0| 0| 0| 0| runtime:  500.9 ms | cr: 2003.5
    364. dt:  0.25 ms | #newton:  1 | ph:  0.0% | #CG/newton:  931 | ls (cap|max|inv|bt):  0| 0| 0| 0| runtime:  531.4 ms | cr: 2125.7
    365. dt:  0.25 ms | #newton:  1 | ph:  0.0% | #CG/newton:  813 | ls (cap|max|inv|bt):  0| 0| 0| 0| runtime:  474.9 ms | cr: 1899.5
    366. dt:  0.25 ms | #newton:  1 | ph:  0.0% | #CG/newton:  931 | ls (cap|max|inv|bt):  0| 0| 0| 0| runtime:  521.0 ms | cr: 2083.8
    367. dt:  0.25 ms | #newton:  1 | ph:  0.0% | #CG/newton:  829 | ls (cap|max|inv|bt):  0| 0| 0| 0| runtime:  476.2 ms | cr: 1904.9
    368. dt:  0.25 ms | #newton:  1 | ph:  0.0% | #CG/newton:  836 | ls (cap|max|inv|bt):  0| 0| 0| 0| runtime:  497.6 ms | cr: 1990.5
    369. dt:  0.25 ms | #newton:  1 | ph:  0.0% | #CG/newton:  773 | ls (cap|max|inv|bt):  0| 0| 0| 0| runtime:  461.4 ms | cr: 1845.5
    370. dt:  0.25 ms | #newton:  1 | ph:  0.0% | #CG/newton:  822 | ls (cap|max|inv|bt):  0| 0| 0| 0| runtime:  497.2 ms | cr: 1988.7
    371. dt:  0.25 ms | #newton:  1 | ph:  0.0% | #CG/newton:  829 | ls (cap|max|inv|bt):  0| 0| 0| 0| runtime:  492.1 ms | cr: 1968.5
    372. dt:  0.25 ms | #newton:  1 | ph:  0.0% | #CG/newton:  903 | ls (cap|max|inv|bt):  0| 0| 0| 0| runtime:  516.9 ms | cr: 2067.7
    373. dt:  0.25 ms | #newton:  1 | ph:  0.0% | #CG/newton:  814 | ls (cap|max|inv|bt):  0| 0| 0| 0| runtime:  478.1 ms | cr: 1912.3
    374. dt:  0.25 ms | #newton:  1 | ph:  0.0% | #CG/newton:  835 | ls (cap|max|inv|bt):  0| 0| 0| 0| runtime:  499.3 ms | cr: 1997.0
    375. dt:  0.25 ms | #newton:  1 | ph:  0.0% | #CG/newton:  820 | ls (cap|max|inv|bt):  0| 0| 0| 0| runtime:  483.3 ms | cr: 1933.3
    376. dt:  0.25 ms | #newton:  1 | ph:  0.0% | #CG/newton:  835 | ls (cap|max|inv|bt):  0| 0| 0| 0| runtime:  484.5 ms | cr: 1938.1
    377. dt:  0.25 ms | #newton:  1 | ph:  0.0% | #CG/newton:  812 | ls (cap|max|inv|bt):  0| 0| 0| 0| runtime:  482.5 ms | cr: 1930.2
    378. dt:  0.25 ms | #newton:  1 | ph:  0.0% | #CG/newton:  838 | ls (cap|max|inv|bt):  0| 0| 0| 0| runtime:  483.8 ms | cr: 1935.2
    379. dt:  0.25 ms | #newton:  1 | ph:  0.0% | #CG/newton:  949 | ls (cap|max|inv|bt):  0| 0| 0| 0| runtime:  549.3 ms | cr: 2197.3
    380. dt:  0.25 ms | #newton:  1 | ph:  0.0% | #CG/newton:  830 | ls (cap|max|inv|bt):  0| 0| 0| 0| runtime:  508.5 ms | cr: 2034.0
    381. dt:  0.25 ms | #newton:  1 | ph:  0.0% | #CG/newton:  836 | ls (cap|max|inv|bt):  0| 0| 0| 0| runtime:  486.3 ms | cr: 1945.0
    382. dt:  0.25 ms | #newton:  1 | ph:  0.0% | #CG/newton:  963 | ls (cap|max|inv|bt):  0| 0| 0| 0| runtime:  539.1 ms | cr: 2156.5
    383. dt:  0.25 ms | #newton:  1 | ph:  0.0% | #CG/newton:  866 | ls (cap|max|inv|bt):  0| 0| 0| 0| runtime:  505.3 ms | cr: 2021.1
    384. dt:  0.25 ms | #newton:  1 | ph:  0.0% | #CG/newton:  946 | ls (cap|max|inv|bt):  0| 0| 0| 0| runtime:  536.7 ms | cr: 2146.6
    385. dt:  0.25 ms | #newton:  1 | ph:  0.0% | #CG/newton:  869 | ls (cap|max|inv|bt):  0| 0| 0| 0| runtime:  502.6 ms | cr: 2010.4
    386. dt:  0.25 ms | #newton:  1 | ph:  0.0% | #CG/newton: 1263 | ls (cap|max|inv|bt):  0| 0| 0| 0| runtime:  669.2 ms | cr: 2676.6
    387. dt:  0.25 ms | #newton:  1 | ph:  0.0% | #CG/newton: 1208 | ls (cap|max|inv|bt):  0| 0| 0| 0| runtime:  631.2 ms | cr: 2524.7
    388. dt:  0.25 ms | #newton:  1 | ph:  0.0% | #CG/newton: 1243 | ls (cap|max|inv|bt):  0| 0| 0| 0| runtime:  659.5 ms | cr: 2637.9
    389. dt:  0.25 ms | #newton:  1 | ph:  0.0% | #CG/newton:  793 | ls (cap|max|inv|bt):  0| 0| 0| 0| runtime:  473.7 ms | cr: 1894.7
    390. dt:  0.25 ms | #newton:  1 | ph:  0.0% | #CG/newton:  823 | ls (cap|max|inv|bt):  0| 0| 0| 0| runtime:  476.4 ms | cr: 1905.6
    391. dt:  0.25 ms | #newton:  1 | ph:  0.0% | #CG/newton:  869 | ls (cap|max|inv|bt):  0| 0| 0| 0| runtime:  499.9 ms | cr: 1999.4
    392. dt:  0.25 ms | #newton:  1 | ph:  0.0% | #CG/newton:  947 | ls (cap|max|inv|bt):  0| 0| 0| 0| runtime:  527.2 ms | cr: 2108.7
    393. dt:  0.25 ms | #newton:  1 | ph:  0.0% | #CG/newton:  861 | ls (cap|max|inv|bt):  0| 0| 0| 0| runtime:  500.6 ms | cr: 2002.5
    394. dt:  0.25 ms | #newton:  1 | ph:  0.0% | #CG/newton: 1259 | ls (cap|max|inv|bt):  0| 0| 0| 0| runtime:  658.6 ms | cr: 2634.5
    395. dt:  0.25 ms | #newton:  1 | ph:  0.0% | #CG/newton: 1206 | ls (cap|max|inv|bt):  0| 0| 0| 0| runtime:  634.5 ms | cr: 2537.9
    396. dt:  0.25 ms | #newton:  1 | ph:  0.0% | #CG/newton: 1256 | ls (cap|max|inv|bt):  0| 0| 0| 0| runtime:  652.7 ms | cr: 2610.7
    397. dt:  0.25 ms | #newton:  1 | ph:  0.0% | #CG/newton: 1162 | ls (cap|max|inv|bt):  0| 0| 0| 0| runtime:  622.6 ms | cr: 2490.2
    398. dt:  0.25 ms | #newton:  1 | ph:  0.0% | #CG/newton: 1249 | ls (cap|max|inv|bt):  0| 0| 0| 0| runtime:  633.3 ms | cr: 2533.3
    399. dt:  0.25 ms | #newton:  1 | ph:  0.0% | #CG/newton: 1203 | ls (cap|max|inv|bt):  0| 0| 0| 0| runtime:  618.9 ms | cr: 2475.7
    400. dt:  0.25 ms | #newton:  1 | ph:  0.0% | #CG/newton: 1238 | ls (cap|max|inv|bt):  0| 0| 0| 0| runtime:  652.9 ms | cr: 2611.6
[Frame: 3] Time: 0.100 s
    401. dt:  0.25 ms | #newton:  1 | ph:  0.0% | #CG/newton: 1205 | ls (cap|max|inv|bt):  0| 0| 0| 0| runtime:  645.2 ms | cr: 2580.9
    402. dt:  0.25 ms | #newton:  1 | ph:  0.0% | #CG/newton: 1261 | ls (cap|max|inv|bt):  0| 0| 0| 0| runtime:  666.7 ms | cr: 2666.9
    403. dt:  0.25 ms | #newton:  1 | ph:  0.0% | #CG/newton: 1270 | ls (cap|max|inv|bt):  0| 0| 0| 0| runtime:  671.8 ms | cr: 2687.1
    404. dt:  0.25 ms | #newton:  1 | ph:  0.0% | #CG/newton:  873 | ls (cap|max|inv|bt):  0| 0| 0| 0| runtime:  504.4 ms | cr: 2017.6
    405. dt:  0.25 ms | #newton:  1 | ph:  0.0% | #CG/newton:  872 | ls (cap|max|inv|bt):  0| 0| 0| 0| runtime:  510.7 ms | cr: 2042.9
    406. dt:  0.25 ms | #newton:  1 | ph:  0.0% | #CG/newton:  877 | ls (cap|max|inv|bt):  0| 0| 0| 0| runtime:  514.3 ms | cr: 2057.3
    407. dt:  0.25 ms | #newton:  1 | ph:  0.0% | #CG/newton:  965 | ls (cap|max|inv|bt):  0| 0| 0| 0| runtime:  557.9 ms | cr: 2231.6
    408. dt:  0.25 ms | #newton:  1 | ph:  0.0% | #CG/newton: 1174 | ls (cap|max|inv|bt):  0| 0| 0| 0| runtime:  633.1 ms | cr: 2532.3
    409. dt:  0.25 ms | #newton:  1 | ph:  0.0% | #CG/newton:  809 | ls (cap|max|inv|bt):  0| 0| 0| 0| runtime:  487.2 ms | cr: 1948.6
    410. dt:  0.25 ms | #newton:  1 | ph:  0.0% | #CG/newton: 1271 | ls (cap|max|inv|bt):  0| 0| 0| 0| runtime:  670.3 ms | cr: 2681.1
    411. dt:  0.25 ms | #newton:  1 | ph:  0.0% | #CG/newton: 1173 | ls (cap|max|inv|bt):  0| 0| 0| 0| runtime:  632.0 ms | cr: 2528.2
    412. dt:  0.25 ms | #newton:  1 | ph:  0.0% | #CG/newton: 1238 | ls (cap|max|inv|bt):  0| 0| 0| 0| runtime:  661.0 ms | cr: 2644.1
    413. dt:  0.25 ms | #newton:  1 | ph:  0.0% | #CG/newton: 1270 | ls (cap|max|inv|bt):  0| 0| 0| 0| runtime:  649.8 ms | cr: 2599.4
    414. dt:  0.25 ms | #newton:  1 | ph:  0.0% | #CG/newton: 1265 | ls (cap|max|inv|bt):  0| 0| 0| 0| runtime:  660.5 ms | cr: 2641.9
    415. dt:  0.25 ms | #newton:  1 | ph:  0.0% | #CG/newton: 1289 | ls (cap|max|inv|bt):  0| 0| 0| 0| runtime:  668.9 ms | cr: 2675.8
    416. dt:  0.25 ms | #newton:  1 | ph:  0.0% | #CG/newton: 1243 | ls (cap|max|inv|bt):  0| 0| 0| 0| runtime:  650.9 ms | cr: 2603.5
    417. dt:  0.25 ms | #newton:  1 | ph:  0.0% | #CG/newton:  879 | ls (cap|max|inv|bt):  0| 0| 0| 0| runtime:  506.3 ms | cr: 2025.2
    418. dt:  0.25 ms | #newton:  1 | ph:  0.0% | #CG/newton: 1271 | ls (cap|max|inv|bt):  0| 0| 0| 0| runtime:  679.9 ms | cr: 2719.7
    419. dt:  0.25 ms | #newton:  1 | ph:  0.0% | #CG/newton:  887 | ls (cap|max|inv|bt):  0| 0| 0| 0| runtime:  513.8 ms | cr: 2055.2
    420. dt:  0.25 ms | #newton:  1 | ph:  0.0% | #CG/newton:  866 | ls (cap|max|inv|bt):  0| 0| 0| 0| runtime:  509.6 ms | cr: 2038.4
    421. dt:  0.25 ms | #newton:  1 | ph:  0.0% | #CG/newton:  821 | ls (cap|max|inv|bt):  0| 0| 0| 0| runtime:  483.1 ms | cr: 1932.4
    422. dt:  0.25 ms | #newton:  1 | ph:  0.0% | #CG/newton:  875 | ls (cap|max|inv|bt):  0| 0| 0| 0| runtime:  505.5 ms | cr: 2022.1
    423. dt:  0.25 ms | #newton:  1 | ph:  0.0% | #CG/newton:  894 | ls (cap|max|inv|bt):  0| 0| 0| 0| runtime:  516.7 ms | cr: 2066.8
    424. dt:  0.25 ms | #newton:  1 | ph:  0.0% | #CG/newton:  970 | ls (cap|max|inv|bt):  0| 0| 0| 0| runtime:  545.6 ms | cr: 2182.5
    425. dt:  0.25 ms | #newton:  1 | ph:  0.0% | #CG/newton:  864 | ls (cap|max|inv|bt):  0| 0| 0| 0| runtime:  494.5 ms | cr: 1978.0
    426. dt:  0.25 ms | #newton:  1 | ph:  0.0% | #CG/newton:  991 | ls (cap|max|inv|bt):  0| 0| 0| 0| runtime:  545.6 ms | cr: 2182.3
    427. dt:  0.25 ms | #newton:  1 | ph:  0.0% | #CG/newton:  887 | ls (cap|max|inv|bt):  0| 0| 0| 0| runtime:  518.6 ms | cr: 2074.6
    428. dt:  0.25 ms | #newton:  1 | ph:  0.0% | #CG/newton:  993 | ls (cap|max|inv|bt):  0| 0| 0| 0| runtime:  557.6 ms | cr: 2230.5
    429. dt:  0.25 ms | #newton:  1 | ph:  0.0% | #CG/newton:  893 | ls (cap|max|inv|bt):  0| 0| 0| 0| runtime:  508.5 ms | cr: 2034.1
    430. dt:  0.25 ms | #newton:  1 | ph:  0.0% | #CG/newton:  895 | ls (cap|max|inv|bt):  0| 0| 0| 0| runtime:  509.1 ms | cr: 2036.5
    431. dt:  0.25 ms | #newton:  1 | ph:  0.0% | #CG/newton:  969 | ls (cap|max|inv|bt):  0| 0| 0| 0| runtime:  533.9 ms | cr: 2135.4
    432. dt:  0.25 ms | #newton:  1 | ph:  0.0% | #CG/newton:  864 | ls (cap|max|inv|bt):  0| 0| 0| 0| runtime:  492.4 ms | cr: 1969.7
    433. dt:  0.25 ms | #newton:  1 | ph:  0.0% | #CG/newton:  964 | ls (cap|max|inv|bt):  0| 0| 0| 0| runtime:  531.4 ms | cr: 2125.6
    434. dt:  0.25 ms | #newton:  1 | ph:  0.0% | #CG/newton:  876 | ls (cap|max|inv|bt):  0| 0| 0| 0| runtime:  498.9 ms | cr: 1995.6
    435. dt:  0.25 ms | #newton:  1 | ph:  0.0% | #CG/newton:  950 | ls (cap|max|inv|bt):  0| 0| 0| 0| runtime:  532.5 ms | cr: 2129.9
    436. dt:  0.25 ms | #newton:  1 | ph:  0.0% | #CG/newton:  889 | ls (cap|max|inv|bt):  0| 0| 0| 0| runtime:  508.3 ms | cr: 2033.2
    437. dt:  0.25 ms | #newton:  1 | ph:  0.0% | #CG/newton:  966 | ls (cap|max|inv|bt):  0| 0| 0| 0| runtime:  537.7 ms | cr: 2150.8
    438. dt:  0.25 ms | #newton:  1 | ph:  0.0% | #CG/newton:  881 | ls (cap|max|inv|bt):  0| 0| 0| 0| runtime:  512.0 ms | cr: 2047.8
    439. dt:  0.25 ms | #newton:  1 | ph:  0.0% | #CG/newton:  872 | ls (cap|max|inv|bt):  0| 0| 0| 0| runtime:  502.2 ms | cr: 2008.8
    440. dt:  0.25 ms | #newton:  1 | ph:  0.0% | #CG/newton:  966 | ls (cap|max|inv|bt):  0| 0| 0| 0| runtime:  548.4 ms | cr: 2193.6
    441. dt:  0.25 ms | #newton:  1 | ph:  0.0% | #CG/newton:  893 | ls (cap|max|inv|bt):  0| 0| 0| 0| runtime:  503.4 ms | cr: 2013.8
    442. dt:  0.25 ms | #newton:  1 | ph:  0.0% | #CG/newton:  991 | ls (cap|max|inv|bt):  0| 0| 0| 0| runtime:  541.9 ms | cr: 2167.7
    443. dt:  0.25 ms | #newton:  1 | ph:  0.0% | #CG/newton:  892 | ls (cap|max|inv|bt):  0| 0| 0| 0| runtime:  514.4 ms | cr: 2057.8
    444. dt:  0.25 ms | #newton:  1 | ph:  0.0% | #CG/newton:  991 | ls (cap|max|inv|bt):  0| 0| 0| 0| runtime:  547.8 ms | cr: 2191.3
    445. dt:  0.25 ms | #newton:  1 | ph:  0.0% | #CG/newton:  894 | ls (cap|max|inv|bt):  0| 0| 0| 0| runtime:  505.9 ms | cr: 2023.7
    446. dt:  0.25 ms | #newton:  1 | ph:  0.0% | #CG/newton:  971 | ls (cap|max|inv|bt):  0| 0| 0| 0| runtime:  536.3 ms | cr: 2145.3
    447. dt:  0.25 ms | #newton:  1 | ph:  0.0% | #CG/newton:  890 | ls (cap|max|inv|bt):  0| 0| 0| 0| runtime:  513.5 ms | cr: 2054.1
    448. dt:  0.25 ms | #newton:  1 | ph:  0.0% | #CG/newton:  964 | ls (cap|max|inv|bt):  0| 0| 0| 0| runtime:  539.6 ms | cr: 2158.4
    449. dt:  0.25 ms | #newton:  1 | ph:  0.0% | #CG/newton:  877 | ls (cap|max|inv|bt):  0| 0| 0| 0| runtime:  499.0 ms | cr: 1995.9
    450. dt:  0.25 ms | #newton:  1 | ph:  0.0% | #CG/newton:  958 | ls (cap|max|inv|bt):  0| 0| 0| 0| runtime:  542.2 ms | cr: 2168.8
    451. dt:  0.25 ms | #newton:  1 | ph:  0.0% | #CG/newton:  876 | ls (cap|max|inv|bt):  0| 0| 0| 0| runtime:  503.8 ms | cr: 2015.2
    452. dt:  0.25 ms | #newton:  1 | ph:  0.0% | #CG/newton:  893 | ls (cap|max|inv|bt):  0| 0| 0| 0| runtime:  512.0 ms | cr: 2048.1
    453. dt:  0.25 ms | #newton:  1 | ph:  0.0% | #CG/newton:  967 | ls (cap|max|inv|bt):  0| 0| 0| 0| runtime:  540.4 ms | cr: 2161.7
    454. dt:  0.25 ms | #newton:  1 | ph:  0.0% | #CG/newton:  878 | ls (cap|max|inv|bt):  0| 0| 0| 0| runtime:  509.4 ms | cr: 2037.8
    455. dt:  0.25 ms | #newton:  1 | ph:  0.0% | #CG/newton:  994 | ls (cap|max|inv|bt):  0| 0| 0| 0| runtime:  555.5 ms | cr: 2221.9
    456. dt:  0.25 ms | #newton:  1 | ph:  0.0% | #CG/newton:  944 | ls (cap|max|inv|bt):  0| 0| 0| 0| runtime:  531.1 ms | cr: 2124.2
    457. dt:  0.25 ms | #newton:  1 | ph:  0.0% | #CG/newton:  967 | ls (cap|max|inv|bt):  0| 0| 0| 0| runtime:  539.4 ms | cr: 2157.4
    458. dt:  0.25 ms | #newton:  1 | ph:  0.0% | #CG/newton:  937 | ls (cap|max|inv|bt):  0| 0| 0| 0| runtime:  536.5 ms | cr: 2145.9
    459. dt:  0.25 ms | #newton:  1 | ph:  0.0% | #CG/newton:  963 | ls (cap|max|inv|bt):  0| 0| 0| 0| runtime:  535.8 ms | cr: 2143.3
    460. dt:  0.25 ms | #newton:  1 | ph:  0.0% | #CG/newton:  877 | ls (cap|max|inv|bt):  0| 0| 0| 0| runtime:  505.1 ms | cr: 2020.3
    461. dt:  0.25 ms | #newton:  1 | ph:  0.0% | #CG/newton:  991 | ls (cap|max|inv|bt):  0| 0| 0| 0| runtime:  545.9 ms | cr: 2183.7
    462. dt:  0.25 ms | #newton:  1 | ph:  0.0% | #CG/newton:  885 | ls (cap|max|inv|bt):  0| 0| 0| 0| runtime:  498.9 ms | cr: 1995.4
    463. dt:  0.25 ms | #newton:  1 | ph:  0.0% | #CG/newton:  989 | ls (cap|max|inv|bt):  0| 0| 0| 0| runtime:  557.3 ms | cr: 2229.1
    464. dt:  0.25 ms | #newton:  1 | ph:  0.0% | #CG/newton:  884 | ls (cap|max|inv|bt):  0| 0| 0| 0| runtime:  509.0 ms | cr: 2035.8
    465. dt:  0.25 ms | #newton:  1 | ph:  0.0% | #CG/newton:  881 | ls (cap|max|inv|bt):  0| 0| 0| 0| runtime:  501.9 ms | cr: 2007.7
    466. dt:  0.25 ms | #newton:  1 | ph:  0.0% | #CG/newton:  891 | ls (cap|max|inv|bt):  0| 0| 0| 0| runtime:  496.4 ms | cr: 1985.7
    467. dt:  0.25 ms | #newton:  1 | ph:  0.0% | #CG/newton:  949 | ls (cap|max|inv|bt):  0| 0| 0| 0| runtime:  533.2 ms | cr: 2133.0
    468. dt:  0.25 ms | #newton:  1 | ph:  0.0% | #CG/newton:  895 | ls (cap|max|inv|bt):  0| 0| 0| 0| runtime:  507.8 ms | cr: 2031.2
    469. dt:  0.25 ms | #newton:  1 | ph:  0.0% | #CG/newton:  959 | ls (cap|max|inv|bt):  0| 0| 0| 0| runtime:  539.5 ms | cr: 2158.2
    470. dt:  0.25 ms | #newton:  1 | ph:  0.0% | #CG/newton:  873 | ls (cap|max|inv|bt):  0| 0| 0| 0| runtime:  493.6 ms | cr: 1974.3
    471. dt:  0.25 ms | #newton:  1 | ph:  0.0% | #CG/newton:  831 | ls (cap|max|inv|bt):  0| 0| 0| 0| runtime:  481.1 ms | cr: 1924.4
    472. dt:  0.25 ms | #newton:  1 | ph:  0.0% | #CG/newton:  874 | ls (cap|max|inv|bt):  0| 0| 0| 0| runtime:  498.1 ms | cr: 1992.3
    473. dt:  0.25 ms | #newton:  1 | ph:  0.0% | #CG/newton:  835 | ls (cap|max|inv|bt):  0| 0| 0| 0| runtime:  479.5 ms | cr: 1917.9
    474. dt:  0.25 ms | #newton:  1 | ph:  0.0% | #CG/newton:  875 | ls (cap|max|inv|bt):  0| 0| 0| 0| runtime:  503.4 ms | cr: 2013.6
    475. dt:  0.25 ms | #newton:  1 | ph:  0.0% | #CG/newton:  915 | ls (cap|max|inv|bt):  0| 0| 0| 0| runtime:  518.3 ms | cr: 2073.1
    476. dt:  0.25 ms | #newton:  1 | ph:  0.0% | #CG/newton:  875 | ls (cap|max|inv|bt):  0| 0| 0| 0| runtime:  482.0 ms | cr: 1928.0
    477. dt:  0.25 ms | #newton:  1 | ph:  0.0% | #CG/newton:  807 | ls (cap|max|inv|bt):  0| 0| 0| 0| runtime:  476.1 ms | cr: 1904.3
    478. dt:  0.25 ms | #newton:  1 | ph:  0.0% | #CG/newton:  868 | ls (cap|max|inv|bt):  0| 0| 0| 0| runtime:  492.9 ms | cr: 1971.7
    479. dt:  0.25 ms | #newton:  1 | ph:  0.0% | #CG/newton:  881 | ls (cap|max|inv|bt):  0| 0| 0| 0| runtime:  504.4 ms | cr: 2017.6
    480. dt:  0.25 ms | #newton:  1 | ph:  0.0% | #CG/newton:  873 | ls (cap|max|inv|bt):  0| 0| 0| 0| runtime:  499.5 ms | cr: 1997.9
    481. dt:  0.25 ms | #newton:  1 | ph:  0.0% | #CG/newton:  894 | ls (cap|max|inv|bt):  0| 0| 0| 0| runtime:  509.7 ms | cr: 2038.9
    482. dt:  0.25 ms | #newton:  2 | ph:  0.0% | #CG/newton: 1413 | ls (cap|max|inv|bt):  0| 0| 0| 0| runtime: 1399.9 ms | cr: 5599.8
    483. dt:  0.25 ms | #newton:  1 | ph:  0.0% | #CG/newton: 1320 | ls (cap|max|inv|bt):  0| 0| 0| 0| runtime:  676.3 ms | cr: 2705.4
    484. dt:  0.25 ms | #newton:  1 | ph:  0.0% | #CG/newton: 1145 | ls (cap|max|inv|bt):  0| 0| 0| 0| runtime:  606.0 ms | cr: 2423.8
    485. dt:  0.25 ms | #newton:  1 | ph:  0.0% | #CG/newton: 1317 | ls (cap|max|inv|bt):  0| 0| 0| 0| runtime:  682.5 ms | cr: 2729.8
    486. dt:  0.25 ms | #newton:  1 | ph:  0.0% | #CG/newton: 1320 | ls (cap|max|inv|bt):  0| 0| 0| 0| runtime:  684.1 ms | cr: 2736.3
    487. dt:  0.25 ms | #newton:  1 | ph:  0.0% | #CG/newton: 1309 | ls (cap|max|inv|bt):  0| 0| 0| 0| runtime:  679.5 ms | cr: 2718.2
    488. dt:  0.25 ms | #newton:  1 | ph:  0.0% | #CG/newton: 1165 | ls (cap|max|inv|bt):  0| 0| 0| 0| runtime:  615.4 ms | cr: 2461.8
    489. dt:  0.25 ms | #newton:  1 | ph:  0.0% | #CG/newton: 1300 | ls (cap|max|inv|bt):  0| 0| 0| 0| runtime:  676.0 ms | cr: 2703.8
    490. dt:  0.25 ms | #newton:  1 | ph:  0.0% | #CG/newton: 1301 | ls (cap|max|inv|bt):  0| 0| 0| 0| runtime:  676.3 ms | cr: 2705.4
    491. dt:  0.25 ms | #newton:  1 | ph:  0.0% | #CG/newton: 1295 | ls (cap|max|inv|bt):  0| 0| 0| 0| runtime:  675.7 ms | cr: 2702.9
    492. dt:  0.25 ms | #newton:  1 | ph:  0.0% | #CG/newton: 1308 | ls (cap|max|inv|bt):  0| 0| 0| 0| runtime:  679.5 ms | cr: 2717.9
    493. dt:  0.25 ms | #newton:  1 | ph:  0.0% | #CG/newton: 1306 | ls (cap|max|inv|bt):  0| 0| 0| 0| runtime:  670.7 ms | cr: 2682.8
    494. dt:  0.25 ms | #newton:  1 | ph:  0.0% | #CG/newton: 1308 | ls (cap|max|inv|bt):  0| 0| 0| 0| runtime:  671.4 ms | cr: 2685.7
    495. dt:  0.25 ms | #newton:  1 | ph:  0.0% | #CG/newton: 1308 | ls (cap|max|inv|bt):  0| 0| 0| 0| runtime:  670.4 ms | cr: 2681.7
    496. dt:  0.25 ms | #newton:  1 | ph:  0.0% | #CG/newton: 1267 | ls (cap|max|inv|bt):  0| 0| 0| 0| runtime:  662.9 ms | cr: 2651.6
    497. dt:  0.25 ms | #newton:  1 | ph:  0.0% | #CG/newton: 1311 | ls (cap|max|inv|bt):  0| 0| 0| 0| runtime:  682.2 ms | cr: 2728.8
    498. dt:  0.25 ms | #newton:  1 | ph:  0.0% | #CG/newton: 1303 | ls (cap|max|inv|bt):  0| 0| 0| 0| runtime:  679.3 ms | cr: 2717.1
    499. dt:  0.25 ms | #newton:  1 | ph:  0.0% | #CG/newton: 1285 | ls (cap|max|inv|bt):  0| 0| 0| 0| runtime:  664.1 ms | cr: 2656.4
    500. dt:  0.25 ms | #newton:  1 | ph:  0.0% | #CG/newton: 1310 | ls (cap|max|inv|bt):  0| 0| 0| 0| runtime:  684.3 ms | cr: 2737.3
    501. dt:  0.25 ms | #newton:  1 | ph:  0.0% | #CG/newton: 1306 | ls (cap|max|inv|bt):  0| 0| 0| 0| runtime:  670.5 ms | cr: 2681.9
    502. dt:  0.25 ms | #newton:  1 | ph:  0.0% | #CG/newton: 1313 | ls (cap|max|inv|bt):  0| 0| 0| 0| runtime:  683.9 ms | cr: 2735.5
    503. dt:  0.25 ms | #newton:  1 | ph:  0.0% | #CG/newton: 1314 | ls (cap|max|inv|bt):  0| 0| 0| 0| runtime:  682.5 ms | cr: 2730.1
    504. dt:  0.25 ms | #newton:  1 | ph:  0.0% | #CG/newton: 1318 | ls (cap|max|inv|bt):  0| 0| 0| 0| runtime:  682.9 ms | cr: 2731.5
    505. dt:  0.25 ms | #newton:  1 | ph:  0.0% | #CG/newton: 1557 | ls (cap|max|inv|bt):  0| 0| 0| 0| runtime:  783.3 ms | cr: 3133.2
    506. dt:  0.25 ms | #newton:  1 | ph:  0.0% | #CG/newton: 1556 | ls (cap|max|inv|bt):  0| 0| 0| 0| runtime:  776.9 ms | cr: 3107.7
    507. dt:  0.25 ms | #newton:  1 | ph:  0.0% | #CG/newton: 1568 | ls (cap|max|inv|bt):  0| 0| 0| 0| runtime:  788.9 ms | cr: 3155.5
    508. dt:  0.25 ms | #newton:  1 | ph:  0.0% | #CG/newton: 1563 | ls (cap|max|inv|bt):  0| 0| 0| 0| runtime:  797.3 ms | cr: 3189.2
    509. dt:  0.25 ms | #newton:  1 | ph:  0.0% | #CG/newton: 1578 | ls (cap|max|inv|bt):  0| 0| 0| 0| runtime:  785.0 ms | cr: 3140.0
    510. dt:  0.25 ms | #newton:  1 | ph:  0.0% | #CG/newton: 1307 | ls (cap|max|inv|bt):  0| 0| 0| 0| runtime:  671.2 ms | cr: 2684.9
    511. dt:  0.25 ms | #newton:  1 | ph:  0.0% | #CG/newton: 1312 | ls (cap|max|inv|bt):  0| 0| 0| 0| runtime:  678.2 ms | cr: 2712.9
    512. dt:  0.25 ms | #newton:  1 | ph:  0.0% | #CG/newton: 1269 | ls (cap|max|inv|bt):  0| 0| 0| 0| runtime:  656.5 ms | cr: 2626.0
    513. dt:  0.25 ms | #newton:  1 | ph:  0.0% | #CG/newton: 1308 | ls (cap|max|inv|bt):  0| 0| 0| 0| runtime:  678.0 ms | cr: 2712.2
    514. dt:  0.25 ms | #newton:  1 | ph:  0.0% | #CG/newton: 1313 | ls (cap|max|inv|bt):  0| 0| 0| 0| runtime:  685.1 ms | cr: 2740.4
    515. dt:  0.25 ms | #newton:  1 | ph:  0.0% | #CG/newton: 1311 | ls (cap|max|inv|bt):  0| 0| 0| 0| runtime:  674.9 ms | cr: 2699.8
    516. dt:  0.25 ms | #newton:  1 | ph:  0.0% | #CG/newton: 1309 | ls (cap|max|inv|bt):  0| 0| 0| 0| runtime:  671.3 ms | cr: 2685.2
    517. dt:  0.25 ms | #newton:  1 | ph:  0.0% | #CG/newton: 1243 | ls (cap|max|inv|bt):  0| 0| 0| 0| runtime:  651.1 ms | cr: 2604.3
    518. dt:  0.25 ms | #newton:  1 | ph:  0.0% | #CG/newton: 1260 | ls (cap|max|inv|bt):  0| 0| 0| 0| runtime:  659.7 ms | cr: 2638.8
    519. dt:  0.25 ms | #newton:  1 | ph:  0.0% | #CG/newton: 1303 | ls (cap|max|inv|bt):  0| 0| 0| 0| runtime:  677.4 ms | cr: 2709.8
    520. dt:  0.25 ms | #newton:  1 | ph:  0.0% | #CG/newton: 1302 | ls (cap|max|inv|bt):  0| 0| 0| 0| runtime:  669.8 ms | cr: 2679.1
    521. dt:  0.25 ms | #newton:  1 | ph:  0.0% | #CG/newton: 1299 | ls (cap|max|inv|bt):  0| 0| 0| 0| runtime:  676.2 ms | cr: 2704.7
    522. dt:  0.25 ms | #newton:  1 | ph:  0.0% | #CG/newton: 1309 | ls (cap|max|inv|bt):  0| 0| 0| 0| runtime:  674.1 ms | cr: 2696.4
    523. dt:  0.25 ms | #newton:  1 | ph:  0.0% | #CG/newton: 1264 | ls (cap|max|inv|bt):  0| 0| 0| 0| runtime:  657.8 ms | cr: 2631.2
    524. dt:  0.25 ms | #newton:  1 | ph:  0.0% | #CG/newton: 1308 | ls (cap|max|inv|bt):  0| 0| 0| 0| runtime:  673.6 ms | cr: 2694.4
    525. dt:  0.25 ms | #newton:  1 | ph:  0.0% | #CG/newton: 1308 | ls (cap|max|inv|bt):  0| 0| 0| 0| runtime:  672.8 ms | cr: 2691.1
    526. dt:  0.25 ms | #newton:  1 | ph:  0.0% | #CG/newton: 1312 | ls (cap|max|inv|bt):  0| 0| 0| 0| runtime:  681.6 ms | cr: 2726.5
    527. dt:  0.25 ms | #newton:  1 | ph:  0.0% | #CG/newton: 1307 | ls (cap|max|inv|bt):  0| 0| 0| 0| runtime:  672.0 ms | cr: 2687.9
    528. dt:  0.25 ms | #newton:  1 | ph:  0.0% | #CG/newton: 1340 | ls (cap|max|inv|bt):  0| 0| 0| 0| runtime:  695.7 ms | cr: 2782.9
    529. dt:  0.25 ms | #newton:  1 | ph:  0.0% | #CG/newton: 1305 | ls (cap|max|inv|bt):  0| 0| 0| 0| runtime:  675.1 ms | cr: 2700.4
    530. dt:  0.25 ms | #newton:  1 | ph:  0.0% | #CG/newton: 1582 | ls (cap|max|inv|bt):  0| 0| 0| 0| runtime:  789.7 ms | cr: 3159.0
    531. dt:  0.25 ms | #newton:  1 | ph:  0.0% | #CG/newton: 1591 | ls (cap|max|inv|bt):  0| 0| 0| 0| runtime:  788.1 ms | cr: 3152.4
    532. dt:  0.25 ms | #newton:  1 | ph:  0.0% | #CG/newton: 1592 | ls (cap|max|inv|bt):  0| 0| 0| 0| runtime:  789.9 ms | cr: 3159.5
    533. dt:  0.25 ms | #newton:  1 | ph:  0.0% | #CG/newton: 1587 | ls (cap|max|inv|bt):  0| 0| 0| 0| runtime:  824.9 ms | cr: 3299.6
[Frame: 4] Time: 0.134 s
    534. dt:  0.25 ms | #newton:  1 | ph:  0.0% | #CG/newton: 1581 | ls (cap|max|inv|bt):  0| 0| 0| 0| runtime:  787.4 ms | cr: 3149.6
    535. dt:  0.25 ms | #newton:  1 | ph:  0.0% | #CG/newton: 1584 | ls (cap|max|inv|bt):  0| 0| 0| 0| runtime:  791.3 ms | cr: 3165.0
    536. dt:  0.25 ms | #newton:  1 | ph:  0.0% | #CG/newton: 1584 | ls (cap|max|inv|bt):  0| 0| 0| 0| runtime:  786.8 ms | cr: 3147.0
    537. dt:  0.25 ms | #newton:  1 | ph:  0.0% | #CG/newton: 1583 | ls (cap|max|inv|bt):  0| 0| 0| 0| runtime:  775.4 ms | cr: 3101.5
    538. dt:  0.25 ms | #newton:  1 | ph:  0.0% | #CG/newton: 1584 | ls (cap|max|inv|bt):  0| 0| 0| 0| runtime:  784.0 ms | cr: 3136.1
    539. dt:  0.25 ms | #newton:  1 | ph:  0.0% | #CG/newton: 1565 | ls (cap|max|inv|bt):  0| 0| 0| 0| runtime:  778.0 ms | cr: 3112.1
    540. dt:  0.25 ms | #newton:  1 | ph:  0.0% | #CG/newton: 1565 | ls (cap|max|inv|bt):  0| 0| 0| 0| runtime:  785.8 ms | cr: 3143.2
    541. dt:  0.25 ms | #newton:  1 | ph:  0.0% | #CG/newton: 1566 | ls (cap|max|inv|bt):  0| 0| 0| 0| runtime:  778.3 ms | cr: 3113.2
    542. dt:  0.25 ms | #newton:  1 | ph:  0.0% | #CG/newton: 1557 | ls (cap|max|inv|bt):  0| 0| 0| 0| runtime:  827.9 ms | cr: 3311.7
    543. dt:  0.25 ms | #newton:  1 | ph:  0.0% | #CG/newton: 1547 | ls (cap|max|inv|bt):  0| 0| 0| 0| runtime:  764.6 ms | cr: 3058.5
    544. dt:  0.25 ms | #newton:  1 | ph:  0.0% | #CG/newton: 1543 | ls (cap|max|inv|bt):  0| 0| 0| 0| runtime:  765.9 ms | cr: 3063.8
    545. dt:  0.25 ms | #newton:  1 | ph:  0.0% | #CG/newton: 1543 | ls (cap|max|inv|bt):  0| 0| 0| 0| runtime:  767.2 ms | cr: 3069.0
    546. dt:  0.25 ms | #newton:  1 | ph:  0.0% | #CG/newton: 1576 | ls (cap|max|inv|bt):  0| 0| 0| 0| runtime:  786.4 ms | cr: 3145.5
    547. dt:  0.25 ms | #newton:  1 | ph:  0.0% | #CG/newton: 1566 | ls (cap|max|inv|bt):  0| 0| 0| 0| runtime:  784.7 ms | cr: 3138.9
    548. dt:  0.25 ms | #newton:  1 | ph:  0.0% | #CG/newton: 1543 | ls (cap|max|inv|bt):  0| 0| 0| 0| runtime:  764.4 ms | cr: 3057.7
    549. dt:  0.25 ms | #newton:  1 | ph:  0.0% | #CG/newton: 1571 | ls (cap|max|inv|bt):  0| 0| 0| 0| runtime:  782.3 ms | cr: 3129.4
    550. dt:  0.25 ms | #newton:  1 | ph:  0.0% | #CG/newton: 1555 | ls (cap|max|inv|bt):  0| 0| 0| 0| runtime:  776.4 ms | cr: 3105.7
    551. dt:  0.25 ms | #newton:  1 | ph:  0.0% | #CG/newton: 1561 | ls (cap|max|inv|bt):  0| 0| 0| 0| runtime:  774.3 ms | cr: 3097.1
    552. dt:  0.25 ms | #newton:  1 | ph:  0.0% | #CG/newton: 1552 | ls (cap|max|inv|bt):  0| 0| 0| 0| runtime:  758.0 ms | cr: 3032.2
    553. dt:  0.25 ms | #newton:  1 | ph:  0.0% | #CG/newton: 1549 | ls (cap|max|inv|bt):  0| 0| 0| 0| runtime:  760.9 ms | cr: 3043.4
    554. dt:  0.25 ms | #newton:  1 | ph:  0.0% | #CG/newton: 1549 | ls (cap|max|inv|bt):  0| 0| 0| 0| runtime:  769.1 ms | cr: 3076.3
    555. dt:  0.25 ms | #newton:  1 | ph:  0.0% | #CG/newton: 1549 | ls (cap|max|inv|bt):  0| 0| 0| 0| runtime:  768.0 ms | cr: 3071.9
    556. dt:  0.25 ms | #newton:  1 | ph:  0.0% | #CG/newton: 1553 | ls (cap|max|inv|bt):  0| 0| 0| 0| runtime:  774.5 ms | cr: 3098.1
    557. dt:  0.25 ms | #newton:  1 | ph:  0.0% | #CG/newton: 1551 | ls (cap|max|inv|bt):  0| 0| 0| 0| runtime:  773.4 ms | cr: 3093.7
    558. dt:  0.25 ms | #newton:  1 | ph:  0.0% | #CG/newton: 1562 | ls (cap|max|inv|bt):  0| 0| 0| 0| runtime:  773.9 ms | cr: 3095.5
    559. dt:  0.25 ms | #newton:  1 | ph:  0.0% | #CG/newton: 1568 | ls (cap|max|inv|bt):  0| 0| 0| 0| runtime:  780.8 ms | cr: 3123.3
    560. dt:  0.25 ms | #newton:  1 | ph:  0.0% | #CG/newton: 1566 | ls (cap|max|inv|bt):  0| 0| 0| 0| runtime:  787.7 ms | cr: 3150.9
    561. dt:  0.25 ms | #newton:  1 | ph:  0.0% | #CG/newton: 1569 | ls (cap|max|inv|bt):  0| 0| 0| 0| runtime:  780.0 ms | cr: 3120.1
    562. dt:  0.25 ms | #newton:  1 | ph:  0.0% | #CG/newton: 1569 | ls (cap|max|inv|bt):  0| 0| 0| 0| runtime:  775.4 ms | cr: 3101.7
    563. dt:  0.25 ms | #newton:  1 | ph:  0.0% | #CG/newton: 1572 | ls (cap|max|inv|bt):  0| 0| 0| 0| runtime:  777.5 ms | cr: 3110.0
    564. dt:  0.25 ms | #newton:  1 | ph:  0.0% | #CG/newton: 1578 | ls (cap|max|inv|bt):  0| 0| 0| 0| runtime:  802.8 ms | cr: 3211.2
    565. dt:  0.25 ms | #newton:  1 | ph:  0.0% | #CG/newton: 1571 | ls (cap|max|inv|bt):  0| 0| 0| 0| runtime:  791.5 ms | cr: 3165.8
    566. dt:  0.25 ms | #newton:  1 | ph:  0.0% | #CG/newton: 1569 | ls (cap|max|inv|bt):  0| 0| 0| 0| runtime:  805.4 ms | cr: 3221.6
    567. dt:  0.25 ms | #newton:  1 | ph:  0.0% | #CG/newton: 1575 | ls (cap|max|inv|bt):  0| 0| 0| 0| runtime:  805.4 ms | cr: 3221.5
    568. dt:  0.25 ms | #newton:  1 | ph:  0.0% | #CG/newton: 1588 | ls (cap|max|inv|bt):  0| 0| 0| 0| runtime:  806.3 ms | cr: 3225.2
    569. dt:  0.25 ms | #newton:  1 | ph:  0.0% | #CG/newton: 1568 | ls (cap|max|inv|bt):  0| 0| 0| 0| runtime:  787.5 ms | cr: 3150.1
    570. dt:  0.25 ms | #newton:  1 | ph:  0.0% | #CG/newton: 1588 | ls (cap|max|inv|bt):  0| 0| 0| 0| runtime:  798.4 ms | cr: 3193.5
    571. dt:  0.25 ms | #newton:  1 | ph:  0.0% | #CG/newton: 1589 | ls (cap|max|inv|bt):  0| 0| 0| 0| runtime:  801.5 ms | cr: 3206.1
    572. dt:  0.25 ms | #newton:  1 | ph:  0.0% | #CG/newton: 1593 | ls (cap|max|inv|bt):  0| 0| 0| 0| runtime:  795.2 ms | cr: 3180.6
    573. dt:  0.25 ms | #newton:  1 | ph:  0.0% | #CG/newton: 1600 | ls (cap|max|inv|bt):  0| 0| 0| 0| runtime:  814.1 ms | cr: 3256.2
    574. dt:  0.25 ms | #newton:  1 | ph:  0.0% | #CG/newton: 1602 | ls (cap|max|inv|bt):  0| 0| 0| 0| runtime:  806.7 ms | cr: 3226.9
    575. dt:  0.25 ms | #newton:  1 | ph:  0.0% | #CG/newton: 1598 | ls (cap|max|inv|bt):  0| 0| 0| 0| runtime:  795.0 ms | cr: 3179.8
    576. dt:  0.25 ms | #newton:  1 | ph:  0.0% | #CG/newton: 1596 | ls (cap|max|inv|bt):  0| 0| 0| 0| runtime:  791.6 ms | cr: 3166.4
    577. dt:  0.25 ms | #newton:  1 | ph:  0.0% | #CG/newton: 1596 | ls (cap|max|inv|bt):  0| 0| 0| 0| runtime:  771.4 ms | cr: 3085.7
    578. dt:  0.25 ms | #newton:  1 | ph:  0.0% | #CG/newton: 1582 | ls (cap|max|inv|bt):  0| 0| 0| 0| runtime:  769.1 ms | cr: 3076.4
    579. dt:  0.25 ms | #newton:  1 | ph:  0.0% | #CG/newton: 1571 | ls (cap|max|inv|bt):  0| 0| 0| 0| runtime:  754.5 ms | cr: 3017.9
    580. dt:  0.25 ms | #newton:  1 | ph:  0.0% | #CG/newton: 1575 | ls (cap|max|inv|bt):  0| 0| 0| 0| runtime:  768.7 ms | cr: 3074.6
    581. dt:  0.25 ms | #newton:  1 | ph:  0.0% | #CG/newton: 1574 | ls (cap|max|inv|bt):  0| 0| 0| 0| runtime:  764.0 ms | cr: 3055.9
    582. dt:  0.25 ms | #newton:  1 | ph:  0.0% | #CG/newton: 1602 | ls (cap|max|inv|bt):  0| 0| 0| 0| runtime:  791.1 ms | cr: 3164.4
    583. dt:  0.25 ms | #newton:  1 | ph:  0.0% | #CG/newton: 1599 | ls (cap|max|inv|bt):  0| 0| 0| 0| runtime:  791.6 ms | cr: 3166.6
    584. dt:  0.25 ms | #newton:  1 | ph:  0.0% | #CG/newton: 1595 | ls (cap|max|inv|bt):  0| 0| 0| 0| runtime:  821.6 ms | cr: 3286.5
    585. dt:  0.25 ms | #newton:  1 | ph:  0.0% | #CG/newton: 1606 | ls (cap|max|inv|bt):  0| 0| 0| 0| runtime:  809.3 ms | cr: 3237.1
    586. dt:  0.25 ms | #newton:  1 | ph:  0.0% | #CG/newton: 1608 | ls (cap|max|inv|bt):  0| 0| 0| 0| runtime:  797.8 ms | cr: 3191.3
    587. dt:  0.25 ms | #newton:  1 | ph:  0.0% | #CG/newton: 1599 | ls (cap|max|inv|bt):  0| 0| 0| 0| runtime:  791.3 ms | cr: 3165.4
    588. dt:  0.25 ms | #newton:  1 | ph:  0.0% | #CG/newton: 1354 | ls (cap|max|inv|bt):  0| 0| 0| 0| runtime:  689.2 ms | cr: 2756.9
    589. dt:  0.25 ms | #newton:  1 | ph:  0.0% | #CG/newton: 1352 | ls (cap|max|inv|bt):  0| 0| 0| 0| runtime:  689.8 ms | cr: 2759.1
    590. dt:  0.25 ms | #newton:  1 | ph:  0.0% | #CG/newton: 1346 | ls (cap|max|inv|bt):  0| 0| 0| 0| runtime:  686.7 ms | cr: 2747.0
    591. dt:  0.25 ms | #newton:  1 | ph:  0.0% | #CG/newton: 1341 | ls (cap|max|inv|bt):  0| 0| 0| 0| runtime:  685.7 ms | cr: 2742.7
    592. dt:  0.25 ms | #newton:  1 | ph:  0.0% | #CG/newton: 1338 | ls (cap|max|inv|bt):  0| 0| 0| 0| runtime:  687.4 ms | cr: 2749.5
    593. dt:  0.25 ms | #newton:  1 | ph:  0.0% | #CG/newton: 1342 | ls (cap|max|inv|bt):  0| 0| 0| 0| runtime:  693.0 ms | cr: 2772.1
    594. dt:  0.25 ms | #newton:  1 | ph:  0.0% | #CG/newton: 1340 | ls (cap|max|inv|bt):  0| 0| 0| 0| runtime:  696.1 ms | cr: 2784.6
    595. dt:  0.25 ms | #newton:  1 | ph:  0.0% | #CG/newton: 1344 | ls (cap|max|inv|bt):  0| 0| 0| 0| runtime:  699.7 ms | cr: 2798.8
    596. dt:  0.25 ms | #newton:  1 | ph:  0.0% | #CG/newton: 1341 | ls (cap|max|inv|bt):  0| 0| 0| 0| runtime:  691.4 ms | cr: 2765.8
    597. dt:  0.25 ms | #newton:  1 | ph:  0.0% | #CG/newton: 1344 | ls (cap|max|inv|bt):  0| 0| 0| 0| runtime:  690.4 ms | cr: 2761.7
    598. dt:  0.25 ms | #newton:  1 | ph:  0.0% | #CG/newton: 1340 | ls (cap|max|inv|bt):  0| 0| 0| 0| runtime:  695.9 ms | cr: 2783.4
    599. dt:  0.25 ms | #newton:  1 | ph:  0.0% | #CG/newton: 1346 | ls (cap|max|inv|bt):  0| 0| 0| 0| runtime:  696.3 ms | cr: 2785.1
    600. dt:  0.25 ms | #newton:  1 | ph:  0.0% | #CG/newton: 1338 | ls (cap|max|inv|bt):  0| 0| 0| 0| runtime:  696.3 ms | cr: 2785.2
    601. dt:  0.25 ms | #newton:  1 | ph:  0.0% | #CG/newton: 1348 | ls (cap|max|inv|bt):  0| 0| 0| 0| runtime:  690.7 ms | cr: 2762.7
    602. dt:  0.25 ms | #newton:  1 | ph:  0.0% | #CG/newton: 1337 | ls (cap|max|inv|bt):  0| 0| 0| 0| runtime:  685.9 ms | cr: 2743.4
    603. dt:  0.25 ms | #newton:  1 | ph:  0.0% | #CG/newton: 1347 | ls (cap|max|inv|bt):  0| 0| 0| 0| runtime:  694.6 ms | cr: 2778.3
    604. dt:  0.25 ms | #newton:  1 | ph:  0.0% | #CG/newton: 1336 | ls (cap|max|inv|bt):  0| 0| 0| 0| runtime:  685.6 ms | cr: 2742.3
    605. dt:  0.25 ms | #newton:  1 | ph:  0.0% | #CG/newton: 1348 | ls (cap|max|inv|bt):  0| 0| 0| 0| runtime:  696.7 ms | cr: 2786.9
    606. dt:  0.25 ms | #newton:  1 | ph:  0.0% | #CG/newton: 1334 | ls (cap|max|inv|bt):  0| 0| 0| 0| runtime:  690.6 ms | cr: 2762.4
    607. dt:  0.25 ms | #newton:  1 | ph:  0.0% | #CG/newton: 1348 | ls (cap|max|inv|bt):  0| 0| 0| 0| runtime:  698.0 ms | cr: 2792.0
    608. dt:  0.25 ms | #newton:  1 | ph:  0.0% | #CG/newton: 1336 | ls (cap|max|inv|bt):  0| 0| 0| 0| runtime:  700.5 ms | cr: 2802.0
    609. dt:  0.25 ms | #newton:  1 | ph:  0.0% | #CG/newton: 1350 | ls (cap|max|inv|bt):  0| 0| 0| 0| runtime:  697.4 ms | cr: 2789.6
    610. dt:  0.25 ms | #newton:  1 | ph:  0.0% | #CG/newton: 1335 | ls (cap|max|inv|bt):  0| 0| 0| 0| runtime:  689.2 ms | cr: 2756.9
    611. dt:  0.25 ms | #newton:  1 | ph:  0.0% | #CG/newton: 1339 | ls (cap|max|inv|bt):  0| 0| 0| 0| runtime:  695.5 ms | cr: 2781.9
    612. dt:  0.25 ms | #newton:  1 | ph:  0.0% | #CG/newton: 1337 | ls (cap|max|inv|bt):  0| 0| 0| 0| runtime:  696.7 ms | cr: 2786.9
    613. dt:  0.25 ms | #newton:  1 | ph:  0.0% | #CG/newton: 1348 | ls (cap|max|inv|bt):  0| 0| 0| 0| runtime:  701.9 ms | cr: 2807.7
    614. dt:  0.25 ms | #newton:  1 | ph:  0.0% | #CG/newton: 1336 | ls (cap|max|inv|bt):  0| 0| 0| 0| runtime:  692.6 ms | cr: 2770.3
    615. dt:  0.25 ms | #newton:  1 | ph:  0.0% | #CG/newton: 1349 | ls (cap|max|inv|bt):  0| 0| 0| 0| runtime:  704.5 ms | cr: 2817.8
    616. dt:  0.25 ms | #newton:  1 | ph:  0.0% | #CG/newton: 1335 | ls (cap|max|inv|bt):  0| 0| 0| 0| runtime:  690.0 ms | cr: 2759.9
    617. dt:  0.25 ms | #newton:  1 | ph:  0.0% | #CG/newton: 1344 | ls (cap|max|inv|bt):  0| 0| 0| 0| runtime:  696.3 ms | cr: 2785.3
    618. dt:  0.25 ms | #newton:  1 | ph:  0.0% | #CG/newton: 1338 | ls (cap|max|inv|bt):  0| 0| 0| 0| runtime:  694.4 ms | cr: 2777.5
    619. dt:  0.25 ms | #newton:  1 | ph:  0.0% | #CG/newton: 1349 | ls (cap|max|inv|bt):  0| 0| 0| 0| runtime:  703.2 ms | cr: 2812.6
    620. dt:  0.25 ms | #newton:  1 | ph:  0.0% | #CG/newton: 1337 | ls (cap|max|inv|bt):  0| 0| 0| 0| runtime:  693.0 ms | cr: 2771.9
    621. dt:  0.25 ms | #newton:  1 | ph:  0.0% | #CG/newton: 1339 | ls (cap|max|inv|bt):  0| 0| 0| 0| runtime:  700.8 ms | cr: 2803.0
    622. dt:  0.25 ms | #newton:  1 | ph:  0.0% | #CG/newton: 1339 | ls (cap|max|inv|bt):  0| 0| 0| 0| runtime:  697.4 ms | cr: 2789.7
    623. dt:  0.25 ms | #newton:  1 | ph:  0.0% | #CG/newton: 1338 | ls (cap|max|inv|bt):  0| 0| 0| 0| runtime:  697.7 ms | cr: 2790.8
    624. dt:  0.25 ms | #newton:  1 | ph:  0.0% | #CG/newton: 1343 | ls (cap|max|inv|bt):  0| 0| 0| 0| runtime:  696.5 ms | cr: 2786.2
    625. dt:  0.25 ms | #newton:  1 | ph:  0.0% | #CG/newton: 1337 | ls (cap|max|inv|bt):  0| 0| 0| 0| runtime:  691.2 ms | cr: 2764.7
    626. dt:  0.25 ms | #newton:  1 | ph:  0.0% | #CG/newton: 1347 | ls (cap|max|inv|bt):  0| 0| 0| 0| runtime:  701.3 ms | cr: 2805.3
    627. dt:  0.25 ms | #newton:  1 | ph:  0.0% | #CG/newton: 1336 | ls (cap|max|inv|bt):  0| 0| 0| 0| runtime:  693.8 ms | cr: 2775.2
    628. dt:  0.25 ms | #newton:  1 | ph:  0.0% | #CG/newton: 1344 | ls (cap|max|inv|bt):  0| 0| 0| 0| runtime:  704.6 ms | cr: 2818.2
    629. dt:  0.25 ms | #newton:  1 | ph:  0.0% | #CG/newton: 1339 | ls (cap|max|inv|bt):  0| 0| 0| 0| runtime:  694.3 ms | cr: 2777.4
    630. dt:  0.25 ms | #newton:  1 | ph:  0.0% | #CG/newton: 1349 | ls (cap|max|inv|bt):  0| 0| 0| 0| runtime:  702.8 ms | cr: 2811.1
    631. dt:  0.25 ms | #newton:  1 | ph:  0.0% | #CG/newton: 1337 | ls (cap|max|inv|bt):  0| 0| 0| 0| runtime:  685.9 ms | cr: 2743.7
    632. dt:  0.25 ms | #newton:  1 | ph:  0.0% | #CG/newton: 1339 | ls (cap|max|inv|bt):  0| 0| 0| 0| runtime:  686.0 ms | cr: 2744.2
    633. dt:  0.25 ms | #newton:  1 | ph:  0.0% | #CG/newton: 1338 | ls (cap|max|inv|bt):  0| 0| 0| 0| runtime:  686.4 ms | cr: 2745.4
    634. dt:  0.25 ms | #newton:  1 | ph:  0.0% | #CG/newton: 1346 | ls (cap|max|inv|bt):  0| 0| 0| 0| runtime:  697.6 ms | cr: 2790.3
    635. dt:  0.25 ms | #newton:  1 | ph:  0.0% | #CG/newton: 1334 | ls (cap|max|inv|bt):  0| 0| 0| 0| runtime:  690.7 ms | cr: 2762.6
    636. dt:  0.25 ms | #newton:  1 | ph:  0.0% | #CG/newton: 1345 | ls (cap|max|inv|bt):  0| 0| 0| 0| runtime:  698.1 ms | cr: 2792.4
    637. dt:  0.25 ms | #newton:  1 | ph:  0.0% | #CG/newton: 1336 | ls (cap|max|inv|bt):  0| 0| 0| 0| runtime:  685.1 ms | cr: 2740.2
    638. dt:  0.25 ms | #newton:  1 | ph:  0.0% | #CG/newton: 1347 | ls (cap|max|inv|bt):  0| 0| 0| 0| runtime:  702.2 ms | cr: 2809.0
    639. dt:  0.25 ms | #newton:  1 | ph:  0.0% | #CG/newton: 1334 | ls (cap|max|inv|bt):  0| 0| 0| 0| runtime:  694.0 ms | cr: 2776.1
    640. dt:  0.25 ms | #newton:  1 | ph:  0.0% | #CG/newton: 1343 | ls (cap|max|inv|bt):  0| 0| 0| 0| runtime:  689.5 ms | cr: 2758.1
    641. dt:  0.25 ms | #newton:  1 | ph:  0.0% | #CG/newton: 1335 | ls (cap|max|inv|bt):  0| 0| 0| 0| runtime:  679.9 ms | cr: 2719.8
    642. dt:  0.25 ms | #newton:  1 | ph:  0.0% | #CG/newton: 1347 | ls (cap|max|inv|bt):  0| 0| 0| 0| runtime:  692.4 ms | cr: 2769.8
    643. dt:  0.25 ms | #newton:  1 | ph:  0.0% | #CG/newton: 1333 | ls (cap|max|inv|bt):  0| 0| 0| 0| runtime:  693.9 ms | cr: 2775.7
    644. dt:  0.25 ms | #newton:  1 | ph:  0.0% | #CG/newton: 1338 | ls (cap|max|inv|bt):  0| 0| 0| 0| runtime:  699.0 ms | cr: 2796.0
    645. dt:  0.25 ms | #newton:  1 | ph:  0.0% | #CG/newton: 1336 | ls (cap|max|inv|bt):  0| 0| 0| 0| runtime:  742.1 ms | cr: 2968.5
    646. dt:  0.25 ms | #newton:  1 | ph:  0.0% | #CG/newton: 1347 | ls (cap|max|inv|bt):  0| 0| 0| 0| runtime:  707.1 ms | cr: 2828.6
    647. dt:  0.25 ms | #newton:  1 | ph:  0.0% | #CG/newton: 1334 | ls (cap|max|inv|bt):  0| 0| 0| 0| runtime:  680.9 ms | cr: 2723.7
    648. dt:  0.25 ms | #newton:  1 | ph:  0.0% | #CG/newton: 1339 | ls (cap|max|inv|bt):  0| 0| 0| 0| runtime:  693.0 ms | cr: 2772.2
    649. dt:  0.25 ms | #newton:  1 | ph:  0.0% | #CG/newton: 1336 | ls (cap|max|inv|bt):  0| 0| 0| 0| runtime:  683.9 ms | cr: 2735.6
    650. dt:  0.25 ms | #newton:  1 | ph:  0.0% | #CG/newton: 1352 | ls (cap|max|inv|bt):  0| 0| 0| 0| runtime:  693.9 ms | cr: 2775.7
    651. dt:  0.25 ms | #newton:  1 | ph:  0.0% | #CG/newton: 1330 | ls (cap|max|inv|bt):  0| 0| 0| 0| runtime:  682.1 ms | cr: 2728.2
    652. dt:  0.25 ms | #newton:  1 | ph:  0.0% | #CG/newton: 1347 | ls (cap|max|inv|bt):  0| 0| 0| 0| runtime:  694.6 ms | cr: 2778.4
    653. dt:  0.25 ms | #newton:  1 | ph:  0.0% | #CG/newton: 1339 | ls (cap|max|inv|bt):  0| 0| 0| 0| runtime:  680.7 ms | cr: 2723.0
    654. dt:  0.25 ms | #newton:  1 | ph:  0.0% | #CG/newton: 1359 | ls (cap|max|inv|bt):  0| 0| 0| 0| runtime:  693.0 ms | cr: 2771.9
    655. dt:  0.25 ms | #newton:  1 | ph:  0.0% | #CG/newton: 1332 | ls (cap|max|inv|bt):  0| 0| 0| 0| runtime:  666.4 ms | cr: 2665.6
    656. dt:  0.25 ms | #newton:  1 | ph:  0.0% | #CG/newton: 1338 | ls (cap|max|inv|bt):  0| 0| 0| 0| runtime:  686.4 ms | cr: 2745.4
    657. dt:  0.25 ms | #newton:  1 | ph:  0.0% | #CG/newton: 1344 | ls (cap|max|inv|bt):  0| 0| 0| 0| runtime:  686.7 ms | cr: 2747.0
    658. dt:  0.25 ms | #newton:  1 | ph:  0.0% | #CG/newton: 1355 | ls (cap|max|inv|bt):  0| 0| 0| 0| runtime:  693.5 ms | cr: 2773.9
    659. dt:  0.25 ms | #newton:  1 | ph:  0.0% | #CG/newton: 1366 | ls (cap|max|inv|bt):  0| 0| 0| 0| runtime:  684.5 ms | cr: 2738.1
    660. dt:  0.25 ms | #newton:  1 | ph:  0.0% | #CG/newton: 1347 | ls (cap|max|inv|bt):  0| 0| 0| 0| runtime:  682.5 ms | cr: 2730.0
    661. dt:  0.25 ms | #newton:  1 | ph:  0.0% | #CG/newton: 1359 | ls (cap|max|inv|bt):  0| 0| 0| 0| runtime:  699.2 ms | cr: 2796.6
    662. dt:  0.25 ms | #newton:  1 | ph:  0.0% | #CG/newton: 1356 | ls (cap|max|inv|bt):  0| 0| 0| 0| runtime:  690.5 ms | cr: 2762.2
    663. dt:  0.25 ms | #newton:  1 | ph:  0.0% | #CG/newton: 1363 | ls (cap|max|inv|bt):  0| 0| 0| 0| runtime:  690.6 ms | cr: 2762.5
    664. dt:  0.25 ms | #newton:  1 | ph:  0.0% | #CG/newton: 1353 | ls (cap|max|inv|bt):  0| 0| 0| 0| runtime:  680.7 ms | cr: 2723.0
    665. dt:  0.25 ms | #newton:  1 | ph:  0.0% | #CG/newton: 1363 | ls (cap|max|inv|bt):  0| 0| 0| 0| runtime:  690.3 ms | cr: 2761.3
    666. dt:  0.25 ms | #newton:  1 | ph:  0.0% | #CG/newton: 1353 | ls (cap|max|inv|bt):  0| 0| 0| 0| runtime:  680.4 ms | cr: 2721.5
[Frame: 5] Time: 0.167 s
    667. dt:  0.25 ms | #newton:  1 | ph:  0.0% | #CG/newton: 1362 | ls (cap|max|inv|bt):  0| 0| 0| 0| runtime:  692.7 ms | cr: 2770.7
    668. dt:  0.25 ms | #newton:  1 | ph:  0.0% | #CG/newton: 1351 | ls (cap|max|inv|bt):  0| 0| 0| 0| runtime:  699.5 ms | cr: 2798.1
    669. dt:  0.25 ms | #newton:  1 | ph:  0.0% | #CG/newton: 1359 | ls (cap|max|inv|bt):  0| 0| 0| 0| runtime:  702.3 ms | cr: 2809.2
    670. dt:  0.25 ms | #newton:  1 | ph:  0.0% | #CG/newton: 1351 | ls (cap|max|inv|bt):  0| 0| 0| 0| runtime:  682.4 ms | cr: 2729.5
    671. dt:  0.25 ms | #newton:  1 | ph:  0.0% | #CG/newton: 1358 | ls (cap|max|inv|bt):  0| 0| 0| 0| runtime:  684.6 ms | cr: 2738.6
    672. dt:  0.25 ms | #newton:  1 | ph:  0.0% | #CG/newton: 1347 | ls (cap|max|inv|bt):  0| 0| 0| 0| runtime:  686.5 ms | cr: 2746.1
    673. dt:  0.25 ms | #newton:  1 | ph:  0.0% | #CG/newton: 1359 | ls (cap|max|inv|bt):  0| 0| 0| 0| runtime:  693.7 ms | cr: 2774.7
    674. dt:  0.25 ms | #newton:  1 | ph:  0.0% | #CG/newton: 1339 | ls (cap|max|inv|bt):  0| 0| 0| 0| runtime:  672.7 ms | cr: 2690.7
    675. dt:  0.25 ms | #newton:  1 | ph:  0.0% | #CG/newton: 1364 | ls (cap|max|inv|bt):  0| 0| 0| 0| runtime:  692.9 ms | cr: 2771.4
    676. dt:  0.25 ms | #newton:  1 | ph:  0.0% | #CG/newton: 1324 | ls (cap|max|inv|bt):  0| 0| 0| 0| runtime:  675.3 ms | cr: 2701.1
    677. dt:  0.25 ms | #newton:  1 | ph:  0.0% | #CG/newton: 1337 | ls (cap|max|inv|bt):  0| 0| 0| 0| runtime:  681.0 ms | cr: 2724.1
    678. dt:  0.25 ms | #newton:  1 | ph:  0.0% | #CG/newton: 1346 | ls (cap|max|inv|bt):  0| 0| 0| 0| runtime:  684.8 ms | cr: 2739.0
    679. dt:  0.25 ms | #newton:  1 | ph:  0.0% | #CG/newton: 1331 | ls (cap|max|inv|bt):  0| 0| 0| 0| runtime:  671.1 ms | cr: 2684.6
    680. dt:  0.25 ms | #newton:  1 | ph:  0.0% | #CG/newton: 1342 | ls (cap|max|inv|bt):  0| 0| 0| 0| runtime:  679.8 ms | cr: 2719.4
    681. dt:  0.25 ms | #newton:  1 | ph:  0.0% | #CG/newton: 1359 | ls (cap|max|inv|bt):  0| 0| 0| 0| runtime:  681.4 ms | cr: 2725.6
    682. dt:  0.25 ms | #newton:  1 | ph:  0.0% | #CG/newton: 1364 | ls (cap|max|inv|bt):  0| 0| 0| 0| runtime:  679.0 ms | cr: 2716.1
    683. dt:  0.25 ms | #newton:  1 | ph:  0.0% | #CG/newton: 1329 | ls (cap|max|inv|bt):  0| 0| 0| 0| runtime:  671.4 ms | cr: 2685.8
    684. dt:  0.25 ms | #newton:  1 | ph:  0.0% | #CG/newton: 1366 | ls (cap|max|inv|bt):  0| 0| 0| 0| runtime:  692.6 ms | cr: 2770.6
    685. dt:  0.25 ms | #newton:  1 | ph:  0.0% | #CG/newton: 1360 | ls (cap|max|inv|bt):  0| 0| 0| 0| runtime:  693.3 ms | cr: 2773.4
    686. dt:  0.25 ms | #newton:  1 | ph:  0.0% | #CG/newton: 1386 | ls (cap|max|inv|bt):  0| 0| 0| 0| runtime:  685.5 ms | cr: 2741.9
    687. dt:  0.25 ms | #newton:  1 | ph:  0.0% | #CG/newton: 1617 | ls (cap|max|inv|bt):  0| 0| 0| 0| runtime:  807.3 ms | cr: 3229.3
    688. dt:  0.25 ms | #newton:  1 | ph:  0.0% | #CG/newton: 1372 | ls (cap|max|inv|bt):  0| 0| 0| 0| runtime:  685.6 ms | cr: 2742.2
    689. dt:  0.25 ms | #newton:  1 | ph:  0.0% | #CG/newton: 1366 | ls (cap|max|inv|bt):  0| 0| 0| 0| runtime:  698.9 ms | cr: 2795.7
    690. dt:  0.25 ms | #newton:  1 | ph:  0.0% | #CG/newton: 1345 | ls (cap|max|inv|bt):  0| 0| 0| 0| runtime:  684.8 ms | cr: 2739.2
    691. dt:  0.25 ms | #newton:  1 | ph:  0.0% | #CG/newton: 1338 | ls (cap|max|inv|bt):  0| 0| 0| 0| runtime:  679.5 ms | cr: 2718.0
    692. dt:  0.25 ms | #newton:  1 | ph:  0.0% | #CG/newton: 1340 | ls (cap|max|inv|bt):  0| 0| 0| 0| runtime:  672.2 ms | cr: 2688.9
    693. dt:  0.25 ms | #newton:  1 | ph:  0.0% | #CG/newton: 1324 | ls (cap|max|inv|bt):  0| 0| 0| 0| runtime:  675.3 ms | cr: 2701.1
    694. dt:  0.25 ms | #newton:  1 | ph:  0.0% | #CG/newton: 1335 | ls (cap|max|inv|bt):  0| 0| 0| 0| runtime:  723.5 ms | cr: 2894.0
    695. dt:  0.25 ms | #newton:  1 | ph:  0.0% | #CG/newton: 1328 | ls (cap|max|inv|bt):  0| 0| 0| 0| runtime:  671.1 ms | cr: 2684.4
    696. dt:  0.25 ms | #newton:  1 | ph:  0.0% | #CG/newton: 1599 | ls (cap|max|inv|bt):  0| 0| 0| 0| runtime:  785.2 ms | cr: 3140.8
    697. dt:  0.25 ms | #newton:  1 | ph:  0.0% | #CG/newton: 1598 | ls (cap|max|inv|bt):  0| 0| 0| 0| runtime:  787.3 ms | cr: 3149.1
    698. dt:  0.25 ms | #newton:  1 | ph:  0.0% | #CG/newton: 1594 | ls (cap|max|inv|bt):  0| 0| 0| 0| runtime:  778.7 ms | cr: 3114.9
    699. dt:  0.25 ms | #newton:  1 | ph:  0.0% | #CG/newton: 1596 | ls (cap|max|inv|bt):  0| 0| 0| 0| runtime:  782.0 ms | cr: 3128.2
    700. dt:  0.25 ms | #newton:  1 | ph:  0.0% | #CG/newton: 1593 | ls (cap|max|inv|bt):  0| 0| 0| 0| runtime:  783.4 ms | cr: 3133.6
    701. dt:  0.25 ms | #newton:  1 | ph:  0.0% | #CG/newton: 1592 | ls (cap|max|inv|bt):  0| 0| 0| 0| runtime:  788.8 ms | cr: 3155.1
    702. dt:  0.25 ms | #newton:  1 | ph:  0.0% | #CG/newton: 1592 | ls (cap|max|inv|bt):  0| 0| 0| 0| runtime:  781.8 ms | cr: 3127.1
    703. dt:  0.25 ms | #newton:  1 | ph:  0.0% | #CG/newton: 1588 | ls (cap|max|inv|bt):  0| 0| 0| 0| runtime:  789.1 ms | cr: 3156.4
    704. dt:  0.25 ms | #newton:  1 | ph:  0.0% | #CG/newton: 1585 | ls (cap|max|inv|bt):  0| 0| 0| 0| runtime:  774.4 ms | cr: 3097.7
    705. dt:  0.25 ms | #newton:  1 | ph:  0.0% | #CG/newton: 1585 | ls (cap|max|inv|bt):  0| 0| 0| 0| runtime:  801.9 ms | cr: 3207.8
    706. dt:  0.25 ms | #newton:  1 | ph:  0.0% | #CG/newton: 1583 | ls (cap|max|inv|bt):  0| 0| 0| 0| runtime:  773.4 ms | cr: 3093.8
    707. dt:  0.25 ms | #newton:  1 | ph:  0.0% | #CG/newton: 1587 | ls (cap|max|inv|bt):  0| 0| 0| 0| runtime:  779.8 ms | cr: 3119.2
    708. dt:  0.25 ms | #newton:  1 | ph:  0.0% | #CG/newton: 1583 | ls (cap|max|inv|bt):  0| 0| 0| 0| runtime:  784.1 ms | cr: 3136.5
    709. dt:  0.25 ms | #newton:  1 | ph:  0.0% | #CG/newton: 1311 | ls (cap|max|inv|bt):  0| 0| 0| 0| runtime:  671.3 ms | cr: 2685.2
    710. dt:  0.25 ms | #newton:  1 | ph:  0.0% | #CG/newton: 1340 | ls (cap|max|inv|bt):  0| 0| 0| 0| runtime:  679.4 ms | cr: 2717.5
    711. dt:  0.25 ms | #newton:  1 | ph:  0.0% | #CG/newton: 1287 | ls (cap|max|inv|bt):  0| 0| 0| 0| runtime:  666.5 ms | cr: 2665.8
    712. dt:  0.25 ms | #newton:  1 | ph:  0.0% | #CG/newton: 1572 | ls (cap|max|inv|bt):  0| 0| 0| 0| runtime:  775.5 ms | cr: 3102.0
    713. dt:  0.25 ms | #newton:  1 | ph:  0.0% | #CG/newton: 1583 | ls (cap|max|inv|bt):  0| 0| 0| 0| runtime:  776.1 ms | cr: 3104.2
    714. dt:  0.25 ms | #newton:  1 | ph:  0.0% | #CG/newton: 1574 | ls (cap|max|inv|bt):  0| 0| 0| 0| runtime:  781.9 ms | cr: 3127.6
    715. dt:  0.25 ms | #newton:  1 | ph:  0.0% | #CG/newton: 1574 | ls (cap|max|inv|bt):  0| 0| 0| 0| runtime:  777.3 ms | cr: 3109.2
    716. dt:  0.25 ms | #newton:  1 | ph:  0.0% | #CG/newton: 1575 | ls (cap|max|inv|bt):  0| 0| 0| 0| runtime:  776.8 ms | cr: 3107.1
    717. dt:  0.25 ms | #newton:  1 | ph:  0.0% | #CG/newton: 1521 | ls (cap|max|inv|bt):  0| 0| 0| 0| runtime:  749.5 ms | cr: 2997.8
    718. dt:  0.25 ms | #newton:  1 | ph:  0.0% | #CG/newton: 1315 | ls (cap|max|inv|bt):  0| 0| 0| 0| runtime:  670.6 ms | cr: 2682.2
    719. dt:  0.25 ms | #newton:  1 | ph:  0.0% | #CG/newton: 1264 | ls (cap|max|inv|bt):  0| 0| 0| 0| runtime:  626.6 ms | cr: 2506.5
    720. dt:  0.25 ms | #newton:  1 | ph:  0.0% | #CG/newton: 1316 | ls (cap|max|inv|bt):  0| 0| 0| 0| runtime:  628.4 ms | cr: 2513.8
    721. dt:  0.25 ms | #newton:  1 | ph:  0.0% | #CG/newton: 1261 | ls (cap|max|inv|bt):  0| 0| 0| 0| runtime:  621.3 ms | cr: 2485.0
    722. dt:  0.25 ms | #newton:  1 | ph:  0.0% | #CG/newton: 1565 | ls (cap|max|inv|bt):  0| 0| 0| 0| runtime:  771.2 ms | cr: 3084.9
    723. dt:  0.25 ms | #newton:  2 | ph:  0.0% | #CG/newton: 1655 | ls (cap|max|inv|bt):  0| 0| 0| 0| runtime: 1547.7 ms | cr: 6190.9
    724. dt:  0.25 ms | #newton:  2 | ph:  0.0% | #CG/newton: 1643 | ls (cap|max|inv|bt):  0| 0| 0| 0| runtime: 1551.2 ms | cr: 6204.7
    725. dt:  0.25 ms | #newton:  1 | ph:  0.0% | #CG/newton: 3218 | ls (cap|max|inv|bt):  0| 0| 0| 0| runtime: 1465.0 ms | cr: 5860.0
    726. dt:  0.25 ms | #newton:  1 | ph:  0.0% | #CG/newton: 3241 | ls (cap|max|inv|bt):  0| 0| 0| 0| runtime: 1479.4 ms | cr: 5917.4
    727. dt:  0.25 ms | #newton:  1 | ph:  0.0% | #CG/newton: 1578 | ls (cap|max|inv|bt):  0| 0| 0| 0| runtime:  787.1 ms | cr: 3148.6
    728. dt:  0.25 ms | #newton:  1 | ph:  0.0% | #CG/newton: 1577 | ls (cap|max|inv|bt):  0| 0| 0| 0| runtime:  785.9 ms | cr: 3143.5
    729. dt:  0.25 ms | #newton:  1 | ph:  0.0% | #CG/newton: 1569 | ls (cap|max|inv|bt):  0| 0| 0| 0| runtime:  774.7 ms | cr: 3098.8
    730. dt:  0.25 ms | #newton:  1 | ph:  0.0% | #CG/newton: 1563 | ls (cap|max|inv|bt):  0| 0| 0| 0| runtime:  763.4 ms | cr: 3053.7
    731. dt:  0.25 ms | #newton:  1 | ph:  0.0% | #CG/newton: 1563 | ls (cap|max|inv|bt):  0| 0| 0| 0| runtime:  769.8 ms | cr: 3079.0
    732. dt:  0.25 ms | #newton:  1 | ph:  0.0% | #CG/newton: 1265 | ls (cap|max|inv|bt):  0| 0| 0| 0| runtime:  651.9 ms | cr: 2607.5
    733. dt:  0.25 ms | #newton:  1 | ph:  0.0% | #CG/newton: 3030 | ls (cap|max|inv|bt):  0| 0| 0| 0| runtime: 1378.2 ms | cr: 5512.6
    734. dt:  0.25 ms | #newton:  2 | ph:  0.0% | #CG/newton: 1488 | ls (cap|max|inv|bt):  0| 0| 0| 0| runtime: 1399.2 ms | cr: 5597.0
    735. dt:  0.25 ms | #newton:  1 | ph:  0.0% | #CG/newton: 3207 | ls (cap|max|inv|bt):  0| 0| 0| 0| runtime: 1445.7 ms | cr: 5782.6
    736. dt:  0.25 ms | #newton:  1 | ph:  0.0% | #CG/newton: 3199 | ls (cap|max|inv|bt):  0| 0| 0| 0| runtime: 1442.0 ms | cr: 5768.1
    737. dt:  0.25 ms | #newton:  1 | ph:  0.0% | #CG/newton: 3282 | ls (cap|max|inv|bt):  0| 0| 0| 0| runtime: 1473.4 ms | cr: 5893.8
    738. dt:  0.25 ms | #newton:  1 | ph:  0.0% | #CG/newton: 1546 | ls (cap|max|inv|bt):  0| 0| 0| 0| runtime:  756.8 ms | cr: 3027.2
    739. dt:  0.25 ms | #newton:  1 | ph:  0.0% | #CG/newton: 1530 | ls (cap|max|inv|bt):  0| 0| 0| 0| runtime:  756.6 ms | cr: 3026.6
    740. dt:  0.25 ms | #newton:  1 | ph:  0.0% | #CG/newton: 1532 | ls (cap|max|inv|bt):  0| 0| 0| 0| runtime:  771.9 ms | cr: 3087.6
    741. dt:  0.25 ms | #newton:  1 | ph:  0.0% | #CG/newton: 1549 | ls (cap|max|inv|bt):  0| 0| 0| 0| runtime:  781.0 ms | cr: 3124.0
    742. dt:  0.25 ms | #newton:  1 | ph:  0.0% | #CG/newton: 1536 | ls (cap|max|inv|bt):  0| 0| 0| 0| runtime:  753.0 ms | cr: 3011.8
    743. dt:  0.25 ms | #newton:  1 | ph:  0.0% | #CG/newton: 1770 | ls (cap|max|inv|bt):  0| 0| 0| 0| runtime:  850.5 ms | cr: 3402.0
    744. dt:  0.25 ms | #newton:  1 | ph:  0.0% | #CG/newton: 3630 | ls (cap|max|inv|bt):  0| 0| 0| 0| runtime: 1617.9 ms | cr: 6471.7
    745. dt:  0.25 ms | #newton:  1 | ph:  0.0% | #CG/newton: 3408 | ls (cap|max|inv|bt):  0| 0| 0| 0| runtime: 1533.4 ms | cr: 6133.7
    746. dt:  0.25 ms | #newton:  1 | ph:  0.0% | #CG/newton: 3623 | ls (cap|max|inv|bt):  0| 0| 0| 0| runtime: 1627.0 ms | cr: 6508.0
    747. dt:  0.25 ms | #newton:  1 | ph:  0.0% | #CG/newton: 3611 | ls (cap|max|inv|bt):  0| 0| 0| 0| runtime: 1619.1 ms | cr: 6476.6
    748. dt:  0.25 ms | #newton:  1 | ph:  0.0% | #CG/newton: 3617 | ls (cap|max|inv|bt):  0| 0| 0| 0| runtime: 1606.6 ms | cr: 6426.6
    749. dt:  0.25 ms | #newton:  1 | ph:  0.0% | #CG/newton: 1507 | ls (cap|max|inv|bt):  0| 0| 0| 0| runtime:  740.6 ms | cr: 2962.3
    750. dt:  0.25 ms | #newton:  1 | ph:  0.0% | #CG/newton: 1516 | ls (cap|max|inv|bt):  0| 0| 0| 0| runtime:  759.4 ms | cr: 3037.7
    751. dt:  0.25 ms | #newton:  1 | ph:  0.0% | #CG/newton: 1759 | ls (cap|max|inv|bt):  0| 0| 0| 0| runtime:  842.1 ms | cr: 3368.4
    752. dt:  0.25 ms | #newton:  1 | ph:  0.0% | #CG/newton: 1753 | ls (cap|max|inv|bt):  0| 0| 0| 0| runtime:  850.0 ms | cr: 3400.1
    753. dt:  0.25 ms | #newton:  1 | ph:  0.0% | #CG/newton: 1752 | ls (cap|max|inv|bt):  0| 0| 0| 0| runtime:  848.1 ms | cr: 3392.5
    754. dt:  0.25 ms | #newton:  1 | ph:  0.0% | #CG/newton: 1752 | ls (cap|max|inv|bt):  0| 0| 0| 0| runtime:  848.4 ms | cr: 3393.5
    755. dt:  0.25 ms | #newton:  1 | ph:  0.0% | #CG/newton: 1751 | ls (cap|max|inv|bt):  0| 0| 0| 0| runtime:  846.9 ms | cr: 3387.7
    756. dt:  0.25 ms | #newton:  1 | ph:  0.0% | #CG/newton: 1752 | ls (cap|max|inv|bt):  0| 0| 0| 0| runtime:  846.5 ms | cr: 3386.0
    757. dt:  0.25 ms | #newton:  1 | ph:  0.0% | #CG/newton: 1753 | ls (cap|max|inv|bt):  0| 0| 0| 0| runtime:  841.1 ms | cr: 3364.3
    758. dt:  0.25 ms | #newton:  1 | ph:  0.0% | #CG/newton: 1748 | ls (cap|max|inv|bt):  0| 0| 0| 0| runtime:  843.5 ms | cr: 3374.0
    759. dt:  0.25 ms | #newton:  1 | ph:  0.0% | #CG/newton: 1715 | ls (cap|max|inv|bt):  0| 0| 0| 0| runtime:  831.3 ms | cr: 3325.0
    760. dt:  0.25 ms | #newton:  1 | ph:  0.0% | #CG/newton: 1720 | ls (cap|max|inv|bt):  0| 0| 0| 0| runtime:  835.8 ms | cr: 3343.2
    761. dt:  0.25 ms | #newton:  1 | ph:  0.0% | #CG/newton: 1771 | ls (cap|max|inv|bt):  0| 0| 0| 0| runtime:  866.7 ms | cr: 3466.6
    762. dt:  0.25 ms | #newton:  1 | ph:  0.0% | #CG/newton: 1733 | ls (cap|max|inv|bt):  0| 0| 0| 0| runtime:  843.5 ms | cr: 3373.9
    763. dt:  0.25 ms | #newton:  1 | ph:  0.0% | #CG/newton: 1775 | ls (cap|max|inv|bt):  0| 0| 0| 0| runtime:  857.3 ms | cr: 3429.1
    764. dt:  0.25 ms | #newton:  1 | ph:  0.0% | #CG/newton: 1782 | ls (cap|max|inv|bt):  0| 0| 0| 0| runtime:  863.2 ms | cr: 3452.8
    765. dt:  0.25 ms | #newton:  1 | ph:  0.0% | #CG/newton: 1798 | ls (cap|max|inv|bt):  0| 0| 0| 0| runtime:  862.7 ms | cr: 3450.7
    766. dt:  0.25 ms | #newton:  1 | ph:  0.0% | #CG/newton: 1790 | ls (cap|max|inv|bt):  0| 0| 0| 0| runtime:  864.2 ms | cr: 3456.7
    767. dt:  0.25 ms | #newton:  1 | ph:  0.0% | #CG/newton: 1789 | ls (cap|max|inv|bt):  0| 0| 0| 0| runtime:  864.4 ms | cr: 3457.7
    768. dt:  0.25 ms | #newton:  1 | ph:  0.0% | #CG/newton: 1742 | ls (cap|max|inv|bt):  0| 0| 0| 0| runtime:  850.2 ms | cr: 3400.7
    769. dt:  0.25 ms | #newton:  1 | ph:  0.0% | #CG/newton: 1752 | ls (cap|max|inv|bt):  0| 0| 0| 0| runtime:  848.6 ms | cr: 3394.6
    770. dt:  0.25 ms | #newton:  1 | ph:  0.0% | #CG/newton: 1799 | ls (cap|max|inv|bt):  0| 0| 0| 0| runtime:  872.0 ms | cr: 3488.1
    771. dt:  0.25 ms | #newton:  1 | ph:  0.0% | #CG/newton: 1793 | ls (cap|max|inv|bt):  0| 0| 0| 0| runtime:  861.3 ms | cr: 3445.2
    772. dt:  0.25 ms | #newton:  1 | ph:  0.0% | #CG/newton: 1797 | ls (cap|max|inv|bt):  0| 0| 0| 0| runtime:  862.1 ms | cr: 3448.4
    773. dt:  0.25 ms | #newton:  1 | ph:  0.0% | #CG/newton: 1794 | ls (cap|max|inv|bt):  0| 0| 0| 0| runtime:  859.7 ms | cr: 3438.8
    774. dt:  0.25 ms | #newton:  1 | ph:  0.0% | #CG/newton: 1798 | ls (cap|max|inv|bt):  0| 0| 0| 0| runtime:  870.9 ms | cr: 3483.5
    775. dt:  0.25 ms | #newton:  1 | ph:  0.0% | #CG/newton: 1798 | ls (cap|max|inv|bt):  0| 0| 0| 0| runtime:  858.6 ms | cr: 3434.4
    776. dt:  0.25 ms | #newton:  1 | ph:  0.0% | #CG/newton: 1799 | ls (cap|max|inv|bt):  0| 0| 0| 0| runtime:  870.5 ms | cr: 3481.9
    777. dt:  0.25 ms | #newton:  1 | ph:  0.0% | #CG/newton: 1797 | ls (cap|max|inv|bt):  0| 0| 0| 0| runtime:  863.0 ms | cr: 3452.2
    778. dt:  0.25 ms | #newton:  1 | ph:  0.0% | #CG/newton: 1799 | ls (cap|max|inv|bt):  0| 0| 0| 0| runtime:  864.8 ms | cr: 3459.1
    779. dt:  0.25 ms | #newton:  1 | ph:  0.0% | #CG/newton: 1799 | ls (cap|max|inv|bt):  0| 0| 0| 0| runtime:  864.9 ms | cr: 3459.4
    780. dt:  0.25 ms | #newton:  1 | ph:  0.0% | #CG/newton: 1799 | ls (cap|max|inv|bt):  0| 0| 0| 0| runtime:  869.4 ms | cr: 3477.5
    781. dt:  0.25 ms | #newton:  1 | ph:  0.0% | #CG/newton: 1792 | ls (cap|max|inv|bt):  0| 0| 0| 0| runtime:  857.8 ms | cr: 3431.4
    782. dt:  0.25 ms | #newton:  1 | ph:  0.0% | #CG/newton: 1798 | ls (cap|max|inv|bt):  0| 0| 0| 0| runtime:  865.1 ms | cr: 3460.5
    783. dt:  0.25 ms | #newton:  1 | ph:  0.0% | #CG/newton: 1797 | ls (cap|max|inv|bt):  0| 0| 0| 0| runtime:  864.0 ms | cr: 3456.1
    784. dt:  0.25 ms | #newton:  1 | ph:  0.0% | #CG/newton: 1798 | ls (cap|max|inv|bt):  0| 0| 0| 0| runtime:  863.6 ms | cr: 3454.4
    785. dt:  0.25 ms | #newton:  1 | ph:  0.0% | #CG/newton: 1597 | ls (cap|max|inv|bt):  0| 0| 0| 0| runtime:  790.8 ms | cr: 3163.3
    786. dt:  0.25 ms | #newton:  1 | ph:  0.0% | #CG/newton: 1594 | ls (cap|max|inv|bt):  0| 0| 0| 0| runtime:  780.9 ms | cr: 3123.7
    787. dt:  0.25 ms | #newton:  1 | ph:  0.0% | #CG/newton: 1592 | ls (cap|max|inv|bt):  0| 0| 0| 0| runtime:  775.8 ms | cr: 3103.1
    788. dt:  0.25 ms | #newton:  1 | ph:  0.0% | #CG/newton: 1600 | ls (cap|max|inv|bt):  0| 0| 0| 0| runtime:  818.9 ms | cr: 3275.4
    789. dt:  0.25 ms | #newton:  1 | ph:  0.0% | #CG/newton: 1749 | ls (cap|max|inv|bt):  0| 0| 0| 0| runtime:  846.7 ms | cr: 3387.0
    790. dt:  0.25 ms | #newton:  1 | ph:  0.0% | #CG/newton: 1786 | ls (cap|max|inv|bt):  0| 0| 0| 0| runtime:  866.2 ms | cr: 3464.7
    791. dt:  0.25 ms | #newton:  1 | ph:  0.0% | #CG/newton: 1782 | ls (cap|max|inv|bt):  0| 0| 0| 0| runtime:  861.7 ms | cr: 3446.9
    792. dt:  0.25 ms | #newton:  1 | ph:  0.0% | #CG/newton: 1779 | ls (cap|max|inv|bt):  0| 0| 0| 0| runtime:  853.0 ms | cr: 3412.2
    793. dt:  0.25 ms | #newton:  1 | ph:  0.0% | #CG/newton: 1777 | ls (cap|max|inv|bt):  0| 0| 0| 0| runtime:  845.5 ms | cr: 3382.1
    794. dt:  0.25 ms | #newton:  1 | ph:  0.0% | #CG/newton: 1773 | ls (cap|max|inv|bt):  0| 0| 0| 0| runtime:  861.0 ms | cr: 3444.2
    795. dt:  0.25 ms | #newton:  1 | ph:  0.0% | #CG/newton: 1770 | ls (cap|max|inv|bt):  0| 0| 0| 0| runtime:  854.9 ms | cr: 3419.8
    796. dt:  0.25 ms | #newton:  1 | ph:  0.0% | #CG/newton: 1767 | ls (cap|max|inv|bt):  0| 0| 0| 0| runtime:  853.5 ms | cr: 3414.0
    797. dt:  0.25 ms | #newton:  1 | ph:  0.0% | #CG/newton: 1766 | ls (cap|max|inv|bt):  0| 0| 0| 0| runtime:  845.3 ms | cr: 3381.2
    798. dt:  0.25 ms | #newton:  1 | ph:  0.0% | #CG/newton: 1763 | ls (cap|max|inv|bt):  0| 0| 0| 0| runtime:  849.1 ms | cr: 3396.4
    799. dt:  0.25 ms | #newton:  1 | ph:  0.0% | #CG/newton: 1762 | ls (cap|max|inv|bt):  0| 0| 0| 0| runtime:  855.9 ms | cr: 3423.5
    800. dt:  0.25 ms | #newton:  1 | ph:  0.0% | #CG/newton: 1737 | ls (cap|max|inv|bt):  0| 0| 0| 0| runtime:  839.7 ms | cr: 3358.8
[Frame: 6] Time: 0.200 s
    801. dt:  0.25 ms | #newton:  1 | ph:  0.0% | #CG/newton: 1761 | ls (cap|max|inv|bt):  0| 0| 0| 0| runtime:  845.5 ms | cr: 3381.8
    802. dt:  0.25 ms | #newton:  1 | ph:  0.0% | #CG/newton: 1760 | ls (cap|max|inv|bt):  0| 0| 0| 0| runtime:  849.4 ms | cr: 3397.6
    803. dt:  0.25 ms | #newton:  1 | ph:  0.0% | #CG/newton: 1760 | ls (cap|max|inv|bt):  0| 0| 0| 0| runtime:  849.8 ms | cr: 3399.4
    804. dt:  0.25 ms | #newton:  1 | ph:  0.0% | #CG/newton: 1759 | ls (cap|max|inv|bt):  0| 0| 0| 0| runtime:  852.6 ms | cr: 3410.2
    805. dt:  0.25 ms | #newton:  1 | ph:  0.0% | #CG/newton: 1759 | ls (cap|max|inv|bt):  0| 0| 0| 0| runtime:  847.7 ms | cr: 3390.9
    806. dt:  0.25 ms | #newton:  1 | ph:  0.0% | #CG/newton: 1758 | ls (cap|max|inv|bt):  0| 0| 0| 0| runtime:  856.9 ms | cr: 3427.5
    807. dt:  0.25 ms | #newton:  1 | ph:  0.0% | #CG/newton: 1762 | ls (cap|max|inv|bt):  0| 0| 0| 0| runtime:  859.3 ms | cr: 3437.3
    808. dt:  0.25 ms | #newton:  1 | ph:  0.0% | #CG/newton: 1759 | ls (cap|max|inv|bt):  0| 0| 0| 0| runtime:  851.4 ms | cr: 3405.6
    809. dt:  0.25 ms | #newton:  1 | ph:  0.0% | #CG/newton: 1771 | ls (cap|max|inv|bt):  0| 0| 0| 0| runtime:  853.1 ms | cr: 3412.5
    810. dt:  0.25 ms | #newton:  1 | ph:  0.0% | #CG/newton: 1770 | ls (cap|max|inv|bt):  0| 0| 0| 0| runtime:  851.2 ms | cr: 3404.6
    811. dt:  0.25 ms | #newton:  1 | ph:  0.0% | #CG/newton: 1725 | ls (cap|max|inv|bt):  0| 0| 0| 0| runtime:  845.8 ms | cr: 3383.3
    812. dt:  0.25 ms | #newton:  1 | ph:  0.0% | #CG/newton: 1770 | ls (cap|max|inv|bt):  0| 0| 0| 0| runtime:  861.4 ms | cr: 3445.8
    813. dt:  0.25 ms | #newton:  1 | ph:  0.0% | #CG/newton: 1752 | ls (cap|max|inv|bt):  0| 0| 0| 0| runtime:  861.1 ms | cr: 3444.4
    814. dt:  0.25 ms | #newton:  1 | ph:  0.0% | #CG/newton: 1774 | ls (cap|max|inv|bt):  0| 0| 0| 0| runtime:  863.7 ms | cr: 3454.8
    815. dt:  0.25 ms | #newton:  1 | ph:  0.0% | #CG/newton: 1772 | ls (cap|max|inv|bt):  0| 0| 0| 0| runtime:  863.2 ms | cr: 3452.7
    816. dt:  0.25 ms | #newton:  1 | ph:  0.0% | #CG/newton: 1760 | ls (cap|max|inv|bt):  0| 0| 0| 0| runtime:  845.4 ms | cr: 3381.5
    817. dt:  0.25 ms | #newton:  1 | ph:  0.0% | #CG/newton: 1774 | ls (cap|max|inv|bt):  0| 0| 0| 0| runtime:  853.8 ms | cr: 3415.4
    818. dt:  0.25 ms | #newton:  1 | ph:  0.0% | #CG/newton: 1776 | ls (cap|max|inv|bt):  0| 0| 0| 0| runtime:  854.5 ms | cr: 3417.8
    819. dt:  0.25 ms | #newton:  1 | ph:  0.0% | #CG/newton: 1777 | ls (cap|max|inv|bt):  0| 0| 0| 0| runtime:  855.2 ms | cr: 3420.7
    820. dt:  0.25 ms | #newton:  1 | ph:  0.0% | #CG/newton: 1779 | ls (cap|max|inv|bt):  0| 0| 0| 0| runtime:  857.1 ms | cr: 3428.3
    821. dt:  0.25 ms | #newton:  1 | ph:  0.0% | #CG/newton: 1779 | ls (cap|max|inv|bt):  0| 0| 0| 0| runtime:  859.1 ms | cr: 3436.6
    822. dt:  0.25 ms | #newton:  1 | ph:  0.0% | #CG/newton: 1782 | ls (cap|max|inv|bt):  0| 0| 0| 0| runtime:  861.2 ms | cr: 3444.7
    823. dt:  0.25 ms | #newton:  1 | ph:  0.0% | #CG/newton: 1784 | ls (cap|max|inv|bt):  0| 0| 0| 0| runtime:  855.5 ms | cr: 3422.1
    824. dt:  0.25 ms | #newton:  1 | ph:  0.0% | #CG/newton: 1785 | ls (cap|max|inv|bt):  0| 0| 0| 0| runtime:  854.3 ms | cr: 3417.3
    825. dt:  0.25 ms | #newton:  1 | ph:  0.0% | #CG/newton: 1785 | ls (cap|max|inv|bt):  0| 0| 0| 0| runtime:  859.3 ms | cr: 3437.1
    826. dt:  0.25 ms | #newton:  1 | ph:  0.0% | #CG/newton: 1782 | ls (cap|max|inv|bt):  0| 0| 0| 0| runtime:  861.0 ms | cr: 3443.8
    827. dt:  0.25 ms | #newton:  1 | ph:  0.0% | #CG/newton: 1785 | ls (cap|max|inv|bt):  0| 0| 0| 0| runtime:  862.6 ms | cr: 3450.3
    828. dt:  0.25 ms | #newton:  1 | ph:  0.0% | #CG/newton: 1785 | ls (cap|max|inv|bt):  0| 0| 0| 0| runtime:  855.7 ms | cr: 3422.8
    829. dt:  0.25 ms | #newton:  1 | ph:  0.0% | #CG/newton: 1781 | ls (cap|max|inv|bt):  0| 0| 0| 0| runtime:  860.2 ms | cr: 3440.6
    830. dt:  0.25 ms | #newton:  1 | ph:  0.0% | #CG/newton: 1763 | ls (cap|max|inv|bt):  0| 0| 0| 0| runtime:  852.1 ms | cr: 3408.4
    831. dt:  0.25 ms | #newton:  1 | ph:  0.0% | #CG/newton: 1766 | ls (cap|max|inv|bt):  0| 0| 0| 0| runtime:  852.4 ms | cr: 3409.8
    832. dt:  0.25 ms | #newton:  1 | ph:  0.0% | #CG/newton: 1735 | ls (cap|max|inv|bt):  0| 0| 0| 0| runtime:  837.3 ms | cr: 3349.2
    833. dt:  0.25 ms | #newton:  1 | ph:  0.0% | #CG/newton: 1763 | ls (cap|max|inv|bt):  0| 0| 0| 0| runtime:  844.2 ms | cr: 3376.9
    834. dt:  0.25 ms | #newton:  1 | ph:  0.0% | #CG/newton: 1777 | ls (cap|max|inv|bt):  0| 0| 0| 0| runtime:  865.6 ms | cr: 3462.3
    835. dt:  0.25 ms | #newton:  1 | ph:  0.0% | #CG/newton: 1756 | ls (cap|max|inv|bt):  0| 0| 0| 0| runtime:  844.9 ms | cr: 3379.6
    836. dt:  0.25 ms | #newton:  1 | ph:  0.0% | #CG/newton: 1771 | ls (cap|max|inv|bt):  0| 0| 0| 0| runtime:  848.7 ms | cr: 3394.7
    837. dt:  0.25 ms | #newton:  1 | ph:  0.0% | #CG/newton: 1758 | ls (cap|max|inv|bt):  0| 0| 0| 0| runtime:  842.8 ms | cr: 3371.2
    838. dt:  0.25 ms | #newton:  1 | ph:  0.0% | #CG/newton: 1765 | ls (cap|max|inv|bt):  0| 0| 0| 0| runtime:  851.5 ms | cr: 3406.2
    839. dt:  0.25 ms | #newton:  1 | ph:  0.0% | #CG/newton: 1744 | ls (cap|max|inv|bt):  0| 0| 0| 0| runtime:  844.3 ms | cr: 3377.1
    840. dt:  0.25 ms | #newton:  1 | ph:  0.0% | #CG/newton: 1765 | ls (cap|max|inv|bt):  0| 0| 0| 0| runtime:  856.7 ms | cr: 3426.6
    841. dt:  0.25 ms | #newton:  1 | ph:  0.0% | #CG/newton: 1763 | ls (cap|max|inv|bt):  0| 0| 0| 0| runtime:  851.5 ms | cr: 3405.8
    842. dt:  0.25 ms | #newton:  1 | ph:  0.0% | #CG/newton: 1948 | ls (cap|max|inv|bt):  0| 0| 0| 0| runtime:  912.1 ms | cr: 3648.6
    843. dt:  0.25 ms | #newton:  1 | ph:  0.0% | #CG/newton: 1955 | ls (cap|max|inv|bt):  0| 0| 0| 0| runtime:  937.1 ms | cr: 3748.2
    844. dt:  0.25 ms | #newton:  1 | ph:  0.0% | #CG/newton: 1947 | ls (cap|max|inv|bt):  0| 0| 0| 0| runtime:  930.9 ms | cr: 3723.5
    845. dt:  0.25 ms | #newton:  1 | ph:  0.0% | #CG/newton: 1949 | ls (cap|max|inv|bt):  0| 0| 0| 0| runtime:  933.2 ms | cr: 3732.8
    846. dt:  0.25 ms | #newton:  1 | ph:  0.0% | #CG/newton: 1949 | ls (cap|max|inv|bt):  0| 0| 0| 0| runtime:  919.9 ms | cr: 3679.7
    847. dt:  0.25 ms | #newton:  1 | ph:  0.0% | #CG/newton: 1948 | ls (cap|max|inv|bt):  0| 0| 0| 0| runtime:  937.5 ms | cr: 3749.9
    848. dt:  0.25 ms | #newton:  1 | ph:  0.0% | #CG/newton: 1949 | ls (cap|max|inv|bt):  0| 0| 0| 0| runtime:  921.4 ms | cr: 3685.6
    849. dt:  0.25 ms | #newton:  1 | ph:  0.0% | #CG/newton: 1948 | ls (cap|max|inv|bt):  0| 0| 0| 0| runtime:  927.3 ms | cr: 3709.1
    850. dt:  0.25 ms | #newton:  1 | ph:  0.0% | #CG/newton: 1947 | ls (cap|max|inv|bt):  0| 0| 0| 0| runtime:  932.9 ms | cr: 3731.7
    851. dt:  0.25 ms | #newton:  1 | ph:  0.0% | #CG/newton: 1947 | ls (cap|max|inv|bt):  0| 0| 0| 0| runtime:  937.7 ms | cr: 3750.8
    852. dt:  0.25 ms | #newton:  1 | ph:  0.0% | #CG/newton: 1949 | ls (cap|max|inv|bt):  0| 0| 0| 0| runtime:  932.8 ms | cr: 3731.4
    853. dt:  0.25 ms | #newton:  1 | ph:  0.0% | #CG/newton: 1943 | ls (cap|max|inv|bt):  0| 0| 0| 0| runtime:  921.9 ms | cr: 3687.6
    854. dt:  0.25 ms | #newton:  1 | ph:  0.0% | #CG/newton: 1951 | ls (cap|max|inv|bt):  0| 0| 0| 0| runtime:  920.8 ms | cr: 3683.3
    855. dt:  0.25 ms | #newton:  1 | ph:  0.0% | #CG/newton: 1949 | ls (cap|max|inv|bt):  0| 0| 0| 0| runtime:  920.2 ms | cr: 3680.9
    856. dt:  0.25 ms | #newton:  1 | ph:  0.0% | #CG/newton: 1953 | ls (cap|max|inv|bt):  0| 0| 0| 0| runtime:  922.2 ms | cr: 3688.9
    857. dt:  0.25 ms | #newton:  1 | ph:  0.0% | #CG/newton: 1955 | ls (cap|max|inv|bt):  0| 0| 0| 0| runtime:  924.4 ms | cr: 3697.8
    858. dt:  0.25 ms | #newton:  1 | ph:  0.0% | #CG/newton: 1961 | ls (cap|max|inv|bt):  0| 0| 0| 0| runtime:  932.8 ms | cr: 3731.0
    859. dt:  0.25 ms | #newton:  1 | ph:  0.0% | #CG/newton: 1956 | ls (cap|max|inv|bt):  0| 0| 0| 0| runtime:  929.7 ms | cr: 3718.8
    860. dt:  0.25 ms | #newton:  1 | ph:  0.0% | #CG/newton: 1778 | ls (cap|max|inv|bt):  0| 0| 0| 0| runtime:  859.3 ms | cr: 3437.1
    861. dt:  0.25 ms | #newton:  1 | ph:  0.0% | #CG/newton: 1759 | ls (cap|max|inv|bt):  0| 0| 0| 0| runtime:  865.9 ms | cr: 3463.6
    862. dt:  0.25 ms | #newton:  1 | ph:  0.0% | #CG/newton: 1756 | ls (cap|max|inv|bt):  0| 0| 0| 0| runtime:  848.5 ms | cr: 3394.1
    863. dt:  0.25 ms | #newton:  1 | ph:  0.0% | #CG/newton: 1762 | ls (cap|max|inv|bt):  0| 0| 0| 0| runtime:  854.8 ms | cr: 3419.0
    864. dt:  0.25 ms | #newton:  1 | ph:  0.0% | #CG/newton: 1776 | ls (cap|max|inv|bt):  0| 0| 0| 0| runtime:  853.8 ms | cr: 3415.1
    865. dt:  0.25 ms | #newton:  1 | ph:  0.0% | #CG/newton: 1762 | ls (cap|max|inv|bt):  0| 0| 0| 0| runtime:  852.9 ms | cr: 3411.5
    866. dt:  0.25 ms | #newton:  1 | ph:  0.0% | #CG/newton: 1778 | ls (cap|max|inv|bt):  0| 0| 0| 0| runtime:  857.9 ms | cr: 3431.7
    867. dt:  0.25 ms | #newton:  1 | ph:  0.0% | #CG/newton: 1776 | ls (cap|max|inv|bt):  0| 0| 0| 0| runtime:  854.8 ms | cr: 3419.2
    868. dt:  0.25 ms | #newton:  1 | ph:  0.0% | #CG/newton: 1775 | ls (cap|max|inv|bt):  0| 0| 0| 0| runtime:  854.7 ms | cr: 3418.8
    869. dt:  0.25 ms | #newton:  1 | ph:  0.0% | #CG/newton: 1779 | ls (cap|max|inv|bt):  0| 0| 0| 0| runtime:  856.6 ms | cr: 3426.6
    870. dt:  0.25 ms | #newton:  1 | ph:  0.0% | #CG/newton: 1772 | ls (cap|max|inv|bt):  0| 0| 0| 0| runtime:  859.4 ms | cr: 3437.7
    871. dt:  0.25 ms | #newton:  1 | ph:  0.0% | #CG/newton: 1785 | ls (cap|max|inv|bt):  0| 0| 0| 0| runtime:  856.7 ms | cr: 3426.9
    872. dt:  0.25 ms | #newton:  1 | ph:  0.0% | #CG/newton: 1785 | ls (cap|max|inv|bt):  0| 0| 0| 0| runtime:  872.0 ms | cr: 3488.2
    873. dt:  0.25 ms | #newton:  1 | ph:  0.0% | #CG/newton: 1781 | ls (cap|max|inv|bt):  0| 0| 0| 0| runtime:  868.0 ms | cr: 3471.8
    874. dt:  0.25 ms | #newton:  1 | ph:  0.0% | #CG/newton: 1782 | ls (cap|max|inv|bt):  0| 0| 0| 0| runtime:  859.5 ms | cr: 3438.1
    875. dt:  0.25 ms | #newton:  1 | ph:  0.0% | #CG/newton: 1787 | ls (cap|max|inv|bt):  0| 0| 0| 0| runtime:  859.0 ms | cr: 3435.9
    876. dt:  0.25 ms | #newton:  1 | ph:  0.0% | #CG/newton: 1774 | ls (cap|max|inv|bt):  0| 0| 0| 0| runtime:  853.3 ms | cr: 3413.2
    877. dt:  0.25 ms | #newton:  1 | ph:  0.0% | #CG/newton: 1787 | ls (cap|max|inv|bt):  0| 0| 0| 0| runtime:  860.7 ms | cr: 3442.8
    878. dt:  0.25 ms | #newton:  1 | ph:  0.0% | #CG/newton: 1790 | ls (cap|max|inv|bt):  0| 0| 0| 0| runtime:  863.7 ms | cr: 3454.9
    879. dt:  0.25 ms | #newton:  1 | ph:  0.0% | #CG/newton: 1790 | ls (cap|max|inv|bt):  0| 0| 0| 0| runtime:  866.8 ms | cr: 3467.2
    880. dt:  0.25 ms | #newton:  1 | ph:  0.0% | #CG/newton: 1784 | ls (cap|max|inv|bt):  0| 0| 0| 0| runtime:  866.5 ms | cr: 3466.1
    881. dt:  0.25 ms | #newton:  1 | ph:  0.0% | #CG/newton: 1769 | ls (cap|max|inv|bt):  0| 0| 0| 0| runtime:  854.1 ms | cr: 3416.5
    882. dt:  0.25 ms | #newton:  1 | ph:  0.0% | #CG/newton: 1788 | ls (cap|max|inv|bt):  0| 0| 0| 0| runtime:  857.6 ms | cr: 3430.2
    883. dt:  0.25 ms | #newton:  1 | ph:  0.0% | #CG/newton: 1790 | ls (cap|max|inv|bt):  0| 0| 0| 0| runtime:  867.3 ms | cr: 3469.1
    884. dt:  0.25 ms | #newton:  1 | ph:  0.0% | #CG/newton: 1790 | ls (cap|max|inv|bt):  0| 0| 0| 0| runtime:  867.4 ms | cr: 3469.5
    885. dt:  0.25 ms | #newton:  1 | ph:  0.0% | #CG/newton: 1786 | ls (cap|max|inv|bt):  0| 0| 0| 0| runtime:  865.0 ms | cr: 3459.9
    886. dt:  0.25 ms | #newton:  1 | ph:  0.0% | #CG/newton: 1787 | ls (cap|max|inv|bt):  0| 0| 0| 0| runtime:  871.3 ms | cr: 3485.3
    887. dt:  0.25 ms | #newton:  1 | ph:  0.0% | #CG/newton: 1786 | ls (cap|max|inv|bt):  0| 0| 0| 0| runtime:  863.9 ms | cr: 3455.8
    888. dt:  0.25 ms | #newton:  1 | ph:  0.0% | #CG/newton: 1787 | ls (cap|max|inv|bt):  0| 0| 0| 0| runtime:  871.9 ms | cr: 3487.7
    889. dt:  0.25 ms | #newton:  1 | ph:  0.0% | #CG/newton: 1786 | ls (cap|max|inv|bt):  0| 0| 0| 0| runtime:  860.0 ms | cr: 3439.9
    890. dt:  0.25 ms | #newton:  1 | ph:  0.0% | #CG/newton: 1786 | ls (cap|max|inv|bt):  0| 0| 0| 0| runtime:  860.0 ms | cr: 3440.1
    891. dt:  0.25 ms | #newton:  1 | ph:  0.0% | #CG/newton: 1786 | ls (cap|max|inv|bt):  0| 0| 0| 0| runtime:  868.8 ms | cr: 3475.3
    892. dt:  0.25 ms | #newton:  1 | ph:  0.0% | #CG/newton: 1785 | ls (cap|max|inv|bt):  0| 0| 0| 0| runtime:  858.7 ms | cr: 3434.7
    893. dt:  0.25 ms | #newton:  1 | ph:  0.0% | #CG/newton: 1786 | ls (cap|max|inv|bt):  0| 0| 0| 0| runtime:  864.1 ms | cr: 3456.4
    894. dt:  0.25 ms | #newton:  1 | ph:  0.0% | #CG/newton: 1785 | ls (cap|max|inv|bt):  0| 0| 0| 0| runtime:  854.2 ms | cr: 3416.7
    895. dt:  0.25 ms | #newton:  1 | ph:  0.0% | #CG/newton: 1784 | ls (cap|max|inv|bt):  0| 0| 0| 0| runtime:  857.7 ms | cr: 3430.8
    896. dt:  0.25 ms | #newton:  1 | ph:  0.0% | #CG/newton: 1785 | ls (cap|max|inv|bt):  0| 0| 0| 0| runtime:  856.9 ms | cr: 3427.6
    897. dt:  0.25 ms | #newton:  1 | ph:  0.0% | #CG/newton: 1784 | ls (cap|max|inv|bt):  0| 0| 0| 0| runtime:  867.0 ms | cr: 3468.0
    898. dt:  0.25 ms | #newton:  1 | ph:  0.0% | #CG/newton: 1783 | ls (cap|max|inv|bt):  0| 0| 0| 0| runtime:  862.6 ms | cr: 3450.4
    899. dt:  0.25 ms | #newton:  1 | ph:  0.0% | #CG/newton: 1770 | ls (cap|max|inv|bt):  0| 0| 0| 0| runtime:  854.2 ms | cr: 3416.9
    900. dt:  0.25 ms | #newton:  1 | ph:  0.0% | #CG/newton: 1786 | ls (cap|max|inv|bt):  0| 0| 0| 0| runtime:  868.3 ms | cr: 3473.2
    901. dt:  0.25 ms | #newton:  1 | ph:  0.0% | #CG/newton: 1785 | ls (cap|max|inv|bt):  0| 0| 0| 0| runtime:  858.8 ms | cr: 3435.4
    902. dt:  0.25 ms | #newton:  1 | ph:  0.0% | #CG/newton: 1777 | ls (cap|max|inv|bt):  0| 0| 0| 0| runtime:  873.9 ms | cr: 3495.5
    903. dt:  0.25 ms | #newton:  1 | ph:  0.0% | #CG/newton: 1785 | ls (cap|max|inv|bt):  0| 0| 0| 0| runtime:  858.5 ms | cr: 3434.0
    904. dt:  0.25 ms | #newton:  1 | ph:  0.0% | #CG/newton: 1786 | ls (cap|max|inv|bt):  0| 0| 0| 0| runtime:  865.4 ms | cr: 3461.5
    905. dt:  0.25 ms | #newton:  1 | ph:  0.0% | #CG/newton: 1786 | ls (cap|max|inv|bt):  0| 0| 0| 0| runtime:  860.7 ms | cr: 3442.9
    906. dt:  0.25 ms | #newton:  1 | ph:  0.0% | #CG/newton: 1786 | ls (cap|max|inv|bt):  0| 0| 0| 0| runtime:  859.4 ms | cr: 3437.4
    907. dt:  0.25 ms | #newton:  1 | ph:  0.0% | #CG/newton: 1790 | ls (cap|max|inv|bt):  0| 0| 0| 0| runtime:  864.0 ms | cr: 3455.9
    908. dt:  0.25 ms | #newton:  1 | ph:  0.0% | #CG/newton: 1786 | ls (cap|max|inv|bt):  0| 0| 0| 0| runtime:  858.0 ms | cr: 3432.1
    909. dt:  0.25 ms | #newton:  1 | ph:  0.0% | #CG/newton: 1788 | ls (cap|max|inv|bt):  0| 0| 0| 0| runtime:  860.6 ms | cr: 3442.5
    910. dt:  0.25 ms | #newton:  1 | ph:  0.0% | #CG/newton: 1792 | ls (cap|max|inv|bt):  0| 0| 0| 0| runtime:  859.2 ms | cr: 3436.9
    911. dt:  0.25 ms | #newton:  1 | ph:  0.0% | #CG/newton: 1784 | ls (cap|max|inv|bt):  0| 0| 0| 0| runtime:  856.4 ms | cr: 3425.5
    912. dt:  0.25 ms | #newton:  1 | ph:  0.0% | #CG/newton: 1793 | ls (cap|max|inv|bt):  0| 0| 0| 0| runtime:  870.0 ms | cr: 3480.0
    913. dt:  0.25 ms | #newton:  1 | ph:  0.0% | #CG/newton: 1793 | ls (cap|max|inv|bt):  0| 0| 0| 0| runtime:  870.0 ms | cr: 3480.0
    914. dt:  0.25 ms | #newton:  1 | ph:  0.0% | #CG/newton: 1785 | ls (cap|max|inv|bt):  0| 0| 0| 0| runtime:  858.6 ms | cr: 3434.4
    915. dt:  0.25 ms | #newton:  1 | ph:  0.0% | #CG/newton: 1797 | ls (cap|max|inv|bt):  0| 0| 0| 0| runtime:  872.8 ms | cr: 3491.0
    916. dt:  0.25 ms | #newton:  1 | ph:  0.0% | #CG/newton: 1786 | ls (cap|max|inv|bt):  0| 0| 0| 0| runtime:  868.6 ms | cr: 3474.6
    917. dt:  0.25 ms | #newton:  1 | ph:  0.0% | #CG/newton: 1798 | ls (cap|max|inv|bt):  0| 0| 0| 0| runtime:  874.4 ms | cr: 3497.7
    918. dt:  0.25 ms | #newton:  1 | ph:  0.0% | #CG/newton: 1791 | ls (cap|max|inv|bt):  0| 0| 0| 0| runtime:  871.7 ms | cr: 3486.8
    919. dt:  0.25 ms | #newton:  1 | ph:  0.0% | #CG/newton: 1801 | ls (cap|max|inv|bt):  0| 0| 0| 0| runtime:  875.6 ms | cr: 3502.4
    920. dt:  0.25 ms | #newton:  1 | ph:  0.0% | #CG/newton: 1794 | ls (cap|max|inv|bt):  0| 0| 0| 0| runtime:  861.4 ms | cr: 3445.7
    921. dt:  0.25 ms | #newton:  1 | ph:  0.0% | #CG/newton: 1802 | ls (cap|max|inv|bt):  0| 0| 0| 0| runtime:  877.7 ms | cr: 3511.0
    922. dt:  0.25 ms | #newton:  1 | ph:  0.0% | #CG/newton: 1796 | ls (cap|max|inv|bt):  0| 0| 0| 0| runtime:  863.7 ms | cr: 3454.9
    923. dt:  0.25 ms | #newton:  1 | ph:  0.0% | #CG/newton: 1806 | ls (cap|max|inv|bt):  0| 0| 0| 0| runtime:  854.6 ms | cr: 3418.3
    924. dt:  0.25 ms | #newton:  1 | ph:  0.0% | #CG/newton: 1799 | ls (cap|max|inv|bt):  0| 0| 0| 0| runtime:  862.7 ms | cr: 3450.9
    925. dt:  0.25 ms | #newton:  1 | ph:  0.0% | #CG/newton: 1809 | ls (cap|max|inv|bt):  0| 0| 0| 0| runtime:  873.1 ms | cr: 3492.3
    926. dt:  0.25 ms | #newton:  1 | ph:  0.0% | #CG/newton: 1577 | ls (cap|max|inv|bt):  0| 0| 0| 0| runtime:  772.6 ms | cr: 3090.3
    927. dt:  0.25 ms | #newton:  1 | ph:  0.0% | #CG/newton: 1580 | ls (cap|max|inv|bt):  0| 0| 0| 0| runtime:  774.6 ms | cr: 3098.6
    928. dt:  0.25 ms | #newton:  1 | ph:  0.0% | #CG/newton: 1588 | ls (cap|max|inv|bt):  0| 0| 0| 0| runtime:  789.8 ms | cr: 3159.3
    929. dt:  0.25 ms | #newton:  1 | ph:  0.0% | #CG/newton: 1595 | ls (cap|max|inv|bt):  0| 0| 0| 0| runtime:  782.5 ms | cr: 3130.2
    930. dt:  0.25 ms | #newton:  1 | ph:  0.0% | #CG/newton: 1583 | ls (cap|max|inv|bt):  0| 0| 0| 0| runtime:  778.9 ms | cr: 3115.6
    931. dt:  0.25 ms | #newton:  1 | ph:  0.0% | #CG/newton: 1595 | ls (cap|max|inv|bt):  0| 0| 0| 0| runtime:  786.8 ms | cr: 3147.2
    932. dt:  0.25 ms | #newton:  1 | ph:  0.0% | #CG/newton: 1585 | ls (cap|max|inv|bt):  0| 0| 0| 0| runtime:  779.5 ms | cr: 3118.0
    933. dt:  0.25 ms | #newton:  1 | ph:  0.0% | #CG/newton: 1600 | ls (cap|max|inv|bt):  0| 0| 0| 0| runtime:  800.5 ms | cr: 3201.8
[Frame: 7] Time: 0.234 s
    934. dt:  0.25 ms | #newton:  1 | ph:  0.0% | #CG/newton: 1583 | ls (cap|max|inv|bt):  0| 0| 0| 0| runtime:  873.1 ms | cr: 3492.6
    935. dt:  0.25 ms | #newton:  1 | ph:  0.0% | #CG/newton: 1600 | ls (cap|max|inv|bt):  0| 0| 0| 0| runtime:  810.6 ms | cr: 3242.5
    936. dt:  0.25 ms | #newton:  1 | ph:  0.0% | #CG/newton: 1589 | ls (cap|max|inv|bt):  0| 0| 0| 0| runtime:  794.5 ms | cr: 3177.8
    937. dt:  0.25 ms | #newton:  1 | ph:  0.0% | #CG/newton: 1604 | ls (cap|max|inv|bt):  0| 0| 0| 0| runtime:  797.9 ms | cr: 3191.7
    938. dt:  0.25 ms | #newton:  1 | ph:  0.0% | #CG/newton: 1594 | ls (cap|max|inv|bt):  0| 0| 0| 0| runtime:  803.2 ms | cr: 3212.8
    939. dt:  0.25 ms | #newton:  1 | ph:  0.0% | #CG/newton: 1597 | ls (cap|max|inv|bt):  0| 0| 0| 0| runtime:  826.8 ms | cr: 3307.3
    940. dt:  0.25 ms | #newton:  1 | ph:  0.0% | #CG/newton: 1603 | ls (cap|max|inv|bt):  0| 0| 0| 0| runtime:  818.4 ms | cr: 3273.4
    941. dt:  0.25 ms | #newton:  1 | ph:  0.0% | #CG/newton: 1599 | ls (cap|max|inv|bt):  0| 0| 0| 0| runtime:  830.4 ms | cr: 3321.6
    942. dt:  0.25 ms | #newton:  1 | ph:  0.0% | #CG/newton: 1599 | ls (cap|max|inv|bt):  0| 0| 0| 0| runtime:  790.4 ms | cr: 3161.4
    943. dt:  0.25 ms | #newton:  1 | ph:  0.0% | #CG/newton: 1605 | ls (cap|max|inv|bt):  0| 0| 0| 0| runtime:  794.7 ms | cr: 3178.7
    944. dt:  0.25 ms | #newton:  1 | ph:  0.0% | #CG/newton: 1610 | ls (cap|max|inv|bt):  0| 0| 0| 0| runtime:  791.4 ms | cr: 3165.8
    945. dt:  0.25 ms | #newton:  1 | ph:  0.0% | #CG/newton: 1578 | ls (cap|max|inv|bt):  0| 0| 0| 0| runtime:  784.9 ms | cr: 3139.8
    946. dt:  0.25 ms | #newton:  1 | ph:  0.0% | #CG/newton: 1602 | ls (cap|max|inv|bt):  0| 0| 0| 0| runtime:  783.5 ms | cr: 3134.1
    947. dt:  0.25 ms | #newton:  1 | ph:  0.0% | #CG/newton: 1605 | ls (cap|max|inv|bt):  0| 0| 0| 0| runtime:  784.6 ms | cr: 3138.2
    948. dt:  0.25 ms | #newton:  1 | ph:  0.0% | #CG/newton: 1366 | ls (cap|max|inv|bt):  0| 0| 0| 0| runtime:  699.8 ms | cr: 2799.2
    949. dt:  0.25 ms | #newton:  1 | ph:  0.0% | #CG/newton: 1360 | ls (cap|max|inv|bt):  0| 0| 0| 0| runtime:  697.3 ms | cr: 2789.3
    950. dt:  0.25 ms | #newton:  1 | ph:  0.0% | #CG/newton: 1360 | ls (cap|max|inv|bt):  0| 0| 0| 0| runtime:  690.7 ms | cr: 2762.9
    951. dt:  0.25 ms | #newton:  1 | ph:  0.0% | #CG/newton: 1358 | ls (cap|max|inv|bt):  0| 0| 0| 0| runtime:  686.0 ms | cr: 2743.9
    952. dt:  0.25 ms | #newton:  1 | ph:  0.0% | #CG/newton: 1357 | ls (cap|max|inv|bt):  0| 0| 0| 0| runtime:  690.9 ms | cr: 2763.4
    953. dt:  0.25 ms | #newton:  1 | ph:  0.0% | #CG/newton: 1357 | ls (cap|max|inv|bt):  0| 0| 0| 0| runtime:  684.8 ms | cr: 2739.4
    954. dt:  0.25 ms | #newton:  1 | ph:  0.0% | #CG/newton: 1359 | ls (cap|max|inv|bt):  0| 0| 0| 0| runtime:  687.6 ms | cr: 2750.5
    955. dt:  0.25 ms | #newton:  1 | ph:  0.0% | #CG/newton: 1353 | ls (cap|max|inv|bt):  0| 0| 0| 0| runtime:  698.0 ms | cr: 2791.8
    956. dt:  0.25 ms | #newton:  1 | ph:  0.0% | #CG/newton: 1356 | ls (cap|max|inv|bt):  0| 0| 0| 0| runtime:  688.1 ms | cr: 2752.3
    957. dt:  0.25 ms | #newton:  1 | ph:  0.0% | #CG/newton: 1355 | ls (cap|max|inv|bt):  0| 0| 0| 0| runtime:  680.0 ms | cr: 2720.0
    958. dt:  0.25 ms | #newton:  1 | ph:  0.0% | #CG/newton: 1353 | ls (cap|max|inv|bt):  0| 0| 0| 0| runtime:  685.3 ms | cr: 2741.0
    959. dt:  0.25 ms | #newton:  1 | ph:  0.0% | #CG/newton: 1355 | ls (cap|max|inv|bt):  0| 0| 0| 0| runtime:  681.6 ms | cr: 2726.3
    960. dt:  0.25 ms | #newton:  1 | ph:  0.0% | #CG/newton: 1354 | ls (cap|max|inv|bt):  0| 0| 0| 0| runtime:  698.4 ms | cr: 2793.6
    961. dt:  0.25 ms | #newton:  1 | ph:  0.0% | #CG/newton: 1358 | ls (cap|max|inv|bt):  0| 0| 0| 0| runtime:  691.1 ms | cr: 2764.2
    962. dt:  0.25 ms | #newton:  1 | ph:  0.0% | #CG/newton: 1357 | ls (cap|max|inv|bt):  0| 0| 0| 0| runtime:  685.1 ms | cr: 2740.6
    963. dt:  0.25 ms | #newton:  1 | ph:  0.0% | #CG/newton: 1357 | ls (cap|max|inv|bt):  0| 0| 0| 0| runtime:  684.0 ms | cr: 2736.1
    964. dt:  0.25 ms | #newton:  1 | ph:  0.0% | #CG/newton: 1356 | ls (cap|max|inv|bt):  0| 0| 0| 0| runtime:  689.2 ms | cr: 2756.9
    965. dt:  0.25 ms | #newton:  1 | ph:  0.0% | #CG/newton: 1355 | ls (cap|max|inv|bt):  0| 0| 0| 0| runtime:  680.4 ms | cr: 2721.8
    966. dt:  0.25 ms | #newton:  1 | ph:  0.0% | #CG/newton: 1353 | ls (cap|max|inv|bt):  0| 0| 0| 0| runtime:  691.0 ms | cr: 2764.0
    967. dt:  0.25 ms | #newton:  1 | ph:  0.0% | #CG/newton: 1355 | ls (cap|max|inv|bt):  0| 0| 0| 0| runtime:  711.0 ms | cr: 2843.8
    968. dt:  0.25 ms | #newton:  1 | ph:  0.0% | #CG/newton: 1356 | ls (cap|max|inv|bt):  0| 0| 0| 0| runtime:  678.7 ms | cr: 2715.0
    969. dt:  0.25 ms | #newton:  1 | ph:  0.0% | #CG/newton: 1356 | ls (cap|max|inv|bt):  0| 0| 0| 0| runtime:  688.5 ms | cr: 2754.0
    970. dt:  0.25 ms | #newton:  1 | ph:  0.0% | #CG/newton: 1354 | ls (cap|max|inv|bt):  0| 0| 0| 0| runtime:  689.8 ms | cr: 2759.3
    971. dt:  0.25 ms | #newton:  1 | ph:  0.0% | #CG/newton: 1353 | ls (cap|max|inv|bt):  0| 0| 0| 0| runtime:  680.8 ms | cr: 2723.3
    972. dt:  0.25 ms | #newton:  1 | ph:  0.0% | #CG/newton: 1352 | ls (cap|max|inv|bt):  0| 0| 0| 0| runtime:  690.2 ms | cr: 2760.9
    973. dt:  0.25 ms | #newton:  1 | ph:  0.0% | #CG/newton: 1349 | ls (cap|max|inv|bt):  0| 0| 0| 0| runtime:  662.2 ms | cr: 2648.7
    974. dt:  0.25 ms | #newton:  1 | ph:  0.0% | #CG/newton: 1349 | ls (cap|max|inv|bt):  0| 0| 0| 0| runtime:  654.3 ms | cr: 2617.2
    975. dt:  0.25 ms | #newton:  1 | ph:  0.0% | #CG/newton: 1347 | ls (cap|max|inv|bt):  0| 0| 0| 0| runtime:  655.9 ms | cr: 2623.4
    976. dt:  0.25 ms | #newton:  1 | ph:  0.0% | #CG/newton: 1345 | ls (cap|max|inv|bt):  0| 0| 0| 0| runtime:  663.8 ms | cr: 2655.2
    977. dt:  0.25 ms | #newton:  1 | ph:  0.0% | #CG/newton: 1343 | ls (cap|max|inv|bt):  0| 0| 0| 0| runtime:  666.0 ms | cr: 2663.9
    978. dt:  0.25 ms | #newton:  1 | ph:  0.0% | #CG/newton: 1340 | ls (cap|max|inv|bt):  0| 0| 0| 0| runtime:  655.0 ms | cr: 2620.2
    979. dt:  0.25 ms | #newton:  1 | ph:  0.0% | #CG/newton: 1335 | ls (cap|max|inv|bt):  0| 0| 0| 0| runtime:  687.8 ms | cr: 2751.0
    980. dt:  0.25 ms | #newton:  1 | ph:  0.0% | #CG/newton: 1350 | ls (cap|max|inv|bt):  0| 0| 0| 0| runtime:  682.3 ms | cr: 2729.3
    981. dt:  0.25 ms | #newton:  1 | ph:  0.0% | #CG/newton: 1351 | ls (cap|max|inv|bt):  0| 0| 0| 0| runtime:  675.2 ms | cr: 2700.8
    982. dt:  0.25 ms | #newton:  1 | ph:  0.0% | #CG/newton: 1342 | ls (cap|max|inv|bt):  0| 0| 0| 0| runtime:  675.8 ms | cr: 2703.4
    983. dt:  0.25 ms | #newton:  1 | ph:  0.0% | #CG/newton: 1339 | ls (cap|max|inv|bt):  0| 0| 0| 0| runtime:  674.4 ms | cr: 2697.6
    984. dt:  0.25 ms | #newton:  1 | ph:  0.0% | #CG/newton: 1339 | ls (cap|max|inv|bt):  0| 0| 0| 0| runtime:  683.4 ms | cr: 2733.6
    985. dt:  0.25 ms | #newton:  1 | ph:  0.0% | #CG/newton: 1333 | ls (cap|max|inv|bt):  0| 0| 0| 0| runtime:  676.2 ms | cr: 2704.9
    986. dt:  0.25 ms | #newton:  1 | ph:  0.0% | #CG/newton: 1339 | ls (cap|max|inv|bt):  0| 0| 0| 0| runtime:  678.0 ms | cr: 2711.9
    987. dt:  0.25 ms | #newton:  1 | ph:  0.0% | #CG/newton: 1330 | ls (cap|max|inv|bt):  0| 0| 0| 0| runtime:  676.6 ms | cr: 2706.6
    988. dt:  0.25 ms | #newton:  1 | ph:  0.0% | #CG/newton: 1346 | ls (cap|max|inv|bt):  0| 0| 0| 0| runtime:  680.5 ms | cr: 2722.1
    989. dt:  0.25 ms | #newton:  1 | ph:  0.0% | #CG/newton: 1332 | ls (cap|max|inv|bt):  0| 0| 0| 0| runtime:  672.6 ms | cr: 2690.5
    990. dt:  0.25 ms | #newton:  1 | ph:  0.0% | #CG/newton: 1323 | ls (cap|max|inv|bt):  0| 0| 0| 0| runtime:  674.6 ms | cr: 2698.6
    991. dt:  0.25 ms | #newton:  1 | ph:  0.0% | #CG/newton: 1320 | ls (cap|max|inv|bt):  0| 0| 0| 0| runtime:  668.7 ms | cr: 2674.6
    992. dt:  0.25 ms | #newton:  1 | ph:  0.0% | #CG/newton: 1325 | ls (cap|max|inv|bt):  0| 0| 0| 0| runtime:  664.5 ms | cr: 2657.9
    993. dt:  0.25 ms | #newton:  1 | ph:  0.0% | #CG/newton: 1323 | ls (cap|max|inv|bt):  0| 0| 0| 0| runtime:  668.6 ms | cr: 2674.6
    994. dt:  0.25 ms | #newton:  1 | ph:  0.0% | #CG/newton: 1352 | ls (cap|max|inv|bt):  0| 0| 0| 0| runtime:  687.4 ms | cr: 2749.8
    995. dt:  0.25 ms | #newton:  1 | ph:  0.0% | #CG/newton: 1339 | ls (cap|max|inv|bt):  0| 0| 0| 0| runtime:  686.3 ms | cr: 2745.4
    996. dt:  0.25 ms | #newton:  1 | ph:  0.0% | #CG/newton: 1319 | ls (cap|max|inv|bt):  0| 0| 0| 0| runtime:  679.4 ms | cr: 2717.6
    997. dt:  0.25 ms | #newton:  1 | ph:  0.0% | #CG/newton: 1345 | ls (cap|max|inv|bt):  0| 0| 0| 0| runtime:  689.7 ms | cr: 2758.6
    998. dt:  0.25 ms | #newton:  1 | ph:  0.0% | #CG/newton: 1321 | ls (cap|max|inv|bt):  0| 0| 0| 0| runtime:  682.3 ms | cr: 2729.0
    999. dt:  0.25 ms | #newton:  1 | ph:  0.0% | #CG/newton: 1316 | ls (cap|max|inv|bt):  0| 0| 0| 0| runtime:  658.5 ms | cr: 2634.2
    1000. dt:  0.25 ms | #newton:  1 | ph:  0.0% | #CG/newton: 1343 | ls (cap|max|inv|bt):  0| 0| 0| 0| runtime:  676.0 ms | cr: 2703.9
    1001. dt:  0.25 ms | #newton:  1 | ph:  0.0% | #CG/newton: 1322 | ls (cap|max|inv|bt):  0| 0| 0| 0| runtime:  681.1 ms | cr: 2724.3
    1002. dt:  0.25 ms | #newton:  1 | ph:  0.0% | #CG/newton: 1322 | ls (cap|max|inv|bt):  0| 0| 0| 0| runtime:  675.7 ms | cr: 2703.0
    1003. dt:  0.25 ms | #newton:  1 | ph:  0.0% | #CG/newton: 1323 | ls (cap|max|inv|bt):  0| 0| 0| 0| runtime:  685.8 ms | cr: 2743.1
    1004. dt:  0.25 ms | #newton:  1 | ph:  0.0% | #CG/newton: 1351 | ls (cap|max|inv|bt):  0| 0| 0| 0| runtime:  686.0 ms | cr: 2743.9
    1005. dt:  0.25 ms | #newton:  1 | ph:  0.0% | #CG/newton: 1340 | ls (cap|max|inv|bt):  0| 0| 0| 0| runtime:  689.7 ms | cr: 2758.8
    1006. dt:  0.25 ms | #newton:  1 | ph:  0.0% | #CG/newton: 1324 | ls (cap|max|inv|bt):  0| 0| 0| 0| runtime:  678.5 ms | cr: 2713.9
    1007. dt:  0.25 ms | #newton:  1 | ph:  0.0% | #CG/newton: 1341 | ls (cap|max|inv|bt):  0| 0| 0| 0| runtime:  689.6 ms | cr: 2758.5
    1008. dt:  0.25 ms | #newton:  1 | ph:  0.0% | #CG/newton: 1328 | ls (cap|max|inv|bt):  0| 0| 0| 0| runtime:  677.3 ms | cr: 2709.2
    1009. dt:  0.25 ms | #newton:  1 | ph:  0.0% | #CG/newton: 1340 | ls (cap|max|inv|bt):  0| 0| 0| 0| runtime:  682.4 ms | cr: 2729.5
    1010. dt:  0.25 ms | #newton:  1 | ph:  0.0% | #CG/newton: 1331 | ls (cap|max|inv|bt):  0| 0| 0| 0| runtime:  665.8 ms | cr: 2663.1
    1011. dt:  0.25 ms | #newton:  1 | ph:  0.0% | #CG/newton: 1347 | ls (cap|max|inv|bt):  0| 0| 0| 0| runtime:  680.3 ms | cr: 2721.1
    1012. dt:  0.25 ms | #newton:  1 | ph:  0.0% | #CG/newton: 1334 | ls (cap|max|inv|bt):  0| 0| 0| 0| runtime:  678.7 ms | cr: 2714.6
    1013. dt:  0.25 ms | #newton:  1 | ph:  0.0% | #CG/newton: 1335 | ls (cap|max|inv|bt):  0| 0| 0| 0| runtime:  681.2 ms | cr: 2724.9
    1014. dt:  0.25 ms | #newton:  1 | ph:  0.0% | #CG/newton: 1333 | ls (cap|max|inv|bt):  0| 0| 0| 0| runtime:  662.6 ms | cr: 2650.3
    1015. dt:  0.25 ms | #newton:  1 | ph:  0.0% | #CG/newton: 1339 | ls (cap|max|inv|bt):  0| 0| 0| 0| runtime:  676.8 ms | cr: 2707.3
    1016. dt:  0.25 ms | #newton:  1 | ph:  0.0% | #CG/newton: 1333 | ls (cap|max|inv|bt):  0| 0| 0| 0| runtime:  685.6 ms | cr: 2742.6
    1017. dt:  0.25 ms | #newton:  1 | ph:  0.0% | #CG/newton: 1342 | ls (cap|max|inv|bt):  0| 0| 0| 0| runtime:  682.2 ms | cr: 2728.8
    1018. dt:  0.25 ms | #newton:  1 | ph:  0.0% | #CG/newton: 1333 | ls (cap|max|inv|bt):  0| 0| 0| 0| runtime:  667.3 ms | cr: 2669.2
    1019. dt:  0.25 ms | #newton:  1 | ph:  0.0% | #CG/newton: 1339 | ls (cap|max|inv|bt):  0| 0| 0| 0| runtime:  687.2 ms | cr: 2748.7
    1020. dt:  0.25 ms | #newton:  1 | ph:  0.0% | #CG/newton: 1333 | ls (cap|max|inv|bt):  0| 0| 0| 0| runtime:  691.6 ms | cr: 2766.3
    1021. dt:  0.25 ms | #newton:  1 | ph:  0.0% | #CG/newton: 1340 | ls (cap|max|inv|bt):  0| 0| 0| 0| runtime:  681.5 ms | cr: 2726.0
    1022. dt:  0.25 ms | #newton:  1 | ph:  0.0% | #CG/newton: 1334 | ls (cap|max|inv|bt):  0| 0| 0| 0| runtime:  678.6 ms | cr: 2714.5
    1023. dt:  0.25 ms | #newton:  1 | ph:  0.0% | #CG/newton: 1341 | ls (cap|max|inv|bt):  0| 0| 0| 0| runtime:  685.2 ms | cr: 2741.0
    1024. dt:  0.25 ms | #newton:  1 | ph:  0.0% | #CG/newton: 1332 | ls (cap|max|inv|bt):  0| 0| 0| 0| runtime:  671.4 ms | cr: 2685.5
    1025. dt:  0.25 ms | #newton:  1 | ph:  0.0% | #CG/newton: 1339 | ls (cap|max|inv|bt):  0| 0| 0| 0| runtime:  671.5 ms | cr: 2685.8
    1026. dt:  0.25 ms | #newton:  1 | ph:  0.0% | #CG/newton: 1332 | ls (cap|max|inv|bt):  0| 0| 0| 0| runtime:  693.7 ms | cr: 2774.6
    1027. dt:  0.25 ms | #newton:  1 | ph:  0.0% | #CG/newton: 1343 | ls (cap|max|inv|bt):  0| 0| 0| 0| runtime:  686.6 ms | cr: 2746.5
    1028. dt:  0.25 ms | #newton:  1 | ph:  0.0% | #CG/newton: 1335 | ls (cap|max|inv|bt):  0| 0| 0| 0| runtime:  685.2 ms | cr: 2740.7
    1029. dt:  0.25 ms | #newton:  1 | ph:  0.0% | #CG/newton: 1339 | ls (cap|max|inv|bt):  0| 0| 0| 0| runtime:  674.4 ms | cr: 2697.7
    1030. dt:  0.25 ms | #newton:  1 | ph:  0.0% | #CG/newton: 1334 | ls (cap|max|inv|bt):  0| 0| 0| 0| runtime:  679.9 ms | cr: 2719.6
    1031. dt:  0.25 ms | #newton:  1 | ph:  0.0% | #CG/newton: 1341 | ls (cap|max|inv|bt):  0| 0| 0| 0| runtime:  687.5 ms | cr: 2750.1
    1032. dt:  0.25 ms | #newton:  1 | ph:  0.0% | #CG/newton: 1334 | ls (cap|max|inv|bt):  0| 0| 0| 0| runtime:  683.9 ms | cr: 2735.4
    1033. dt:  0.25 ms | #newton:  1 | ph:  0.0% | #CG/newton: 1341 | ls (cap|max|inv|bt):  0| 0| 0| 0| runtime:  683.5 ms | cr: 2733.9
    1034. dt:  0.25 ms | #newton:  1 | ph:  0.0% | #CG/newton: 1334 | ls (cap|max|inv|bt):  0| 0| 0| 0| runtime:  683.3 ms | cr: 2733.2
    1035. dt:  0.25 ms | #newton:  1 | ph:  0.0% | #CG/newton: 1339 | ls (cap|max|inv|bt):  0| 0| 0| 0| runtime:  688.7 ms | cr: 2754.9
    1036. dt:  0.25 ms | #newton:  1 | ph:  0.0% | #CG/newton: 1335 | ls (cap|max|inv|bt):  0| 0| 0| 0| runtime:  682.6 ms | cr: 2730.4
    1037. dt:  0.25 ms | #newton:  1 | ph:  0.0% | #CG/newton: 1340 | ls (cap|max|inv|bt):  0| 0| 0| 0| runtime:  687.1 ms | cr: 2748.3
    1038. dt:  0.25 ms | #newton:  1 | ph:  0.0% | #CG/newton: 1334 | ls (cap|max|inv|bt):  0| 0| 0| 0| runtime:  683.4 ms | cr: 2733.5
    1039. dt:  0.25 ms | #newton:  1 | ph:  0.0% | #CG/newton: 1339 | ls (cap|max|inv|bt):  0| 0| 0| 0| runtime:  679.2 ms | cr: 2716.7
    1040. dt:  0.25 ms | #newton:  1 | ph:  0.0% | #CG/newton: 1336 | ls (cap|max|inv|bt):  0| 0| 0| 0| runtime:  671.7 ms | cr: 2686.7
    1041. dt:  0.25 ms | #newton:  1 | ph:  0.0% | #CG/newton: 1340 | ls (cap|max|inv|bt):  0| 0| 0| 0| runtime:  677.6 ms | cr: 2710.5
    1042. dt:  0.25 ms | #newton:  1 | ph:  0.0% | #CG/newton: 1334 | ls (cap|max|inv|bt):  0| 0| 0| 0| runtime:  681.4 ms | cr: 2725.6
    1043. dt:  0.25 ms | #newton:  1 | ph:  0.0% | #CG/newton: 1339 | ls (cap|max|inv|bt):  0| 0| 0| 0| runtime:  685.3 ms | cr: 2741.1
    1044. dt:  0.25 ms | #newton:  1 | ph:  0.0% | #CG/newton: 1335 | ls (cap|max|inv|bt):  0| 0| 0| 0| runtime:  684.9 ms | cr: 2739.7
    1045. dt:  0.25 ms | #newton:  1 | ph:  0.0% | #CG/newton: 1339 | ls (cap|max|inv|bt):  0| 0| 0| 0| runtime:  674.6 ms | cr: 2698.2
    1046. dt:  0.25 ms | #newton:  1 | ph:  0.0% | #CG/newton: 1334 | ls (cap|max|inv|bt):  0| 0| 0| 0| runtime:  682.7 ms | cr: 2730.9
    1047. dt:  0.25 ms | #newton:  1 | ph:  0.0% | #CG/newton: 1339 | ls (cap|max|inv|bt):  0| 0| 0| 0| runtime:  684.8 ms | cr: 2739.2
    1048. dt:  0.25 ms | #newton:  1 | ph:  0.0% | #CG/newton: 1334 | ls (cap|max|inv|bt):  0| 0| 0| 0| runtime:  678.8 ms | cr: 2715.1
    1049. dt:  0.25 ms | #newton:  1 | ph:  0.0% | #CG/newton: 1339 | ls (cap|max|inv|bt):  0| 0| 0| 0| runtime:  679.5 ms | cr: 2718.0
    1050. dt:  0.25 ms | #newton:  1 | ph:  0.0% | #CG/newton: 1333 | ls (cap|max|inv|bt):  0| 0| 0| 0| runtime:  677.7 ms | cr: 2710.8
    1051. dt:  0.25 ms | #newton:  1 | ph:  0.0% | #CG/newton: 1339 | ls (cap|max|inv|bt):  0| 0| 0| 0| runtime:  680.8 ms | cr: 2723.3
    1052. dt:  0.25 ms | #newton:  1 | ph:  0.0% | #CG/newton: 1332 | ls (cap|max|inv|bt):  0| 0| 0| 0| runtime:  682.9 ms | cr: 2731.7
    1053. dt:  0.25 ms | #newton:  1 | ph:  0.0% | #CG/newton: 1338 | ls (cap|max|inv|bt):  0| 0| 0| 0| runtime:  686.2 ms | cr: 2744.6
    1054. dt:  0.25 ms | #newton:  1 | ph:  0.0% | #CG/newton: 1332 | ls (cap|max|inv|bt):  0| 0| 0| 0| runtime:  679.9 ms | cr: 2719.4
    1055. dt:  0.25 ms | #newton:  1 | ph:  0.0% | #CG/newton: 1339 | ls (cap|max|inv|bt):  0| 0| 0| 0| runtime:  683.2 ms | cr: 2732.8
    1056. dt:  0.25 ms | #newton:  1 | ph:  0.0% | #CG/newton: 1333 | ls (cap|max|inv|bt):  0| 0| 0| 0| runtime:  682.7 ms | cr: 2730.9
    1057. dt:  0.25 ms | #newton:  1 | ph:  0.0% | #CG/newton: 1339 | ls (cap|max|inv|bt):  0| 0| 0| 0| runtime:  687.5 ms | cr: 2750.1
    1058. dt:  0.25 ms | #newton:  1 | ph:  0.0% | #CG/newton: 1332 | ls (cap|max|inv|bt):  0| 0| 0| 0| runtime:  682.7 ms | cr: 2730.7
    1059. dt:  0.25 ms | #newton:  1 | ph:  0.0% | #CG/newton: 1338 | ls (cap|max|inv|bt):  0| 0| 0| 0| runtime:  684.2 ms | cr: 2736.9
    1060. dt:  0.25 ms | #newton:  1 | ph:  0.0% | #CG/newton: 1332 | ls (cap|max|inv|bt):  0| 0| 0| 0| runtime:  679.8 ms | cr: 2719.2
    1061. dt:  0.25 ms | #newton:  1 | ph:  0.0% | #CG/newton: 1339 | ls (cap|max|inv|bt):  0| 0| 0| 0| runtime:  683.4 ms | cr: 2733.5
    1062. dt:  0.25 ms | #newton:  1 | ph:  0.0% | #CG/newton: 1334 | ls (cap|max|inv|bt):  0| 0| 0| 0| runtime:  679.6 ms | cr: 2718.4
    1063. dt:  0.25 ms | #newton:  1 | ph:  0.0% | #CG/newton: 1339 | ls (cap|max|inv|bt):  0| 0| 0| 0| runtime:  681.8 ms | cr: 2727.2
    1064. dt:  0.25 ms | #newton:  1 | ph:  0.0% | #CG/newton: 1333 | ls (cap|max|inv|bt):  0| 0| 0| 0| runtime:  682.3 ms | cr: 2729.1
    1065. dt:  0.25 ms | #newton:  1 | ph:  0.0% | #CG/newton: 1339 | ls (cap|max|inv|bt):  0| 0| 0| 0| runtime:  686.5 ms | cr: 2746.0
    1066. dt:  0.25 ms | #newton:  1 | ph:  0.0% | #CG/newton: 1334 | ls (cap|max|inv|bt):  0| 0| 0| 0| runtime:  673.6 ms | cr: 2694.6
[Frame: 8] Time: 0.267 s
    1067. dt:  0.25 ms | #newton:  1 | ph:  0.0% | #CG/newton: 1340 | ls (cap|max|inv|bt):  0| 0| 0| 0| runtime:  686.9 ms | cr: 2747.4
    1068. dt:  0.25 ms | #newton:  1 | ph:  0.0% | #CG/newton: 1333 | ls (cap|max|inv|bt):  0| 0| 0| 0| runtime:  687.2 ms | cr: 2748.6
    1069. dt:  0.25 ms | #newton:  1 | ph:  0.0% | #CG/newton: 1339 | ls (cap|max|inv|bt):  0| 0| 0| 0| runtime:  676.5 ms | cr: 2705.9
    1070. dt:  0.25 ms | #newton:  1 | ph:  0.0% | #CG/newton: 1333 | ls (cap|max|inv|bt):  0| 0| 0| 0| runtime:  676.1 ms | cr: 2704.4
    1071. dt:  0.25 ms | #newton:  1 | ph:  0.0% | #CG/newton: 1341 | ls (cap|max|inv|bt):  0| 0| 0| 0| runtime:  681.1 ms | cr: 2724.6
    1072. dt:  0.25 ms | #newton:  1 | ph:  0.0% | #CG/newton: 1333 | ls (cap|max|inv|bt):  0| 0| 0| 0| runtime:  687.3 ms | cr: 2749.2
    1073. dt:  0.25 ms | #newton:  1 | ph:  0.0% | #CG/newton: 1339 | ls (cap|max|inv|bt):  0| 0| 0| 0| runtime:  683.9 ms | cr: 2735.7
    1074. dt:  0.25 ms | #newton:  1 | ph:  0.0% | #CG/newton: 1330 | ls (cap|max|inv|bt):  0| 0| 0| 0| runtime:  671.3 ms | cr: 2685.2
    1075. dt:  0.25 ms | #newton:  1 | ph:  0.0% | #CG/newton: 1340 | ls (cap|max|inv|bt):  0| 0| 0| 0| runtime:  685.6 ms | cr: 2742.5
    1076. dt:  0.25 ms | #newton:  1 | ph:  0.0% | #CG/newton: 1333 | ls (cap|max|inv|bt):  0| 0| 0| 0| runtime:  681.8 ms | cr: 2727.0
    1077. dt:  0.25 ms | #newton:  1 | ph:  0.0% | #CG/newton: 1343 | ls (cap|max|inv|bt):  0| 0| 0| 0| runtime:  684.2 ms | cr: 2736.8
    1078. dt:  0.25 ms | #newton:  1 | ph:  0.0% | #CG/newton: 1333 | ls (cap|max|inv|bt):  0| 0| 0| 0| runtime:  681.9 ms | cr: 2727.4
    1079. dt:  0.25 ms | #newton:  1 | ph:  0.0% | #CG/newton: 1339 | ls (cap|max|inv|bt):  0| 0| 0| 0| runtime:  683.5 ms | cr: 2733.9
    1080. dt:  0.25 ms | #newton:  1 | ph:  0.0% | #CG/newton: 1331 | ls (cap|max|inv|bt):  0| 0| 0| 0| runtime:  685.3 ms | cr: 2741.4
    1081. dt:  0.25 ms | #newton:  1 | ph:  0.0% | #CG/newton: 1342 | ls (cap|max|inv|bt):  0| 0| 0| 0| runtime:  686.0 ms | cr: 2744.0
    1082. dt:  0.25 ms | #newton:  1 | ph:  0.0% | #CG/newton: 1332 | ls (cap|max|inv|bt):  0| 0| 0| 0| runtime:  691.3 ms | cr: 2765.3
    1083. dt:  0.25 ms | #newton:  1 | ph:  0.0% | #CG/newton: 1339 | ls (cap|max|inv|bt):  0| 0| 0| 0| runtime:  688.1 ms | cr: 2752.3
    1084. dt:  0.25 ms | #newton:  1 | ph:  0.0% | #CG/newton: 1332 | ls (cap|max|inv|bt):  0| 0| 0| 0| runtime:  680.0 ms | cr: 2720.1
    1085. dt:  0.25 ms | #newton:  1 | ph:  0.0% | #CG/newton: 1344 | ls (cap|max|inv|bt):  0| 0| 0| 0| runtime:  686.4 ms | cr: 2745.7
    1086. dt:  0.25 ms | #newton:  1 | ph:  0.0% | #CG/newton: 1334 | ls (cap|max|inv|bt):  0| 0| 0| 0| runtime:  687.8 ms | cr: 2751.4
    1087. dt:  0.25 ms | #newton:  1 | ph:  0.0% | #CG/newton: 1336 | ls (cap|max|inv|bt):  0| 0| 0| 0| runtime:  688.6 ms | cr: 2754.3
    1088. dt:  0.25 ms | #newton:  1 | ph:  0.0% | #CG/newton: 1330 | ls (cap|max|inv|bt):  0| 0| 0| 0| runtime:  681.3 ms | cr: 2725.3
    1089. dt:  0.25 ms | #newton:  1 | ph:  0.0% | #CG/newton: 1345 | ls (cap|max|inv|bt):  0| 0| 0| 0| runtime:  688.5 ms | cr: 2753.9
    1090. dt:  0.25 ms | #newton:  1 | ph:  0.0% | #CG/newton: 1336 | ls (cap|max|inv|bt):  0| 0| 0| 0| runtime:  680.0 ms | cr: 2720.1
    1091. dt:  0.25 ms | #newton:  1 | ph:  0.0% | #CG/newton: 1337 | ls (cap|max|inv|bt):  0| 0| 0| 0| runtime:  685.7 ms | cr: 2742.9
    1092. dt:  0.25 ms | #newton:  1 | ph:  0.0% | #CG/newton: 1331 | ls (cap|max|inv|bt):  0| 0| 0| 0| runtime:  689.5 ms | cr: 2757.9
    1093. dt:  0.25 ms | #newton:  1 | ph:  0.0% | #CG/newton: 1338 | ls (cap|max|inv|bt):  0| 0| 0| 0| runtime:  686.0 ms | cr: 2743.9
    1094. dt:  0.25 ms | #newton:  1 | ph:  0.0% | #CG/newton: 1333 | ls (cap|max|inv|bt):  0| 0| 0| 0| runtime:  679.3 ms | cr: 2717.4
    1095. dt:  0.25 ms | #newton:  1 | ph:  0.0% | #CG/newton: 1345 | ls (cap|max|inv|bt):  0| 0| 0| 0| runtime:  688.9 ms | cr: 2755.6
    1096. dt:  0.25 ms | #newton:  1 | ph:  0.0% | #CG/newton: 1335 | ls (cap|max|inv|bt):  0| 0| 0| 0| runtime:  707.6 ms | cr: 2830.2
    1097. dt:  0.25 ms | #newton:  1 | ph:  0.0% | #CG/newton: 1337 | ls (cap|max|inv|bt):  0| 0| 0| 0| runtime:  698.3 ms | cr: 2793.1
    1098. dt:  0.25 ms | #newton:  1 | ph:  0.0% | #CG/newton: 1333 | ls (cap|max|inv|bt):  0| 0| 0| 0| runtime:  685.0 ms | cr: 2740.2
    1099. dt:  0.25 ms | #newton:  1 | ph:  0.0% | #CG/newton: 1340 | ls (cap|max|inv|bt):  0| 0| 0| 0| runtime:  687.2 ms | cr: 2748.9
    1100. dt:  0.25 ms | #newton:  1 | ph:  0.0% | #CG/newton: 1333 | ls (cap|max|inv|bt):  0| 0| 0| 0| runtime:  680.1 ms | cr: 2720.3
    1101. dt:  0.25 ms | #newton:  1 | ph:  0.0% | #CG/newton: 1341 | ls (cap|max|inv|bt):  0| 0| 0| 0| runtime:  689.3 ms | cr: 2757.3
    1102. dt:  0.25 ms | #newton:  1 | ph:  0.0% | #CG/newton: 1332 | ls (cap|max|inv|bt):  0| 0| 0| 0| runtime:  687.2 ms | cr: 2748.8
    1103. dt:  0.25 ms | #newton:  1 | ph:  0.0% | #CG/newton: 1341 | ls (cap|max|inv|bt):  0| 0| 0| 0| runtime:  683.6 ms | cr: 2734.6
    1104. dt:  0.25 ms | #newton:  1 | ph:  0.0% | #CG/newton: 1334 | ls (cap|max|inv|bt):  0| 0| 0| 0| runtime:  687.7 ms | cr: 2751.0
    1105. dt:  0.25 ms | #newton:  1 | ph:  0.0% | #CG/newton: 1342 | ls (cap|max|inv|bt):  0| 0| 0| 0| runtime:  682.9 ms | cr: 2731.7
    1106. dt:  0.25 ms | #newton:  1 | ph:  0.0% | #CG/newton: 1335 | ls (cap|max|inv|bt):  0| 0| 0| 0| runtime:  675.5 ms | cr: 2702.0
    1107. dt:  0.25 ms | #newton:  1 | ph:  0.0% | #CG/newton: 1340 | ls (cap|max|inv|bt):  0| 0| 0| 0| runtime:  684.8 ms | cr: 2739.1
    1108. dt:  0.25 ms | #newton:  1 | ph:  0.0% | #CG/newton: 1334 | ls (cap|max|inv|bt):  0| 0| 0| 0| runtime:  681.2 ms | cr: 2724.9
    1109. dt:  0.25 ms | #newton:  1 | ph:  0.0% | #CG/newton: 1341 | ls (cap|max|inv|bt):  0| 0| 0| 0| runtime:  687.3 ms | cr: 2749.3
    1110. dt:  0.25 ms | #newton:  1 | ph:  0.0% | #CG/newton: 1334 | ls (cap|max|inv|bt):  0| 0| 0| 0| runtime:  686.3 ms | cr: 2745.4
    1111. dt:  0.25 ms | #newton:  1 | ph:  0.0% | #CG/newton: 1341 | ls (cap|max|inv|bt):  0| 0| 0| 0| runtime:  761.9 ms | cr: 3047.7
    1112. dt:  0.25 ms | #newton:  1 | ph:  0.0% | #CG/newton: 1335 | ls (cap|max|inv|bt):  0| 0| 0| 0| runtime:  661.6 ms | cr: 2646.5
    1113. dt:  0.25 ms | #newton:  1 | ph:  0.0% | #CG/newton: 1341 | ls (cap|max|inv|bt):  0| 0| 0| 0| runtime:  665.7 ms | cr: 2662.8
    1114. dt:  0.25 ms | #newton:  1 | ph:  0.0% | #CG/newton: 1333 | ls (cap|max|inv|bt):  0| 0| 0| 0| runtime:  659.7 ms | cr: 2638.9
    1115. dt:  0.25 ms | #newton:  1 | ph:  0.0% | #CG/newton: 1340 | ls (cap|max|inv|bt):  0| 0| 0| 0| runtime:  654.1 ms | cr: 2616.2
    1116. dt:  0.25 ms | #newton:  1 | ph:  0.0% | #CG/newton: 1335 | ls (cap|max|inv|bt):  0| 0| 0| 0| runtime:  652.3 ms | cr: 2609.2
    1117. dt:  0.25 ms | #newton:  1 | ph:  0.0% | #CG/newton: 1340 | ls (cap|max|inv|bt):  0| 0| 0| 0| runtime:  665.8 ms | cr: 2663.3
    1118. dt:  0.25 ms | #newton:  1 | ph:  0.0% | #CG/newton: 1335 | ls (cap|max|inv|bt):  0| 0| 0| 0| runtime:  661.7 ms | cr: 2646.9
    1119. dt:  0.25 ms | #newton:  1 | ph:  0.0% | #CG/newton: 1342 | ls (cap|max|inv|bt):  0| 0| 0| 0| runtime:  643.5 ms | cr: 2574.1
    1120. dt:  0.25 ms | #newton:  1 | ph:  0.0% | #CG/newton: 1334 | ls (cap|max|inv|bt):  0| 0| 0| 0| runtime:  653.6 ms | cr: 2614.3
    1121. dt:  0.25 ms | #newton:  1 | ph:  0.0% | #CG/newton: 1340 | ls (cap|max|inv|bt):  0| 0| 0| 0| runtime:  652.5 ms | cr: 2610.0
    1122. dt:  0.25 ms | #newton:  1 | ph:  0.0% | #CG/newton: 1335 | ls (cap|max|inv|bt):  0| 0| 0| 0| runtime:  649.7 ms | cr: 2598.7
    1123. dt:  0.25 ms | #newton:  1 | ph:  0.0% | #CG/newton: 1340 | ls (cap|max|inv|bt):  0| 0| 0| 0| runtime:  651.4 ms | cr: 2605.7
    1124. dt:  0.25 ms | #newton:  1 | ph:  0.0% | #CG/newton: 1335 | ls (cap|max|inv|bt):  0| 0| 0| 0| runtime:  646.5 ms | cr: 2586.1
    1125. dt:  0.25 ms | #newton:  1 | ph:  0.0% | #CG/newton: 1340 | ls (cap|max|inv|bt):  0| 0| 0| 0| runtime:  657.0 ms | cr: 2627.9
    1126. dt:  0.25 ms | #newton:  1 | ph:  0.0% | #CG/newton: 1333 | ls (cap|max|inv|bt):  0| 0| 0| 0| runtime:  642.3 ms | cr: 2569.1
    1127. dt:  0.25 ms | #newton:  1 | ph:  0.0% | #CG/newton: 1339 | ls (cap|max|inv|bt):  0| 0| 0| 0| runtime:  645.9 ms | cr: 2583.5
    1128. dt:  0.25 ms | #newton:  1 | ph:  0.0% | #CG/newton: 1333 | ls (cap|max|inv|bt):  0| 0| 0| 0| runtime:  654.2 ms | cr: 2616.7
    1129. dt:  0.25 ms | #newton:  1 | ph:  0.0% | #CG/newton: 1339 | ls (cap|max|inv|bt):  0| 0| 0| 0| runtime:  646.3 ms | cr: 2585.2
    1130. dt:  0.25 ms | #newton:  1 | ph:  0.0% | #CG/newton: 1335 | ls (cap|max|inv|bt):  0| 0| 0| 0| runtime:  653.1 ms | cr: 2612.3
    1131. dt:  0.25 ms | #newton:  1 | ph:  0.0% | #CG/newton: 1340 | ls (cap|max|inv|bt):  0| 0| 0| 0| runtime:  652.9 ms | cr: 2611.6
    1132. dt:  0.25 ms | #newton:  1 | ph:  0.0% | #CG/newton: 1332 | ls (cap|max|inv|bt):  0| 0| 0| 0| runtime:  637.0 ms | cr: 2547.9
    1133. dt:  0.25 ms | #newton:  1 | ph:  0.0% | #CG/newton: 1338 | ls (cap|max|inv|bt):  0| 0| 0| 0| runtime:  642.9 ms | cr: 2571.7
    1134. dt:  0.25 ms | #newton:  1 | ph:  0.0% | #CG/newton: 1335 | ls (cap|max|inv|bt):  0| 0| 0| 0| runtime:  644.2 ms | cr: 2576.7
    1135. dt:  0.25 ms | #newton:  1 | ph:  0.0% | #CG/newton: 1339 | ls (cap|max|inv|bt):  0| 0| 0| 0| runtime:  646.2 ms | cr: 2584.7
    1136. dt:  0.25 ms | #newton:  1 | ph:  0.0% | #CG/newton: 1333 | ls (cap|max|inv|bt):  0| 0| 0| 0| runtime:  651.7 ms | cr: 2606.9
    1137. dt:  0.25 ms | #newton:  1 | ph:  0.0% | #CG/newton: 1339 | ls (cap|max|inv|bt):  0| 0| 0| 0| runtime:  652.9 ms | cr: 2611.8
    1138. dt:  0.25 ms | #newton:  1 | ph:  0.0% | #CG/newton: 1335 | ls (cap|max|inv|bt):  0| 0| 0| 0| runtime:  650.2 ms | cr: 2600.9
    1139. dt:  0.25 ms | #newton:  1 | ph:  0.0% | #CG/newton: 1339 | ls (cap|max|inv|bt):  0| 0| 0| 0| runtime:  660.8 ms | cr: 2643.2
    1140. dt:  0.25 ms | #newton:  1 | ph:  0.0% | #CG/newton: 1334 | ls (cap|max|inv|bt):  0| 0| 0| 0| runtime:  655.7 ms | cr: 2622.9
    1141. dt:  0.25 ms | #newton:  1 | ph:  0.0% | #CG/newton: 1340 | ls (cap|max|inv|bt):  0| 0| 0| 0| runtime:  660.5 ms | cr: 2642.0
    1142. dt:  0.25 ms | #newton:  1 | ph:  0.0% | #CG/newton: 1334 | ls (cap|max|inv|bt):  0| 0| 0| 0| runtime:  668.2 ms | cr: 2672.8
    1143. dt:  0.25 ms | #newton:  1 | ph:  0.0% | #CG/newton: 1347 | ls (cap|max|inv|bt):  0| 0| 0| 0| runtime:  661.1 ms | cr: 2644.5
    1144. dt:  0.25 ms | #newton:  1 | ph:  0.0% | #CG/newton: 1334 | ls (cap|max|inv|bt):  0| 0| 0| 0| runtime:  652.0 ms | cr: 2607.9
    1145. dt:  0.25 ms | #newton:  1 | ph:  0.0% | #CG/newton: 1340 | ls (cap|max|inv|bt):  0| 0| 0| 0| runtime:  655.4 ms | cr: 2621.7
    1146. dt:  0.25 ms | #newton:  1 | ph:  0.0% | #CG/newton: 1336 | ls (cap|max|inv|bt):  0| 0| 0| 0| runtime:  644.7 ms | cr: 2579.0
    1147. dt:  0.25 ms | #newton:  1 | ph:  0.0% | #CG/newton: 1346 | ls (cap|max|inv|bt):  0| 0| 0| 0| runtime:  654.0 ms | cr: 2616.2
    1148. dt:  0.25 ms | #newton:  1 | ph:  0.0% | #CG/newton: 1334 | ls (cap|max|inv|bt):  0| 0| 0| 0| runtime:  654.7 ms | cr: 2619.0
    1149. dt:  0.25 ms | #newton:  1 | ph:  0.0% | #CG/newton: 1338 | ls (cap|max|inv|bt):  0| 0| 0| 0| runtime:  653.5 ms | cr: 2614.2
    1150. dt:  0.25 ms | #newton:  1 | ph:  0.0% | #CG/newton: 1336 | ls (cap|max|inv|bt):  0| 0| 0| 0| runtime:  653.4 ms | cr: 2613.5
    1151. dt:  0.25 ms | #newton:  1 | ph:  0.0% | #CG/newton: 1345 | ls (cap|max|inv|bt):  0| 0| 0| 0| runtime:  659.9 ms | cr: 2639.6
    1152. dt:  0.25 ms | #newton:  1 | ph:  0.0% | #CG/newton: 1336 | ls (cap|max|inv|bt):  0| 0| 0| 0| runtime:  645.2 ms | cr: 2580.9
    1153. dt:  0.25 ms | #newton:  1 | ph:  0.0% | #CG/newton: 1338 | ls (cap|max|inv|bt):  0| 0| 0| 0| runtime:  654.9 ms | cr: 2619.7
    1154. dt:  0.25 ms | #newton:  1 | ph:  0.0% | #CG/newton: 1334 | ls (cap|max|inv|bt):  0| 0| 0| 0| runtime:  642.8 ms | cr: 2571.1
    1155. dt:  0.25 ms | #newton:  1 | ph:  0.0% | #CG/newton: 1341 | ls (cap|max|inv|bt):  0| 0| 0| 0| runtime:  657.1 ms | cr: 2628.5
    1156. dt:  0.25 ms | #newton:  1 | ph:  0.0% | #CG/newton: 1335 | ls (cap|max|inv|bt):  0| 0| 0| 0| runtime:  651.0 ms | cr: 2604.2
    1157. dt:  0.25 ms | #newton:  1 | ph:  0.0% | #CG/newton: 1338 | ls (cap|max|inv|bt):  0| 0| 0| 0| runtime:  651.8 ms | cr: 2607.3
    1158. dt:  0.25 ms | #newton:  1 | ph:  0.0% | #CG/newton: 1334 | ls (cap|max|inv|bt):  0| 0| 0| 0| runtime:  641.4 ms | cr: 2565.5
    1159. dt:  0.25 ms | #newton:  1 | ph:  0.0% | #CG/newton: 1339 | ls (cap|max|inv|bt):  0| 0| 0| 0| runtime:  669.2 ms | cr: 2676.8
    1160. dt:  0.25 ms | #newton:  1 | ph:  0.0% | #CG/newton: 1332 | ls (cap|max|inv|bt):  0| 0| 0| 0| runtime:  642.2 ms | cr: 2568.7
    1161. dt:  0.25 ms | #newton:  1 | ph:  0.0% | #CG/newton: 1339 | ls (cap|max|inv|bt):  0| 0| 0| 0| runtime:  638.2 ms | cr: 2553.0
    1162. dt:  0.25 ms | #newton:  1 | ph:  0.0% | #CG/newton: 1335 | ls (cap|max|inv|bt):  0| 0| 0| 0| runtime:  647.3 ms | cr: 2589.3
    1163. dt:  0.25 ms | #newton:  1 | ph:  0.0% | #CG/newton: 1339 | ls (cap|max|inv|bt):  0| 0| 0| 0| runtime:  644.8 ms | cr: 2579.2
    1164. dt:  0.25 ms | #newton:  1 | ph:  0.0% | #CG/newton: 1334 | ls (cap|max|inv|bt):  0| 0| 0| 0| runtime:  647.2 ms | cr: 2588.9
    1165. dt:  0.25 ms | #newton:  1 | ph:  0.0% | #CG/newton: 1338 | ls (cap|max|inv|bt):  0| 0| 0| 0| runtime:  653.2 ms | cr: 2612.7
    1166. dt:  0.25 ms | #newton:  1 | ph:  0.0% | #CG/newton: 1334 | ls (cap|max|inv|bt):  0| 0| 0| 0| runtime:  653.1 ms | cr: 2612.3
    1167. dt:  0.25 ms | #newton:  1 | ph:  0.0% | #CG/newton: 1340 | ls (cap|max|inv|bt):  0| 0| 0| 0| runtime:  660.2 ms | cr: 2640.8
    1168. dt:  0.25 ms | #newton:  1 | ph:  0.0% | #CG/newton: 1337 | ls (cap|max|inv|bt):  0| 0| 0| 0| runtime:  676.7 ms | cr: 2706.7
    1169. dt:  0.25 ms | #newton:  1 | ph:  0.0% | #CG/newton: 1338 | ls (cap|max|inv|bt):  0| 0| 0| 0| runtime:  643.0 ms | cr: 2571.8
    1170. dt:  0.25 ms | #newton:  1 | ph:  0.0% | #CG/newton: 1334 | ls (cap|max|inv|bt):  0| 0| 0| 0| runtime:  654.8 ms | cr: 2619.1
    1171. dt:  0.25 ms | #newton:  1 | ph:  0.0% | #CG/newton: 1341 | ls (cap|max|inv|bt):  0| 0| 0| 0| runtime:  652.2 ms | cr: 2609.0
    1172. dt:  0.25 ms | #newton:  1 | ph:  0.0% | #CG/newton: 1335 | ls (cap|max|inv|bt):  0| 0| 0| 0| runtime:  655.3 ms | cr: 2621.1
    1173. dt:  0.25 ms | #newton:  1 | ph:  0.0% | #CG/newton: 1339 | ls (cap|max|inv|bt):  0| 0| 0| 0| runtime:  658.2 ms | cr: 2632.7
    1174. dt:  0.25 ms | #newton:  1 | ph:  0.0% | #CG/newton: 1335 | ls (cap|max|inv|bt):  0| 0| 0| 0| runtime:  653.9 ms | cr: 2615.6
    1175. dt:  0.25 ms | #newton:  1 | ph:  0.0% | #CG/newton: 1340 | ls (cap|max|inv|bt):  0| 0| 0| 0| runtime:  657.9 ms | cr: 2631.4
    1176. dt:  0.25 ms | #newton:  1 | ph:  0.0% | #CG/newton: 1334 | ls (cap|max|inv|bt):  0| 0| 0| 0| runtime:  669.9 ms | cr: 2679.5
    1177. dt:  0.25 ms | #newton:  1 | ph:  0.0% | #CG/newton: 1338 | ls (cap|max|inv|bt):  0| 0| 0| 0| runtime:  661.4 ms | cr: 2645.6
    1178. dt:  0.25 ms | #newton:  1 | ph:  0.0% | #CG/newton: 1335 | ls (cap|max|inv|bt):  0| 0| 0| 0| runtime:  660.8 ms | cr: 2643.2
    1179. dt:  0.25 ms | #newton:  1 | ph:  0.0% | #CG/newton: 1340 | ls (cap|max|inv|bt):  0| 0| 0| 0| runtime:  667.8 ms | cr: 2671.2
    1180. dt:  0.25 ms | #newton:  1 | ph:  0.0% | #CG/newton: 1335 | ls (cap|max|inv|bt):  0| 0| 0| 0| runtime:  652.9 ms | cr: 2611.5
    1181. dt:  0.25 ms | #newton:  1 | ph:  0.0% | #CG/newton: 1340 | ls (cap|max|inv|bt):  0| 0| 0| 0| runtime:  664.8 ms | cr: 2659.3
    1182. dt:  0.25 ms | #newton:  1 | ph:  0.0% | #CG/newton: 1336 | ls (cap|max|inv|bt):  0| 0| 0| 0| runtime:  663.4 ms | cr: 2653.6
    1183. dt:  0.25 ms | #newton:  1 | ph:  0.0% | #CG/newton: 1341 | ls (cap|max|inv|bt):  0| 0| 0| 0| runtime:  648.9 ms | cr: 2595.6
    1184. dt:  0.25 ms | #newton:  1 | ph:  0.0% | #CG/newton: 1336 | ls (cap|max|inv|bt):  0| 0| 0| 0| runtime:  654.5 ms | cr: 2618.0
    1185. dt:  0.25 ms | #newton:  1 | ph:  0.0% | #CG/newton: 1340 | ls (cap|max|inv|bt):  0| 0| 0| 0| runtime:  659.6 ms | cr: 2638.3
    1186. dt:  0.25 ms | #newton:  1 | ph:  0.0% | #CG/newton: 1335 | ls (cap|max|inv|bt):  0| 0| 0| 0| runtime:  695.1 ms | cr: 2780.3
    1187. dt:  0.25 ms | #newton:  1 | ph:  0.0% | #CG/newton: 1340 | ls (cap|max|inv|bt):  0| 0| 0| 0| runtime:  650.3 ms | cr: 2601.2
    1188. dt:  0.25 ms | #newton:  1 | ph:  0.0% | #CG/newton: 1337 | ls (cap|max|inv|bt):  0| 0| 0| 0| runtime:  649.2 ms | cr: 2596.9
    1189. dt:  0.25 ms | #newton:  1 | ph:  0.0% | #CG/newton: 1340 | ls (cap|max|inv|bt):  0| 0| 0| 0| runtime:  655.2 ms | cr: 2620.9
    1190. dt:  0.25 ms | #newton:  1 | ph:  0.0% | #CG/newton: 1335 | ls (cap|max|inv|bt):  0| 0| 0| 0| runtime:  666.1 ms | cr: 2664.2
    1191. dt:  0.25 ms | #newton:  1 | ph:  0.0% | #CG/newton: 1341 | ls (cap|max|inv|bt):  0| 0| 0| 0| runtime:  649.2 ms | cr: 2596.7
    1192. dt:  0.25 ms | #newton:  1 | ph:  0.0% | #CG/newton: 1336 | ls (cap|max|inv|bt):  0| 0| 0| 0| runtime:  661.9 ms | cr: 2647.5
    1193. dt:  0.25 ms | #newton:  1 | ph:  0.0% | #CG/newton: 1340 | ls (cap|max|inv|bt):  0| 0| 0| 0| runtime:  651.0 ms | cr: 2604.2
    1194. dt:  0.25 ms | #newton:  1 | ph:  0.0% | #CG/newton: 1335 | ls (cap|max|inv|bt):  0| 0| 0| 0| runtime:  656.1 ms | cr: 2624.3
    1195. dt:  0.25 ms | #newton:  1 | ph:  0.0% | #CG/newton: 1340 | ls (cap|max|inv|bt):  0| 0| 0| 0| runtime:  655.0 ms | cr: 2620.1
    1196. dt:  0.25 ms | #newton:  1 | ph:  0.0% | #CG/newton: 1337 | ls (cap|max|inv|bt):  0| 0| 0| 0| runtime:  653.6 ms | cr: 2614.3
    1197. dt:  0.25 ms | #newton:  1 | ph:  0.0% | #CG/newton: 1340 | ls (cap|max|inv|bt):  0| 0| 0| 0| runtime:  652.0 ms | cr: 2608.2
    1198. dt:  0.25 ms | #newton:  1 | ph:  0.0% | #CG/newton: 1333 | ls (cap|max|inv|bt):  0| 0| 0| 0| runtime:  653.0 ms | cr: 2612.0
    1199. dt:  0.25 ms | #newton:  1 | ph:  0.0% | #CG/newton: 1340 | ls (cap|max|inv|bt):  0| 0| 0| 0| runtime:  652.4 ms | cr: 2609.8
    1200. dt:  0.25 ms | #newton:  1 | ph:  0.0% | #CG/newton: 1334 | ls (cap|max|inv|bt):  0| 0| 0| 0| runtime:  670.1 ms | cr: 2680.4
[Frame: 9] Time: 0.300 s
    1201. dt:  0.25 ms | #newton:  1 | ph:  0.0% | #CG/newton: 1339 | ls (cap|max|inv|bt):  0| 0| 0| 0| runtime:  652.4 ms | cr: 2609.5
    1202. dt:  0.25 ms | #newton:  1 | ph:  0.0% | #CG/newton: 1335 | ls (cap|max|inv|bt):  0| 0| 0| 0| runtime:  656.9 ms | cr: 2627.5
    1203. dt:  0.25 ms | #newton:  1 | ph:  0.0% | #CG/newton: 1340 | ls (cap|max|inv|bt):  0| 0| 0| 0| runtime:  649.0 ms | cr: 2596.1
    1204. dt:  0.25 ms | #newton:  1 | ph:  0.0% | #CG/newton: 1334 | ls (cap|max|inv|bt):  0| 0| 0| 0| runtime:  642.5 ms | cr: 2570.2
    1205. dt:  0.25 ms | #newton:  1 | ph:  0.0% | #CG/newton: 1340 | ls (cap|max|inv|bt):  0| 0| 0| 0| runtime:  678.2 ms | cr: 2713.0
    1206. dt:  0.25 ms | #newton:  1 | ph:  0.0% | #CG/newton: 1334 | ls (cap|max|inv|bt):  0| 0| 0| 0| runtime:  652.7 ms | cr: 2610.7
    1207. dt:  0.25 ms | #newton:  1 | ph:  0.0% | #CG/newton: 1340 | ls (cap|max|inv|bt):  0| 0| 0| 0| runtime:  650.0 ms | cr: 2599.9
    1208. dt:  0.25 ms | #newton:  1 | ph:  0.0% | #CG/newton: 1333 | ls (cap|max|inv|bt):  0| 0| 0| 0| runtime:  652.5 ms | cr: 2610.2
    1209. dt:  0.25 ms | #newton:  1 | ph:  0.0% | #CG/newton: 1340 | ls (cap|max|inv|bt):  0| 0| 0| 0| runtime:  653.4 ms | cr: 2613.8
    1210. dt:  0.25 ms | #newton:  1 | ph:  0.0% | #CG/newton: 1334 | ls (cap|max|inv|bt):  0| 0| 0| 0| runtime:  654.4 ms | cr: 2617.6
    1211. dt:  0.25 ms | #newton:  1 | ph:  0.0% | #CG/newton: 1339 | ls (cap|max|inv|bt):  0| 0| 0| 0| runtime:  655.2 ms | cr: 2620.7
    1212. dt:  0.25 ms | #newton:  1 | ph:  0.0% | #CG/newton: 1335 | ls (cap|max|inv|bt):  0| 0| 0| 0| runtime:  651.6 ms | cr: 2606.3
    1213. dt:  0.25 ms | #newton:  1 | ph:  0.0% | #CG/newton: 1340 | ls (cap|max|inv|bt):  0| 0| 0| 0| runtime:  645.4 ms | cr: 2581.8
    1214. dt:  0.25 ms | #newton:  1 | ph:  0.0% | #CG/newton: 1331 | ls (cap|max|inv|bt):  0| 0| 0| 0| runtime:  645.3 ms | cr: 2581.1
    1215. dt:  0.25 ms | #newton:  1 | ph:  0.0% | #CG/newton: 1340 | ls (cap|max|inv|bt):  0| 0| 0| 0| runtime:  659.8 ms | cr: 2639.3
    1216. dt:  0.25 ms | #newton:  1 | ph:  0.0% | #CG/newton: 1603 | ls (cap|max|inv|bt):  0| 0| 0| 0| runtime:  761.5 ms | cr: 3045.9
    1217. dt:  0.25 ms | #newton:  1 | ph:  0.0% | #CG/newton: 1600 | ls (cap|max|inv|bt):  0| 0| 0| 0| runtime:  754.3 ms | cr: 3017.4
    1218. dt:  0.25 ms | #newton:  1 | ph:  0.0% | #CG/newton: 1339 | ls (cap|max|inv|bt):  0| 0| 0| 0| runtime:  670.4 ms | cr: 2681.5
    1219. dt:  0.25 ms | #newton:  1 | ph:  0.0% | #CG/newton: 1335 | ls (cap|max|inv|bt):  0| 0| 0| 0| runtime:  650.7 ms | cr: 2602.9
    1220. dt:  0.25 ms | #newton:  1 | ph:  0.0% | #CG/newton: 1336 | ls (cap|max|inv|bt):  0| 0| 0| 0| runtime:  655.9 ms | cr: 2623.5
    1221. dt:  0.25 ms | #newton:  1 | ph:  0.0% | #CG/newton: 1335 | ls (cap|max|inv|bt):  0| 0| 0| 0| runtime:  658.6 ms | cr: 2634.3
    1222. dt:  0.25 ms | #newton:  1 | ph:  0.0% | #CG/newton: 1334 | ls (cap|max|inv|bt):  0| 0| 0| 0| runtime:  650.7 ms | cr: 2602.9
    1223. dt:  0.25 ms | #newton:  1 | ph:  0.0% | #CG/newton: 1330 | ls (cap|max|inv|bt):  0| 0| 0| 0| runtime:  665.0 ms | cr: 2660.2
    1224. dt:  0.25 ms | #newton:  1 | ph:  0.0% | #CG/newton: 1330 | ls (cap|max|inv|bt):  0| 0| 0| 0| runtime:  643.2 ms | cr: 2572.7
    1225. dt:  0.25 ms | #newton:  1 | ph:  0.0% | #CG/newton: 1329 | ls (cap|max|inv|bt):  0| 0| 0| 0| runtime:  662.3 ms | cr: 2649.3
    1226. dt:  0.25 ms | #newton:  1 | ph:  0.0% | #CG/newton: 1329 | ls (cap|max|inv|bt):  0| 0| 0| 0| runtime:  660.0 ms | cr: 2639.9
    1227. dt:  0.25 ms | #newton:  1 | ph:  0.0% | #CG/newton: 1326 | ls (cap|max|inv|bt):  0| 0| 0| 0| runtime:  643.0 ms | cr: 2572.0
    1228. dt:  0.25 ms | #newton:  1 | ph:  0.0% | #CG/newton: 1333 | ls (cap|max|inv|bt):  0| 0| 0| 0| runtime:  652.2 ms | cr: 2608.6
    1229. dt:  0.25 ms | #newton:  1 | ph:  0.0% | #CG/newton: 1340 | ls (cap|max|inv|bt):  0| 0| 0| 0| runtime:  656.5 ms | cr: 2625.9
    1230. dt:  0.25 ms | #newton:  1 | ph:  0.0% | #CG/newton: 1601 | ls (cap|max|inv|bt):  0| 0| 0| 0| runtime:  752.4 ms | cr: 3009.7
    1231. dt:  0.25 ms | #newton:  1 | ph:  0.0% | #CG/newton: 1597 | ls (cap|max|inv|bt):  0| 0| 0| 0| runtime:  745.2 ms | cr: 2980.9
    1232. dt:  0.25 ms | #newton:  1 | ph:  0.0% | #CG/newton: 1594 | ls (cap|max|inv|bt):  0| 0| 0| 0| runtime:  759.9 ms | cr: 3039.7
    1233. dt:  0.25 ms | #newton:  1 | ph:  0.0% | #CG/newton: 1591 | ls (cap|max|inv|bt):  0| 0| 0| 0| runtime:  786.5 ms | cr: 3145.8
    1234. dt:  0.25 ms | #newton:  1 | ph:  0.0% | #CG/newton: 1591 | ls (cap|max|inv|bt):  0| 0| 0| 0| runtime:  787.0 ms | cr: 3147.8
    1235. dt:  0.25 ms | #newton:  1 | ph:  0.0% | #CG/newton: 1591 | ls (cap|max|inv|bt):  0| 0| 0| 0| runtime:  788.7 ms | cr: 3154.7
    1236. dt:  0.25 ms | #newton:  1 | ph:  0.0% | #CG/newton: 1592 | ls (cap|max|inv|bt):  0| 0| 0| 0| runtime:  783.2 ms | cr: 3132.8
    1237. dt:  0.25 ms | #newton:  1 | ph:  0.0% | #CG/newton: 1592 | ls (cap|max|inv|bt):  0| 0| 0| 0| runtime:  781.9 ms | cr: 3127.4
    1238. dt:  0.25 ms | #newton:  1 | ph:  0.0% | #CG/newton: 1591 | ls (cap|max|inv|bt):  0| 0| 0| 0| runtime:  774.4 ms | cr: 3097.7
    1239. dt:  0.25 ms | #newton:  1 | ph:  0.0% | #CG/newton: 1592 | ls (cap|max|inv|bt):  0| 0| 0| 0| runtime:  782.7 ms | cr: 3130.8
    1240. dt:  0.25 ms | #newton:  1 | ph:  0.0% | #CG/newton: 1591 | ls (cap|max|inv|bt):  0| 0| 0| 0| runtime:  777.4 ms | cr: 3109.7
    1241. dt:  0.25 ms | #newton:  1 | ph:  0.0% | #CG/newton: 1591 | ls (cap|max|inv|bt):  0| 0| 0| 0| runtime:  778.1 ms | cr: 3112.6
    1242. dt:  0.25 ms | #newton:  1 | ph:  0.0% | #CG/newton: 1590 | ls (cap|max|inv|bt):  0| 0| 0| 0| runtime:  785.8 ms | cr: 3143.1
    1243. dt:  0.25 ms | #newton:  1 | ph:  0.0% | #CG/newton: 1581 | ls (cap|max|inv|bt):  0| 0| 0| 0| runtime:  790.9 ms | cr: 3163.8
    1244. dt:  0.25 ms | #newton:  1 | ph:  0.0% | #CG/newton: 1568 | ls (cap|max|inv|bt):  0| 0| 0| 0| runtime:  778.2 ms | cr: 3112.8
    1245. dt:  0.25 ms | #newton:  1 | ph:  0.0% | #CG/newton: 1565 | ls (cap|max|inv|bt):  0| 0| 0| 0| runtime:  771.8 ms | cr: 3087.0
    1246. dt:  0.25 ms | #newton:  1 | ph:  0.0% | #CG/newton: 1570 | ls (cap|max|inv|bt):  0| 0| 0| 0| runtime:  777.8 ms | cr: 3111.1
    1247. dt:  0.25 ms | #newton:  1 | ph:  0.0% | #CG/newton: 1565 | ls (cap|max|inv|bt):  0| 0| 0| 0| runtime:  768.6 ms | cr: 3074.6
    1248. dt:  0.25 ms | #newton:  1 | ph:  0.0% | #CG/newton: 1577 | ls (cap|max|inv|bt):  0| 0| 0| 0| runtime:  770.8 ms | cr: 3083.3
    1249. dt:  0.25 ms | #newton:  1 | ph:  0.0% | #CG/newton: 1570 | ls (cap|max|inv|bt):  0| 0| 0| 0| runtime:  768.1 ms | cr: 3072.5
    1250. dt:  0.25 ms | #newton:  1 | ph:  0.0% | #CG/newton: 1565 | ls (cap|max|inv|bt):  0| 0| 0| 0| runtime:  768.4 ms | cr: 3073.6
    1251. dt:  0.25 ms | #newton:  1 | ph:  0.0% | #CG/newton: 1569 | ls (cap|max|inv|bt):  0| 0| 0| 0| runtime:  767.3 ms | cr: 3069.1
    1252. dt:  0.25 ms | #newton:  1 | ph:  0.0% | #CG/newton: 1593 | ls (cap|max|inv|bt):  0| 0| 0| 0| runtime:  784.1 ms | cr: 3136.5
    1253. dt:  0.25 ms | #newton:  1 | ph:  0.0% | #CG/newton: 1569 | ls (cap|max|inv|bt):  0| 0| 0| 0| runtime:  768.4 ms | cr: 3073.7
    1254. dt:  0.25 ms | #newton:  1 | ph:  0.0% | #CG/newton: 1581 | ls (cap|max|inv|bt):  0| 0| 0| 0| runtime:  776.9 ms | cr: 3107.6
    1255. dt:  0.25 ms | #newton:  1 | ph:  0.0% | #CG/newton: 1595 | ls (cap|max|inv|bt):  0| 0| 0| 0| runtime:  796.8 ms | cr: 3187.2
    1256. dt:  0.25 ms | #newton:  1 | ph:  0.0% | #CG/newton: 1573 | ls (cap|max|inv|bt):  0| 0| 0| 0| runtime:  786.3 ms | cr: 3145.0
    1257. dt:  0.25 ms | #newton:  1 | ph:  0.0% | #CG/newton: 1591 | ls (cap|max|inv|bt):  0| 0| 0| 0| runtime:  783.9 ms | cr: 3135.7
    1258. dt:  0.25 ms | #newton:  1 | ph:  0.0% | #CG/newton: 1571 | ls (cap|max|inv|bt):  0| 0| 0| 0| runtime:  766.3 ms | cr: 3065.1
    1259. dt:  0.25 ms | #newton:  1 | ph:  0.0% | #CG/newton: 1598 | ls (cap|max|inv|bt):  0| 0| 0| 0| runtime:  778.6 ms | cr: 3114.4
    1260. dt:  0.25 ms | #newton:  1 | ph:  0.0% | #CG/newton: 1574 | ls (cap|max|inv|bt):  0| 0| 0| 0| runtime:  765.3 ms | cr: 3061.2
    1261. dt:  0.25 ms | #newton:  1 | ph:  0.0% | #CG/newton: 1570 | ls (cap|max|inv|bt):  0| 0| 0| 0| runtime:  767.6 ms | cr: 3070.5
    1262. dt:  0.25 ms | #newton:  1 | ph:  0.0% | #CG/newton: 1598 | ls (cap|max|inv|bt):  0| 0| 0| 0| runtime:  786.5 ms | cr: 3146.0
    1263. dt:  0.25 ms | #newton:  1 | ph:  0.0% | #CG/newton: 1576 | ls (cap|max|inv|bt):  0| 0| 0| 0| runtime:  771.5 ms | cr: 3086.0
    1264. dt:  0.25 ms | #newton:  1 | ph:  0.0% | #CG/newton: 1576 | ls (cap|max|inv|bt):  0| 0| 0| 0| runtime:  771.2 ms | cr: 3084.6
    1265. dt:  0.25 ms | #newton:  1 | ph:  0.0% | #CG/newton: 1602 | ls (cap|max|inv|bt):  0| 0| 0| 0| runtime:  791.9 ms | cr: 3167.6
    1266. dt:  0.25 ms | #newton:  1 | ph:  0.0% | #CG/newton: 1584 | ls (cap|max|inv|bt):  0| 0| 0| 0| runtime:  771.4 ms | cr: 3085.7
    1267. dt:  0.25 ms | #newton:  1 | ph:  0.0% | #CG/newton: 1597 | ls (cap|max|inv|bt):  0| 0| 0| 0| runtime:  787.2 ms | cr: 3148.8
    1268. dt:  0.25 ms | #newton:  1 | ph:  0.0% | #CG/newton: 1605 | ls (cap|max|inv|bt):  0| 0| 0| 0| runtime:  789.8 ms | cr: 3159.1
    1269. dt:  0.25 ms | #newton:  1 | ph:  0.0% | #CG/newton: 1579 | ls (cap|max|inv|bt):  0| 0| 0| 0| runtime:  823.5 ms | cr: 3293.9
    1270. dt:  0.25 ms | #newton:  1 | ph:  0.0% | #CG/newton: 1586 | ls (cap|max|inv|bt):  0| 0| 0| 0| runtime:  784.9 ms | cr: 3139.6
    1271. dt:  0.25 ms | #newton:  1 | ph:  0.0% | #CG/newton: 1610 | ls (cap|max|inv|bt):  0| 0| 0| 0| runtime:  785.9 ms | cr: 3143.4
    1272. dt:  0.25 ms | #newton:  1 | ph:  0.0% | #CG/newton: 1581 | ls (cap|max|inv|bt):  0| 0| 0| 0| runtime:  782.9 ms | cr: 3131.8
    1273. dt:  0.25 ms | #newton:  1 | ph:  0.0% | #CG/newton: 1604 | ls (cap|max|inv|bt):  0| 0| 0| 0| runtime:  785.6 ms | cr: 3142.3
    1274. dt:  0.25 ms | #newton:  1 | ph:  0.0% | #CG/newton: 1608 | ls (cap|max|inv|bt):  0| 0| 0| 0| runtime:  780.3 ms | cr: 3121.4
    1275. dt:  0.25 ms | #newton:  1 | ph:  0.0% | #CG/newton: 1597 | ls (cap|max|inv|bt):  0| 0| 0| 0| runtime:  789.4 ms | cr: 3157.8
    1276. dt:  0.25 ms | #newton:  1 | ph:  0.0% | #CG/newton: 1579 | ls (cap|max|inv|bt):  0| 0| 0| 0| runtime:  784.4 ms | cr: 3137.7
    1277. dt:  0.25 ms | #newton:  1 | ph:  0.0% | #CG/newton: 1607 | ls (cap|max|inv|bt):  0| 0| 0| 0| runtime:  793.2 ms | cr: 3172.9
    1278. dt:  0.25 ms | #newton:  1 | ph:  0.0% | #CG/newton: 1605 | ls (cap|max|inv|bt):  0| 0| 0| 0| runtime:  793.2 ms | cr: 3172.8
    1279. dt:  0.25 ms | #newton:  1 | ph:  0.0% | #CG/newton: 1594 | ls (cap|max|inv|bt):  0| 0| 0| 0| runtime:  772.7 ms | cr: 3090.8
    1280. dt:  0.25 ms | #newton:  1 | ph:  0.0% | #CG/newton: 1599 | ls (cap|max|inv|bt):  0| 0| 0| 0| runtime:  786.1 ms | cr: 3144.6
    1281. dt:  0.25 ms | #newton:  1 | ph:  0.0% | #CG/newton: 1605 | ls (cap|max|inv|bt):  0| 0| 0| 0| runtime:  799.4 ms | cr: 3197.7
    1282. dt:  0.25 ms | #newton:  1 | ph:  0.0% | #CG/newton: 1352 | ls (cap|max|inv|bt):  0| 0| 0| 0| runtime:  692.3 ms | cr: 2769.2
    1283. dt:  0.25 ms | #newton:  1 | ph:  0.0% | #CG/newton: 1344 | ls (cap|max|inv|bt):  0| 0| 0| 0| runtime:  681.7 ms | cr: 2727.0
    1284. dt:  0.25 ms | #newton:  1 | ph:  0.0% | #CG/newton: 1344 | ls (cap|max|inv|bt):  0| 0| 0| 0| runtime:  686.6 ms | cr: 2746.5
    1285. dt:  0.25 ms | #newton:  1 | ph:  0.0% | #CG/newton: 1339 | ls (cap|max|inv|bt):  0| 0| 0| 0| runtime:  669.7 ms | cr: 2679.0
    1286. dt:  0.25 ms | #newton:  1 | ph:  0.0% | #CG/newton: 1339 | ls (cap|max|inv|bt):  0| 0| 0| 0| runtime:  681.3 ms | cr: 2725.4
    1287. dt:  0.25 ms | #newton:  1 | ph:  0.0% | #CG/newton: 1341 | ls (cap|max|inv|bt):  0| 0| 0| 0| runtime:  682.0 ms | cr: 2728.0
    1288. dt:  0.25 ms | #newton:  1 | ph:  0.0% | #CG/newton: 1338 | ls (cap|max|inv|bt):  0| 0| 0| 0| runtime:  672.3 ms | cr: 2689.1
    1289. dt:  0.25 ms | #newton:  1 | ph:  0.0% | #CG/newton: 1340 | ls (cap|max|inv|bt):  0| 0| 0| 0| runtime:  681.1 ms | cr: 2724.3
    1290. dt:  0.25 ms | #newton:  1 | ph:  0.0% | #CG/newton: 1339 | ls (cap|max|inv|bt):  0| 0| 0| 0| runtime:  680.5 ms | cr: 2721.9
    1291. dt:  0.25 ms | #newton:  1 | ph:  0.0% | #CG/newton: 1342 | ls (cap|max|inv|bt):  0| 0| 0| 0| runtime:  689.4 ms | cr: 2757.6
    1292. dt:  0.25 ms | #newton:  1 | ph:  0.0% | #CG/newton: 1339 | ls (cap|max|inv|bt):  0| 0| 0| 0| runtime:  682.4 ms | cr: 2729.6
    1293. dt:  0.25 ms | #newton:  1 | ph:  0.0% | #CG/newton: 1339 | ls (cap|max|inv|bt):  0| 0| 0| 0| runtime:  684.8 ms | cr: 2739.1
    1294. dt:  0.25 ms | #newton:  1 | ph:  0.0% | #CG/newton: 1338 | ls (cap|max|inv|bt):  0| 0| 0| 0| runtime:  687.9 ms | cr: 2751.7
    1295. dt:  0.25 ms | #newton:  1 | ph:  0.0% | #CG/newton: 1339 | ls (cap|max|inv|bt):  0| 0| 0| 0| runtime:  671.0 ms | cr: 2683.8
    1296. dt:  0.25 ms | #newton:  1 | ph:  0.0% | #CG/newton: 1338 | ls (cap|max|inv|bt):  0| 0| 0| 0| runtime:  677.9 ms | cr: 2711.6
    1297. dt:  0.25 ms | #newton:  1 | ph:  0.0% | #CG/newton: 1339 | ls (cap|max|inv|bt):  0| 0| 0| 0| runtime:  687.5 ms | cr: 2750.1
    1298. dt:  0.25 ms | #newton:  1 | ph:  0.0% | #CG/newton: 1338 | ls (cap|max|inv|bt):  0| 0| 0| 0| runtime:  678.3 ms | cr: 2713.3
    1299. dt:  0.25 ms | #newton:  1 | ph:  0.0% | #CG/newton: 1339 | ls (cap|max|inv|bt):  0| 0| 0| 0| runtime:  681.4 ms | cr: 2725.5
    1300. dt:  0.25 ms | #newton:  1 | ph:  0.0% | #CG/newton: 1339 | ls (cap|max|inv|bt):  0| 0| 0| 0| runtime:  680.0 ms | cr: 2720.1
    1301. dt:  0.25 ms | #newton:  1 | ph:  0.0% | #CG/newton: 1338 | ls (cap|max|inv|bt):  0| 0| 0| 0| runtime:  683.4 ms | cr: 2733.8
    1302. dt:  0.25 ms | #newton:  1 | ph:  0.0% | #CG/newton: 1337 | ls (cap|max|inv|bt):  0| 0| 0| 0| runtime:  673.9 ms | cr: 2695.7
    1303. dt:  0.25 ms | #newton:  1 | ph:  0.0% | #CG/newton: 1339 | ls (cap|max|inv|bt):  0| 0| 0| 0| runtime:  674.6 ms | cr: 2698.3
    1304. dt:  0.25 ms | #newton:  1 | ph:  0.0% | #CG/newton: 1338 | ls (cap|max|inv|bt):  0| 0| 0| 0| runtime:  673.4 ms | cr: 2693.8
    1305. dt:  0.25 ms | #newton:  1 | ph:  0.0% | #CG/newton: 1338 | ls (cap|max|inv|bt):  0| 0| 0| 0| runtime:  672.8 ms | cr: 2691.3
    1306. dt:  0.25 ms | #newton:  1 | ph:  0.0% | #CG/newton: 1339 | ls (cap|max|inv|bt):  0| 0| 0| 0| runtime:  672.4 ms | cr: 2689.8
    1307. dt:  0.25 ms | #newton:  1 | ph:  0.0% | #CG/newton: 1339 | ls (cap|max|inv|bt):  0| 0| 0| 0| runtime:  675.2 ms | cr: 2700.8
    1308. dt:  0.25 ms | #newton:  1 | ph:  0.0% | #CG/newton: 1339 | ls (cap|max|inv|bt):  0| 0| 0| 0| runtime:  673.8 ms | cr: 2695.1
    1309. dt:  0.25 ms | #newton:  1 | ph:  0.0% | #CG/newton: 1339 | ls (cap|max|inv|bt):  0| 0| 0| 0| runtime:  671.6 ms | cr: 2686.5
    1310. dt:  0.25 ms | #newton:  1 | ph:  0.0% | #CG/newton: 1340 | ls (cap|max|inv|bt):  0| 0| 0| 0| runtime:  671.8 ms | cr: 2687.1
    1311. dt:  0.25 ms | #newton:  1 | ph:  0.0% | #CG/newton: 1340 | ls (cap|max|inv|bt):  0| 0| 0| 0| runtime:  676.3 ms | cr: 2705.1
    1312. dt:  0.25 ms | #newton:  1 | ph:  0.0% | #CG/newton: 1341 | ls (cap|max|inv|bt):  0| 0| 0| 0| runtime:  675.8 ms | cr: 2703.1
    1313. dt:  0.25 ms | #newton:  1 | ph:  0.0% | #CG/newton: 1340 | ls (cap|max|inv|bt):  0| 0| 0| 0| runtime:  676.5 ms | cr: 2706.2
    1314. dt:  0.25 ms | #newton:  1 | ph:  0.0% | #CG/newton: 1340 | ls (cap|max|inv|bt):  0| 0| 0| 0| runtime:  671.4 ms | cr: 2685.4
    1315. dt:  0.25 ms | #newton:  1 | ph:  0.0% | #CG/newton: 1341 | ls (cap|max|inv|bt):  0| 0| 0| 0| runtime:  678.0 ms | cr: 2712.0
    1316. dt:  0.25 ms | #newton:  1 | ph:  0.0% | #CG/newton: 1341 | ls (cap|max|inv|bt):  0| 0| 0| 0| runtime:  679.8 ms | cr: 2719.2
    1317. dt:  0.25 ms | #newton:  1 | ph:  0.0% | #CG/newton: 1343 | ls (cap|max|inv|bt):  0| 0| 0| 0| runtime:  686.0 ms | cr: 2743.8
    1318. dt:  0.25 ms | #newton:  1 | ph:  0.0% | #CG/newton: 1342 | ls (cap|max|inv|bt):  0| 0| 0| 0| runtime:  680.9 ms | cr: 2723.5
    1319. dt:  0.25 ms | #newton:  1 | ph:  0.0% | #CG/newton: 1341 | ls (cap|max|inv|bt):  0| 0| 0| 0| runtime:  669.6 ms | cr: 2678.6
    1320. dt:  0.25 ms | #newton:  1 | ph:  0.0% | #CG/newton: 1342 | ls (cap|max|inv|bt):  0| 0| 0| 0| runtime:  685.8 ms | cr: 2743.2
    1321. dt:  0.25 ms | #newton:  1 | ph:  0.0% | #CG/newton: 1345 | ls (cap|max|inv|bt):  0| 0| 0| 0| runtime:  687.0 ms | cr: 2748.1
    1322. dt:  0.25 ms | #newton:  1 | ph:  0.0% | #CG/newton: 1345 | ls (cap|max|inv|bt):  0| 0| 0| 0| runtime:  681.9 ms | cr: 2727.8
    1323. dt:  0.25 ms | #newton:  1 | ph:  0.0% | #CG/newton: 1341 | ls (cap|max|inv|bt):  0| 0| 0| 0| runtime:  680.8 ms | cr: 2723.0
    1324. dt:  0.25 ms | #newton:  1 | ph:  0.0% | #CG/newton: 1340 | ls (cap|max|inv|bt):  0| 0| 0| 0| runtime:  685.4 ms | cr: 2741.5
    1325. dt:  0.25 ms | #newton:  1 | ph:  0.0% | #CG/newton: 1340 | ls (cap|max|inv|bt):  0| 0| 0| 0| runtime:  677.7 ms | cr: 2710.8
    1326. dt:  0.25 ms | #newton:  1 | ph:  0.0% | #CG/newton: 1341 | ls (cap|max|inv|bt):  0| 0| 0| 0| runtime:  678.8 ms | cr: 2715.0
    1327. dt:  0.25 ms | #newton:  1 | ph:  0.0% | #CG/newton: 1341 | ls (cap|max|inv|bt):  0| 0| 0| 0| runtime:  689.1 ms | cr: 2756.4
    1328. dt:  0.25 ms | #newton:  1 | ph:  0.0% | #CG/newton: 1339 | ls (cap|max|inv|bt):  0| 0| 0| 0| runtime:  677.1 ms | cr: 2708.5
    1329. dt:  0.25 ms | #newton:  1 | ph:  0.0% | #CG/newton: 1340 | ls (cap|max|inv|bt):  0| 0| 0| 0| runtime:  686.2 ms | cr: 2744.9
    1330. dt:  0.25 ms | #newton:  1 | ph:  0.0% | #CG/newton: 1339 | ls (cap|max|inv|bt):  0| 0| 0| 0| runtime:  682.7 ms | cr: 2730.9
    1331. dt:  0.25 ms | #newton:  1 | ph:  0.0% | #CG/newton: 1341 | ls (cap|max|inv|bt):  0| 0| 0| 0| runtime:  683.3 ms | cr: 2733.4
    1332. dt:  0.25 ms | #newton:  1 | ph:  0.0% | #CG/newton: 1340 | ls (cap|max|inv|bt):  0| 0| 0| 0| runtime:  685.4 ms | cr: 2741.6
    1333. dt:  0.25 ms | #newton:  1 | ph:  0.0% | #CG/newton: 1342 | ls (cap|max|inv|bt):  0| 0| 0| 0| runtime:  677.6 ms | cr: 2710.3
[Frame: 10] Time: 0.333 s
    1334. dt:  0.25 ms | #newton:  1 | ph:  0.0% | #CG/newton: 1341 | ls (cap|max|inv|bt):  0| 0| 0| 0| runtime:  681.9 ms | cr: 2727.6
    1335. dt:  0.25 ms | #newton:  1 | ph:  0.0% | #CG/newton: 1339 | ls (cap|max|inv|bt):  0| 0| 0| 0| runtime:  682.9 ms | cr: 2731.6
    1336. dt:  0.25 ms | #newton:  1 | ph:  0.0% | #CG/newton: 1339 | ls (cap|max|inv|bt):  0| 0| 0| 0| runtime:  674.7 ms | cr: 2698.9
    1337. dt:  0.25 ms | #newton:  1 | ph:  0.0% | #CG/newton: 1339 | ls (cap|max|inv|bt):  0| 0| 0| 0| runtime:  672.8 ms | cr: 2691.3
    1338. dt:  0.25 ms | #newton:  1 | ph:  0.0% | #CG/newton: 1340 | ls (cap|max|inv|bt):  0| 0| 0| 0| runtime:  681.5 ms | cr: 2726.1
    1339. dt:  0.25 ms | #newton:  1 | ph:  0.0% | #CG/newton: 1339 | ls (cap|max|inv|bt):  0| 0| 0| 0| runtime:  673.3 ms | cr: 2693.3
    1340. dt:  0.25 ms | #newton:  1 | ph:  0.0% | #CG/newton: 1339 | ls (cap|max|inv|bt):  0| 0| 0| 0| runtime:  676.4 ms | cr: 2705.4
    1341. dt:  0.25 ms | #newton:  1 | ph:  0.0% | #CG/newton: 1339 | ls (cap|max|inv|bt):  0| 0| 0| 0| runtime:  677.6 ms | cr: 2710.3
    1342. dt:  0.25 ms | #newton:  1 | ph:  0.0% | #CG/newton: 1339 | ls (cap|max|inv|bt):  0| 0| 0| 0| runtime:  684.3 ms | cr: 2737.3
    1343. dt:  0.25 ms | #newton:  1 | ph:  0.0% | #CG/newton: 1341 | ls (cap|max|inv|bt):  0| 0| 0| 0| runtime:  687.6 ms | cr: 2750.2
    1344. dt:  0.25 ms | #newton:  1 | ph:  0.0% | #CG/newton: 1339 | ls (cap|max|inv|bt):  0| 0| 0| 0| runtime:  683.3 ms | cr: 2733.2
    1345. dt:  0.25 ms | #newton:  1 | ph:  0.0% | #CG/newton: 1339 | ls (cap|max|inv|bt):  0| 0| 0| 0| runtime:  683.8 ms | cr: 2735.2
    1346. dt:  0.25 ms | #newton:  1 | ph:  0.0% | #CG/newton: 1339 | ls (cap|max|inv|bt):  0| 0| 0| 0| runtime:  675.8 ms | cr: 2703.3
    1347. dt:  0.25 ms | #newton:  1 | ph:  0.0% | #CG/newton: 1338 | ls (cap|max|inv|bt):  0| 0| 0| 0| runtime:  677.3 ms | cr: 2709.1
    1348. dt:  0.25 ms | #newton:  1 | ph:  0.0% | #CG/newton: 1340 | ls (cap|max|inv|bt):  0| 0| 0| 0| runtime:  698.0 ms | cr: 2791.8
    1349. dt:  0.25 ms | #newton:  1 | ph:  0.0% | #CG/newton: 1338 | ls (cap|max|inv|bt):  0| 0| 0| 0| runtime:  692.0 ms | cr: 2768.1
    1350. dt:  0.25 ms | #newton:  1 | ph:  0.0% | #CG/newton: 1339 | ls (cap|max|inv|bt):  0| 0| 0| 0| runtime:  685.7 ms | cr: 2742.8
    1351. dt:  0.25 ms | #newton:  1 | ph:  0.0% | #CG/newton: 1338 | ls (cap|max|inv|bt):  0| 0| 0| 0| runtime:  691.5 ms | cr: 2766.0
    1352. dt:  0.25 ms | #newton:  1 | ph:  0.0% | #CG/newton: 1338 | ls (cap|max|inv|bt):  0| 0| 0| 0| runtime:  693.3 ms | cr: 2773.0
    1353. dt:  0.25 ms | #newton:  1 | ph:  0.0% | #CG/newton: 1338 | ls (cap|max|inv|bt):  0| 0| 0| 0| runtime:  695.2 ms | cr: 2780.9
    1354. dt:  0.25 ms | #newton:  1 | ph:  0.0% | #CG/newton: 1339 | ls (cap|max|inv|bt):  0| 0| 0| 0| runtime:  703.5 ms | cr: 2813.9
    1355. dt:  0.25 ms | #newton:  1 | ph:  0.0% | #CG/newton: 1338 | ls (cap|max|inv|bt):  0| 0| 0| 0| runtime:  706.8 ms | cr: 2827.1
    1356. dt:  0.25 ms | #newton:  1 | ph:  0.0% | #CG/newton: 1339 | ls (cap|max|inv|bt):  0| 0| 0| 0| runtime:  689.6 ms | cr: 2758.2
    1357. dt:  0.25 ms | #newton:  1 | ph:  0.0% | #CG/newton: 1337 | ls (cap|max|inv|bt):  0| 0| 0| 0| runtime:  676.8 ms | cr: 2707.3
    1358. dt:  0.25 ms | #newton:  1 | ph:  0.0% | #CG/newton: 1338 | ls (cap|max|inv|bt):  0| 0| 0| 0| runtime:  687.5 ms | cr: 2750.1
    1359. dt:  0.25 ms | #newton:  1 | ph:  0.0% | #CG/newton: 1337 | ls (cap|max|inv|bt):  0| 0| 0| 0| runtime:  678.2 ms | cr: 2712.6
    1360. dt:  0.25 ms | #newton:  1 | ph:  0.0% | #CG/newton: 1338 | ls (cap|max|inv|bt):  0| 0| 0| 0| runtime:  678.3 ms | cr: 2713.3
    1361. dt:  0.25 ms | #newton:  1 | ph:  0.0% | #CG/newton: 1338 | ls (cap|max|inv|bt):  0| 0| 0| 0| runtime:  680.9 ms | cr: 2723.6
    1362. dt:  0.25 ms | #newton:  1 | ph:  0.0% | #CG/newton: 1337 | ls (cap|max|inv|bt):  0| 0| 0| 0| runtime:  683.2 ms | cr: 2732.7
    1363. dt:  0.25 ms | #newton:  1 | ph:  0.0% | #CG/newton: 1338 | ls (cap|max|inv|bt):  0| 0| 0| 0| runtime:  682.5 ms | cr: 2730.0
    1364. dt:  0.25 ms | #newton:  1 | ph:  0.0% | #CG/newton: 1337 | ls (cap|max|inv|bt):  0| 0| 0| 0| runtime:  687.0 ms | cr: 2748.1
    1365. dt:  0.25 ms | #newton:  1 | ph:  0.0% | #CG/newton: 1336 | ls (cap|max|inv|bt):  0| 0| 0| 0| runtime:  696.1 ms | cr: 2784.5
    1366. dt:  0.25 ms | #newton:  1 | ph:  0.0% | #CG/newton: 1338 | ls (cap|max|inv|bt):  0| 0| 0| 0| runtime:  691.0 ms | cr: 2764.1
    1367. dt:  0.25 ms | #newton:  1 | ph:  0.0% | #CG/newton: 1335 | ls (cap|max|inv|bt):  0| 0| 0| 0| runtime:  683.8 ms | cr: 2735.1
    1368. dt:  0.25 ms | #newton:  1 | ph:  0.0% | #CG/newton: 1338 | ls (cap|max|inv|bt):  0| 0| 0| 0| runtime:  679.7 ms | cr: 2718.8
    1369. dt:  0.25 ms | #newton:  1 | ph:  0.0% | #CG/newton: 1337 | ls (cap|max|inv|bt):  0| 0| 0| 0| runtime:  687.1 ms | cr: 2748.4
    1370. dt:  0.25 ms | #newton:  1 | ph:  0.0% | #CG/newton: 1339 | ls (cap|max|inv|bt):  0| 0| 0| 0| runtime:  682.8 ms | cr: 2731.2
    1371. dt:  0.25 ms | #newton:  1 | ph:  0.0% | #CG/newton: 1336 | ls (cap|max|inv|bt):  0| 0| 0| 0| runtime:  679.1 ms | cr: 2716.3
    1372. dt:  0.25 ms | #newton:  1 | ph:  0.0% | #CG/newton: 1339 | ls (cap|max|inv|bt):  0| 0| 0| 0| runtime:  678.8 ms | cr: 2715.3
    1373. dt:  0.25 ms | #newton:  1 | ph:  0.0% | #CG/newton: 1336 | ls (cap|max|inv|bt):  0| 0| 0| 0| runtime:  681.4 ms | cr: 2725.6
    1374. dt:  0.25 ms | #newton:  1 | ph:  0.0% | #CG/newton: 1338 | ls (cap|max|inv|bt):  0| 0| 0| 0| runtime:  685.5 ms | cr: 2741.9
    1375. dt:  0.25 ms | #newton:  1 | ph:  0.0% | #CG/newton: 1335 | ls (cap|max|inv|bt):  0| 0| 0| 0| runtime:  681.5 ms | cr: 2725.9
    1376. dt:  0.25 ms | #newton:  1 | ph:  0.0% | #CG/newton: 1339 | ls (cap|max|inv|bt):  0| 0| 0| 0| runtime:  683.9 ms | cr: 2735.4
    1377. dt:  0.25 ms | #newton:  1 | ph:  0.0% | #CG/newton: 1338 | ls (cap|max|inv|bt):  0| 0| 0| 0| runtime:  688.5 ms | cr: 2753.9
    1378. dt:  0.25 ms | #newton:  1 | ph:  0.0% | #CG/newton: 1337 | ls (cap|max|inv|bt):  0| 0| 0| 0| runtime:  684.3 ms | cr: 2737.0
    1379. dt:  0.25 ms | #newton:  1 | ph:  0.0% | #CG/newton: 1336 | ls (cap|max|inv|bt):  0| 0| 0| 0| runtime:  686.6 ms | cr: 2746.5
    1380. dt:  0.25 ms | #newton:  1 | ph:  0.0% | #CG/newton: 1339 | ls (cap|max|inv|bt):  0| 0| 0| 0| runtime:  683.4 ms | cr: 2733.6
    1381. dt:  0.25 ms | #newton:  1 | ph:  0.0% | #CG/newton: 1336 | ls (cap|max|inv|bt):  0| 0| 0| 0| runtime:  678.5 ms | cr: 2713.9
    1382. dt:  0.25 ms | #newton:  1 | ph:  0.0% | #CG/newton: 1339 | ls (cap|max|inv|bt):  0| 0| 0| 0| runtime:  685.4 ms | cr: 2741.5
    1383. dt:  0.25 ms | #newton:  1 | ph:  0.0% | #CG/newton: 1337 | ls (cap|max|inv|bt):  0| 0| 0| 0| runtime:  690.4 ms | cr: 2761.7
    1384. dt:  0.25 ms | #newton:  1 | ph:  0.0% | #CG/newton: 1339 | ls (cap|max|inv|bt):  0| 0| 0| 0| runtime:  656.9 ms | cr: 2627.6
    1385. dt:  0.25 ms | #newton:  1 | ph:  0.0% | #CG/newton: 1336 | ls (cap|max|inv|bt):  0| 0| 0| 0| runtime:  645.2 ms | cr: 2580.8
    1386. dt:  0.25 ms | #newton:  1 | ph:  0.0% | #CG/newton: 1339 | ls (cap|max|inv|bt):  0| 0| 0| 0| runtime:  682.5 ms | cr: 2729.9
    1387. dt:  0.25 ms | #newton:  1 | ph:  0.0% | #CG/newton: 1335 | ls (cap|max|inv|bt):  0| 0| 0| 0| runtime:  689.3 ms | cr: 2757.2
    1388. dt:  0.25 ms | #newton:  1 | ph:  0.0% | #CG/newton: 1339 | ls (cap|max|inv|bt):  0| 0| 0| 0| runtime:  683.6 ms | cr: 2734.5
    1389. dt:  0.25 ms | #newton:  1 | ph:  0.0% | #CG/newton: 1337 | ls (cap|max|inv|bt):  0| 0| 0| 0| runtime:  676.9 ms | cr: 2707.6
    1390. dt:  0.25 ms | #newton:  1 | ph:  0.0% | #CG/newton: 1339 | ls (cap|max|inv|bt):  0| 0| 0| 0| runtime:  689.6 ms | cr: 2758.4
    1391. dt:  0.25 ms | #newton:  1 | ph:  0.0% | #CG/newton: 1336 | ls (cap|max|inv|bt):  0| 0| 0| 0| runtime:  674.0 ms | cr: 2696.1
    1392. dt:  0.25 ms | #newton:  1 | ph:  0.0% | #CG/newton: 1339 | ls (cap|max|inv|bt):  0| 0| 0| 0| runtime:  685.0 ms | cr: 2740.0
    1393. dt:  0.25 ms | #newton:  1 | ph:  0.0% | #CG/newton: 1335 | ls (cap|max|inv|bt):  0| 0| 0| 0| runtime:  676.5 ms | cr: 2705.8
    1394. dt:  0.25 ms | #newton:  1 | ph:  0.0% | #CG/newton: 1339 | ls (cap|max|inv|bt):  0| 0| 0| 0| runtime:  683.1 ms | cr: 2732.4
    1395. dt:  0.25 ms | #newton:  1 | ph:  0.0% | #CG/newton: 1335 | ls (cap|max|inv|bt):  0| 0| 0| 0| runtime:  682.7 ms | cr: 2730.6
    1396. dt:  0.25 ms | #newton:  1 | ph:  0.0% | #CG/newton: 1339 | ls (cap|max|inv|bt):  0| 0| 0| 0| runtime:  684.9 ms | cr: 2739.5
    1397. dt:  0.25 ms | #newton:  1 | ph:  0.0% | #CG/newton: 1337 | ls (cap|max|inv|bt):  0| 0| 0| 0| runtime:  682.3 ms | cr: 2729.3
    1398. dt:  0.25 ms | #newton:  1 | ph:  0.0% | #CG/newton: 1340 | ls (cap|max|inv|bt):  0| 0| 0| 0| runtime:  692.9 ms | cr: 2771.7
    1399. dt:  0.25 ms | #newton:  1 | ph:  0.0% | #CG/newton: 1335 | ls (cap|max|inv|bt):  0| 0| 0| 0| runtime:  679.7 ms | cr: 2718.8
    1400. dt:  0.25 ms | #newton:  1 | ph:  0.0% | #CG/newton: 1339 | ls (cap|max|inv|bt):  0| 0| 0| 0| runtime:  682.1 ms | cr: 2728.3
    1401. dt:  0.25 ms | #newton:  1 | ph:  0.0% | #CG/newton: 1337 | ls (cap|max|inv|bt):  0| 0| 0| 0| runtime:  688.3 ms | cr: 2753.3
    1402. dt:  0.25 ms | #newton:  1 | ph:  0.0% | #CG/newton: 1339 | ls (cap|max|inv|bt):  0| 0| 0| 0| runtime:  685.2 ms | cr: 2740.9
    1403. dt:  0.25 ms | #newton:  1 | ph:  0.0% | #CG/newton: 1338 | ls (cap|max|inv|bt):  0| 0| 0| 0| runtime:  677.0 ms | cr: 2708.1
    1404. dt:  0.25 ms | #newton:  1 | ph:  0.0% | #CG/newton: 1339 | ls (cap|max|inv|bt):  0| 0| 0| 0| runtime:  682.6 ms | cr: 2730.3
    1405. dt:  0.25 ms | #newton:  1 | ph:  0.0% | #CG/newton: 1337 | ls (cap|max|inv|bt):  0| 0| 0| 0| runtime:  684.2 ms | cr: 2736.9
    1406. dt:  0.25 ms | #newton:  1 | ph:  0.0% | #CG/newton: 1338 | ls (cap|max|inv|bt):  0| 0| 0| 0| runtime:  680.3 ms | cr: 2721.0
    1407. dt:  0.25 ms | #newton:  1 | ph:  0.0% | #CG/newton: 1336 | ls (cap|max|inv|bt):  0| 0| 0| 0| runtime:  684.6 ms | cr: 2738.5
    1408. dt:  0.25 ms | #newton:  1 | ph:  0.0% | #CG/newton: 1340 | ls (cap|max|inv|bt):  0| 0| 0| 0| runtime:  679.8 ms | cr: 2719.1
    1409. dt:  0.25 ms | #newton:  1 | ph:  0.0% | #CG/newton: 1337 | ls (cap|max|inv|bt):  0| 0| 0| 0| runtime:  688.3 ms | cr: 2753.3
    1410. dt:  0.25 ms | #newton:  1 | ph:  0.0% | #CG/newton: 1338 | ls (cap|max|inv|bt):  0| 0| 0| 0| runtime:  674.3 ms | cr: 2697.2
    1411. dt:  0.25 ms | #newton:  1 | ph:  0.0% | #CG/newton: 1336 | ls (cap|max|inv|bt):  0| 0| 0| 0| runtime:  688.9 ms | cr: 2755.6
    1412. dt:  0.25 ms | #newton:  1 | ph:  0.0% | #CG/newton: 1340 | ls (cap|max|inv|bt):  0| 0| 0| 0| runtime:  683.0 ms | cr: 2732.1
    1413. dt:  0.25 ms | #newton:  1 | ph:  0.0% | #CG/newton: 1337 | ls (cap|max|inv|bt):  0| 0| 0| 0| runtime:  693.1 ms | cr: 2772.3
    1414. dt:  0.25 ms | #newton:  1 | ph:  0.0% | #CG/newton: 1339 | ls (cap|max|inv|bt):  0| 0| 0| 0| runtime:  689.3 ms | cr: 2757.1
    1415. dt:  0.25 ms | #newton:  1 | ph:  0.0% | #CG/newton: 1336 | ls (cap|max|inv|bt):  0| 0| 0| 0| runtime:  676.0 ms | cr: 2704.0
    1416. dt:  0.25 ms | #newton:  1 | ph:  0.0% | #CG/newton: 1340 | ls (cap|max|inv|bt):  0| 0| 0| 0| runtime:  686.1 ms | cr: 2744.4
    1417. dt:  0.25 ms | #newton:  1 | ph:  0.0% | #CG/newton: 1337 | ls (cap|max|inv|bt):  0| 0| 0| 0| runtime:  690.0 ms | cr: 2760.1
    1418. dt:  0.25 ms | #newton:  1 | ph:  0.0% | #CG/newton: 1338 | ls (cap|max|inv|bt):  0| 0| 0| 0| runtime:  677.2 ms | cr: 2708.6
    1419. dt:  0.25 ms | #newton:  1 | ph:  0.0% | #CG/newton: 1336 | ls (cap|max|inv|bt):  0| 0| 0| 0| runtime:  671.8 ms | cr: 2687.3
    1420. dt:  0.25 ms | #newton:  1 | ph:  0.0% | #CG/newton: 1339 | ls (cap|max|inv|bt):  0| 0| 0| 0| runtime:  690.0 ms | cr: 2760.0
    1421. dt:  0.25 ms | #newton:  1 | ph:  0.0% | #CG/newton: 1337 | ls (cap|max|inv|bt):  0| 0| 0| 0| runtime:  689.1 ms | cr: 2756.3
    1422. dt:  0.25 ms | #newton:  1 | ph:  0.0% | #CG/newton: 1339 | ls (cap|max|inv|bt):  0| 0| 0| 0| runtime:  689.1 ms | cr: 2756.4
    1423. dt:  0.25 ms | #newton:  1 | ph:  0.0% | #CG/newton: 1336 | ls (cap|max|inv|bt):  0| 0| 0| 0| runtime:  679.9 ms | cr: 2719.4
    1424. dt:  0.25 ms | #newton:  1 | ph:  0.0% | #CG/newton: 1340 | ls (cap|max|inv|bt):  0| 0| 0| 0| runtime:  679.5 ms | cr: 2718.1
    1425. dt:  0.25 ms | #newton:  1 | ph:  0.0% | #CG/newton: 1336 | ls (cap|max|inv|bt):  0| 0| 0| 0| runtime:  659.2 ms | cr: 2636.7
    1426. dt:  0.25 ms | #newton:  1 | ph:  0.0% | #CG/newton: 1338 | ls (cap|max|inv|bt):  0| 0| 0| 0| runtime:  688.2 ms | cr: 2752.9
    1427. dt:  0.25 ms | #newton:  1 | ph:  0.0% | #CG/newton: 1336 | ls (cap|max|inv|bt):  0| 0| 0| 0| runtime:  688.4 ms | cr: 2753.7
    1428. dt:  0.25 ms | #newton:  1 | ph:  0.0% | #CG/newton: 1338 | ls (cap|max|inv|bt):  0| 0| 0| 0| runtime:  683.5 ms | cr: 2733.9
    1429. dt:  0.25 ms | #newton:  1 | ph:  0.0% | #CG/newton: 1336 | ls (cap|max|inv|bt):  0| 0| 0| 0| runtime:  682.3 ms | cr: 2729.2
    1430. dt:  0.25 ms | #newton:  1 | ph:  0.0% | #CG/newton: 1339 | ls (cap|max|inv|bt):  0| 0| 0| 0| runtime:  686.3 ms | cr: 2745.2
    1431. dt:  0.25 ms | #newton:  1 | ph:  0.0% | #CG/newton: 1335 | ls (cap|max|inv|bt):  0| 0| 0| 0| runtime:  689.7 ms | cr: 2759.0
    1432. dt:  0.25 ms | #newton:  1 | ph:  0.0% | #CG/newton: 1338 | ls (cap|max|inv|bt):  0| 0| 0| 0| runtime:  689.5 ms | cr: 2758.1
    1433. dt:  0.25 ms | #newton:  1 | ph:  0.0% | #CG/newton: 1336 | ls (cap|max|inv|bt):  0| 0| 0| 0| runtime:  678.4 ms | cr: 2713.8
    1434. dt:  0.25 ms | #newton:  1 | ph:  0.0% | #CG/newton: 1338 | ls (cap|max|inv|bt):  0| 0| 0| 0| runtime:  679.4 ms | cr: 2717.7
    1435. dt:  0.25 ms | #newton:  1 | ph:  0.0% | #CG/newton: 1338 | ls (cap|max|inv|bt):  0| 0| 0| 0| runtime:  684.7 ms | cr: 2739.0
    1436. dt:  0.25 ms | #newton:  1 | ph:  0.0% | #CG/newton: 1339 | ls (cap|max|inv|bt):  0| 0| 0| 0| runtime:  683.1 ms | cr: 2732.2
    1437. dt:  0.25 ms | #newton:  1 | ph:  0.0% | #CG/newton: 1336 | ls (cap|max|inv|bt):  0| 0| 0| 0| runtime:  681.7 ms | cr: 2726.8
    1438. dt:  0.25 ms | #newton:  1 | ph:  0.0% | #CG/newton: 1338 | ls (cap|max|inv|bt):  0| 0| 0| 0| runtime:  681.7 ms | cr: 2726.8
    1439. dt:  0.25 ms | #newton:  1 | ph:  0.0% | #CG/newton: 1336 | ls (cap|max|inv|bt):  0| 0| 0| 0| runtime:  683.9 ms | cr: 2735.7
    1440. dt:  0.25 ms | #newton:  1 | ph:  0.0% | #CG/newton: 1338 | ls (cap|max|inv|bt):  0| 0| 0| 0| runtime:  726.8 ms | cr: 2907.1
    1441. dt:  0.25 ms | #newton:  1 | ph:  0.0% | #CG/newton: 1338 | ls (cap|max|inv|bt):  0| 0| 0| 0| runtime:  684.0 ms | cr: 2736.1
    1442. dt:  0.25 ms | #newton:  1 | ph:  0.0% | #CG/newton: 1338 | ls (cap|max|inv|bt):  0| 0| 0| 0| runtime:  711.4 ms | cr: 2845.6
    1443. dt:  0.25 ms | #newton:  1 | ph:  0.0% | #CG/newton: 1336 | ls (cap|max|inv|bt):  0| 0| 0| 0| runtime:  685.6 ms | cr: 2742.4
    1444. dt:  0.25 ms | #newton:  1 | ph:  0.0% | #CG/newton: 1337 | ls (cap|max|inv|bt):  0| 0| 0| 0| runtime:  681.1 ms | cr: 2724.6
    1445. dt:  0.25 ms | #newton:  1 | ph:  0.0% | #CG/newton: 1336 | ls (cap|max|inv|bt):  0| 0| 0| 0| runtime:  680.4 ms | cr: 2721.5
    1446. dt:  0.25 ms | #newton:  1 | ph:  0.0% | #CG/newton: 1338 | ls (cap|max|inv|bt):  0| 0| 0| 0| runtime:  682.0 ms | cr: 2728.2
    1447. dt:  0.25 ms | #newton:  1 | ph:  0.0% | #CG/newton: 1336 | ls (cap|max|inv|bt):  0| 0| 0| 0| runtime:  689.0 ms | cr: 2756.1
    1448. dt:  0.25 ms | #newton:  1 | ph:  0.0% | #CG/newton: 1339 | ls (cap|max|inv|bt):  0| 0| 0| 0| runtime:  682.9 ms | cr: 2731.6
    1449. dt:  0.25 ms | #newton:  1 | ph:  0.0% | #CG/newton: 1337 | ls (cap|max|inv|bt):  0| 0| 0| 0| runtime:  672.8 ms | cr: 2691.3
    1450. dt:  0.25 ms | #newton:  1 | ph:  0.0% | #CG/newton: 1340 | ls (cap|max|inv|bt):  0| 0| 0| 0| runtime:  694.4 ms | cr: 2777.5
    1451. dt:  0.25 ms | #newton:  1 | ph:  0.0% | #CG/newton: 1336 | ls (cap|max|inv|bt):  0| 0| 0| 0| runtime:  676.9 ms | cr: 2707.5
    1452. dt:  0.25 ms | #newton:  1 | ph:  0.0% | #CG/newton: 1338 | ls (cap|max|inv|bt):  0| 0| 0| 0| runtime:  685.4 ms | cr: 2741.5
    1453. dt:  0.25 ms | #newton:  1 | ph:  0.0% | #CG/newton: 2349 | ls (cap|max|inv|bt):  0| 0| 0| 0| runtime: 1088.9 ms | cr: 4355.8
    1454. dt:  0.25 ms | #newton:  1 | ph:  0.0% | #CG/newton: 2358 | ls (cap|max|inv|bt):  0| 0| 0| 0| runtime: 1116.3 ms | cr: 4465.3
    1455. dt:  0.25 ms | #newton:  1 | ph:  0.0% | #CG/newton: 2350 | ls (cap|max|inv|bt):  0| 0| 0| 0| runtime: 1107.2 ms | cr: 4428.8
    1456. dt:  0.25 ms | #newton:  1 | ph:  0.0% | #CG/newton: 2357 | ls (cap|max|inv|bt):  0| 0| 0| 0| runtime: 1107.4 ms | cr: 4429.6
    1457. dt:  0.25 ms | #newton:  1 | ph:  0.0% | #CG/newton: 2347 | ls (cap|max|inv|bt):  0| 0| 0| 0| runtime: 1107.4 ms | cr: 4429.6
    1458. dt:  0.25 ms | #newton:  1 | ph:  0.0% | #CG/newton: 2358 | ls (cap|max|inv|bt):  0| 0| 0| 0| runtime: 1115.8 ms | cr: 4463.0
    1459. dt:  0.25 ms | #newton:  1 | ph:  0.0% | #CG/newton: 2349 | ls (cap|max|inv|bt):  0| 0| 0| 0| runtime: 1101.4 ms | cr: 4405.7
    1460. dt:  0.25 ms | #newton:  1 | ph:  0.0% | #CG/newton: 2357 | ls (cap|max|inv|bt):  0| 0| 0| 0| runtime: 1109.2 ms | cr: 4436.7
    1461. dt:  0.25 ms | #newton:  1 | ph:  0.0% | #CG/newton: 2350 | ls (cap|max|inv|bt):  0| 0| 0| 0| runtime: 1111.4 ms | cr: 4445.5
    1462. dt:  0.25 ms | #newton:  1 | ph:  0.0% | #CG/newton: 2357 | ls (cap|max|inv|bt):  0| 0| 0| 0| runtime: 1110.1 ms | cr: 4440.2
    1463. dt:  0.25 ms | #newton:  1 | ph:  0.0% | #CG/newton: 2348 | ls (cap|max|inv|bt):  0| 0| 0| 0| runtime: 1109.8 ms | cr: 4439.3
    1464. dt:  0.25 ms | #newton:  1 | ph:  0.0% | #CG/newton: 2359 | ls (cap|max|inv|bt):  0| 0| 0| 0| runtime: 1119.2 ms | cr: 4476.8
    1465. dt:  0.25 ms | #newton:  1 | ph:  0.0% | #CG/newton: 2348 | ls (cap|max|inv|bt):  0| 0| 0| 0| runtime: 1112.4 ms | cr: 4449.6
    1466. dt:  0.25 ms | #newton:  1 | ph:  0.0% | #CG/newton: 2352 | ls (cap|max|inv|bt):  0| 0| 0| 0| runtime: 1114.1 ms | cr: 4456.4
[Frame: 11] Time: 0.367 s
    1467. dt:  0.25 ms | #newton:  1 | ph:  0.0% | #CG/newton: 2351 | ls (cap|max|inv|bt):  0| 0| 0| 0| runtime: 1113.7 ms | cr: 4454.9
    1468. dt:  0.25 ms | #newton:  1 | ph:  0.0% | #CG/newton: 2351 | ls (cap|max|inv|bt):  0| 0| 0| 0| runtime: 1114.7 ms | cr: 4458.8
    1469. dt:  0.25 ms | #newton:  1 | ph:  0.0% | #CG/newton: 2352 | ls (cap|max|inv|bt):  0| 0| 0| 0| runtime: 1107.0 ms | cr: 4428.1
    1470. dt:  0.25 ms | #newton:  1 | ph:  0.0% | #CG/newton: 2350 | ls (cap|max|inv|bt):  0| 0| 0| 0| runtime: 1105.1 ms | cr: 4420.3
    1471. dt:  0.25 ms | #newton:  1 | ph:  0.0% | #CG/newton: 2446 | ls (cap|max|inv|bt):  0| 0| 0| 0| runtime: 1141.7 ms | cr: 4567.0
    1472. dt:  0.25 ms | #newton:  1 | ph:  0.0% | #CG/newton: 1333 | ls (cap|max|inv|bt):  0| 0| 0| 0| runtime:  677.7 ms | cr: 2710.9
    1473. dt:  0.25 ms | #newton:  1 | ph:  0.0% | #CG/newton: 1338 | ls (cap|max|inv|bt):  0| 0| 0| 0| runtime:  670.7 ms | cr: 2682.9
    1474. dt:  0.25 ms | #newton:  1 | ph:  0.0% | #CG/newton: 1572 | ls (cap|max|inv|bt):  0| 0| 0| 0| runtime:  765.4 ms | cr: 3061.7
    1475. dt:  0.25 ms | #newton:  1 | ph:  0.0% | #CG/newton: 1566 | ls (cap|max|inv|bt):  0| 0| 0| 0| runtime:  771.0 ms | cr: 3084.2
    1476. dt:  0.25 ms | #newton:  1 | ph:  0.0% | #CG/newton: 1590 | ls (cap|max|inv|bt):  0| 0| 0| 0| runtime:  778.1 ms | cr: 3112.2
    1477. dt:  0.25 ms | #newton:  1 | ph:  0.0% | #CG/newton: 1573 | ls (cap|max|inv|bt):  0| 0| 0| 0| runtime:  797.0 ms | cr: 3187.9
    1478. dt:  0.25 ms | #newton:  1 | ph:  0.0% | #CG/newton: 1592 | ls (cap|max|inv|bt):  0| 0| 0| 0| runtime:  782.1 ms | cr: 3128.5
    1479. dt:  0.25 ms | #newton:  1 | ph:  0.0% | #CG/newton: 1592 | ls (cap|max|inv|bt):  0| 0| 0| 0| runtime:  783.9 ms | cr: 3135.5
    1480. dt:  0.25 ms | #newton:  1 | ph:  0.0% | #CG/newton: 1577 | ls (cap|max|inv|bt):  0| 0| 0| 0| runtime:  773.8 ms | cr: 3095.2
    1481. dt:  0.25 ms | #newton:  1 | ph:  0.0% | #CG/newton: 1334 | ls (cap|max|inv|bt):  0| 0| 0| 0| runtime:  672.2 ms | cr: 2688.6
    1482. dt:  0.25 ms | #newton:  1 | ph:  0.0% | #CG/newton: 1566 | ls (cap|max|inv|bt):  0| 0| 0| 0| runtime:  774.6 ms | cr: 3098.6
    1483. dt:  0.25 ms | #newton:  1 | ph:  0.0% | #CG/newton: 1574 | ls (cap|max|inv|bt):  0| 0| 0| 0| runtime:  773.2 ms | cr: 3092.9
    1484. dt:  0.25 ms | #newton:  1 | ph:  0.0% | #CG/newton: 1568 | ls (cap|max|inv|bt):  0| 0| 0| 0| runtime:  771.7 ms | cr: 3086.9
    1485. dt:  0.25 ms | #newton:  1 | ph:  0.0% | #CG/newton: 1577 | ls (cap|max|inv|bt):  0| 0| 0| 0| runtime:  767.3 ms | cr: 3069.3
    1486. dt:  0.25 ms | #newton:  1 | ph:  0.0% | #CG/newton: 1571 | ls (cap|max|inv|bt):  0| 0| 0| 0| runtime:  779.4 ms | cr: 3117.4
    1487. dt:  0.25 ms | #newton:  1 | ph:  0.0% | #CG/newton: 1574 | ls (cap|max|inv|bt):  0| 0| 0| 0| runtime:  779.3 ms | cr: 3117.2
    1488. dt:  0.25 ms | #newton:  1 | ph:  0.0% | #CG/newton: 1576 | ls (cap|max|inv|bt):  0| 0| 0| 0| runtime:  781.0 ms | cr: 3124.1
    1489. dt:  0.25 ms | #newton:  1 | ph:  0.0% | #CG/newton: 1568 | ls (cap|max|inv|bt):  0| 0| 0| 0| runtime:  774.2 ms | cr: 3096.8
    1490. dt:  0.25 ms | #newton:  1 | ph:  0.0% | #CG/newton: 1573 | ls (cap|max|inv|bt):  0| 0| 0| 0| runtime:  776.4 ms | cr: 3105.6
    1491. dt:  0.25 ms | #newton:  1 | ph:  0.0% | #CG/newton: 1567 | ls (cap|max|inv|bt):  0| 0| 0| 0| runtime:  769.9 ms | cr: 3079.6
    1492. dt:  0.25 ms | #newton:  1 | ph:  0.0% | #CG/newton: 1570 | ls (cap|max|inv|bt):  0| 0| 0| 0| runtime:  777.3 ms | cr: 3109.2
    1493. dt:  0.25 ms | #newton:  1 | ph:  0.0% | #CG/newton: 1571 | ls (cap|max|inv|bt):  0| 0| 0| 0| runtime:  784.8 ms | cr: 3139.0
    1494. dt:  0.25 ms | #newton:  1 | ph:  0.0% | #CG/newton: 1803 | ls (cap|max|inv|bt):  0| 0| 0| 0| runtime:  865.4 ms | cr: 3461.6
    1495. dt:  0.25 ms | #newton:  1 | ph:  0.0% | #CG/newton: 3197 | ls (cap|max|inv|bt):  0| 0| 0| 0| runtime: 1450.4 ms | cr: 5801.8
    1496. dt:  0.25 ms | #newton:  1 | ph:  0.0% | #CG/newton: 3194 | ls (cap|max|inv|bt):  0| 0| 0| 0| runtime: 1455.1 ms | cr: 5820.3
    1497. dt:  0.25 ms | #newton:  1 | ph:  0.0% | #CG/newton: 3194 | ls (cap|max|inv|bt):  0| 0| 0| 0| runtime: 1456.2 ms | cr: 5824.9
    1498. dt:  0.25 ms | #newton:  1 | ph:  0.0% | #CG/newton: 3195 | ls (cap|max|inv|bt):  0| 0| 0| 0| runtime: 1460.7 ms | cr: 5842.7
    1499. dt:  0.25 ms | #newton:  1 | ph:  0.0% | #CG/newton: 3194 | ls (cap|max|inv|bt):  0| 0| 0| 0| runtime: 1444.0 ms | cr: 5776.2
    1500. dt:  0.25 ms | #newton:  1 | ph:  0.0% | #CG/newton: 3197 | ls (cap|max|inv|bt):  0| 0| 0| 0| runtime: 1452.3 ms | cr: 5809.1
    1501. dt:  0.25 ms | #newton:  1 | ph:  0.0% | #CG/newton: 3199 | ls (cap|max|inv|bt):  0| 0| 0| 0| runtime: 1446.0 ms | cr: 5783.8
    1502. dt:  0.25 ms | #newton:  1 | ph:  0.0% | #CG/newton: 3198 | ls (cap|max|inv|bt):  0| 0| 0| 0| runtime: 1448.2 ms | cr: 5792.7
    1503. dt:  0.25 ms | #newton:  1 | ph:  0.0% | #CG/newton: 3192 | ls (cap|max|inv|bt):  0| 0| 0| 0| runtime: 1459.5 ms | cr: 5838.0
    1504. dt:  0.25 ms | #newton:  1 | ph:  0.0% | #CG/newton: 3198 | ls (cap|max|inv|bt):  0| 0| 0| 0| runtime: 1491.3 ms | cr: 5965.0
    1505. dt:  0.25 ms | #newton:  1 | ph:  0.0% | #CG/newton: 3205 | ls (cap|max|inv|bt):  0| 0| 0| 0| runtime: 1474.8 ms | cr: 5899.2
    1506. dt:  0.25 ms | #newton:  1 | ph:  0.0% | #CG/newton: 3205 | ls (cap|max|inv|bt):  0| 0| 0| 0| runtime: 1456.3 ms | cr: 5825.3
    1507. dt:  0.25 ms | #newton:  1 | ph:  0.0% | #CG/newton: 3202 | ls (cap|max|inv|bt):  0| 0| 0| 0| runtime: 1467.4 ms | cr: 5869.4
    1508. dt:  0.25 ms | #newton:  1 | ph:  0.0% | #CG/newton: 2964 | ls (cap|max|inv|bt):  0| 0| 0| 0| runtime: 1353.2 ms | cr: 5413.0
    1509. dt:  0.25 ms | #newton:  1 | ph:  0.0% | #CG/newton: 2973 | ls (cap|max|inv|bt):  0| 0| 0| 0| runtime: 1363.1 ms | cr: 5452.4
    1510. dt:  0.25 ms | #newton:  1 | ph:  0.0% | #CG/newton: 2982 | ls (cap|max|inv|bt):  0| 0| 0| 0| runtime: 1352.9 ms | cr: 5411.7
    1511. dt:  0.25 ms | #newton:  1 | ph:  0.0% | #CG/newton: 2976 | ls (cap|max|inv|bt):  0| 0| 0| 0| runtime: 1358.1 ms | cr: 5432.3
    1512. dt:  0.25 ms | #newton:  1 | ph:  0.0% | #CG/newton: 2979 | ls (cap|max|inv|bt):  0| 0| 0| 0| runtime: 1370.7 ms | cr: 5482.9
    1513. dt:  0.25 ms | #newton:  1 | ph:  0.0% | #CG/newton: 2999 | ls (cap|max|inv|bt):  0| 0| 0| 0| runtime: 1375.1 ms | cr: 5500.3
    1514. dt:  0.25 ms | #newton:  1 | ph:  0.0% | #CG/newton: 2971 | ls (cap|max|inv|bt):  0| 0| 0| 0| runtime: 1362.2 ms | cr: 5448.7
    1515. dt:  0.25 ms | #newton:  1 | ph:  0.0% | #CG/newton: 3001 | ls (cap|max|inv|bt):  0| 0| 0| 0| runtime: 1373.3 ms | cr: 5493.2
    1516. dt:  0.25 ms | #newton:  1 | ph:  0.0% | #CG/newton: 2975 | ls (cap|max|inv|bt):  0| 0| 0| 0| runtime: 1362.1 ms | cr: 5448.2
    1517. dt:  0.25 ms | #newton:  1 | ph:  0.0% | #CG/newton: 3005 | ls (cap|max|inv|bt):  0| 0| 0| 0| runtime: 1366.5 ms | cr: 5466.0
    1518. dt:  0.25 ms | #newton:  1 | ph:  0.0% | #CG/newton: 2590 | ls (cap|max|inv|bt):  0| 0| 0| 0| runtime: 1214.0 ms | cr: 4856.2
    1519. dt:  0.25 ms | #newton:  1 | ph:  0.0% | #CG/newton: 2608 | ls (cap|max|inv|bt):  0| 0| 0| 0| runtime: 1215.3 ms | cr: 4861.0
    1520. dt:  0.25 ms | #newton:  1 | ph:  0.0% | #CG/newton: 2581 | ls (cap|max|inv|bt):  0| 0| 0| 0| runtime: 1216.9 ms | cr: 4867.7
    1521. dt:  0.25 ms | #newton:  1 | ph:  0.0% | #CG/newton: 2602 | ls (cap|max|inv|bt):  0| 0| 0| 0| runtime: 1208.8 ms | cr: 4835.1
    1522. dt:  0.25 ms | #newton:  1 | ph:  0.0% | #CG/newton: 2585 | ls (cap|max|inv|bt):  0| 0| 0| 0| runtime: 1193.4 ms | cr: 4773.4
    1523. dt:  0.25 ms | #newton:  1 | ph:  0.0% | #CG/newton: 2608 | ls (cap|max|inv|bt):  0| 0| 0| 0| runtime: 1224.7 ms | cr: 4898.7
    1524. dt:  0.25 ms | #newton:  1 | ph:  0.0% | #CG/newton: 2577 | ls (cap|max|inv|bt):  0| 0| 0| 0| runtime: 1210.4 ms | cr: 4841.5
    1525. dt:  0.25 ms | #newton:  1 | ph:  0.0% | #CG/newton: 2782 | ls (cap|max|inv|bt):  0| 0| 0| 0| runtime: 1289.4 ms | cr: 5157.5
    1526. dt:  0.25 ms | #newton:  1 | ph:  0.0% | #CG/newton: 2767 | ls (cap|max|inv|bt):  0| 0| 0| 0| runtime: 1271.3 ms | cr: 5085.2
    1527. dt:  0.25 ms | #newton:  1 | ph:  0.0% | #CG/newton: 2720 | ls (cap|max|inv|bt):  0| 0| 0| 0| runtime: 1265.0 ms | cr: 5060.0
    1528. dt:  0.25 ms | #newton:  1 | ph:  0.0% | #CG/newton: 2744 | ls (cap|max|inv|bt):  0| 0| 0| 0| runtime: 1261.8 ms | cr: 5047.2
    1529. dt:  0.25 ms | #newton:  1 | ph:  0.0% | #CG/newton: 2761 | ls (cap|max|inv|bt):  0| 0| 0| 0| runtime: 1266.9 ms | cr: 5067.6
    1530. dt:  0.25 ms | #newton:  1 | ph:  0.0% | #CG/newton: 2767 | ls (cap|max|inv|bt):  0| 0| 0| 0| runtime: 1272.4 ms | cr: 5089.5
    1531. dt:  0.25 ms | #newton:  1 | ph:  0.0% | #CG/newton: 2775 | ls (cap|max|inv|bt):  0| 0| 0| 0| runtime: 1282.0 ms | cr: 5127.9
    1532. dt:  0.25 ms | #newton:  1 | ph:  0.0% | #CG/newton: 2773 | ls (cap|max|inv|bt):  0| 0| 0| 0| runtime: 1275.9 ms | cr: 5103.6
    1533. dt:  0.25 ms | #newton:  1 | ph:  0.0% | #CG/newton: 2753 | ls (cap|max|inv|bt):  0| 0| 0| 0| runtime: 1258.4 ms | cr: 5033.5
    1534. dt:  0.25 ms | #newton:  1 | ph:  0.0% | #CG/newton: 2753 | ls (cap|max|inv|bt):  0| 0| 0| 0| runtime: 1262.8 ms | cr: 5051.2
    1535. dt:  0.25 ms | #newton:  1 | ph:  0.0% | #CG/newton: 2783 | ls (cap|max|inv|bt):  0| 0| 0| 0| runtime: 1279.9 ms | cr: 5119.4
    1536. dt:  0.25 ms | #newton:  1 | ph:  0.0% | #CG/newton: 2785 | ls (cap|max|inv|bt):  0| 0| 0| 0| runtime: 1293.5 ms | cr: 5173.9
    1537. dt:  0.25 ms | #newton:  1 | ph:  0.0% | #CG/newton: 2787 | ls (cap|max|inv|bt):  0| 0| 0| 0| runtime: 1281.1 ms | cr: 5124.4
    1538. dt:  0.25 ms | #newton:  1 | ph:  0.0% | #CG/newton: 2786 | ls (cap|max|inv|bt):  0| 0| 0| 0| runtime: 1276.2 ms | cr: 5104.7
    1539. dt:  0.25 ms | #newton:  1 | ph:  0.0% | #CG/newton: 2374 | ls (cap|max|inv|bt):  0| 0| 0| 0| runtime: 1116.5 ms | cr: 4466.0
    1540. dt:  0.25 ms | #newton:  1 | ph:  0.0% | #CG/newton: 2371 | ls (cap|max|inv|bt):  0| 0| 0| 0| runtime: 1111.2 ms | cr: 4444.8
    1541. dt:  0.25 ms | #newton:  1 | ph:  0.0% | #CG/newton: 2368 | ls (cap|max|inv|bt):  0| 0| 0| 0| runtime: 1122.5 ms | cr: 4489.9
    1542. dt:  0.25 ms | #newton:  1 | ph:  0.0% | #CG/newton: 2365 | ls (cap|max|inv|bt):  0| 0| 0| 0| runtime: 1121.8 ms | cr: 4487.2
    1543. dt:  0.25 ms | #newton:  1 | ph:  0.0% | #CG/newton: 2368 | ls (cap|max|inv|bt):  0| 0| 0| 0| runtime: 1116.7 ms | cr: 4466.7
    1544. dt:  0.25 ms | #newton:  1 | ph:  0.0% | #CG/newton: 2365 | ls (cap|max|inv|bt):  0| 0| 0| 0| runtime: 1107.9 ms | cr: 4431.7
    1545. dt:  0.25 ms | #newton:  1 | ph:  0.0% | #CG/newton: 2367 | ls (cap|max|inv|bt):  0| 0| 0| 0| runtime: 1167.7 ms | cr: 4670.8
    1546. dt:  0.25 ms | #newton:  1 | ph:  0.0% | #CG/newton: 2367 | ls (cap|max|inv|bt):  0| 0| 0| 0| runtime: 1104.9 ms | cr: 4419.6
    1547. dt:  0.25 ms | #newton:  1 | ph:  0.0% | #CG/newton: 2367 | ls (cap|max|inv|bt):  0| 0| 0| 0| runtime: 1113.9 ms | cr: 4455.6
    1548. dt:  0.25 ms | #newton:  1 | ph:  0.0% | #CG/newton: 2369 | ls (cap|max|inv|bt):  0| 0| 0| 0| runtime: 1123.5 ms | cr: 4493.9
    1549. dt:  0.25 ms | #newton:  1 | ph:  0.0% | #CG/newton: 2369 | ls (cap|max|inv|bt):  0| 0| 0| 0| runtime: 1122.1 ms | cr: 4488.5
    1550. dt:  0.25 ms | #newton:  1 | ph:  0.0% | #CG/newton: 2367 | ls (cap|max|inv|bt):  0| 0| 0| 0| runtime: 1122.7 ms | cr: 4490.8
    1551. dt:  0.25 ms | #newton:  1 | ph:  0.0% | #CG/newton: 2367 | ls (cap|max|inv|bt):  0| 0| 0| 0| runtime: 1127.1 ms | cr: 4508.5
    1552. dt:  0.25 ms | #newton:  1 | ph:  0.0% | #CG/newton: 2367 | ls (cap|max|inv|bt):  0| 0| 0| 0| runtime: 1122.4 ms | cr: 4489.5
    1553. dt:  0.25 ms | #newton:  1 | ph:  0.0% | #CG/newton: 2369 | ls (cap|max|inv|bt):  0| 0| 0| 0| runtime: 1127.3 ms | cr: 4509.0
    1554. dt:  0.25 ms | #newton:  1 | ph:  0.0% | #CG/newton: 2368 | ls (cap|max|inv|bt):  0| 0| 0| 0| runtime: 1123.8 ms | cr: 4495.2
    1555. dt:  0.25 ms | #newton:  1 | ph:  0.0% | #CG/newton: 2370 | ls (cap|max|inv|bt):  0| 0| 0| 0| runtime: 1129.6 ms | cr: 4518.6
    1556. dt:  0.25 ms | #newton:  1 | ph:  0.0% | #CG/newton: 2370 | ls (cap|max|inv|bt):  0| 0| 0| 0| runtime: 1120.6 ms | cr: 4482.5
    1557. dt:  0.25 ms | #newton:  1 | ph:  0.0% | #CG/newton: 2370 | ls (cap|max|inv|bt):  0| 0| 0| 0| runtime: 1120.5 ms | cr: 4482.0
    1558. dt:  0.25 ms | #newton:  1 | ph:  0.0% | #CG/newton: 2371 | ls (cap|max|inv|bt):  0| 0| 0| 0| runtime: 1127.6 ms | cr: 4510.5
    1559. dt:  0.25 ms | #newton:  1 | ph:  0.0% | #CG/newton: 2373 | ls (cap|max|inv|bt):  0| 0| 0| 0| runtime: 1115.5 ms | cr: 4462.1
    1560. dt:  0.25 ms | #newton:  1 | ph:  0.0% | #CG/newton: 2748 | ls (cap|max|inv|bt):  0| 0| 0| 0| runtime: 1273.1 ms | cr: 5092.2
    1561. dt:  0.25 ms | #newton:  1 | ph:  0.0% | #CG/newton: 2747 | ls (cap|max|inv|bt):  0| 0| 0| 0| runtime: 1277.7 ms | cr: 5110.7
    1562. dt:  0.25 ms | #newton:  1 | ph:  0.0% | #CG/newton: 2746 | ls (cap|max|inv|bt):  0| 0| 0| 0| runtime: 1268.6 ms | cr: 5074.5
    1563. dt:  0.25 ms | #newton:  1 | ph:  0.0% | #CG/newton: 2747 | ls (cap|max|inv|bt):  0| 0| 0| 0| runtime: 1270.4 ms | cr: 5081.5
    1564. dt:  0.25 ms | #newton:  1 | ph:  0.0% | #CG/newton: 2748 | ls (cap|max|inv|bt):  0| 0| 0| 0| runtime: 1268.5 ms | cr: 5074.1
    1565. dt:  0.25 ms | #newton:  1 | ph:  0.0% | #CG/newton: 2747 | ls (cap|max|inv|bt):  0| 0| 0| 0| runtime: 1273.9 ms | cr: 5095.6
    1566. dt:  0.25 ms | #newton:  1 | ph:  0.0% | #CG/newton: 2746 | ls (cap|max|inv|bt):  0| 0| 0| 0| runtime: 1270.5 ms | cr: 5082.0
    1567. dt:  0.25 ms | #newton:  1 | ph:  0.0% | #CG/newton: 2746 | ls (cap|max|inv|bt):  0| 0| 0| 0| runtime: 1269.8 ms | cr: 5079.3
    1568. dt:  0.25 ms | #newton:  1 | ph:  0.0% | #CG/newton: 2745 | ls (cap|max|inv|bt):  0| 0| 0| 0| runtime: 1279.2 ms | cr: 5117.0
    1569. dt:  0.25 ms | #newton:  1 | ph:  0.0% | #CG/newton: 2745 | ls (cap|max|inv|bt):  0| 0| 0| 0| runtime: 1263.5 ms | cr: 5053.9
    1570. dt:  0.25 ms | #newton:  1 | ph:  0.0% | #CG/newton: 2746 | ls (cap|max|inv|bt):  0| 0| 0| 0| runtime: 1272.6 ms | cr: 5090.4
    1571. dt:  0.25 ms | #newton:  1 | ph:  0.0% | #CG/newton: 2643 | ls (cap|max|inv|bt):  0| 0| 0| 0| runtime: 1229.4 ms | cr: 4917.7
    1572. dt:  0.25 ms | #newton:  1 | ph:  0.0% | #CG/newton: 2745 | ls (cap|max|inv|bt):  0| 0| 0| 0| runtime: 1266.8 ms | cr: 5067.0
    1573. dt:  0.25 ms | #newton:  1 | ph:  0.0% | #CG/newton: 2746 | ls (cap|max|inv|bt):  0| 0| 0| 0| runtime: 1266.6 ms | cr: 5066.6
    1574. dt:  0.25 ms | #newton:  1 | ph:  0.0% | #CG/newton: 2745 | ls (cap|max|inv|bt):  0| 0| 0| 0| runtime: 1278.5 ms | cr: 5114.2
    1575. dt:  0.25 ms | #newton:  1 | ph:  0.0% | #CG/newton: 2371 | ls (cap|max|inv|bt):  0| 0| 0| 0| runtime: 1119.2 ms | cr: 4476.9
    1576. dt:  0.25 ms | #newton:  1 | ph:  0.0% | #CG/newton: 2368 | ls (cap|max|inv|bt):  0| 0| 0| 0| runtime: 1120.3 ms | cr: 4481.4
    1577. dt:  0.25 ms | #newton:  1 | ph:  0.0% | #CG/newton: 2370 | ls (cap|max|inv|bt):  0| 0| 0| 0| runtime: 1112.2 ms | cr: 4448.7
    1578. dt:  0.25 ms | #newton:  1 | ph:  0.0% | #CG/newton: 2742 | ls (cap|max|inv|bt):  0| 0| 0| 0| runtime: 1269.8 ms | cr: 5079.1
    1579. dt:  0.25 ms | #newton:  1 | ph:  0.0% | #CG/newton: 2739 | ls (cap|max|inv|bt):  0| 0| 0| 0| runtime: 1262.3 ms | cr: 5049.1
    1580. dt:  0.25 ms | #newton:  1 | ph:  0.0% | #CG/newton: 2742 | ls (cap|max|inv|bt):  0| 0| 0| 0| runtime: 1258.1 ms | cr: 5032.3
    1581. dt:  0.25 ms | #newton:  1 | ph:  0.0% | #CG/newton: 2743 | ls (cap|max|inv|bt):  0| 0| 0| 0| runtime: 1279.3 ms | cr: 5117.1
    1582. dt:  0.25 ms | #newton:  1 | ph:  0.0% | #CG/newton: 2740 | ls (cap|max|inv|bt):  0| 0| 0| 0| runtime: 1277.5 ms | cr: 5110.1
    1583. dt:  0.25 ms | #newton:  1 | ph:  0.0% | #CG/newton: 2740 | ls (cap|max|inv|bt):  0| 0| 0| 0| runtime: 1260.7 ms | cr: 5043.0
    1584. dt:  0.25 ms | #newton:  1 | ph:  0.0% | #CG/newton: 2743 | ls (cap|max|inv|bt):  0| 0| 0| 0| runtime: 1266.5 ms | cr: 5065.9
    1585. dt:  0.25 ms | #newton:  1 | ph:  0.0% | #CG/newton: 2739 | ls (cap|max|inv|bt):  0| 0| 0| 0| runtime: 1266.9 ms | cr: 5067.7
    1586. dt:  0.25 ms | #newton:  1 | ph:  0.0% | #CG/newton: 2740 | ls (cap|max|inv|bt):  0| 0| 0| 0| runtime: 1275.8 ms | cr: 5103.4
    1587. dt:  0.25 ms | #newton:  1 | ph:  0.0% | #CG/newton: 2740 | ls (cap|max|inv|bt):  0| 0| 0| 0| runtime: 1273.1 ms | cr: 5092.3
    1588. dt:  0.25 ms | #newton:  1 | ph:  0.0% | #CG/newton: 2738 | ls (cap|max|inv|bt):  0| 0| 0| 0| runtime: 1270.9 ms | cr: 5083.5
    1589. dt:  0.25 ms | #newton:  1 | ph:  0.0% | #CG/newton: 2740 | ls (cap|max|inv|bt):  0| 0| 0| 0| runtime: 1272.9 ms | cr: 5091.8
    1590. dt:  0.25 ms | #newton:  1 | ph:  0.0% | #CG/newton: 2741 | ls (cap|max|inv|bt):  0| 0| 0| 0| runtime: 1271.2 ms | cr: 5084.7
    1591. dt:  0.25 ms | #newton:  1 | ph:  0.0% | #CG/newton: 2741 | ls (cap|max|inv|bt):  0| 0| 0| 0| runtime: 1281.3 ms | cr: 5125.2
    1592. dt:  0.25 ms | #newton:  1 | ph:  0.0% | #CG/newton: 2653 | ls (cap|max|inv|bt):  0| 0| 0| 0| runtime: 1240.3 ms | cr: 4961.1
    1593. dt:  0.25 ms | #newton:  1 | ph:  0.0% | #CG/newton: 2740 | ls (cap|max|inv|bt):  0| 0| 0| 0| runtime: 1270.3 ms | cr: 5081.2
    1594. dt:  0.25 ms | #newton:  1 | ph:  0.0% | #CG/newton: 2740 | ls (cap|max|inv|bt):  0| 0| 0| 0| runtime: 1265.5 ms | cr: 5062.2
    1595. dt:  0.25 ms | #newton:  1 | ph:  0.0% | #CG/newton: 2740 | ls (cap|max|inv|bt):  0| 0| 0| 0| runtime: 1298.7 ms | cr: 5194.7
    1596. dt:  0.25 ms | #newton:  1 | ph:  0.0% | #CG/newton: 2739 | ls (cap|max|inv|bt):  0| 0| 0| 0| runtime: 1278.8 ms | cr: 5115.0
    1597. dt:  0.25 ms | #newton:  1 | ph:  0.0% | #CG/newton: 2741 | ls (cap|max|inv|bt):  0| 0| 0| 0| runtime: 1266.2 ms | cr: 5064.7
    1598. dt:  0.25 ms | #newton:  1 | ph:  0.0% | #CG/newton: 2740 | ls (cap|max|inv|bt):  0| 0| 0| 0| runtime: 1261.5 ms | cr: 5046.1
    1599. dt:  0.25 ms | #newton:  1 | ph:  0.0% | #CG/newton: 2741 | ls (cap|max|inv|bt):  0| 0| 0| 0| runtime: 1279.6 ms | cr: 5118.3
    1600. dt:  0.25 ms | #newton:  1 | ph:  0.0% | #CG/newton: 2740 | ls (cap|max|inv|bt):  0| 0| 0| 0| runtime: 1274.6 ms | cr: 5098.3
[Frame: 12] Time: 0.400 s
    1601. dt:  0.25 ms | #newton:  1 | ph:  0.0% | #CG/newton: 2741 | ls (cap|max|inv|bt):  0| 0| 0| 0| runtime: 1265.7 ms | cr: 5062.7
    1602. dt:  0.25 ms | #newton:  1 | ph:  0.0% | #CG/newton: 2744 | ls (cap|max|inv|bt):  0| 0| 0| 0| runtime: 1302.1 ms | cr: 5208.4
    1603. dt:  0.25 ms | #newton:  1 | ph:  0.0% | #CG/newton: 2366 | ls (cap|max|inv|bt):  0| 0| 0| 0| runtime: 1151.2 ms | cr: 4604.9
    1604. dt:  0.25 ms | #newton:  1 | ph:  0.0% | #CG/newton: 2371 | ls (cap|max|inv|bt):  0| 0| 0| 0| runtime: 1120.4 ms | cr: 4481.7
    1605. dt:  0.25 ms | #newton:  1 | ph:  0.0% | #CG/newton: 2374 | ls (cap|max|inv|bt):  0| 0| 0| 0| runtime: 1073.0 ms | cr: 4292.0
    1606. dt:  0.25 ms | #newton:  1 | ph:  0.0% | #CG/newton: 2368 | ls (cap|max|inv|bt):  0| 0| 0| 0| runtime: 1071.7 ms | cr: 4286.9
    1607. dt:  0.25 ms | #newton:  1 | ph:  0.0% | #CG/newton: 2446 | ls (cap|max|inv|bt):  0| 0| 0| 0| runtime: 1134.8 ms | cr: 4539.1
    1608. dt:  0.25 ms | #newton:  1 | ph:  0.0% | #CG/newton: 2371 | ls (cap|max|inv|bt):  0| 0| 0| 0| runtime: 1125.1 ms | cr: 4500.4
    1609. dt:  0.25 ms | #newton:  1 | ph:  0.0% | #CG/newton: 2450 | ls (cap|max|inv|bt):  0| 0| 0| 0| runtime: 1147.9 ms | cr: 4591.8
    1610. dt:  0.25 ms | #newton:  1 | ph:  0.0% | #CG/newton: 2447 | ls (cap|max|inv|bt):  0| 0| 0| 0| runtime: 1140.7 ms | cr: 4563.0
    1611. dt:  0.25 ms | #newton:  1 | ph:  0.0% | #CG/newton: 2452 | ls (cap|max|inv|bt):  0| 0| 0| 0| runtime: 1147.2 ms | cr: 4588.9
    1612. dt:  0.25 ms | #newton:  1 | ph:  0.0% | #CG/newton: 2452 | ls (cap|max|inv|bt):  0| 0| 0| 0| runtime: 1149.8 ms | cr: 4599.4
    1613. dt:  0.25 ms | #newton:  1 | ph:  0.0% | #CG/newton: 2454 | ls (cap|max|inv|bt):  0| 0| 0| 0| runtime: 1154.3 ms | cr: 4617.4
    1614. dt:  0.25 ms | #newton:  1 | ph:  0.0% | #CG/newton: 2460 | ls (cap|max|inv|bt):  0| 0| 0| 0| runtime: 1165.4 ms | cr: 4661.4
    1615. dt:  0.25 ms | #newton:  1 | ph:  0.0% | #CG/newton: 2451 | ls (cap|max|inv|bt):  0| 0| 0| 0| runtime: 1155.4 ms | cr: 4621.6
    1616. dt:  0.25 ms | #newton:  1 | ph:  0.0% | #CG/newton: 2454 | ls (cap|max|inv|bt):  0| 0| 0| 0| runtime: 1125.6 ms | cr: 4502.4
    1617. dt:  0.25 ms | #newton:  1 | ph:  0.0% | #CG/newton: 2452 | ls (cap|max|inv|bt):  0| 0| 0| 0| runtime: 1136.3 ms | cr: 4545.2
    1618. dt:  0.25 ms | #newton:  1 | ph:  0.0% | #CG/newton: 2453 | ls (cap|max|inv|bt):  0| 0| 0| 0| runtime: 1145.2 ms | cr: 4580.6
    1619. dt:  0.25 ms | #newton:  1 | ph:  0.0% | #CG/newton: 2454 | ls (cap|max|inv|bt):  0| 0| 0| 0| runtime: 1155.6 ms | cr: 4622.6
    1620. dt:  0.25 ms | #newton:  1 | ph:  0.0% | #CG/newton: 2448 | ls (cap|max|inv|bt):  0| 0| 0| 0| runtime: 1149.4 ms | cr: 4597.5
    1621. dt:  0.25 ms | #newton:  1 | ph:  0.0% | #CG/newton: 2453 | ls (cap|max|inv|bt):  0| 0| 0| 0| runtime: 1153.2 ms | cr: 4612.6
    1622. dt:  0.25 ms | #newton:  1 | ph:  0.0% | #CG/newton: 2452 | ls (cap|max|inv|bt):  0| 0| 0| 0| runtime: 1157.5 ms | cr: 4630.1
    1623. dt:  0.25 ms | #newton:  1 | ph:  0.0% | #CG/newton: 2452 | ls (cap|max|inv|bt):  0| 0| 0| 0| runtime: 1163.9 ms | cr: 4655.7
    1624. dt:  0.25 ms | #newton:  1 | ph:  0.0% | #CG/newton: 2451 | ls (cap|max|inv|bt):  0| 0| 0| 0| runtime: 1149.4 ms | cr: 4597.5
    1625. dt:  0.25 ms | #newton:  1 | ph:  0.0% | #CG/newton: 2450 | ls (cap|max|inv|bt):  0| 0| 0| 0| runtime: 1156.2 ms | cr: 4624.6
    1626. dt:  0.25 ms | #newton:  1 | ph:  0.0% | #CG/newton: 2452 | ls (cap|max|inv|bt):  0| 0| 0| 0| runtime: 1158.0 ms | cr: 4631.9
    1627. dt:  0.25 ms | #newton:  1 | ph:  0.0% | #CG/newton: 2451 | ls (cap|max|inv|bt):  0| 0| 0| 0| runtime: 1149.5 ms | cr: 4598.2
    1628. dt:  0.25 ms | #newton:  1 | ph:  0.0% | #CG/newton: 2456 | ls (cap|max|inv|bt):  0| 0| 0| 0| runtime: 1166.1 ms | cr: 4664.3
    1629. dt:  0.25 ms | #newton:  1 | ph:  0.0% | #CG/newton: 2742 | ls (cap|max|inv|bt):  0| 0| 0| 0| runtime: 1270.1 ms | cr: 5080.5
    1630. dt:  0.25 ms | #newton:  1 | ph:  0.0% | #CG/newton: 2747 | ls (cap|max|inv|bt):  0| 0| 0| 0| runtime: 1285.4 ms | cr: 5141.4
    1631. dt:  0.25 ms | #newton:  1 | ph:  0.0% | #CG/newton: 2742 | ls (cap|max|inv|bt):  0| 0| 0| 0| runtime: 1279.4 ms | cr: 5117.5
    1632. dt:  0.25 ms | #newton:  1 | ph:  0.0% | #CG/newton: 2741 | ls (cap|max|inv|bt):  0| 0| 0| 0| runtime: 1268.5 ms | cr: 5074.0
    1633. dt:  0.25 ms | #newton:  1 | ph:  0.0% | #CG/newton: 2745 | ls (cap|max|inv|bt):  0| 0| 0| 0| runtime: 1266.3 ms | cr: 5065.3
    1634. dt:  0.25 ms | #newton:  1 | ph:  0.0% | #CG/newton: 2741 | ls (cap|max|inv|bt):  0| 0| 0| 0| runtime: 1279.2 ms | cr: 5116.8
    1635. dt:  0.25 ms | #newton:  1 | ph:  0.0% | #CG/newton: 2745 | ls (cap|max|inv|bt):  0| 0| 0| 0| runtime: 1295.3 ms | cr: 5181.2
    1636. dt:  0.25 ms | #newton:  1 | ph:  0.0% | #CG/newton: 2371 | ls (cap|max|inv|bt):  0| 0| 0| 0| runtime: 1127.1 ms | cr: 4508.4
    1637. dt:  0.25 ms | #newton:  1 | ph:  0.0% | #CG/newton: 2367 | ls (cap|max|inv|bt):  0| 0| 0| 0| runtime: 1123.2 ms | cr: 4492.7
    1638. dt:  0.25 ms | #newton:  1 | ph:  0.0% | #CG/newton: 2364 | ls (cap|max|inv|bt):  0| 0| 0| 0| runtime: 1123.2 ms | cr: 4492.7
    1639. dt:  0.25 ms | #newton:  1 | ph:  0.0% | #CG/newton: 2365 | ls (cap|max|inv|bt):  0| 0| 0| 0| runtime: 1121.7 ms | cr: 4486.9
    1640. dt:  0.25 ms | #newton:  1 | ph:  0.0% | #CG/newton: 2360 | ls (cap|max|inv|bt):  0| 0| 0| 0| runtime: 1120.6 ms | cr: 4482.3
    1641. dt:  0.25 ms | #newton:  1 | ph:  0.0% | #CG/newton: 2362 | ls (cap|max|inv|bt):  0| 0| 0| 0| runtime: 1109.7 ms | cr: 4438.9
    1642. dt:  0.25 ms | #newton:  1 | ph:  0.0% | #CG/newton: 2357 | ls (cap|max|inv|bt):  0| 0| 0| 0| runtime: 1108.1 ms | cr: 4432.3
    1643. dt:  0.25 ms | #newton:  1 | ph:  0.0% | #CG/newton: 2357 | ls (cap|max|inv|bt):  0| 0| 0| 0| runtime: 1111.2 ms | cr: 4444.7
    1644. dt:  0.25 ms | #newton:  1 | ph:  0.0% | #CG/newton: 2359 | ls (cap|max|inv|bt):  0| 0| 0| 0| runtime: 1119.5 ms | cr: 4478.0
    1645. dt:  0.25 ms | #newton:  1 | ph:  0.0% | #CG/newton: 2356 | ls (cap|max|inv|bt):  0| 0| 0| 0| runtime: 1116.4 ms | cr: 4465.7
    1646. dt:  0.25 ms | #newton:  1 | ph:  0.0% | #CG/newton: 2355 | ls (cap|max|inv|bt):  0| 0| 0| 0| runtime: 1182.9 ms | cr: 4731.7
    1647. dt:  0.25 ms | #newton:  1 | ph:  0.0% | #CG/newton: 2356 | ls (cap|max|inv|bt):  0| 0| 0| 0| runtime: 1113.5 ms | cr: 4454.1
    1648. dt:  0.25 ms | #newton:  1 | ph:  0.0% | #CG/newton: 2355 | ls (cap|max|inv|bt):  0| 0| 0| 0| runtime: 1111.5 ms | cr: 4446.2
    1649. dt:  0.25 ms | #newton:  1 | ph:  0.0% | #CG/newton: 2354 | ls (cap|max|inv|bt):  0| 0| 0| 0| runtime: 1122.6 ms | cr: 4490.5
    1650. dt:  0.25 ms | #newton:  1 | ph:  0.0% | #CG/newton: 2356 | ls (cap|max|inv|bt):  0| 0| 0| 0| runtime: 1109.6 ms | cr: 4438.5
    1651. dt:  0.25 ms | #newton:  1 | ph:  0.0% | #CG/newton: 2358 | ls (cap|max|inv|bt):  0| 0| 0| 0| runtime: 1121.5 ms | cr: 4486.0
    1652. dt:  0.25 ms | #newton:  1 | ph:  0.0% | #CG/newton: 2362 | ls (cap|max|inv|bt):  0| 0| 0| 0| runtime: 1112.6 ms | cr: 4450.5
    1653. dt:  0.25 ms | #newton:  1 | ph:  0.0% | #CG/newton: 2369 | ls (cap|max|inv|bt):  0| 0| 0| 0| runtime: 1116.2 ms | cr: 4464.9
    1654. dt:  0.25 ms | #newton:  1 | ph:  0.0% | #CG/newton: 2367 | ls (cap|max|inv|bt):  0| 0| 0| 0| runtime: 1133.8 ms | cr: 4535.1
    1655. dt:  0.25 ms | #newton:  1 | ph:  0.0% | #CG/newton: 2629 | ls (cap|max|inv|bt):  0| 0| 0| 0| runtime: 1225.6 ms | cr: 4902.4
    1656. dt:  0.25 ms | #newton:  1 | ph:  0.0% | #CG/newton: 2637 | ls (cap|max|inv|bt):  0| 0| 0| 0| runtime: 1234.1 ms | cr: 4936.2
    1657. dt:  0.25 ms | #newton:  1 | ph:  0.0% | #CG/newton: 2632 | ls (cap|max|inv|bt):  0| 0| 0| 0| runtime: 1225.9 ms | cr: 4903.6
    1658. dt:  0.25 ms | #newton:  1 | ph:  0.0% | #CG/newton: 2739 | ls (cap|max|inv|bt):  0| 0| 0| 0| runtime: 1266.8 ms | cr: 5067.2
    1659. dt:  0.25 ms | #newton:  1 | ph:  0.0% | #CG/newton: 2740 | ls (cap|max|inv|bt):  0| 0| 0| 0| runtime: 1266.8 ms | cr: 5067.0
    1660. dt:  0.25 ms | #newton:  1 | ph:  0.0% | #CG/newton: 2737 | ls (cap|max|inv|bt):  0| 0| 0| 0| runtime: 1265.1 ms | cr: 5060.3
    1661. dt:  0.25 ms | #newton:  1 | ph:  0.0% | #CG/newton: 2739 | ls (cap|max|inv|bt):  0| 0| 0| 0| runtime: 1281.0 ms | cr: 5123.9
    1662. dt:  0.25 ms | #newton:  1 | ph:  0.0% | #CG/newton: 2738 | ls (cap|max|inv|bt):  0| 0| 0| 0| runtime: 1267.7 ms | cr: 5070.8
    1663. dt:  0.25 ms | #newton:  1 | ph:  0.0% | #CG/newton: 2738 | ls (cap|max|inv|bt):  0| 0| 0| 0| runtime: 1257.3 ms | cr: 5029.4
    1664. dt:  0.25 ms | #newton:  1 | ph:  0.0% | #CG/newton: 2737 | ls (cap|max|inv|bt):  0| 0| 0| 0| runtime: 1265.5 ms | cr: 5062.0
    1665. dt:  0.25 ms | #newton:  1 | ph:  0.0% | #CG/newton: 2737 | ls (cap|max|inv|bt):  0| 0| 0| 0| runtime: 1271.5 ms | cr: 5086.1
    1666. dt:  0.25 ms | #newton:  1 | ph:  0.0% | #CG/newton: 2736 | ls (cap|max|inv|bt):  0| 0| 0| 0| runtime: 1271.9 ms | cr: 5087.8
    1667. dt:  0.25 ms | #newton:  1 | ph:  0.0% | #CG/newton: 2736 | ls (cap|max|inv|bt):  0| 0| 0| 0| runtime: 1267.6 ms | cr: 5070.2
    1668. dt:  0.25 ms | #newton:  1 | ph:  0.0% | #CG/newton: 2736 | ls (cap|max|inv|bt):  0| 0| 0| 0| runtime: 1268.6 ms | cr: 5074.4
    1669. dt:  0.25 ms | #newton:  1 | ph:  0.0% | #CG/newton: 2737 | ls (cap|max|inv|bt):  0| 0| 0| 0| runtime: 1269.9 ms | cr: 5079.6
    1670. dt:  0.25 ms | #newton:  1 | ph:  0.0% | #CG/newton: 2737 | ls (cap|max|inv|bt):  0| 0| 0| 0| runtime: 1258.1 ms | cr: 5032.3
    1671. dt:  0.25 ms | #newton:  1 | ph:  0.0% | #CG/newton: 2737 | ls (cap|max|inv|bt):  0| 0| 0| 0| runtime: 1257.7 ms | cr: 5030.8
    1672. dt:  0.25 ms | #newton:  1 | ph:  0.0% | #CG/newton: 2738 | ls (cap|max|inv|bt):  0| 0| 0| 0| runtime: 1273.6 ms | cr: 5094.4
    1673. dt:  0.25 ms | #newton:  1 | ph:  0.0% | #CG/newton: 2365 | ls (cap|max|inv|bt):  0| 0| 0| 0| runtime: 1126.2 ms | cr: 4505.0
    1674. dt:  0.25 ms | #newton:  1 | ph:  0.0% | #CG/newton: 2360 | ls (cap|max|inv|bt):  0| 0| 0| 0| runtime: 1118.2 ms | cr: 4472.6
    1675. dt:  0.25 ms | #newton:  1 | ph:  0.0% | #CG/newton: 2361 | ls (cap|max|inv|bt):  0| 0| 0| 0| runtime: 1122.0 ms | cr: 4488.1
    1676. dt:  0.25 ms | #newton:  1 | ph:  0.0% | #CG/newton: 2358 | ls (cap|max|inv|bt):  0| 0| 0| 0| runtime: 1109.7 ms | cr: 4438.9
    1677. dt:  0.25 ms | #newton:  1 | ph:  0.0% | #CG/newton: 2356 | ls (cap|max|inv|bt):  0| 0| 0| 0| runtime: 1113.4 ms | cr: 4453.8
    1678. dt:  0.25 ms | #newton:  1 | ph:  0.0% | #CG/newton: 2354 | ls (cap|max|inv|bt):  0| 0| 0| 0| runtime: 1114.8 ms | cr: 4459.1
    1679. dt:  0.25 ms | #newton:  1 | ph:  0.0% | #CG/newton: 2353 | ls (cap|max|inv|bt):  0| 0| 0| 0| runtime: 1104.7 ms | cr: 4419.0
    1680. dt:  0.25 ms | #newton:  1 | ph:  0.0% | #CG/newton: 2350 | ls (cap|max|inv|bt):  0| 0| 0| 0| runtime: 1117.5 ms | cr: 4470.1
    1681. dt:  0.25 ms | #newton:  1 | ph:  0.0% | #CG/newton: 2351 | ls (cap|max|inv|bt):  0| 0| 0| 0| runtime: 1106.8 ms | cr: 4427.4
    1682. dt:  0.25 ms | #newton:  1 | ph:  0.0% | #CG/newton: 2350 | ls (cap|max|inv|bt):  0| 0| 0| 0| runtime: 1110.8 ms | cr: 4443.3
    1683. dt:  0.25 ms | #newton:  1 | ph:  0.0% | #CG/newton: 2349 | ls (cap|max|inv|bt):  0| 0| 0| 0| runtime: 1112.4 ms | cr: 4449.5
    1684. dt:  0.25 ms | #newton:  1 | ph:  0.0% | #CG/newton: 2349 | ls (cap|max|inv|bt):  0| 0| 0| 0| runtime: 1110.6 ms | cr: 4442.6
    1685. dt:  0.25 ms | #newton:  1 | ph:  0.0% | #CG/newton: 2348 | ls (cap|max|inv|bt):  0| 0| 0| 0| runtime: 1104.4 ms | cr: 4417.7
    1686. dt:  0.25 ms | #newton:  1 | ph:  0.0% | #CG/newton: 2349 | ls (cap|max|inv|bt):  0| 0| 0| 0| runtime: 1117.0 ms | cr: 4468.1
    1687. dt:  0.25 ms | #newton:  1 | ph:  0.0% | #CG/newton: 2348 | ls (cap|max|inv|bt):  0| 0| 0| 0| runtime: 1109.3 ms | cr: 4437.2
    1688. dt:  0.25 ms | #newton:  1 | ph:  0.0% | #CG/newton: 2348 | ls (cap|max|inv|bt):  0| 0| 0| 0| runtime: 1112.6 ms | cr: 4450.2
    1689. dt:  0.25 ms | #newton:  1 | ph:  0.0% | #CG/newton: 2350 | ls (cap|max|inv|bt):  0| 0| 0| 0| runtime: 1113.6 ms | cr: 4454.5
    1690. dt:  0.25 ms | #newton:  1 | ph:  0.0% | #CG/newton: 2353 | ls (cap|max|inv|bt):  0| 0| 0| 0| runtime: 1113.6 ms | cr: 4454.6
    1691. dt:  0.25 ms | #newton:  1 | ph:  0.0% | #CG/newton: 2353 | ls (cap|max|inv|bt):  0| 0| 0| 0| runtime: 1110.5 ms | cr: 4442.1
    1692. dt:  0.25 ms | #newton:  1 | ph:  0.0% | #CG/newton: 2350 | ls (cap|max|inv|bt):  0| 0| 0| 0| runtime: 1122.9 ms | cr: 4491.7
    1693. dt:  0.25 ms | #newton:  1 | ph:  0.0% | #CG/newton: 2351 | ls (cap|max|inv|bt):  0| 0| 0| 0| runtime: 1107.1 ms | cr: 4428.6
    1694. dt:  0.25 ms | #newton:  1 | ph:  0.0% | #CG/newton: 2354 | ls (cap|max|inv|bt):  0| 0| 0| 0| runtime: 1104.3 ms | cr: 4417.1
    1695. dt:  0.25 ms | #newton:  1 | ph:  0.0% | #CG/newton: 2355 | ls (cap|max|inv|bt):  0| 0| 0| 0| runtime: 1101.2 ms | cr: 4404.6
    1696. dt:  0.25 ms | #newton:  1 | ph:  0.0% | #CG/newton: 2352 | ls (cap|max|inv|bt):  0| 0| 0| 0| runtime: 1113.0 ms | cr: 4452.0
    1697. dt:  0.25 ms | #newton:  1 | ph:  0.0% | #CG/newton: 2353 | ls (cap|max|inv|bt):  0| 0| 0| 0| runtime: 1112.5 ms | cr: 4450.0
    1698. dt:  0.25 ms | #newton:  1 | ph:  0.0% | #CG/newton: 2351 | ls (cap|max|inv|bt):  0| 0| 0| 0| runtime: 1107.7 ms | cr: 4430.7
    1699. dt:  0.25 ms | #newton:  1 | ph:  0.0% | #CG/newton: 2355 | ls (cap|max|inv|bt):  0| 0| 0| 0| runtime: 1122.9 ms | cr: 4491.8
    1700. dt:  0.25 ms | #newton:  1 | ph:  0.0% | #CG/newton: 2352 | ls (cap|max|inv|bt):  0| 0| 0| 0| runtime: 1112.1 ms | cr: 4448.3
    1701. dt:  0.25 ms | #newton:  1 | ph:  0.0% | #CG/newton: 2357 | ls (cap|max|inv|bt):  0| 0| 0| 0| runtime: 1110.0 ms | cr: 4440.2
    1702. dt:  0.25 ms | #newton:  1 | ph:  0.0% | #CG/newton: 2360 | ls (cap|max|inv|bt):  0| 0| 0| 0| runtime: 1114.8 ms | cr: 4459.3
    1703. dt:  0.25 ms | #newton:  1 | ph:  0.0% | #CG/newton: 2359 | ls (cap|max|inv|bt):  0| 0| 0| 0| runtime: 1134.2 ms | cr: 4536.8
    1704. dt:  0.25 ms | #newton:  1 | ph:  0.0% | #CG/newton: 2363 | ls (cap|max|inv|bt):  0| 0| 0| 0| runtime: 1120.4 ms | cr: 4481.6
    1705. dt:  0.25 ms | #newton:  1 | ph:  0.0% | #CG/newton: 2358 | ls (cap|max|inv|bt):  0| 0| 0| 0| runtime: 1137.7 ms | cr: 4550.6
    1706. dt:  0.25 ms | #newton:  1 | ph:  0.0% | #CG/newton: 2361 | ls (cap|max|inv|bt):  0| 0| 0| 0| runtime: 1120.3 ms | cr: 4481.1
    1707. dt:  0.25 ms | #newton:  1 | ph:  0.0% | #CG/newton: 2362 | ls (cap|max|inv|bt):  0| 0| 0| 0| runtime: 1115.5 ms | cr: 4462.2
    1708. dt:  0.25 ms | #newton:  1 | ph:  0.0% | #CG/newton: 2361 | ls (cap|max|inv|bt):  0| 0| 0| 0| runtime: 1117.6 ms | cr: 4470.5
    1709. dt:  0.25 ms | #newton:  1 | ph:  0.0% | #CG/newton: 2367 | ls (cap|max|inv|bt):  0| 0| 0| 0| runtime: 1126.6 ms | cr: 4506.6
    1710. dt:  0.25 ms | #newton:  1 | ph:  0.0% | #CG/newton: 2736 | ls (cap|max|inv|bt):  0| 0| 0| 0| runtime: 1254.7 ms | cr: 5018.7
    1711. dt:  0.25 ms | #newton:  1 | ph:  0.0% | #CG/newton: 2736 | ls (cap|max|inv|bt):  0| 0| 0| 0| runtime: 1267.3 ms | cr: 5069.4
    1712. dt:  0.25 ms | #newton:  1 | ph:  0.0% | #CG/newton: 2736 | ls (cap|max|inv|bt):  0| 0| 0| 0| runtime: 1263.2 ms | cr: 5052.8
    1713. dt:  0.25 ms | #newton:  1 | ph:  0.0% | #CG/newton: 2736 | ls (cap|max|inv|bt):  0| 0| 0| 0| runtime: 1258.6 ms | cr: 5034.5
    1714. dt:  0.25 ms | #newton:  1 | ph:  0.0% | #CG/newton: 2736 | ls (cap|max|inv|bt):  0| 0| 0| 0| runtime: 1277.3 ms | cr: 5109.3
    1715. dt:  0.25 ms | #newton:  1 | ph:  0.0% | #CG/newton: 2735 | ls (cap|max|inv|bt):  0| 0| 0| 0| runtime: 1268.0 ms | cr: 5071.9
    1716. dt:  0.25 ms | #newton:  1 | ph:  0.0% | #CG/newton: 2736 | ls (cap|max|inv|bt):  0| 0| 0| 0| runtime: 1271.1 ms | cr: 5084.4
    1717. dt:  0.25 ms | #newton:  1 | ph:  0.0% | #CG/newton: 2734 | ls (cap|max|inv|bt):  0| 0| 0| 0| runtime: 1274.7 ms | cr: 5098.6
    1718. dt:  0.25 ms | #newton:  1 | ph:  0.0% | #CG/newton: 2735 | ls (cap|max|inv|bt):  0| 0| 0| 0| runtime: 1263.0 ms | cr: 5051.9
    1719. dt:  0.25 ms | #newton:  1 | ph:  0.0% | #CG/newton: 2736 | ls (cap|max|inv|bt):  0| 0| 0| 0| runtime: 1266.7 ms | cr: 5066.6
    1720. dt:  0.25 ms | #newton:  1 | ph:  0.0% | #CG/newton: 2736 | ls (cap|max|inv|bt):  0| 0| 0| 0| runtime: 1264.6 ms | cr: 5058.2
    1721. dt:  0.25 ms | #newton:  1 | ph:  0.0% | #CG/newton: 2735 | ls (cap|max|inv|bt):  0| 0| 0| 0| runtime: 1263.0 ms | cr: 5052.0
    1722. dt:  0.25 ms | #newton:  1 | ph:  0.0% | #CG/newton: 2735 | ls (cap|max|inv|bt):  0| 0| 0| 0| runtime: 1269.7 ms | cr: 5078.7
    1723. dt:  0.25 ms | #newton:  1 | ph:  0.0% | #CG/newton: 2735 | ls (cap|max|inv|bt):  0| 0| 0| 0| runtime: 1271.0 ms | cr: 5084.0
    1724. dt:  0.25 ms | #newton:  1 | ph:  0.0% | #CG/newton: 2736 | ls (cap|max|inv|bt):  0| 0| 0| 0| runtime: 1262.7 ms | cr: 5050.8
    1725. dt:  0.25 ms | #newton:  1 | ph:  0.0% | #CG/newton: 2735 | ls (cap|max|inv|bt):  0| 0| 0| 0| runtime: 1274.8 ms | cr: 5099.1
    1726. dt:  0.25 ms | #newton:  1 | ph:  0.0% | #CG/newton: 2734 | ls (cap|max|inv|bt):  0| 0| 0| 0| runtime: 1262.3 ms | cr: 5049.4
    1727. dt:  0.25 ms | #newton:  1 | ph:  0.0% | #CG/newton: 2735 | ls (cap|max|inv|bt):  0| 0| 0| 0| runtime: 1259.2 ms | cr: 5036.6
    1728. dt:  0.25 ms | #newton:  1 | ph:  0.0% | #CG/newton: 2736 | ls (cap|max|inv|bt):  0| 0| 0| 0| runtime: 1268.7 ms | cr: 5074.8
    1729. dt:  0.25 ms | #newton:  1 | ph:  0.0% | #CG/newton: 2734 | ls (cap|max|inv|bt):  0| 0| 0| 0| runtime: 1266.0 ms | cr: 5064.0
    1730. dt:  0.25 ms | #newton:  1 | ph:  0.0% | #CG/newton: 2735 | ls (cap|max|inv|bt):  0| 0| 0| 0| runtime: 1264.4 ms | cr: 5057.6
    1731. dt:  0.25 ms | #newton:  1 | ph:  0.0% | #CG/newton: 2734 | ls (cap|max|inv|bt):  0| 0| 0| 0| runtime: 1262.5 ms | cr: 5050.0
    1732. dt:  0.25 ms | #newton:  1 | ph:  0.0% | #CG/newton: 2734 | ls (cap|max|inv|bt):  0| 0| 0| 0| runtime: 1265.0 ms | cr: 5059.8
    1733. dt:  0.25 ms | #newton:  1 | ph:  0.0% | #CG/newton: 2734 | ls (cap|max|inv|bt):  0| 0| 0| 0| runtime: 1266.1 ms | cr: 5064.6
[Frame: 13] Time: 0.433 s
    1734. dt:  0.25 ms | #newton:  1 | ph:  0.0% | #CG/newton: 2735 | ls (cap|max|inv|bt):  0| 0| 0| 0| runtime: 1269.6 ms | cr: 5078.6
    1735. dt:  0.25 ms | #newton:  1 | ph:  0.0% | #CG/newton: 2735 | ls (cap|max|inv|bt):  0| 0| 0| 0| runtime: 1266.0 ms | cr: 5064.0
    1736. dt:  0.25 ms | #newton:  1 | ph:  0.0% | #CG/newton: 2738 | ls (cap|max|inv|bt):  0| 0| 0| 0| runtime: 1272.4 ms | cr: 5089.6
    1737. dt:  0.25 ms | #newton:  1 | ph:  0.0% | #CG/newton: 2735 | ls (cap|max|inv|bt):  0| 0| 0| 0| runtime: 1270.4 ms | cr: 5081.8
    1738. dt:  0.25 ms | #newton:  1 | ph:  0.0% | #CG/newton: 2735 | ls (cap|max|inv|bt):  0| 0| 0| 0| runtime: 1264.2 ms | cr: 5056.9
    1739. dt:  0.25 ms | #newton:  1 | ph:  0.0% | #CG/newton: 2735 | ls (cap|max|inv|bt):  0| 0| 0| 0| runtime: 1260.2 ms | cr: 5040.7
    1740. dt:  0.25 ms | #newton:  1 | ph:  0.0% | #CG/newton: 2735 | ls (cap|max|inv|bt):  0| 0| 0| 0| runtime: 1254.8 ms | cr: 5019.3
    1741. dt:  0.25 ms | #newton:  1 | ph:  0.0% | #CG/newton: 2737 | ls (cap|max|inv|bt):  0| 0| 0| 0| runtime: 1266.5 ms | cr: 5065.8
    1742. dt:  0.25 ms | #newton:  1 | ph:  0.0% | #CG/newton: 2742 | ls (cap|max|inv|bt):  0| 0| 0| 0| runtime: 1267.8 ms | cr: 5071.4
    1743. dt:  0.25 ms | #newton:  1 | ph:  0.0% | #CG/newton: 2742 | ls (cap|max|inv|bt):  0| 0| 0| 0| runtime: 1258.1 ms | cr: 5032.4
    1744. dt:  0.25 ms | #newton:  1 | ph:  0.0% | #CG/newton: 2750 | ls (cap|max|inv|bt):  0| 0| 0| 0| runtime: 1267.9 ms | cr: 5071.5
    1745. dt:  0.25 ms | #newton:  1 | ph:  0.0% | #CG/newton: 2753 | ls (cap|max|inv|bt):  0| 0| 0| 0| runtime: 1282.1 ms | cr: 5128.3
    1746. dt:  0.25 ms | #newton:  1 | ph:  0.0% | #CG/newton: 2668 | ls (cap|max|inv|bt):  0| 0| 0| 0| runtime: 1235.7 ms | cr: 4942.9
    1747. dt:  0.25 ms | #newton:  1 | ph:  0.0% | #CG/newton: 2656 | ls (cap|max|inv|bt):  0| 0| 0| 0| runtime: 1237.8 ms | cr: 4951.4
    1748. dt:  0.25 ms | #newton:  1 | ph:  0.0% | #CG/newton: 2659 | ls (cap|max|inv|bt):  0| 0| 0| 0| runtime: 1232.9 ms | cr: 4931.6
    1749. dt:  0.25 ms | #newton:  1 | ph:  0.0% | #CG/newton: 2746 | ls (cap|max|inv|bt):  0| 0| 0| 0| runtime: 1274.7 ms | cr: 5099.0
    1750. dt:  0.25 ms | #newton:  1 | ph:  0.0% | #CG/newton: 2752 | ls (cap|max|inv|bt):  0| 0| 0| 0| runtime: 1276.7 ms | cr: 5107.0
    1751. dt:  0.25 ms | #newton:  1 | ph:  0.0% | #CG/newton: 2657 | ls (cap|max|inv|bt):  0| 0| 0| 0| runtime: 1272.3 ms | cr: 5089.2
    1752. dt:  0.25 ms | #newton:  1 | ph:  0.0% | #CG/newton: 2656 | ls (cap|max|inv|bt):  0| 0| 0| 0| runtime: 1241.0 ms | cr: 4964.0
    1753. dt:  0.25 ms | #newton:  1 | ph:  0.0% | #CG/newton: 2655 | ls (cap|max|inv|bt):  0| 0| 0| 0| runtime: 1233.2 ms | cr: 4932.9
    1754. dt:  0.25 ms | #newton:  1 | ph:  0.0% | #CG/newton: 2750 | ls (cap|max|inv|bt):  0| 0| 0| 0| runtime: 1277.6 ms | cr: 5110.2
    1755. dt:  0.25 ms | #newton:  1 | ph:  0.0% | #CG/newton: 2747 | ls (cap|max|inv|bt):  0| 0| 0| 0| runtime: 1269.4 ms | cr: 5077.8
    1756. dt:  0.25 ms | #newton:  1 | ph:  0.0% | #CG/newton: 2747 | ls (cap|max|inv|bt):  0| 0| 0| 0| runtime: 1276.5 ms | cr: 5106.1
    1757. dt:  0.25 ms | #newton:  1 | ph:  0.0% | #CG/newton: 2747 | ls (cap|max|inv|bt):  0| 0| 0| 0| runtime: 1261.7 ms | cr: 5046.7
    1758. dt:  0.25 ms | #newton:  1 | ph:  0.0% | #CG/newton: 2745 | ls (cap|max|inv|bt):  0| 0| 0| 0| runtime: 1274.5 ms | cr: 5097.9
    1759. dt:  0.25 ms | #newton:  1 | ph:  0.0% | #CG/newton: 2744 | ls (cap|max|inv|bt):  0| 0| 0| 0| runtime: 1262.1 ms | cr: 5048.4
    1760. dt:  0.25 ms | #newton:  1 | ph:  0.0% | #CG/newton: 2743 | ls (cap|max|inv|bt):  0| 0| 0| 0| runtime: 1262.3 ms | cr: 5049.0
    1761. dt:  0.25 ms | #newton:  1 | ph:  0.0% | #CG/newton: 2744 | ls (cap|max|inv|bt):  0| 0| 0| 0| runtime: 1278.4 ms | cr: 5113.6
    1762. dt:  0.25 ms | #newton:  1 | ph:  0.0% | #CG/newton: 2744 | ls (cap|max|inv|bt):  0| 0| 0| 0| runtime: 1277.5 ms | cr: 5110.1
    1763. dt:  0.25 ms | #newton:  1 | ph:  0.0% | #CG/newton: 2743 | ls (cap|max|inv|bt):  0| 0| 0| 0| runtime: 1265.2 ms | cr: 5060.9
    1764. dt:  0.25 ms | #newton:  1 | ph:  0.0% | #CG/newton: 2742 | ls (cap|max|inv|bt):  0| 0| 0| 0| runtime: 1273.6 ms | cr: 5094.2
    1765. dt:  0.25 ms | #newton:  1 | ph:  0.0% | #CG/newton: 2739 | ls (cap|max|inv|bt):  0| 0| 0| 0| runtime: 1264.0 ms | cr: 5055.8
    1766. dt:  0.25 ms | #newton:  1 | ph:  0.0% | #CG/newton: 2739 | ls (cap|max|inv|bt):  0| 0| 0| 0| runtime: 1271.2 ms | cr: 5084.8
    1767. dt:  0.25 ms | #newton:  1 | ph:  0.0% | #CG/newton: 2739 | ls (cap|max|inv|bt):  0| 0| 0| 0| runtime: 1259.6 ms | cr: 5038.5
    1768. dt:  0.25 ms | #newton:  1 | ph:  0.0% | #CG/newton: 2735 | ls (cap|max|inv|bt):  0| 0| 0| 0| runtime: 1246.5 ms | cr: 4986.1
    1769. dt:  0.25 ms | #newton:  1 | ph:  0.0% | #CG/newton: 2738 | ls (cap|max|inv|bt):  0| 0| 0| 0| runtime: 1267.8 ms | cr: 5071.1
    1770. dt:  0.25 ms | #newton:  1 | ph:  0.0% | #CG/newton: 2736 | ls (cap|max|inv|bt):  0| 0| 0| 0| runtime: 1269.4 ms | cr: 5077.8
    1771. dt:  0.25 ms | #newton:  1 | ph:  0.0% | #CG/newton: 2738 | ls (cap|max|inv|bt):  0| 0| 0| 0| runtime: 1263.4 ms | cr: 5053.6
    1772. dt:  0.25 ms | #newton:  1 | ph:  0.0% | #CG/newton: 2736 | ls (cap|max|inv|bt):  0| 0| 0| 0| runtime: 1278.6 ms | cr: 5114.3
    1773. dt:  0.25 ms | #newton:  1 | ph:  0.0% | #CG/newton: 2737 | ls (cap|max|inv|bt):  0| 0| 0| 0| runtime: 1266.3 ms | cr: 5065.0
    1774. dt:  0.25 ms | #newton:  1 | ph:  0.0% | #CG/newton: 2738 | ls (cap|max|inv|bt):  0| 0| 0| 0| runtime: 1272.1 ms | cr: 5088.5
    1775. dt:  0.25 ms | #newton:  1 | ph:  0.0% | #CG/newton: 2736 | ls (cap|max|inv|bt):  0| 0| 0| 0| runtime: 1279.5 ms | cr: 5118.0
    1776. dt:  0.25 ms | #newton:  1 | ph:  0.0% | #CG/newton: 2735 | ls (cap|max|inv|bt):  0| 0| 0| 0| runtime: 1274.1 ms | cr: 5096.2
    1777. dt:  0.25 ms | #newton:  1 | ph:  0.0% | #CG/newton: 2734 | ls (cap|max|inv|bt):  0| 0| 0| 0| runtime: 1251.3 ms | cr: 5005.1
    1778. dt:  0.25 ms | #newton:  1 | ph:  0.0% | #CG/newton: 2735 | ls (cap|max|inv|bt):  0| 0| 0| 0| runtime: 1265.0 ms | cr: 5059.8
    1779. dt:  0.25 ms | #newton:  1 | ph:  0.0% | #CG/newton: 2738 | ls (cap|max|inv|bt):  0| 0| 0| 0| runtime: 1271.5 ms | cr: 5086.1
    1780. dt:  0.25 ms | #newton:  1 | ph:  0.0% | #CG/newton: 2737 | ls (cap|max|inv|bt):  0| 0| 0| 0| runtime: 1253.7 ms | cr: 5014.6
    1781. dt:  0.25 ms | #newton:  1 | ph:  0.0% | #CG/newton: 2740 | ls (cap|max|inv|bt):  0| 0| 0| 0| runtime: 1262.3 ms | cr: 5049.3
    1782. dt:  0.25 ms | #newton:  1 | ph:  0.0% | #CG/newton: 2739 | ls (cap|max|inv|bt):  0| 0| 0| 0| runtime: 1272.2 ms | cr: 5088.9
    1783. dt:  0.25 ms | #newton:  1 | ph:  0.0% | #CG/newton: 2738 | ls (cap|max|inv|bt):  0| 0| 0| 0| runtime: 1255.1 ms | cr: 5020.5
    1784. dt:  0.25 ms | #newton:  1 | ph:  0.0% | #CG/newton: 2741 | ls (cap|max|inv|bt):  0| 0| 0| 0| runtime: 1260.8 ms | cr: 5043.0
    1785. dt:  0.25 ms | #newton:  1 | ph:  0.0% | #CG/newton: 2742 | ls (cap|max|inv|bt):  0| 0| 0| 0| runtime: 1261.2 ms | cr: 5044.7
    1786. dt:  0.25 ms | #newton:  1 | ph:  0.0% | #CG/newton: 2741 | ls (cap|max|inv|bt):  0| 0| 0| 0| runtime: 1274.7 ms | cr: 5098.7
    1787. dt:  0.25 ms | #newton:  1 | ph:  0.0% | #CG/newton: 2742 | ls (cap|max|inv|bt):  0| 0| 0| 0| runtime: 1269.6 ms | cr: 5078.3
    1788. dt:  0.25 ms | #newton:  1 | ph:  0.0% | #CG/newton: 2743 | ls (cap|max|inv|bt):  0| 0| 0| 0| runtime: 1257.0 ms | cr: 5027.9
    1789. dt:  0.25 ms | #newton:  1 | ph:  0.0% | #CG/newton: 2746 | ls (cap|max|inv|bt):  0| 0| 0| 0| runtime: 1253.7 ms | cr: 5014.7
    1790. dt:  0.25 ms | #newton:  1 | ph:  0.0% | #CG/newton: 2743 | ls (cap|max|inv|bt):  0| 0| 0| 0| runtime: 1246.9 ms | cr: 4987.6
    1791. dt:  0.25 ms | #newton:  1 | ph:  0.0% | #CG/newton: 2744 | ls (cap|max|inv|bt):  0| 0| 0| 0| runtime: 1278.3 ms | cr: 5113.3
    1792. dt:  0.25 ms | #newton:  1 | ph:  0.0% | #CG/newton: 2748 | ls (cap|max|inv|bt):  0| 0| 0| 0| runtime: 1278.2 ms | cr: 5112.8
    1793. dt:  0.25 ms | #newton:  1 | ph:  0.0% | #CG/newton: 2746 | ls (cap|max|inv|bt):  0| 0| 0| 0| runtime: 1272.0 ms | cr: 5088.1
    1794. dt:  0.25 ms | #newton:  1 | ph:  0.0% | #CG/newton: 2745 | ls (cap|max|inv|bt):  0| 0| 0| 0| runtime: 1266.4 ms | cr: 5065.7
    1795. dt:  0.25 ms | #newton:  1 | ph:  0.0% | #CG/newton: 2744 | ls (cap|max|inv|bt):  0| 0| 0| 0| runtime: 1264.8 ms | cr: 5059.2
    1796. dt:  0.25 ms | #newton:  1 | ph:  0.0% | #CG/newton: 2745 | ls (cap|max|inv|bt):  0| 0| 0| 0| runtime: 1274.4 ms | cr: 5097.8
    1797. dt:  0.25 ms | #newton:  1 | ph:  0.0% | #CG/newton: 2742 | ls (cap|max|inv|bt):  0| 0| 0| 0| runtime: 1269.7 ms | cr: 5078.6
    1798. dt:  0.25 ms | #newton:  1 | ph:  0.0% | #CG/newton: 2743 | ls (cap|max|inv|bt):  0| 0| 0| 0| runtime: 1275.5 ms | cr: 5102.2
    1799. dt:  0.25 ms | #newton:  1 | ph:  0.0% | #CG/newton: 2743 | ls (cap|max|inv|bt):  0| 0| 0| 0| runtime: 1319.4 ms | cr: 5277.4
    1800. dt:  0.25 ms | #newton:  1 | ph:  0.0% | #CG/newton: 2740 | ls (cap|max|inv|bt):  0| 0| 0| 0| runtime: 1266.8 ms | cr: 5067.3
    1801. dt:  0.25 ms | #newton:  1 | ph:  0.0% | #CG/newton: 2740 | ls (cap|max|inv|bt):  0| 0| 0| 0| runtime: 1273.2 ms | cr: 5092.8
    1802. dt:  0.25 ms | #newton:  1 | ph:  0.0% | #CG/newton: 2737 | ls (cap|max|inv|bt):  0| 0| 0| 0| runtime: 1261.6 ms | cr: 5046.4
    1803. dt:  0.25 ms | #newton:  1 | ph:  0.0% | #CG/newton: 2738 | ls (cap|max|inv|bt):  0| 0| 0| 0| runtime: 1271.1 ms | cr: 5084.6
    1804. dt:  0.25 ms | #newton:  1 | ph:  0.0% | #CG/newton: 2734 | ls (cap|max|inv|bt):  0| 0| 0| 0| runtime: 1271.6 ms | cr: 5086.5
    1805. dt:  0.25 ms | #newton:  1 | ph:  0.0% | #CG/newton: 2736 | ls (cap|max|inv|bt):  0| 0| 0| 0| runtime: 1269.6 ms | cr: 5078.6
    1806. dt:  0.25 ms | #newton:  1 | ph:  0.0% | #CG/newton: 2732 | ls (cap|max|inv|bt):  0| 0| 0| 0| runtime: 1262.1 ms | cr: 5048.3
    1807. dt:  0.25 ms | #newton:  1 | ph:  0.0% | #CG/newton: 2732 | ls (cap|max|inv|bt):  0| 0| 0| 0| runtime: 1260.4 ms | cr: 5041.8
    1808. dt:  0.25 ms | #newton:  1 | ph:  0.0% | #CG/newton: 2732 | ls (cap|max|inv|bt):  0| 0| 0| 0| runtime: 1265.5 ms | cr: 5062.0
    1809. dt:  0.25 ms | #newton:  1 | ph:  0.0% | #CG/newton: 2732 | ls (cap|max|inv|bt):  0| 0| 0| 0| runtime: 1263.9 ms | cr: 5055.5
    1810. dt:  0.25 ms | #newton:  1 | ph:  0.0% | #CG/newton: 2732 | ls (cap|max|inv|bt):  0| 0| 0| 0| runtime: 1276.4 ms | cr: 5105.6
    1811. dt:  0.25 ms | #newton:  1 | ph:  0.0% | #CG/newton: 2732 | ls (cap|max|inv|bt):  0| 0| 0| 0| runtime: 1254.6 ms | cr: 5018.3
    1812. dt:  0.25 ms | #newton:  1 | ph:  0.0% | #CG/newton: 2731 | ls (cap|max|inv|bt):  0| 0| 0| 0| runtime: 1252.9 ms | cr: 5011.6
    1813. dt:  0.25 ms | #newton:  1 | ph:  0.0% | #CG/newton: 2733 | ls (cap|max|inv|bt):  0| 0| 0| 0| runtime: 1264.6 ms | cr: 5058.4
    1814. dt:  0.25 ms | #newton:  1 | ph:  0.0% | #CG/newton: 2734 | ls (cap|max|inv|bt):  0| 0| 0| 0| runtime: 1263.4 ms | cr: 5053.4
    1815. dt:  0.25 ms | #newton:  1 | ph:  0.0% | #CG/newton: 2731 | ls (cap|max|inv|bt):  0| 0| 0| 0| runtime: 1258.2 ms | cr: 5032.9
    1816. dt:  0.25 ms | #newton:  1 | ph:  0.0% | #CG/newton: 2733 | ls (cap|max|inv|bt):  0| 0| 0| 0| runtime: 1266.1 ms | cr: 5064.2
    1817. dt:  0.25 ms | #newton:  1 | ph:  0.0% | #CG/newton: 2733 | ls (cap|max|inv|bt):  0| 0| 0| 0| runtime: 1263.6 ms | cr: 5054.3
    1818. dt:  0.25 ms | #newton:  1 | ph:  0.0% | #CG/newton: 2733 | ls (cap|max|inv|bt):  0| 0| 0| 0| runtime: 1276.2 ms | cr: 5104.7
    1819. dt:  0.25 ms | #newton:  1 | ph:  0.0% | #CG/newton: 2738 | ls (cap|max|inv|bt):  0| 0| 0| 0| runtime: 1273.4 ms | cr: 5093.6
    1820. dt:  0.25 ms | #newton:  1 | ph:  0.0% | #CG/newton: 2732 | ls (cap|max|inv|bt):  0| 0| 0| 0| runtime: 1267.4 ms | cr: 5069.7
    1821. dt:  0.25 ms | #newton:  1 | ph:  0.0% | #CG/newton: 2733 | ls (cap|max|inv|bt):  0| 0| 0| 0| runtime: 1264.6 ms | cr: 5058.5
    1822. dt:  0.25 ms | #newton:  1 | ph:  0.0% | #CG/newton: 2733 | ls (cap|max|inv|bt):  0| 0| 0| 0| runtime: 1253.6 ms | cr: 5014.4
    1823. dt:  0.25 ms | #newton:  1 | ph:  0.0% | #CG/newton: 2732 | ls (cap|max|inv|bt):  0| 0| 0| 0| runtime: 1269.0 ms | cr: 5076.2
    1824. dt:  0.25 ms | #newton:  1 | ph:  0.0% | #CG/newton: 2733 | ls (cap|max|inv|bt):  0| 0| 0| 0| runtime: 1264.6 ms | cr: 5058.3
    1825. dt:  0.25 ms | #newton:  1 | ph:  0.0% | #CG/newton: 2737 | ls (cap|max|inv|bt):  0| 0| 0| 0| runtime: 1257.5 ms | cr: 5030.0
    1826. dt:  0.25 ms | #newton:  1 | ph:  0.0% | #CG/newton: 2734 | ls (cap|max|inv|bt):  0| 0| 0| 0| runtime: 1311.2 ms | cr: 5244.7
    1827. dt:  0.25 ms | #newton:  1 | ph:  0.0% | #CG/newton: 2732 | ls (cap|max|inv|bt):  0| 0| 0| 0| runtime: 1257.6 ms | cr: 5030.5
    1828. dt:  0.25 ms | #newton:  1 | ph:  0.0% | #CG/newton: 2733 | ls (cap|max|inv|bt):  0| 0| 0| 0| runtime: 1276.4 ms | cr: 5105.5
    1829. dt:  0.25 ms | #newton:  1 | ph:  0.0% | #CG/newton: 2734 | ls (cap|max|inv|bt):  0| 0| 0| 0| runtime: 1266.4 ms | cr: 5065.5
    1830. dt:  0.25 ms | #newton:  1 | ph:  0.0% | #CG/newton: 2732 | ls (cap|max|inv|bt):  0| 0| 0| 0| runtime: 1266.8 ms | cr: 5067.0
    1831. dt:  0.25 ms | #newton:  1 | ph:  0.0% | #CG/newton: 2733 | ls (cap|max|inv|bt):  0| 0| 0| 0| runtime: 1272.2 ms | cr: 5088.7
    1832. dt:  0.25 ms | #newton:  1 | ph:  0.0% | #CG/newton: 2734 | ls (cap|max|inv|bt):  0| 0| 0| 0| runtime: 1261.3 ms | cr: 5045.2
    1833. dt:  0.25 ms | #newton:  1 | ph:  0.0% | #CG/newton: 2733 | ls (cap|max|inv|bt):  0| 0| 0| 0| runtime: 1266.9 ms | cr: 5067.7
    1834. dt:  0.25 ms | #newton:  1 | ph:  0.0% | #CG/newton: 2734 | ls (cap|max|inv|bt):  0| 0| 0| 0| runtime: 1273.9 ms | cr: 5095.5
    1835. dt:  0.25 ms | #newton:  1 | ph:  0.0% | #CG/newton: 2732 | ls (cap|max|inv|bt):  0| 0| 0| 0| runtime: 1263.8 ms | cr: 5055.2
    1836. dt:  0.25 ms | #newton:  1 | ph:  0.0% | #CG/newton: 2730 | ls (cap|max|inv|bt):  0| 0| 0| 0| runtime: 1263.2 ms | cr: 5052.6
    1837. dt:  0.25 ms | #newton:  1 | ph:  0.0% | #CG/newton: 2975 | ls (cap|max|inv|bt):  0| 0| 0| 0| runtime: 1350.7 ms | cr: 5403.0
    1838. dt:  0.25 ms | #newton:  1 | ph:  0.0% | #CG/newton: 2986 | ls (cap|max|inv|bt):  0| 0| 0| 0| runtime: 1363.6 ms | cr: 5454.5
    1839. dt:  0.25 ms | #newton:  1 | ph:  0.0% | #CG/newton: 2995 | ls (cap|max|inv|bt):  0| 0| 0| 0| runtime: 1366.7 ms | cr: 5466.7
    1840. dt:  0.25 ms | #newton:  1 | ph:  0.0% | #CG/newton: 2576 | ls (cap|max|inv|bt):  0| 0| 0| 0| runtime: 1199.1 ms | cr: 4796.4
    1841. dt:  0.25 ms | #newton:  1 | ph:  0.0% | #CG/newton: 2571 | ls (cap|max|inv|bt):  0| 0| 0| 0| runtime: 1191.2 ms | cr: 4765.0
    1842. dt:  0.25 ms | #newton:  1 | ph:  0.0% | #CG/newton: 2578 | ls (cap|max|inv|bt):  0| 0| 0| 0| runtime: 1205.1 ms | cr: 4820.2
    1843. dt:  0.25 ms | #newton:  1 | ph:  0.0% | #CG/newton: 2996 | ls (cap|max|inv|bt):  0| 0| 0| 0| runtime: 1371.7 ms | cr: 5486.9
    1844. dt:  0.25 ms | #newton:  1 | ph:  0.0% | #CG/newton: 2568 | ls (cap|max|inv|bt):  0| 0| 0| 0| runtime: 1198.4 ms | cr: 4793.7
    1845. dt:  0.25 ms | #newton:  1 | ph:  0.0% | #CG/newton: 2560 | ls (cap|max|inv|bt):  0| 0| 0| 0| runtime: 1213.4 ms | cr: 4853.7
    1846. dt:  0.25 ms | #newton:  1 | ph:  0.0% | #CG/newton: 2569 | ls (cap|max|inv|bt):  0| 0| 0| 0| runtime: 1192.9 ms | cr: 4771.6
    1847. dt:  0.25 ms | #newton:  1 | ph:  0.0% | #CG/newton: 2945 | ls (cap|max|inv|bt):  0| 0| 0| 0| runtime: 1353.0 ms | cr: 5411.9
    1848. dt:  0.25 ms | #newton:  1 | ph:  0.0% | #CG/newton: 2980 | ls (cap|max|inv|bt):  0| 0| 0| 0| runtime: 1359.8 ms | cr: 5439.4
    1849. dt:  0.25 ms | #newton:  1 | ph:  0.0% | #CG/newton: 2947 | ls (cap|max|inv|bt):  0| 0| 0| 0| runtime: 1349.0 ms | cr: 5395.9
    1850. dt:  0.25 ms | #newton:  1 | ph:  0.0% | #CG/newton: 3208 | ls (cap|max|inv|bt):  0| 0| 0| 0| runtime: 1463.7 ms | cr: 5854.8
    1851. dt:  0.25 ms | #newton:  1 | ph:  0.0% | #CG/newton: 2982 | ls (cap|max|inv|bt):  0| 0| 0| 0| runtime: 1360.7 ms | cr: 5442.6
    1852. dt:  0.25 ms | #newton:  1 | ph:  0.0% | #CG/newton: 2958 | ls (cap|max|inv|bt):  0| 0| 0| 0| runtime: 1349.8 ms | cr: 5399.0
    1853. dt:  0.25 ms | #newton:  1 | ph:  0.0% | #CG/newton: 2966 | ls (cap|max|inv|bt):  0| 0| 0| 0| runtime: 1346.2 ms | cr: 5384.9
    1854. dt:  0.25 ms | #newton:  1 | ph:  0.0% | #CG/newton: 2971 | ls (cap|max|inv|bt):  0| 0| 0| 0| runtime: 1372.6 ms | cr: 5490.6
    1855. dt:  0.25 ms | #newton:  1 | ph:  0.0% | #CG/newton: 2987 | ls (cap|max|inv|bt):  0| 0| 0| 0| runtime: 1358.9 ms | cr: 5435.4
    1856. dt:  0.25 ms | #newton:  1 | ph:  0.0% | #CG/newton: 3201 | ls (cap|max|inv|bt):  0| 0| 0| 0| runtime: 1447.9 ms | cr: 5791.8
    1857. dt:  0.25 ms | #newton:  1 | ph:  0.0% | #CG/newton: 2939 | ls (cap|max|inv|bt):  0| 0| 0| 0| runtime: 1338.5 ms | cr: 5353.9
    1858. dt:  0.25 ms | #newton:  1 | ph:  0.0% | #CG/newton: 3212 | ls (cap|max|inv|bt):  0| 0| 0| 0| runtime: 1436.0 ms | cr: 5744.0
    1859. dt:  0.25 ms | #newton:  1 | ph:  0.0% | #CG/newton: 2972 | ls (cap|max|inv|bt):  0| 0| 0| 0| runtime: 1330.1 ms | cr: 5320.5
    1860. dt:  0.25 ms | #newton:  1 | ph:  0.0% | #CG/newton: 3238 | ls (cap|max|inv|bt):  0| 0| 0| 0| runtime: 1411.5 ms | cr: 5645.9
    1861. dt:  0.25 ms | #newton:  1 | ph:  0.0% | #CG/newton: 2957 | ls (cap|max|inv|bt):  0| 0| 0| 0| runtime: 1361.9 ms | cr: 5447.7
    1862. dt:  0.25 ms | #newton:  1 | ph:  0.0% | #CG/newton: 2972 | ls (cap|max|inv|bt):  0| 0| 0| 0| runtime: 1354.5 ms | cr: 5418.2
    1863. dt:  0.25 ms | #newton:  1 | ph:  0.0% | #CG/newton: 2974 | ls (cap|max|inv|bt):  0| 0| 0| 0| runtime: 1373.3 ms | cr: 5493.0
    1864. dt:  0.25 ms | #newton:  1 | ph:  0.0% | #CG/newton: 2974 | ls (cap|max|inv|bt):  0| 0| 0| 0| runtime: 1355.0 ms | cr: 5419.9
    1865. dt:  0.25 ms | #newton:  1 | ph:  0.0% | #CG/newton: 2982 | ls (cap|max|inv|bt):  0| 0| 0| 0| runtime: 1366.0 ms | cr: 5463.9
    1866. dt:  0.25 ms | #newton:  1 | ph:  0.0% | #CG/newton: 2972 | ls (cap|max|inv|bt):  0| 0| 0| 0| runtime: 1362.7 ms | cr: 5450.9
[Frame: 14] Time: 0.467 s
    1867. dt:  0.25 ms | #newton:  1 | ph:  0.0% | #CG/newton: 2986 | ls (cap|max|inv|bt):  0| 0| 0| 0| runtime: 1365.3 ms | cr: 5461.1
    1868. dt:  0.25 ms | #newton:  1 | ph:  0.0% | #CG/newton: 2977 | ls (cap|max|inv|bt):  0| 0| 0| 0| runtime: 1364.8 ms | cr: 5459.2
    1869. dt:  0.25 ms | #newton:  1 | ph:  0.0% | #CG/newton: 2968 | ls (cap|max|inv|bt):  0| 0| 0| 0| runtime: 1344.6 ms | cr: 5378.6
    1870. dt:  0.25 ms | #newton:  1 | ph:  0.0% | #CG/newton: 2582 | ls (cap|max|inv|bt):  0| 0| 0| 0| runtime: 1208.3 ms | cr: 4833.0
    1871. dt:  0.25 ms | #newton:  1 | ph:  0.0% | #CG/newton: 2992 | ls (cap|max|inv|bt):  0| 0| 0| 0| runtime: 1366.6 ms | cr: 5466.4
    1872. dt:  0.25 ms | #newton:  1 | ph:  0.0% | #CG/newton: 2998 | ls (cap|max|inv|bt):  0| 0| 0| 0| runtime: 1367.4 ms | cr: 5469.4
    1873. dt:  0.25 ms | #newton:  1 | ph:  0.0% | #CG/newton: 2739 | ls (cap|max|inv|bt):  0| 0| 0| 0| runtime: 1253.6 ms | cr: 5014.5
    1874. dt:  0.25 ms | #newton:  1 | ph:  0.0% | #CG/newton: 2735 | ls (cap|max|inv|bt):  0| 0| 0| 0| runtime: 1276.7 ms | cr: 5107.0
    1875. dt:  0.25 ms | #newton:  1 | ph:  0.0% | #CG/newton: 2736 | ls (cap|max|inv|bt):  0| 0| 0| 0| runtime: 1255.6 ms | cr: 5022.3
    1876. dt:  0.25 ms | #newton:  1 | ph:  0.0% | #CG/newton: 2740 | ls (cap|max|inv|bt):  0| 0| 0| 0| runtime: 1251.3 ms | cr: 5005.4
    1877. dt:  0.25 ms | #newton:  1 | ph:  0.0% | #CG/newton: 2352 | ls (cap|max|inv|bt):  0| 0| 0| 0| runtime: 1105.5 ms | cr: 4421.9
    1878. dt:  0.25 ms | #newton:  1 | ph:  0.0% | #CG/newton: 2352 | ls (cap|max|inv|bt):  0| 0| 0| 0| runtime: 1105.2 ms | cr: 4420.9
    1879. dt:  0.25 ms | #newton:  1 | ph:  0.0% | #CG/newton: 2369 | ls (cap|max|inv|bt):  0| 0| 0| 0| runtime: 1117.9 ms | cr: 4471.5
    1880. dt:  0.25 ms | #newton:  1 | ph:  0.0% | #CG/newton: 2351 | ls (cap|max|inv|bt):  0| 0| 0| 0| runtime: 1124.1 ms | cr: 4496.6
    1881. dt:  0.25 ms | #newton:  1 | ph:  0.0% | #CG/newton: 2352 | ls (cap|max|inv|bt):  0| 0| 0| 0| runtime: 1099.7 ms | cr: 4398.7
    1882. dt:  0.25 ms | #newton:  1 | ph:  0.0% | #CG/newton: 2355 | ls (cap|max|inv|bt):  0| 0| 0| 0| runtime: 1103.7 ms | cr: 4414.9
    1883. dt:  0.25 ms | #newton:  1 | ph:  0.0% | #CG/newton: 2354 | ls (cap|max|inv|bt):  0| 0| 0| 0| runtime: 1113.4 ms | cr: 4453.5
    1884. dt:  0.25 ms | #newton:  1 | ph:  0.0% | #CG/newton: 2356 | ls (cap|max|inv|bt):  0| 0| 0| 0| runtime: 1109.3 ms | cr: 4437.2
    1885. dt:  0.25 ms | #newton:  1 | ph:  0.0% | #CG/newton: 2360 | ls (cap|max|inv|bt):  0| 0| 0| 0| runtime: 1109.0 ms | cr: 4436.2
    1886. dt:  0.25 ms | #newton:  1 | ph:  0.0% | #CG/newton: 2362 | ls (cap|max|inv|bt):  0| 0| 0| 0| runtime: 1119.7 ms | cr: 4478.9
    1887. dt:  0.25 ms | #newton:  1 | ph:  0.0% | #CG/newton: 2364 | ls (cap|max|inv|bt):  0| 0| 0| 0| runtime: 1119.3 ms | cr: 4477.0
    1888. dt:  0.25 ms | #newton:  1 | ph:  0.0% | #CG/newton: 2364 | ls (cap|max|inv|bt):  0| 0| 0| 0| runtime: 1121.0 ms | cr: 4484.1
    1889. dt:  0.25 ms | #newton:  1 | ph:  0.0% | #CG/newton: 2362 | ls (cap|max|inv|bt):  0| 0| 0| 0| runtime: 1125.1 ms | cr: 4500.3
    1890. dt:  0.25 ms | #newton:  1 | ph:  0.0% | #CG/newton: 2363 | ls (cap|max|inv|bt):  0| 0| 0| 0| runtime: 1118.5 ms | cr: 4473.9
    1891. dt:  0.25 ms | #newton:  1 | ph:  0.0% | #CG/newton: 2361 | ls (cap|max|inv|bt):  0| 0| 0| 0| runtime: 1113.0 ms | cr: 4451.9
    1892. dt:  0.25 ms | #newton:  1 | ph:  0.0% | #CG/newton: 2360 | ls (cap|max|inv|bt):  0| 0| 0| 0| runtime: 1203.8 ms | cr: 4815.1
    1893. dt:  0.25 ms | #newton:  1 | ph:  0.0% | #CG/newton: 2365 | ls (cap|max|inv|bt):  0| 0| 0| 0| runtime: 1125.2 ms | cr: 4500.9
    1894. dt:  0.25 ms | #newton:  1 | ph:  0.0% | #CG/newton: 2361 | ls (cap|max|inv|bt):  0| 0| 0| 0| runtime: 1156.1 ms | cr: 4624.5
    1895. dt:  0.25 ms | #newton:  1 | ph:  0.0% | #CG/newton: 2361 | ls (cap|max|inv|bt):  0| 0| 0| 0| runtime: 1119.9 ms | cr: 4479.7
    1896. dt:  0.25 ms | #newton:  1 | ph:  0.0% | #CG/newton: 2747 | ls (cap|max|inv|bt):  0| 0| 0| 0| runtime: 1269.9 ms | cr: 5079.6
    1897. dt:  0.25 ms | #newton:  1 | ph:  0.0% | #CG/newton: 2454 | ls (cap|max|inv|bt):  0| 0| 0| 0| runtime: 1155.0 ms | cr: 4620.0
    1898. dt:  0.25 ms | #newton:  1 | ph:  0.0% | #CG/newton: 2982 | ls (cap|max|inv|bt):  0| 0| 0| 0| runtime: 1361.9 ms | cr: 5447.7
    1899. dt:  0.25 ms | #newton:  1 | ph:  0.0% | #CG/newton: 2962 | ls (cap|max|inv|bt):  0| 0| 0| 0| runtime: 1348.3 ms | cr: 5393.1
    1900. dt:  0.25 ms | #newton:  1 | ph:  0.0% | #CG/newton: 2983 | ls (cap|max|inv|bt):  0| 0| 0| 0| runtime: 1367.8 ms | cr: 5471.4
    1901. dt:  0.25 ms | #newton:  1 | ph:  0.0% | #CG/newton: 2569 | ls (cap|max|inv|bt):  0| 0| 0| 0| runtime: 1201.5 ms | cr: 4805.9
    1902. dt:  0.25 ms | #newton:  1 | ph:  0.0% | #CG/newton: 2963 | ls (cap|max|inv|bt):  0| 0| 0| 0| runtime: 1356.0 ms | cr: 5423.9
    1903. dt:  0.25 ms | #newton:  1 | ph:  0.0% | #CG/newton: 2583 | ls (cap|max|inv|bt):  0| 0| 0| 0| runtime: 1203.8 ms | cr: 4815.2
    1904. dt:  0.25 ms | #newton:  1 | ph:  0.0% | #CG/newton: 2968 | ls (cap|max|inv|bt):  0| 0| 0| 0| runtime: 1353.2 ms | cr: 5412.9
    1905. dt:  0.25 ms | #newton:  1 | ph:  0.0% | #CG/newton: 2996 | ls (cap|max|inv|bt):  0| 0| 0| 0| runtime: 1370.6 ms | cr: 5482.3
    1906. dt:  0.25 ms | #newton:  1 | ph:  0.0% | #CG/newton: 2968 | ls (cap|max|inv|bt):  0| 0| 0| 0| runtime: 1366.4 ms | cr: 5465.7
    1907. dt:  0.25 ms | #newton:  1 | ph:  0.0% | #CG/newton: 2977 | ls (cap|max|inv|bt):  0| 0| 0| 0| runtime: 1363.8 ms | cr: 5455.2
    1908. dt:  0.25 ms | #newton:  1 | ph:  0.0% | #CG/newton: 2978 | ls (cap|max|inv|bt):  0| 0| 0| 0| runtime: 1374.5 ms | cr: 5498.0
    1909. dt:  0.25 ms | #newton:  1 | ph:  0.0% | #CG/newton: 3241 | ls (cap|max|inv|bt):  0| 0| 0| 0| runtime: 1472.1 ms | cr: 5888.2
    1910. dt:  0.25 ms | #newton:  1 | ph:  0.0% | #CG/newton: 3198 | ls (cap|max|inv|bt):  0| 0| 0| 0| runtime: 1449.3 ms | cr: 5797.2
    1911. dt:  0.25 ms | #newton:  1 | ph:  0.0% | #CG/newton: 3197 | ls (cap|max|inv|bt):  0| 0| 0| 0| runtime: 1451.1 ms | cr: 5804.4
    1912. dt:  0.25 ms | #newton:  1 | ph:  0.0% | #CG/newton: 3198 | ls (cap|max|inv|bt):  0| 0| 0| 0| runtime: 1453.3 ms | cr: 5813.1
    1913. dt:  0.25 ms | #newton:  1 | ph:  0.0% | #CG/newton: 3193 | ls (cap|max|inv|bt):  0| 0| 0| 0| runtime: 1443.9 ms | cr: 5775.6
    1914. dt:  0.25 ms | #newton:  1 | ph:  0.0% | #CG/newton: 3190 | ls (cap|max|inv|bt):  0| 0| 0| 0| runtime: 1448.4 ms | cr: 5793.4
    1915. dt:  0.25 ms | #newton:  1 | ph:  0.0% | #CG/newton: 3191 | ls (cap|max|inv|bt):  0| 0| 0| 0| runtime: 1446.1 ms | cr: 5784.5
    1916. dt:  0.25 ms | #newton:  1 | ph:  0.0% | #CG/newton: 3191 | ls (cap|max|inv|bt):  0| 0| 0| 0| runtime: 1450.2 ms | cr: 5800.8
    1917. dt:  0.25 ms | #newton:  1 | ph:  0.0% | #CG/newton: 3187 | ls (cap|max|inv|bt):  0| 0| 0| 0| runtime: 1441.9 ms | cr: 5767.5
    1918. dt:  0.25 ms | #newton:  1 | ph:  0.0% | #CG/newton: 3189 | ls (cap|max|inv|bt):  0| 0| 0| 0| runtime: 1458.5 ms | cr: 5833.8
    1919. dt:  0.25 ms | #newton:  1 | ph:  0.0% | #CG/newton: 3186 | ls (cap|max|inv|bt):  0| 0| 0| 0| runtime: 1456.2 ms | cr: 5824.9
    1920. dt:  0.25 ms | #newton:  1 | ph:  0.0% | #CG/newton: 3183 | ls (cap|max|inv|bt):  0| 0| 0| 0| runtime: 1447.4 ms | cr: 5789.6
    1921. dt:  0.25 ms | #newton:  1 | ph:  0.0% | #CG/newton: 3155 | ls (cap|max|inv|bt):  0| 0| 0| 0| runtime: 1437.6 ms | cr: 5750.2
    1922. dt:  0.25 ms | #newton:  1 | ph:  0.0% | #CG/newton: 3196 | ls (cap|max|inv|bt):  0| 0| 0| 0| runtime: 1441.1 ms | cr: 5764.6
    1923. dt:  0.25 ms | #newton:  1 | ph:  0.0% | #CG/newton: 3195 | ls (cap|max|inv|bt):  0| 0| 0| 0| runtime: 1446.5 ms | cr: 5786.2
    1924. dt:  0.25 ms | #newton:  1 | ph:  0.0% | #CG/newton: 3199 | ls (cap|max|inv|bt):  0| 0| 0| 0| runtime: 1452.1 ms | cr: 5808.2
    1925. dt:  0.25 ms | #newton:  1 | ph:  0.0% | #CG/newton: 3199 | ls (cap|max|inv|bt):  0| 0| 0| 0| runtime: 1454.0 ms | cr: 5816.1
    1926. dt:  0.25 ms | #newton:  1 | ph:  0.0% | #CG/newton: 3201 | ls (cap|max|inv|bt):  0| 0| 0| 0| runtime: 1454.3 ms | cr: 5817.2
    1927. dt:  0.25 ms | #newton:  1 | ph:  0.0% | #CG/newton: 3197 | ls (cap|max|inv|bt):  0| 0| 0| 0| runtime: 1451.7 ms | cr: 5806.7
    1928. dt:  0.25 ms | #newton:  1 | ph:  0.0% | #CG/newton: 3200 | ls (cap|max|inv|bt):  0| 0| 0| 0| runtime: 1451.3 ms | cr: 5805.3
    1929. dt:  0.25 ms | #newton:  1 | ph:  0.0% | #CG/newton: 3197 | ls (cap|max|inv|bt):  0| 0| 0| 0| runtime: 1427.8 ms | cr: 5711.4
    1930. dt:  0.25 ms | #newton:  1 | ph:  0.0% | #CG/newton: 3201 | ls (cap|max|inv|bt):  0| 0| 0| 0| runtime: 1447.5 ms | cr: 5789.9
    1931. dt:  0.25 ms | #newton:  1 | ph:  0.0% | #CG/newton: 3204 | ls (cap|max|inv|bt):  0| 0| 0| 0| runtime: 1454.8 ms | cr: 5819.4
    1932. dt:  0.25 ms | #newton:  1 | ph:  0.0% | #CG/newton: 3200 | ls (cap|max|inv|bt):  0| 0| 0| 0| runtime: 1444.0 ms | cr: 5776.1
    1933. dt:  0.25 ms | #newton:  1 | ph:  0.0% | #CG/newton: 3199 | ls (cap|max|inv|bt):  0| 0| 0| 0| runtime: 1448.0 ms | cr: 5791.8
    1934. dt:  0.25 ms | #newton:  1 | ph:  0.0% | #CG/newton: 3207 | ls (cap|max|inv|bt):  0| 0| 0| 0| runtime: 1465.0 ms | cr: 5859.9
    1935. dt:  0.25 ms | #newton:  1 | ph:  0.0% | #CG/newton: 3204 | ls (cap|max|inv|bt):  0| 0| 0| 0| runtime: 1465.5 ms | cr: 5862.2
    1936. dt:  0.25 ms | #newton:  1 | ph:  0.0% | #CG/newton: 3206 | ls (cap|max|inv|bt):  0| 0| 0| 0| runtime: 1455.4 ms | cr: 5821.7
    1937. dt:  0.25 ms | #newton:  1 | ph:  0.0% | #CG/newton: 3209 | ls (cap|max|inv|bt):  0| 0| 0| 0| runtime: 1478.7 ms | cr: 5914.9
    1938. dt:  0.25 ms | #newton:  1 | ph:  0.0% | #CG/newton: 3205 | ls (cap|max|inv|bt):  0| 0| 0| 0| runtime: 1449.0 ms | cr: 5796.0
    1939. dt:  0.25 ms | #newton:  1 | ph:  0.0% | #CG/newton: 3214 | ls (cap|max|inv|bt):  0| 0| 0| 0| runtime: 1456.7 ms | cr: 5826.9
    1940. dt:  0.25 ms | #newton:  1 | ph:  0.0% | #CG/newton: 3216 | ls (cap|max|inv|bt):  0| 0| 0| 0| runtime: 1449.6 ms | cr: 5798.4
    1941. dt:  0.25 ms | #newton:  1 | ph:  0.0% | #CG/newton: 3217 | ls (cap|max|inv|bt):  0| 0| 0| 0| runtime: 1465.1 ms | cr: 5860.3
    1942. dt:  0.25 ms | #newton:  1 | ph:  0.0% | #CG/newton: 2966 | ls (cap|max|inv|bt):  0| 0| 0| 0| runtime: 1356.3 ms | cr: 5425.2
    1943. dt:  0.25 ms | #newton:  1 | ph:  0.0% | #CG/newton: 2967 | ls (cap|max|inv|bt):  0| 0| 0| 0| runtime: 1361.9 ms | cr: 5447.6
    1944. dt:  0.25 ms | #newton:  1 | ph:  0.0% | #CG/newton: 2972 | ls (cap|max|inv|bt):  0| 0| 0| 0| runtime: 1374.8 ms | cr: 5499.4
    1945. dt:  0.25 ms | #newton:  1 | ph:  0.0% | #CG/newton: 2573 | ls (cap|max|inv|bt):  0| 0| 0| 0| runtime: 1214.5 ms | cr: 4857.8
    1946. dt:  0.25 ms | #newton:  1 | ph:  0.0% | #CG/newton: 2585 | ls (cap|max|inv|bt):  0| 0| 0| 0| runtime: 1191.9 ms | cr: 4767.5
    1947. dt:  0.25 ms | #newton:  1 | ph:  0.0% | #CG/newton: 2570 | ls (cap|max|inv|bt):  0| 0| 0| 0| runtime: 1187.3 ms | cr: 4749.2
    1948. dt:  0.25 ms | #newton:  1 | ph:  0.0% | #CG/newton: 2562 | ls (cap|max|inv|bt):  0| 0| 0| 0| runtime: 1200.5 ms | cr: 4802.2
    1949. dt:  0.25 ms | #newton:  1 | ph:  0.0% | #CG/newton: 2586 | ls (cap|max|inv|bt):  0| 0| 0| 0| runtime: 1196.0 ms | cr: 4784.1
    1950. dt:  0.25 ms | #newton:  1 | ph:  0.0% | #CG/newton: 2578 | ls (cap|max|inv|bt):  0| 0| 0| 0| runtime: 1211.5 ms | cr: 4846.0
    1951. dt:  0.25 ms | #newton:  2 | ph:  0.0% | #CG/newton: 1300 | ls (cap|max|inv|bt):  0| 0| 0| 0| runtime: 1282.3 ms | cr: 5129.2
    1952. dt:  0.25 ms | #newton:  1 | ph:  0.0% | #CG/newton: 2563 | ls (cap|max|inv|bt):  0| 0| 0| 0| runtime: 1201.5 ms | cr: 4806.2
    1953. dt:  0.25 ms | #newton:  2 | ph:  0.0% | #CG/newton: 1367 | ls (cap|max|inv|bt):  0| 0| 0| 0| runtime: 1334.8 ms | cr: 5339.3
    1954. dt:  0.25 ms | #newton:  1 | ph:  0.0% | #CG/newton: 2320 | ls (cap|max|inv|bt):  0| 0| 0| 0| runtime: 1102.5 ms | cr: 4409.8
    1955. dt:  0.25 ms | #newton:  2 | ph:  0.0% | #CG/newton: 1179 | ls (cap|max|inv|bt):  0| 0| 0| 0| runtime: 1262.5 ms | cr: 5049.9
    1956. dt:  0.25 ms | #newton:  1 | ph:  0.0% | #CG/newton: 2320 | ls (cap|max|inv|bt):  0| 0| 0| 0| runtime: 1090.6 ms | cr: 4362.4
    1957. dt:  0.25 ms | #newton:  2 | ph:  0.0% | #CG/newton: 1177 | ls (cap|max|inv|bt):  0| 0| 0| 0| runtime: 1171.8 ms | cr: 4687.1
    1958. dt:  0.25 ms | #newton:  1 | ph:  0.0% | #CG/newton: 2326 | ls (cap|max|inv|bt):  0| 0| 0| 0| runtime: 1105.9 ms | cr: 4423.6
    1959. dt:  0.25 ms | #newton:  2 | ph:  0.0% | #CG/newton: 1178 | ls (cap|max|inv|bt):  0| 0| 0| 0| runtime: 1172.2 ms | cr: 4688.6
    1960. dt:  0.25 ms | #newton:  1 | ph:  0.0% | #CG/newton: 2323 | ls (cap|max|inv|bt):  0| 0| 0| 0| runtime: 1088.7 ms | cr: 4355.0
    1961. dt:  0.25 ms | #newton:  2 | ph:  0.0% | #CG/newton: 1179 | ls (cap|max|inv|bt):  0| 0| 0| 0| runtime: 1179.9 ms | cr: 4719.5
    1962. dt:  0.25 ms | #newton:  1 | ph:  0.0% | #CG/newton: 2061 | ls (cap|max|inv|bt):  0| 0| 0| 0| runtime:  980.5 ms | cr: 3922.0
    1963. dt:  0.25 ms | #newton:  2 | ph:  0.0% | #CG/newton: 1183 | ls (cap|max|inv|bt):  0| 0| 0| 0| runtime: 1179.1 ms | cr: 4716.3
    1964. dt:  0.25 ms | #newton:  1 | ph:  0.0% | #CG/newton: 2034 | ls (cap|max|inv|bt):  0| 0| 0| 0| runtime:  994.8 ms | cr: 3979.3
    1965. dt:  0.25 ms | #newton:  2 | ph:  0.0% | #CG/newton: 1183 | ls (cap|max|inv|bt):  0| 0| 0| 0| runtime: 1168.7 ms | cr: 4674.8
    1966. dt:  0.25 ms | #newton:  1 | ph:  0.0% | #CG/newton: 2031 | ls (cap|max|inv|bt):  0| 0| 0| 0| runtime:  969.4 ms | cr: 3877.4
    1967. dt:  0.25 ms | #newton:  2 | ph:  0.0% | #CG/newton: 1180 | ls (cap|max|inv|bt):  0| 0| 0| 0| runtime: 1158.5 ms | cr: 4634.1
    1968. dt:  0.25 ms | #newton:  1 | ph:  0.0% | #CG/newton: 2029 | ls (cap|max|inv|bt):  0| 0| 0| 0| runtime:  974.0 ms | cr: 3895.9
    1969. dt:  0.25 ms | #newton:  2 | ph:  0.0% | #CG/newton: 1186 | ls (cap|max|inv|bt):  0| 0| 0| 0| runtime: 1175.2 ms | cr: 4700.7
    1970. dt:  0.25 ms | #newton:  1 | ph:  0.0% | #CG/newton: 2030 | ls (cap|max|inv|bt):  0| 0| 0| 0| runtime:  970.4 ms | cr: 3881.8
    1971. dt:  0.25 ms | #newton:  2 | ph:  0.0% | #CG/newton: 1191 | ls (cap|max|inv|bt):  0| 0| 0| 0| runtime: 1193.7 ms | cr: 4775.0
    1972. dt:  0.25 ms | #newton:  1 | ph:  0.0% | #CG/newton: 2033 | ls (cap|max|inv|bt):  0| 0| 0| 0| runtime:  969.9 ms | cr: 3879.8
    1973. dt:  0.25 ms | #newton:  2 | ph:  0.0% | #CG/newton: 1191 | ls (cap|max|inv|bt):  0| 0| 0| 0| runtime: 1171.0 ms | cr: 4683.9
    1974. dt:  0.25 ms | #newton:  1 | ph:  0.0% | #CG/newton: 2037 | ls (cap|max|inv|bt):  0| 0| 0| 0| runtime:  968.8 ms | cr: 3875.4
    1975. dt:  0.25 ms | #newton:  2 | ph:  0.0% | #CG/newton: 1185 | ls (cap|max|inv|bt):  0| 0| 0| 0| runtime: 1173.7 ms | cr: 4695.0
    1976. dt:  0.25 ms | #newton:  1 | ph:  0.0% | #CG/newton: 2325 | ls (cap|max|inv|bt):  0| 0| 0| 0| runtime: 1099.1 ms | cr: 4396.6
    1977. dt:  0.25 ms | #newton:  2 | ph:  0.0% | #CG/newton: 1184 | ls (cap|max|inv|bt):  0| 0| 0| 0| runtime: 1158.1 ms | cr: 4632.4
    1978. dt:  0.25 ms | #newton:  1 | ph:  0.0% | #CG/newton: 2329 | ls (cap|max|inv|bt):  0| 0| 0| 0| runtime: 1094.3 ms | cr: 4377.0
    1979. dt:  0.25 ms | #newton:  2 | ph:  0.0% | #CG/newton: 1396 | ls (cap|max|inv|bt):  0| 0| 0| 0| runtime: 1356.7 ms | cr: 5426.9
    1980. dt:  0.25 ms | #newton:  1 | ph:  0.0% | #CG/newton: 2347 | ls (cap|max|inv|bt):  0| 0| 0| 0| runtime: 1100.6 ms | cr: 4402.3
    1981. dt:  0.25 ms | #newton:  2 | ph:  0.0% | #CG/newton: 1306 | ls (cap|max|inv|bt):  0| 0| 0| 0| runtime: 1275.6 ms | cr: 5102.6
    1982. dt:  0.25 ms | #newton:  1 | ph:  0.0% | #CG/newton: 2277 | ls (cap|max|inv|bt):  0| 0| 0| 0| runtime: 1066.8 ms | cr: 4267.2
    1983. dt:  0.25 ms | #newton:  2 | ph:  0.0% | #CG/newton: 1317 | ls (cap|max|inv|bt):  0| 0| 0| 0| runtime: 1265.6 ms | cr: 5062.4
    1984. dt:  0.25 ms | #newton:  1 | ph:  0.0% | #CG/newton: 2331 | ls (cap|max|inv|bt):  0| 0| 0| 0| runtime: 1115.2 ms | cr: 4460.8
    1985. dt:  0.25 ms | #newton:  2 | ph:  0.0% | #CG/newton: 1387 | ls (cap|max|inv|bt):  0| 0| 0| 0| runtime: 1340.3 ms | cr: 5361.3
    1986. dt:  0.25 ms | #newton:  1 | ph:  0.0% | #CG/newton: 2070 | ls (cap|max|inv|bt):  0| 0| 0| 0| runtime:  984.3 ms | cr: 3937.4
    1987. dt:  0.25 ms | #newton:  2 | ph:  0.0% | #CG/newton: 1187 | ls (cap|max|inv|bt):  0| 0| 0| 0| runtime: 1223.6 ms | cr: 4894.5
    1988. dt:  0.25 ms | #newton:  1 | ph:  0.0% | #CG/newton: 2032 | ls (cap|max|inv|bt):  0| 0| 0| 0| runtime:  981.6 ms | cr: 3926.3
    1989. dt:  0.25 ms | #newton:  2 | ph:  0.0% | #CG/newton: 1376 | ls (cap|max|inv|bt):  0| 0| 0| 0| runtime: 1325.8 ms | cr: 5303.3
    1990. dt:  0.25 ms | #newton:  1 | ph:  0.0% | #CG/newton: 2063 | ls (cap|max|inv|bt):  0| 0| 0| 0| runtime:  988.7 ms | cr: 3954.6
    1991. dt:  0.25 ms | #newton:  2 | ph:  0.0% | #CG/newton: 1326 | ls (cap|max|inv|bt):  0| 0| 0| 0| runtime: 1297.3 ms | cr: 5189.1
    1992. dt:  0.25 ms | #newton:  1 | ph:  0.0% | #CG/newton: 2046 | ls (cap|max|inv|bt):  0| 0| 0| 0| runtime:  989.2 ms | cr: 3956.7
    1993. dt:  0.25 ms | #newton:  2 | ph:  0.0% | #CG/newton: 1184 | ls (cap|max|inv|bt):  0| 0| 0| 0| runtime: 1192.4 ms | cr: 4769.6
    1994. dt:  0.25 ms | #newton:  1 | ph:  0.0% | #CG/newton: 2061 | ls (cap|max|inv|bt):  0| 0| 0| 0| runtime:  993.5 ms | cr: 3974.1
    1995. dt:  0.25 ms | #newton:  2 | ph:  0.0% | #CG/newton: 1182 | ls (cap|max|inv|bt):  0| 0| 0| 0| runtime: 1163.5 ms | cr: 4653.9
    1996. dt:  0.25 ms | #newton:  1 | ph:  0.0% | #CG/newton: 2714 | ls (cap|max|inv|bt):  0| 0| 0| 0| runtime: 1241.0 ms | cr: 4964.1
    1997. dt:  0.25 ms | #newton:  1 | ph:  0.0% | #CG/newton: 2683 | ls (cap|max|inv|bt):  0| 0| 0| 0| runtime: 1245.6 ms | cr: 4982.6
    1998. dt:  0.25 ms | #newton:  1 | ph:  0.0% | #CG/newton: 2912 | ls (cap|max|inv|bt):  0| 0| 0| 0| runtime: 1324.0 ms | cr: 5296.0
    1999. dt:  0.25 ms | #newton:  1 | ph:  0.0% | #CG/newton: 2680 | ls (cap|max|inv|bt):  0| 0| 0| 0| runtime: 1232.3 ms | cr: 4929.2
    2000. dt:  0.25 ms | #newton:  1 | ph:  0.0% | #CG/newton: 2972 | ls (cap|max|inv|bt):  0| 0| 0| 0| runtime: 1347.2 ms | cr: 5388.8
[Frame: 15] Time: 0.500 s
    2001. dt:  0.25 ms | #newton:  1 | ph:  0.0% | #CG/newton: 2749 | ls (cap|max|inv|bt):  0| 0| 0| 0| runtime: 1265.8 ms | cr: 5063.0
    2002. dt:  0.25 ms | #newton:  1 | ph:  0.0% | #CG/newton: 2964 | ls (cap|max|inv|bt):  0| 0| 0| 0| runtime: 1355.8 ms | cr: 5423.2
    2003. dt:  0.25 ms | #newton:  1 | ph:  0.0% | #CG/newton: 3207 | ls (cap|max|inv|bt):  0| 0| 0| 0| runtime: 1461.2 ms | cr: 5844.9
    2004. dt:  0.25 ms | #newton:  1 | ph:  0.0% | #CG/newton: 3238 | ls (cap|max|inv|bt):  0| 0| 0| 0| runtime: 1468.4 ms | cr: 5873.8
    2005. dt:  0.25 ms | #newton:  1 | ph:  0.0% | #CG/newton: 3207 | ls (cap|max|inv|bt):  0| 0| 0| 0| runtime: 1454.1 ms | cr: 5816.5
    2006. dt:  0.25 ms | #newton:  1 | ph:  0.0% | #CG/newton: 1557 | ls (cap|max|inv|bt):  0| 0| 0| 0| runtime:  775.5 ms | cr: 3102.1
    2007. dt:  0.25 ms | #newton:  1 | ph:  0.0% | #CG/newton: 1571 | ls (cap|max|inv|bt):  0| 0| 0| 0| runtime:  782.9 ms | cr: 3131.5
    2008. dt:  0.25 ms | #newton:  1 | ph:  0.0% | #CG/newton: 1560 | ls (cap|max|inv|bt):  0| 0| 0| 0| runtime:  769.8 ms | cr: 3079.1
    2009. dt:  0.25 ms | #newton:  1 | ph:  0.0% | #CG/newton: 1340 | ls (cap|max|inv|bt):  0| 0| 0| 0| runtime:  684.2 ms | cr: 2736.9
    2010. dt:  0.25 ms | #newton:  1 | ph:  0.0% | #CG/newton: 1329 | ls (cap|max|inv|bt):  0| 0| 0| 0| runtime:  671.2 ms | cr: 2684.7
    2011. dt:  0.25 ms | #newton:  1 | ph:  0.0% | #CG/newton: 1328 | ls (cap|max|inv|bt):  0| 0| 0| 0| runtime:  686.2 ms | cr: 2744.6
    2012. dt:  0.25 ms | #newton:  1 | ph:  0.0% | #CG/newton: 1327 | ls (cap|max|inv|bt):  0| 0| 0| 0| runtime:  671.3 ms | cr: 2685.4
    2013. dt:  0.25 ms | #newton:  1 | ph:  0.0% | #CG/newton: 1325 | ls (cap|max|inv|bt):  0| 0| 0| 0| runtime:  679.2 ms | cr: 2716.8
    2014. dt:  0.25 ms | #newton:  1 | ph:  0.0% | #CG/newton: 1331 | ls (cap|max|inv|bt):  0| 0| 0| 0| runtime:  672.7 ms | cr: 2690.9
    2015. dt:  0.25 ms | #newton:  1 | ph:  0.0% | #CG/newton: 1561 | ls (cap|max|inv|bt):  0| 0| 0| 0| runtime:  765.6 ms | cr: 3062.3
    2016. dt:  0.25 ms | #newton:  1 | ph:  0.0% | #CG/newton: 1359 | ls (cap|max|inv|bt):  0| 0| 0| 0| runtime:  680.7 ms | cr: 2722.9
    2017. dt:  0.25 ms | #newton:  1 | ph:  0.0% | #CG/newton: 1560 | ls (cap|max|inv|bt):  0| 0| 0| 0| runtime:  768.4 ms | cr: 3073.5
    2018. dt:  0.25 ms | #newton:  1 | ph:  0.0% | #CG/newton: 1570 | ls (cap|max|inv|bt):  0| 0| 0| 0| runtime:  766.3 ms | cr: 3065.2
    2019. dt:  0.25 ms | #newton:  1 | ph:  0.0% | #CG/newton: 1583 | ls (cap|max|inv|bt):  0| 0| 0| 0| runtime:  775.5 ms | cr: 3102.1
    2020. dt:  0.25 ms | #newton:  1 | ph:  0.0% | #CG/newton: 1554 | ls (cap|max|inv|bt):  0| 0| 0| 0| runtime:  793.7 ms | cr: 3174.8
    2021. dt:  0.25 ms | #newton:  1 | ph:  0.0% | #CG/newton: 1797 | ls (cap|max|inv|bt):  0| 0| 0| 0| runtime:  869.3 ms | cr: 3477.1
    2022. dt:  0.25 ms | #newton:  1 | ph:  0.0% | #CG/newton: 1790 | ls (cap|max|inv|bt):  0| 0| 0| 0| runtime:  863.6 ms | cr: 3454.4
    2023. dt:  0.25 ms | #newton:  1 | ph:  0.0% | #CG/newton: 3642 | ls (cap|max|inv|bt):  0| 0| 0| 0| runtime: 1616.0 ms | cr: 6464.1
    2024. dt:  0.25 ms | #newton:  1 | ph:  0.0% | #CG/newton: 1782 | ls (cap|max|inv|bt):  0| 0| 0| 0| runtime:  857.9 ms | cr: 3431.8
    2025. dt:  0.25 ms | #newton:  1 | ph:  0.0% | #CG/newton: 1757 | ls (cap|max|inv|bt):  0| 0| 0| 0| runtime:  850.5 ms | cr: 3402.0
    2026. dt:  0.25 ms | #newton:  1 | ph:  0.0% | #CG/newton: 1777 | ls (cap|max|inv|bt):  0| 0| 0| 0| runtime:  854.9 ms | cr: 3419.7
    2027. dt:  0.25 ms | #newton:  1 | ph:  0.0% | #CG/newton: 3385 | ls (cap|max|inv|bt):  0| 0| 0| 0| runtime: 1524.2 ms | cr: 6096.9
    2028. dt:  0.25 ms | #newton:  1 | ph:  0.0% | #CG/newton: 3394 | ls (cap|max|inv|bt):  0| 0| 0| 0| runtime: 1530.7 ms | cr: 6122.7
    2029. dt:  0.25 ms | #newton:  1 | ph:  0.0% | #CG/newton: 3085 | ls (cap|max|inv|bt):  0| 0| 0| 0| runtime: 1404.9 ms | cr: 5619.4
    2030. dt:  0.25 ms | #newton:  1 | ph:  0.0% | #CG/newton: 2983 | ls (cap|max|inv|bt):  0| 0| 0| 0| runtime: 1365.8 ms | cr: 5463.2
    2031. dt:  0.25 ms | #newton:  1 | ph:  0.0% | #CG/newton: 3110 | ls (cap|max|inv|bt):  0| 0| 0| 0| runtime: 1416.9 ms | cr: 5667.7
    2032. dt:  0.25 ms | #newton:  1 | ph:  0.0% | #CG/newton: 3310 | ls (cap|max|inv|bt):  0| 0| 0| 0| runtime: 1491.7 ms | cr: 5967.0
    2033. dt:  0.25 ms | #newton:  1 | ph:  0.0% | #CG/newton: 3308 | ls (cap|max|inv|bt):  0| 0| 0| 0| runtime: 1482.6 ms | cr: 5930.4
    2034. dt:  0.25 ms | #newton:  1 | ph:  0.0% | #CG/newton: 3341 | ls (cap|max|inv|bt):  0| 0| 0| 0| runtime: 1509.9 ms | cr: 6039.5
    2035. dt:  0.25 ms | #newton:  1 | ph:  0.0% | #CG/newton: 3333 | ls (cap|max|inv|bt):  0| 0| 0| 0| runtime: 1500.8 ms | cr: 6003.2
    2036. dt:  0.25 ms | #newton:  1 | ph:  0.0% | #CG/newton: 3336 | ls (cap|max|inv|bt):  0| 0| 0| 0| runtime: 1506.2 ms | cr: 6024.8
    2037. dt:  0.25 ms | #newton:  1 | ph:  0.0% | #CG/newton: 3067 | ls (cap|max|inv|bt):  0| 0| 0| 0| runtime: 1405.3 ms | cr: 5621.1
    2038. dt:  0.25 ms | #newton:  1 | ph:  0.0% | #CG/newton: 3586 | ls (cap|max|inv|bt):  0| 0| 0| 0| runtime: 1597.1 ms | cr: 6388.6
    2039. dt:  0.25 ms | #newton:  1 | ph:  0.0% | #CG/newton: 3582 | ls (cap|max|inv|bt):  0| 0| 0| 0| runtime: 1599.1 ms | cr: 6396.3
    2040. dt:  0.25 ms | #newton:  1 | ph:  0.0% | #CG/newton: 3566 | ls (cap|max|inv|bt):  0| 0| 0| 0| runtime: 1614.4 ms | cr: 6457.7
    2041. dt:  0.25 ms | #newton:  1 | ph:  0.0% | #CG/newton: 3350 | ls (cap|max|inv|bt):  0| 0| 0| 0| runtime: 1525.2 ms | cr: 6100.6
    2042. dt:  0.25 ms | #newton:  1 | ph:  0.0% | #CG/newton: 3349 | ls (cap|max|inv|bt):  0| 0| 0| 0| runtime: 1512.4 ms | cr: 6049.5
    2043. dt:  0.25 ms | #newton:  1 | ph:  0.0% | #CG/newton: 3347 | ls (cap|max|inv|bt):  0| 0| 0| 0| runtime: 1513.1 ms | cr: 6052.3
    2044. dt:  0.25 ms | #newton:  1 | ph:  0.0% | #CG/newton: 3361 | ls (cap|max|inv|bt):  0| 0| 0| 0| runtime: 1519.0 ms | cr: 6076.1
    2045. dt:  0.25 ms | #newton:  1 | ph:  0.0% | #CG/newton: 3345 | ls (cap|max|inv|bt):  0| 0| 0| 0| runtime: 1503.0 ms | cr: 6011.8
    2046. dt:  0.25 ms | #newton:  1 | ph:  0.0% | #CG/newton: 3361 | ls (cap|max|inv|bt):  0| 0| 0| 0| runtime: 1509.9 ms | cr: 6039.4
    2047. dt:  0.25 ms | #newton:  1 | ph:  0.0% | #CG/newton: 3361 | ls (cap|max|inv|bt):  0| 0| 0| 0| runtime: 1530.3 ms | cr: 6121.1
    2048. dt:  0.25 ms | #newton:  1 | ph:  0.0% | #CG/newton: 3378 | ls (cap|max|inv|bt):  0| 0| 0| 0| runtime: 1512.6 ms | cr: 6050.4
    2049. dt:  0.25 ms | #newton:  1 | ph:  0.0% | #CG/newton: 3617 | ls (cap|max|inv|bt):  0| 0| 0| 0| runtime: 1608.5 ms | cr: 6434.1
    2050. dt:  0.25 ms | #newton:  1 | ph:  0.0% | #CG/newton: 3623 | ls (cap|max|inv|bt):  0| 0| 0| 0| runtime: 1618.9 ms | cr: 6475.7
    2051. dt:  0.25 ms | #newton:  1 | ph:  0.0% | #CG/newton: 3572 | ls (cap|max|inv|bt):  0| 0| 0| 0| runtime: 1595.9 ms | cr: 6383.7
    2052. dt:  0.25 ms | #newton:  1 | ph:  0.0% | #CG/newton: 3567 | ls (cap|max|inv|bt):  0| 0| 0| 0| runtime: 1604.1 ms | cr: 6416.5
    2053. dt:  0.25 ms | #newton:  1 | ph:  0.0% | #CG/newton: 3589 | ls (cap|max|inv|bt):  0| 0| 0| 0| runtime: 1607.4 ms | cr: 6429.6
    2054. dt:  0.25 ms | #newton:  1 | ph:  0.0% | #CG/newton: 3574 | ls (cap|max|inv|bt):  0| 0| 0| 0| runtime: 1588.2 ms | cr: 6353.0
    2055. dt:  0.25 ms | #newton:  1 | ph:  0.0% | #CG/newton: 3585 | ls (cap|max|inv|bt):  0| 0| 0| 0| runtime: 1618.2 ms | cr: 6472.6
    2056. dt:  0.25 ms | #newton:  1 | ph:  0.0% | #CG/newton: 3588 | ls (cap|max|inv|bt):  0| 0| 0| 0| runtime: 1599.5 ms | cr: 6398.0
    2057. dt:  0.25 ms | #newton:  1 | ph:  0.0% | #CG/newton: 3596 | ls (cap|max|inv|bt):  0| 0| 0| 0| runtime: 1616.7 ms | cr: 6466.7
    2058. dt:  0.25 ms | #newton:  1 | ph:  0.0% | #CG/newton: 3594 | ls (cap|max|inv|bt):  0| 0| 0| 0| runtime: 1610.8 ms | cr: 6443.1
    2059. dt:  0.25 ms | #newton:  1 | ph:  0.0% | #CG/newton: 3617 | ls (cap|max|inv|bt):  0| 0| 0| 0| runtime: 1627.2 ms | cr: 6508.9
    2060. dt:  0.25 ms | #newton:  1 | ph:  0.0% | #CG/newton: 3602 | ls (cap|max|inv|bt):  0| 0| 0| 0| runtime: 1611.7 ms | cr: 6446.7
    2061. dt:  0.25 ms | #newton:  1 | ph:  0.0% | #CG/newton: 3625 | ls (cap|max|inv|bt):  0| 0| 0| 0| runtime: 1609.2 ms | cr: 6436.9
    2062. dt:  0.25 ms | #newton:  1 | ph:  0.0% | #CG/newton: 3625 | ls (cap|max|inv|bt):  0| 0| 0| 0| runtime: 1622.0 ms | cr: 6487.9
    2063. dt:  0.25 ms | #newton:  1 | ph:  0.0% | #CG/newton: 3619 | ls (cap|max|inv|bt):  0| 0| 0| 0| runtime: 1602.4 ms | cr: 6409.8
    2064. dt:  0.25 ms | #newton:  1 | ph:  0.0% | #CG/newton: 3622 | ls (cap|max|inv|bt):  0| 0| 0| 0| runtime: 1630.8 ms | cr: 6523.2
    2065. dt:  0.25 ms | #newton:  1 | ph:  0.0% | #CG/newton: 3618 | ls (cap|max|inv|bt):  0| 0| 0| 0| runtime: 1618.8 ms | cr: 6475.3
    2066. dt:  0.25 ms | #newton:  1 | ph:  0.0% | #CG/newton: 3617 | ls (cap|max|inv|bt):  0| 0| 0| 0| runtime: 1618.1 ms | cr: 6472.5
    2067. dt:  0.25 ms | #newton:  1 | ph:  0.0% | #CG/newton: 3608 | ls (cap|max|inv|bt):  0| 0| 0| 0| runtime: 1610.2 ms | cr: 6440.9
    2068. dt:  0.25 ms | #newton:  1 | ph:  0.0% | #CG/newton: 3598 | ls (cap|max|inv|bt):  0| 0| 0| 0| runtime: 1608.2 ms | cr: 6432.7
    2069. dt:  0.25 ms | #newton:  1 | ph:  0.0% | #CG/newton: 3583 | ls (cap|max|inv|bt):  0| 0| 0| 0| runtime: 1598.7 ms | cr: 6394.6
    2070. dt:  0.25 ms | #newton:  1 | ph:  0.0% | #CG/newton: 3577 | ls (cap|max|inv|bt):  0| 0| 0| 0| runtime: 1595.5 ms | cr: 6382.2
    2071. dt:  0.25 ms | #newton:  1 | ph:  0.0% | #CG/newton: 3574 | ls (cap|max|inv|bt):  0| 0| 0| 0| runtime: 1603.0 ms | cr: 6412.0
    2072. dt:  0.25 ms | #newton:  1 | ph:  0.0% | #CG/newton: 3569 | ls (cap|max|inv|bt):  0| 0| 0| 0| runtime: 1610.4 ms | cr: 6441.7
    2073. dt:  0.25 ms | #newton:  1 | ph:  0.0% | #CG/newton: 3566 | ls (cap|max|inv|bt):  0| 0| 0| 0| runtime: 1563.9 ms | cr: 6255.8
    2074. dt:  0.25 ms | #newton:  1 | ph:  0.0% | #CG/newton: 3564 | ls (cap|max|inv|bt):  0| 0| 0| 0| runtime: 1529.0 ms | cr: 6116.1
    2075. dt:  0.25 ms | #newton:  1 | ph:  0.0% | #CG/newton: 3560 | ls (cap|max|inv|bt):  0| 0| 0| 0| runtime: 1588.5 ms | cr: 6354.0
    2076. dt:  0.25 ms | #newton:  1 | ph:  0.0% | #CG/newton: 3760 | ls (cap|max|inv|bt):  0| 0| 0| 0| runtime: 1686.9 ms | cr: 6747.6
    2077. dt:  0.25 ms | #newton:  1 | ph:  0.0% | #CG/newton: 3752 | ls (cap|max|inv|bt):  0| 0| 0| 0| runtime: 1667.8 ms | cr: 6671.2
    2078. dt:  0.25 ms | #newton:  1 | ph:  0.0% | #CG/newton: 3562 | ls (cap|max|inv|bt):  0| 0| 0| 0| runtime: 1594.7 ms | cr: 6378.7
    2079. dt:  0.25 ms | #newton:  1 | ph:  0.0% | #CG/newton: 3555 | ls (cap|max|inv|bt):  0| 0| 0| 0| runtime: 1600.6 ms | cr: 6402.6
    2080. dt:  0.25 ms | #newton:  1 | ph:  0.0% | #CG/newton: 3545 | ls (cap|max|inv|bt):  0| 0| 0| 0| runtime: 1586.8 ms | cr: 6347.3
    2081. dt:  0.25 ms | #newton:  1 | ph:  0.0% | #CG/newton: 3545 | ls (cap|max|inv|bt):  0| 0| 0| 0| runtime: 1570.4 ms | cr: 6281.4
    2082. dt:  0.25 ms | #newton:  1 | ph:  0.0% | #CG/newton: 3552 | ls (cap|max|inv|bt):  0| 0| 0| 0| runtime: 1593.1 ms | cr: 6372.5
    2083. dt:  0.25 ms | #newton:  1 | ph:  0.0% | #CG/newton: 3733 | ls (cap|max|inv|bt):  0| 0| 0| 0| runtime: 1664.4 ms | cr: 6657.7
    2084. dt:  0.25 ms | #newton:  1 | ph:  0.0% | #CG/newton: 3734 | ls (cap|max|inv|bt):  0| 0| 0| 0| runtime: 1668.3 ms | cr: 6673.1
    2085. dt:  0.25 ms | #newton:  1 | ph:  0.0% | #CG/newton: 3733 | ls (cap|max|inv|bt):  0| 0| 0| 0| runtime: 1658.3 ms | cr: 6633.2
    2086. dt:  0.25 ms | #newton:  1 | ph:  0.0% | #CG/newton: 3733 | ls (cap|max|inv|bt):  0| 0| 0| 0| runtime: 1614.2 ms | cr: 6457.0
    2087. dt:  0.25 ms | #newton:  1 | ph:  0.0% | #CG/newton: 3736 | ls (cap|max|inv|bt):  0| 0| 0| 0| runtime: 1590.9 ms | cr: 6363.8
    2088. dt:  0.25 ms | #newton:  1 | ph:  0.0% | #CG/newton: 3731 | ls (cap|max|inv|bt):  0| 0| 0| 0| runtime: 1626.7 ms | cr: 6506.9
    2089. dt:  0.25 ms | #newton:  1 | ph:  0.0% | #CG/newton: 3733 | ls (cap|max|inv|bt):  0| 0| 0| 0| runtime: 1665.5 ms | cr: 6662.1
    2090. dt:  0.25 ms | #newton:  1 | ph:  0.0% | #CG/newton: 3736 | ls (cap|max|inv|bt):  0| 0| 0| 0| runtime: 1666.6 ms | cr: 6666.3
    2091. dt:  0.25 ms | #newton:  1 | ph:  0.0% | #CG/newton: 3735 | ls (cap|max|inv|bt):  0| 0| 0| 0| runtime: 1661.6 ms | cr: 6646.4
    2092. dt:  0.25 ms | #newton:  1 | ph:  0.0% | #CG/newton: 3733 | ls (cap|max|inv|bt):  0| 0| 0| 0| runtime: 1668.8 ms | cr: 6675.2
    2093. dt:  0.25 ms | #newton:  1 | ph:  0.0% | #CG/newton: 3735 | ls (cap|max|inv|bt):  0| 0| 0| 0| runtime: 1661.3 ms | cr: 6645.0
    2094. dt:  0.25 ms | #newton:  1 | ph:  0.0% | #CG/newton: 3734 | ls (cap|max|inv|bt):  0| 0| 0| 0| runtime: 1678.0 ms | cr: 6712.1
    2095. dt:  0.25 ms | #newton:  1 | ph:  0.0% | #CG/newton: 3734 | ls (cap|max|inv|bt):  0| 0| 0| 0| runtime: 1660.3 ms | cr: 6641.2
    2096. dt:  0.25 ms | #newton:  1 | ph:  0.0% | #CG/newton: 3738 | ls (cap|max|inv|bt):  0| 0| 0| 0| runtime: 1699.4 ms | cr: 6797.7
    2097. dt:  0.25 ms | #newton:  1 | ph:  0.0% | #CG/newton: 3743 | ls (cap|max|inv|bt):  0| 0| 0| 0| runtime: 1686.5 ms | cr: 6746.0
    2098. dt:  0.25 ms | #newton:  1 | ph:  0.0% | #CG/newton: 3552 | ls (cap|max|inv|bt):  0| 0| 0| 0| runtime: 1589.4 ms | cr: 6357.5
    2099. dt:  0.25 ms | #newton:  1 | ph:  0.0% | #CG/newton: 3540 | ls (cap|max|inv|bt):  0| 0| 0| 0| runtime: 1596.8 ms | cr: 6387.2
    2100. dt:  0.25 ms | #newton:  1 | ph:  0.0% | #CG/newton: 3535 | ls (cap|max|inv|bt):  0| 0| 0| 0| runtime: 1569.6 ms | cr: 6278.6
    2101. dt:  0.25 ms | #newton:  1 | ph:  0.0% | #CG/newton: 3534 | ls (cap|max|inv|bt):  0| 0| 0| 0| runtime: 1580.0 ms | cr: 6320.1
    2102. dt:  0.25 ms | #newton:  1 | ph:  0.0% | #CG/newton: 3728 | ls (cap|max|inv|bt):  0| 0| 0| 0| runtime: 1669.1 ms | cr: 6676.4
    2103. dt:  0.25 ms | #newton:  1 | ph:  0.0% | #CG/newton: 3559 | ls (cap|max|inv|bt):  0| 0| 0| 0| runtime: 1602.1 ms | cr: 6408.5
    2104. dt:  0.25 ms | #newton:  1 | ph:  0.0% | #CG/newton: 3531 | ls (cap|max|inv|bt):  0| 0| 0| 0| runtime: 1588.0 ms | cr: 6352.0
    2105. dt:  0.25 ms | #newton:  1 | ph:  0.0% | #CG/newton: 3719 | ls (cap|max|inv|bt):  0| 0| 0| 0| runtime: 1661.3 ms | cr: 6645.2
    2106. dt:  0.25 ms | #newton:  1 | ph:  0.0% | #CG/newton: 3722 | ls (cap|max|inv|bt):  0| 0| 0| 0| runtime: 1678.5 ms | cr: 6714.1
    2107. dt:  0.25 ms | #newton:  1 | ph:  0.0% | #CG/newton: 3720 | ls (cap|max|inv|bt):  0| 0| 0| 0| runtime: 1653.9 ms | cr: 6615.5
    2108. dt:  0.25 ms | #newton:  1 | ph:  0.0% | #CG/newton: 3715 | ls (cap|max|inv|bt):  0| 0| 0| 0| runtime: 1665.3 ms | cr: 6661.4
    2109. dt:  0.25 ms | #newton:  1 | ph:  0.0% | #CG/newton: 3715 | ls (cap|max|inv|bt):  0| 0| 0| 0| runtime: 1664.8 ms | cr: 6659.3
    2110. dt:  0.25 ms | #newton:  1 | ph:  0.0% | #CG/newton: 3713 | ls (cap|max|inv|bt):  0| 0| 0| 0| runtime: 1672.9 ms | cr: 6691.5
    2111. dt:  0.25 ms | #newton:  1 | ph:  0.0% | #CG/newton: 3678 | ls (cap|max|inv|bt):  0| 0| 0| 0| runtime: 1647.4 ms | cr: 6589.5
    2112. dt:  0.25 ms | #newton:  1 | ph:  0.0% | #CG/newton: 3718 | ls (cap|max|inv|bt):  0| 0| 0| 0| runtime: 1663.1 ms | cr: 6652.4
    2113. dt:  0.25 ms | #newton:  1 | ph:  0.0% | #CG/newton: 3682 | ls (cap|max|inv|bt):  0| 0| 0| 0| runtime: 1638.3 ms | cr: 6553.0
    2114. dt:  0.25 ms | #newton:  1 | ph:  0.0% | #CG/newton: 3715 | ls (cap|max|inv|bt):  0| 0| 0| 0| runtime: 1643.4 ms | cr: 6573.6
    2115. dt:  0.25 ms | #newton:  1 | ph:  0.0% | #CG/newton: 3713 | ls (cap|max|inv|bt):  0| 0| 0| 0| runtime: 1689.5 ms | cr: 6758.0
    2116. dt:  0.25 ms | #newton:  1 | ph:  0.0% | #CG/newton: 3713 | ls (cap|max|inv|bt):  0| 0| 0| 0| runtime: 1660.8 ms | cr: 6643.4
    2117. dt:  0.25 ms | #newton:  1 | ph:  0.0% | #CG/newton: 3680 | ls (cap|max|inv|bt):  0| 0| 0| 0| runtime: 1635.2 ms | cr: 6540.9
    2118. dt:  0.25 ms | #newton:  1 | ph:  0.0% | #CG/newton: 3711 | ls (cap|max|inv|bt):  0| 0| 0| 0| runtime: 1666.5 ms | cr: 6665.8
    2119. dt:  0.25 ms | #newton:  1 | ph:  0.0% | #CG/newton: 3710 | ls (cap|max|inv|bt):  0| 0| 0| 0| runtime: 1655.1 ms | cr: 6620.4
    2120. dt:  0.25 ms | #newton:  1 | ph:  0.0% | #CG/newton: 3682 | ls (cap|max|inv|bt):  0| 0| 0| 0| runtime: 1650.5 ms | cr: 6602.0
    2121. dt:  0.25 ms | #newton:  1 | ph:  0.0% | #CG/newton: 3707 | ls (cap|max|inv|bt):  0| 0| 0| 0| runtime: 1654.9 ms | cr: 6619.7
    2122. dt:  0.25 ms | #newton:  1 | ph:  0.0% | #CG/newton: 3709 | ls (cap|max|inv|bt):  0| 0| 0| 0| runtime: 1649.9 ms | cr: 6599.5
    2123. dt:  0.25 ms | #newton:  1 | ph:  0.0% | #CG/newton: 3714 | ls (cap|max|inv|bt):  0| 0| 0| 0| runtime: 1664.4 ms | cr: 6657.7
    2124. dt:  0.25 ms | #newton:  1 | ph:  0.0% | #CG/newton: 3707 | ls (cap|max|inv|bt):  0| 0| 0| 0| runtime: 1661.8 ms | cr: 6647.1
    2125. dt:  0.25 ms | #newton:  1 | ph:  0.0% | #CG/newton: 3710 | ls (cap|max|inv|bt):  0| 0| 0| 0| runtime: 1660.7 ms | cr: 6642.7
    2126. dt:  0.25 ms | #newton:  1 | ph:  0.0% | #CG/newton: 3713 | ls (cap|max|inv|bt):  0| 0| 0| 0| runtime: 1654.9 ms | cr: 6619.5
    2127. dt:  0.25 ms | #newton:  1 | ph:  0.0% | #CG/newton: 3712 | ls (cap|max|inv|bt):  0| 0| 0| 0| runtime: 1655.5 ms | cr: 6622.1
    2128. dt:  0.25 ms | #newton:  1 | ph:  0.0% | #CG/newton: 3712 | ls (cap|max|inv|bt):  0| 0| 0| 0| runtime: 1647.8 ms | cr: 6591.1
    2129. dt:  0.25 ms | #newton:  1 | ph:  0.0% | #CG/newton: 3712 | ls (cap|max|inv|bt):  0| 0| 0| 0| runtime: 1670.7 ms | cr: 6682.9
    2130. dt:  0.25 ms | #newton:  1 | ph:  0.0% | #CG/newton: 3712 | ls (cap|max|inv|bt):  0| 0| 0| 0| runtime: 1670.6 ms | cr: 6682.6
    2131. dt:  0.25 ms | #newton:  1 | ph:  0.0% | #CG/newton: 3711 | ls (cap|max|inv|bt):  0| 0| 0| 0| runtime: 1645.7 ms | cr: 6582.9
    2132. dt:  0.25 ms | #newton:  1 | ph:  0.0% | #CG/newton: 3713 | ls (cap|max|inv|bt):  0| 0| 0| 0| runtime: 1653.8 ms | cr: 6615.3
    2133. dt:  0.25 ms | #newton:  1 | ph:  0.0% | #CG/newton: 3706 | ls (cap|max|inv|bt):  0| 0| 0| 0| runtime: 1651.1 ms | cr: 6604.4
[Frame: 16] Time: 0.533 s
    2134. dt:  0.25 ms | #newton:  1 | ph:  0.0% | #CG/newton: 3714 | ls (cap|max|inv|bt):  0| 0| 0| 0| runtime: 1657.4 ms | cr: 6629.8
    2135. dt:  0.25 ms | #newton:  1 | ph:  0.0% | #CG/newton: 3714 | ls (cap|max|inv|bt):  0| 0| 0| 0| runtime: 1666.1 ms | cr: 6664.2
    2136. dt:  0.25 ms | #newton:  1 | ph:  0.0% | #CG/newton: 3717 | ls (cap|max|inv|bt):  0| 0| 0| 0| runtime: 1701.3 ms | cr: 6805.3
    2137. dt:  0.25 ms | #newton:  1 | ph:  0.0% | #CG/newton: 3718 | ls (cap|max|inv|bt):  0| 0| 0| 0| runtime: 1661.4 ms | cr: 6645.6
    2138. dt:  0.25 ms | #newton:  1 | ph:  0.0% | #CG/newton: 3717 | ls (cap|max|inv|bt):  0| 0| 0| 0| runtime: 1711.1 ms | cr: 6844.3
    2139. dt:  0.25 ms | #newton:  1 | ph:  0.0% | #CG/newton: 3716 | ls (cap|max|inv|bt):  0| 0| 0| 0| runtime: 1668.0 ms | cr: 6672.2
    2140. dt:  0.25 ms | #newton:  1 | ph:  0.0% | #CG/newton: 3714 | ls (cap|max|inv|bt):  0| 0| 0| 0| runtime: 1646.2 ms | cr: 6584.7
    2141. dt:  0.25 ms | #newton:  1 | ph:  0.0% | #CG/newton: 3716 | ls (cap|max|inv|bt):  0| 0| 0| 0| runtime: 1659.0 ms | cr: 6636.2
    2142. dt:  0.25 ms | #newton:  1 | ph:  0.0% | #CG/newton: 3714 | ls (cap|max|inv|bt):  0| 0| 0| 0| runtime: 1665.9 ms | cr: 6663.5
    2143. dt:  0.25 ms | #newton:  1 | ph:  0.0% | #CG/newton: 3714 | ls (cap|max|inv|bt):  0| 0| 0| 0| runtime: 1658.3 ms | cr: 6633.1
    2144. dt:  0.25 ms | #newton:  1 | ph:  0.0% | #CG/newton: 3717 | ls (cap|max|inv|bt):  0| 0| 0| 0| runtime: 1672.1 ms | cr: 6688.4
    2145. dt:  0.25 ms | #newton:  1 | ph:  0.0% | #CG/newton: 3714 | ls (cap|max|inv|bt):  0| 0| 0| 0| runtime: 1613.7 ms | cr: 6454.7
    2146. dt:  0.25 ms | #newton:  1 | ph:  0.0% | #CG/newton: 3713 | ls (cap|max|inv|bt):  0| 0| 0| 0| runtime: 1642.5 ms | cr: 6570.2
    2147. dt:  0.25 ms | #newton:  1 | ph:  0.0% | #CG/newton: 3713 | ls (cap|max|inv|bt):  0| 0| 0| 0| runtime: 1660.3 ms | cr: 6641.3
    2148. dt:  0.25 ms | #newton:  1 | ph:  0.0% | #CG/newton: 3713 | ls (cap|max|inv|bt):  0| 0| 0| 0| runtime: 1667.5 ms | cr: 6670.1
    2149. dt:  0.25 ms | #newton:  1 | ph:  0.0% | #CG/newton: 3714 | ls (cap|max|inv|bt):  0| 0| 0| 0| runtime: 1659.1 ms | cr: 6636.5
    2150. dt:  0.25 ms | #newton:  1 | ph:  0.0% | #CG/newton: 3715 | ls (cap|max|inv|bt):  0| 0| 0| 0| runtime: 1647.6 ms | cr: 6590.2
    2151. dt:  0.25 ms | #newton:  1 | ph:  0.0% | #CG/newton: 3672 | ls (cap|max|inv|bt):  0| 0| 0| 0| runtime: 1659.7 ms | cr: 6639.0
    2152. dt:  0.25 ms | #newton:  1 | ph:  0.0% | #CG/newton: 3669 | ls (cap|max|inv|bt):  0| 0| 0| 0| runtime: 1635.3 ms | cr: 6541.4
    2153. dt:  0.25 ms | #newton:  1 | ph:  0.0% | #CG/newton: 3715 | ls (cap|max|inv|bt):  0| 0| 0| 0| runtime: 1650.5 ms | cr: 6602.1
    2154. dt:  0.25 ms | #newton:  1 | ph:  0.0% | #CG/newton: 3882 | ls (cap|max|inv|bt):  0| 0| 0| 0| runtime: 1730.5 ms | cr: 6922.0
    2155. dt:  0.25 ms | #newton:  1 | ph:  0.0% | #CG/newton: 3881 | ls (cap|max|inv|bt):  0| 0| 0| 0| runtime: 1709.9 ms | cr: 6839.5
    2156. dt:  0.25 ms | #newton:  1 | ph:  0.0% | #CG/newton: 3880 | ls (cap|max|inv|bt):  0| 0| 0| 0| runtime: 1720.4 ms | cr: 6881.5
    2157. dt:  0.25 ms | #newton:  1 | ph:  0.0% | #CG/newton: 3884 | ls (cap|max|inv|bt):  0| 0| 0| 0| runtime: 1716.6 ms | cr: 6866.3
    2158. dt:  0.25 ms | #newton:  1 | ph:  0.0% | #CG/newton: 3883 | ls (cap|max|inv|bt):  0| 0| 0| 0| runtime: 1721.5 ms | cr: 6886.1
    2159. dt:  0.25 ms | #newton:  1 | ph:  0.0% | #CG/newton: 3885 | ls (cap|max|inv|bt):  0| 0| 0| 0| runtime: 1709.0 ms | cr: 6836.0
    2160. dt:  0.25 ms | #newton:  1 | ph:  0.0% | #CG/newton: 3886 | ls (cap|max|inv|bt):  0| 0| 0| 0| runtime: 1734.2 ms | cr: 6936.7
    2161. dt:  0.25 ms | #newton:  1 | ph:  0.0% | #CG/newton: 3885 | ls (cap|max|inv|bt):  0| 0| 0| 0| runtime: 1733.3 ms | cr: 6933.1
    2162. dt:  0.25 ms | #newton:  1 | ph:  0.0% | #CG/newton: 3885 | ls (cap|max|inv|bt):  0| 0| 0| 0| runtime: 1712.3 ms | cr: 6849.1
    2163. dt:  0.25 ms | #newton:  1 | ph:  0.0% | #CG/newton: 3886 | ls (cap|max|inv|bt):  0| 0| 0| 0| runtime: 1727.9 ms | cr: 6911.6
    2164. dt:  0.25 ms | #newton:  1 | ph:  0.0% | #CG/newton: 3886 | ls (cap|max|inv|bt):  0| 0| 0| 0| runtime: 1720.5 ms | cr: 6882.0
    2165. dt:  0.25 ms | #newton:  1 | ph:  0.0% | #CG/newton: 3886 | ls (cap|max|inv|bt):  0| 0| 0| 0| runtime: 1722.7 ms | cr: 6890.9
    2166. dt:  0.25 ms | #newton:  1 | ph:  0.0% | #CG/newton: 3886 | ls (cap|max|inv|bt):  0| 0| 0| 0| runtime: 1723.7 ms | cr: 6894.6
    2167. dt:  0.25 ms | #newton:  1 | ph:  0.0% | #CG/newton: 3886 | ls (cap|max|inv|bt):  0| 0| 0| 0| runtime: 1726.5 ms | cr: 6906.1
    2168. dt:  0.25 ms | #newton:  1 | ph:  0.0% | #CG/newton: 3886 | ls (cap|max|inv|bt):  0| 0| 0| 0| runtime: 1724.5 ms | cr: 6898.1
    2169. dt:  0.25 ms | #newton:  1 | ph:  0.0% | #CG/newton: 3887 | ls (cap|max|inv|bt):  0| 0| 0| 0| runtime: 1729.3 ms | cr: 6917.0
    2170. dt:  0.25 ms | #newton:  1 | ph:  0.0% | #CG/newton: 3887 | ls (cap|max|inv|bt):  0| 0| 0| 0| runtime: 1734.1 ms | cr: 6936.3
    2171. dt:  0.25 ms | #newton:  1 | ph:  0.0% | #CG/newton: 3886 | ls (cap|max|inv|bt):  0| 0| 0| 0| runtime: 1714.5 ms | cr: 6858.1
    2172. dt:  0.25 ms | #newton:  1 | ph:  0.0% | #CG/newton: 3885 | ls (cap|max|inv|bt):  0| 0| 0| 0| runtime: 1729.4 ms | cr: 6917.5
    2173. dt:  0.25 ms | #newton:  1 | ph:  0.0% | #CG/newton: 3885 | ls (cap|max|inv|bt):  0| 0| 0| 0| runtime: 1748.9 ms | cr: 6995.6
    2174. dt:  0.25 ms | #newton:  1 | ph:  0.0% | #CG/newton: 3885 | ls (cap|max|inv|bt):  0| 0| 0| 0| runtime: 1739.7 ms | cr: 6958.9
    2175. dt:  0.25 ms | #newton:  1 | ph:  0.0% | #CG/newton: 3888 | ls (cap|max|inv|bt):  0| 0| 0| 0| runtime: 1727.9 ms | cr: 6911.7
    2176. dt:  0.25 ms | #newton:  1 | ph:  0.0% | #CG/newton: 3886 | ls (cap|max|inv|bt):  0| 0| 0| 0| runtime: 1741.7 ms | cr: 6966.9
    2177. dt:  0.25 ms | #newton:  1 | ph:  0.0% | #CG/newton: 3886 | ls (cap|max|inv|bt):  0| 0| 0| 0| runtime: 1726.2 ms | cr: 6904.9
    2178. dt:  0.25 ms | #newton:  1 | ph:  0.0% | #CG/newton: 3886 | ls (cap|max|inv|bt):  0| 0| 0| 0| runtime: 1733.9 ms | cr: 6935.8
    2179. dt:  0.25 ms | #newton:  1 | ph:  0.0% | #CG/newton: 3888 | ls (cap|max|inv|bt):  0| 0| 0| 0| runtime: 1732.9 ms | cr: 6931.4
    2180. dt:  0.25 ms | #newton:  1 | ph:  0.0% | #CG/newton: 3888 | ls (cap|max|inv|bt):  0| 0| 0| 0| runtime: 1739.6 ms | cr: 6958.5
    2181. dt:  0.25 ms | #newton:  1 | ph:  0.0% | #CG/newton: 3884 | ls (cap|max|inv|bt):  0| 0| 0| 0| runtime: 1740.1 ms | cr: 6960.6
    2182. dt:  0.25 ms | #newton:  1 | ph:  0.0% | #CG/newton: 3888 | ls (cap|max|inv|bt):  0| 0| 0| 0| runtime: 1738.1 ms | cr: 6952.5
    2183. dt:  0.25 ms | #newton:  1 | ph:  0.0% | #CG/newton: 3885 | ls (cap|max|inv|bt):  0| 0| 0| 0| runtime: 1728.8 ms | cr: 6915.4
    2184. dt:  0.25 ms | #newton:  1 | ph:  0.0% | #CG/newton: 3888 | ls (cap|max|inv|bt):  0| 0| 0| 0| runtime: 1736.4 ms | cr: 6945.6
    2185. dt:  0.25 ms | #newton:  1 | ph:  0.0% | #CG/newton: 3887 | ls (cap|max|inv|bt):  0| 0| 0| 0| runtime: 1734.6 ms | cr: 6938.4
    2186. dt:  0.25 ms | #newton:  1 | ph:  0.0% | #CG/newton: 3889 | ls (cap|max|inv|bt):  0| 0| 0| 0| runtime: 1753.8 ms | cr: 7015.0
    2187. dt:  0.25 ms | #newton:  1 | ph:  0.0% | #CG/newton: 3889 | ls (cap|max|inv|bt):  0| 0| 0| 0| runtime: 1729.7 ms | cr: 6918.7
    2188. dt:  0.25 ms | #newton:  1 | ph:  0.0% | #CG/newton: 3888 | ls (cap|max|inv|bt):  0| 0| 0| 0| runtime: 1734.4 ms | cr: 6937.6
    2189. dt:  0.25 ms | #newton:  1 | ph:  0.0% | #CG/newton: 3890 | ls (cap|max|inv|bt):  0| 0| 0| 0| runtime: 1738.2 ms | cr: 6952.8
    2190. dt:  0.25 ms | #newton:  1 | ph:  0.0% | #CG/newton: 3888 | ls (cap|max|inv|bt):  0| 0| 0| 0| runtime: 1748.4 ms | cr: 6993.7
    2191. dt:  0.25 ms | #newton:  1 | ph:  0.0% | #CG/newton: 3887 | ls (cap|max|inv|bt):  0| 0| 0| 0| runtime: 1727.6 ms | cr: 6910.2
    2192. dt:  0.25 ms | #newton:  1 | ph:  0.0% | #CG/newton: 3890 | ls (cap|max|inv|bt):  0| 0| 0| 0| runtime: 1732.1 ms | cr: 6928.4
    2193. dt:  0.25 ms | #newton:  1 | ph:  0.0% | #CG/newton: 3889 | ls (cap|max|inv|bt):  0| 0| 0| 0| runtime: 1727.9 ms | cr: 6911.7
    2194. dt:  0.25 ms | #newton:  1 | ph:  0.0% | #CG/newton: 3891 | ls (cap|max|inv|bt):  0| 0| 0| 0| runtime: 1727.2 ms | cr: 6908.7
    2195. dt:  0.25 ms | #newton:  1 | ph:  0.0% | #CG/newton: 3710 | ls (cap|max|inv|bt):  0| 0| 0| 0| runtime: 1649.1 ms | cr: 6596.5
    2196. dt:  0.25 ms | #newton:  1 | ph:  0.0% | #CG/newton: 3698 | ls (cap|max|inv|bt):  0| 0| 0| 0| runtime: 1658.8 ms | cr: 6635.3
    2197. dt:  0.25 ms | #newton:  1 | ph:  0.0% | #CG/newton: 3885 | ls (cap|max|inv|bt):  0| 0| 0| 0| runtime: 1725.0 ms | cr: 6900.0
    2198. dt:  0.25 ms | #newton:  1 | ph:  0.0% | #CG/newton: 3888 | ls (cap|max|inv|bt):  0| 0| 0| 0| runtime: 1725.6 ms | cr: 6902.4
    2199. dt:  0.25 ms | #newton:  1 | ph:  0.0% | #CG/newton: 3889 | ls (cap|max|inv|bt):  0| 0| 0| 0| runtime: 1735.8 ms | cr: 6943.3
    2200. dt:  0.25 ms | #newton:  1 | ph:  0.0% | #CG/newton: 3891 | ls (cap|max|inv|bt):  0| 0| 0| 0| runtime: 1728.8 ms | cr: 6915.3
    2201. dt:  0.25 ms | #newton:  1 | ph:  0.0% | #CG/newton: 3897 | ls (cap|max|inv|bt):  0| 0| 0| 0| runtime: 1734.7 ms | cr: 6939.0
    2202. dt:  0.25 ms | #newton:  1 | ph:  0.0% | #CG/newton: 3901 | ls (cap|max|inv|bt):  0| 0| 0| 0| runtime: 1735.2 ms | cr: 6941.0
    2203. dt:  0.25 ms | #newton:  1 | ph:  0.0% | #CG/newton: 3899 | ls (cap|max|inv|bt):  0| 0| 0| 0| runtime: 1738.1 ms | cr: 6952.4
    2204. dt:  0.25 ms | #newton:  1 | ph:  0.0% | #CG/newton: 3905 | ls (cap|max|inv|bt):  0| 0| 0| 0| runtime: 1736.7 ms | cr: 6946.7
    2205. dt:  0.25 ms | #newton:  1 | ph:  0.0% | #CG/newton: 3714 | ls (cap|max|inv|bt):  0| 0| 0| 0| runtime: 1660.0 ms | cr: 6640.2
    2206. dt:  0.25 ms | #newton:  1 | ph:  0.0% | #CG/newton: 3463 | ls (cap|max|inv|bt):  0| 0| 0| 0| runtime: 1562.8 ms | cr: 6251.3
    2207. dt:  0.25 ms | #newton:  1 | ph:  0.0% | #CG/newton: 3702 | ls (cap|max|inv|bt):  0| 0| 0| 0| runtime: 1647.8 ms | cr: 6591.3
    2208. dt:  0.25 ms | #newton:  1 | ph:  0.0% | #CG/newton: 3737 | ls (cap|max|inv|bt):  0| 0| 0| 0| runtime: 1682.5 ms | cr: 6730.2
    2209. dt:  0.25 ms | #newton:  1 | ph:  0.0% | #CG/newton: 3663 | ls (cap|max|inv|bt):  0| 0| 0| 0| runtime: 1625.4 ms | cr: 6501.8
    2210. dt:  0.25 ms | #newton:  1 | ph:  0.0% | #CG/newton: 3889 | ls (cap|max|inv|bt):  0| 0| 0| 0| runtime: 1729.3 ms | cr: 6917.1
    2211. dt:  0.25 ms | #newton:  1 | ph:  0.0% | #CG/newton: 3895 | ls (cap|max|inv|bt):  0| 0| 0| 0| runtime: 1751.4 ms | cr: 7005.8
    2212. dt:  0.25 ms | #newton:  1 | ph:  0.0% | #CG/newton: 3761 | ls (cap|max|inv|bt):  0| 0| 0| 0| runtime: 1674.9 ms | cr: 6699.5
    2213. dt:  0.25 ms | #newton:  2 | ph:  0.0% | #CG/newton: 1969 | ls (cap|max|inv|bt):  0| 0| 0| 0| runtime: 1822.6 ms | cr: 7290.4
    2214. dt:  0.25 ms | #newton:  2 | ph:  0.0% | #CG/newton: 1835 | ls (cap|max|inv|bt):  0| 0| 0| 0| runtime: 1706.7 ms | cr: 6827.0
    2215. dt:  0.25 ms | #newton:  2 | ph:  0.0% | #CG/newton: 1743 | ls (cap|max|inv|bt):  0| 0| 0| 0| runtime: 1662.5 ms | cr: 6649.8
    2216. dt:  0.25 ms | #newton:  1 | ph:  0.0% | #CG/newton: 3715 | ls (cap|max|inv|bt):  0| 0| 0| 0| runtime: 1673.4 ms | cr: 6693.5
    2217. dt:  0.25 ms | #newton:  1 | ph:  0.0% | #CG/newton: 3916 | ls (cap|max|inv|bt):  0| 0| 0| 0| runtime: 1732.8 ms | cr: 6931.1
    2218. dt:  0.25 ms | #newton:  2 | ph:  0.0% | #CG/newton: 1960 | ls (cap|max|inv|bt):  0| 0| 0| 0| runtime: 1799.7 ms | cr: 7198.9
    2219. dt:  0.25 ms | #newton:  1 | ph:  0.0% | #CG/newton: 3221 | ls (cap|max|inv|bt):  0| 0| 0| 0| runtime: 1458.3 ms | cr: 5833.3
    2220. dt:  0.25 ms | #newton:  1 | ph:  0.0% | #CG/newton: 3729 | ls (cap|max|inv|bt):  0| 0| 0| 0| runtime: 1675.4 ms | cr: 6701.5
    2221. dt:  0.25 ms | #newton:  1 | ph:  0.0% | #CG/newton: 3688 | ls (cap|max|inv|bt):  0| 0| 0| 0| runtime: 1654.5 ms | cr: 6618.1
    2222. dt:  0.25 ms | #newton:  1 | ph:  0.0% | #CG/newton: 3740 | ls (cap|max|inv|bt):  0| 0| 0| 0| runtime: 1683.2 ms | cr: 6732.6
    2223. dt:  0.25 ms | #newton:  1 | ph:  0.0% | #CG/newton: 3925 | ls (cap|max|inv|bt):  0| 0| 0| 0| runtime: 1756.8 ms | cr: 7027.1
    2224. dt:  0.25 ms | #newton:  1 | ph:  0.0% | #CG/newton: 3743 | ls (cap|max|inv|bt):  0| 0| 0| 0| runtime: 1675.9 ms | cr: 6703.6
    2225. dt:  0.25 ms | #newton:  1 | ph:  0.0% | #CG/newton: 3924 | ls (cap|max|inv|bt):  0| 0| 0| 0| runtime: 1746.9 ms | cr: 6987.6
    2226. dt:  0.25 ms | #newton:  1 | ph:  0.0% | #CG/newton: 3692 | ls (cap|max|inv|bt):  0| 0| 0| 0| runtime: 1663.4 ms | cr: 6653.6
    2227. dt:  0.25 ms | #newton:  1 | ph:  0.0% | #CG/newton: 3914 | ls (cap|max|inv|bt):  0| 0| 0| 0| runtime: 1752.1 ms | cr: 7008.5
    2228. dt:  0.25 ms | #newton:  1 | ph:  0.0% | #CG/newton: 3911 | ls (cap|max|inv|bt):  0| 0| 0| 0| runtime: 1740.2 ms | cr: 6961.0
    2229. dt:  0.25 ms | #newton:  2 | ph:  0.0% | #CG/newton: 1875 | ls (cap|max|inv|bt):  0| 0| 0| 0| runtime: 1743.5 ms | cr: 6974.0
    2230. dt:  0.25 ms | #newton:  1 | ph:  0.0% | #CG/newton: 3712 | ls (cap|max|inv|bt):  0| 0| 0| 0| runtime: 1670.4 ms | cr: 6681.7
    2231. dt:  0.25 ms | #newton:  1 | ph:  0.0% | #CG/newton: 3730 | ls (cap|max|inv|bt):  0| 0| 0| 0| runtime: 1669.3 ms | cr: 6677.3
    2232. dt:  0.25 ms | #newton:  1 | ph:  0.0% | #CG/newton: 3567 | ls (cap|max|inv|bt):  0| 0| 0| 0| runtime: 1614.4 ms | cr: 6457.5
    2233. dt:  0.25 ms | #newton:  1 | ph:  0.0% | #CG/newton: 3807 | ls (cap|max|inv|bt):  0| 0| 0| 0| runtime: 1704.0 ms | cr: 6816.0
    2234. dt:  0.25 ms | #newton:  1 | ph:  0.0% | #CG/newton: 3556 | ls (cap|max|inv|bt):  0| 0| 0| 0| runtime: 1594.6 ms | cr: 6378.4
    2235. dt:  0.25 ms | #newton:  1 | ph:  0.0% | #CG/newton: 3728 | ls (cap|max|inv|bt):  0| 0| 0| 0| runtime: 1623.1 ms | cr: 6492.4
    2236. dt:  0.25 ms | #newton:  1 | ph:  0.0% | #CG/newton: 3726 | ls (cap|max|inv|bt):  0| 0| 0| 0| runtime: 1630.3 ms | cr: 6521.4
    2237. dt:  0.25 ms | #newton:  1 | ph:  0.0% | #CG/newton: 3736 | ls (cap|max|inv|bt):  0| 0| 0| 0| runtime: 1673.3 ms | cr: 6693.2
    2238. dt:  0.25 ms | #newton:  1 | ph:  0.0% | #CG/newton: 3739 | ls (cap|max|inv|bt):  0| 0| 0| 0| runtime: 1675.5 ms | cr: 6702.0
    2239. dt:  0.25 ms | #newton:  1 | ph:  0.0% | #CG/newton: 3739 | ls (cap|max|inv|bt):  0| 0| 0| 0| runtime: 1693.9 ms | cr: 6775.4
    2240. dt:  0.25 ms | #newton:  1 | ph:  0.0% | #CG/newton: 3736 | ls (cap|max|inv|bt):  0| 0| 0| 0| runtime: 1676.2 ms | cr: 6704.7
    2241. dt:  0.25 ms | #newton:  1 | ph:  0.0% | #CG/newton: 3739 | ls (cap|max|inv|bt):  0| 0| 0| 0| runtime: 1688.9 ms | cr: 6755.7
    2242. dt:  0.25 ms | #newton:  1 | ph:  0.0% | #CG/newton: 3738 | ls (cap|max|inv|bt):  0| 0| 0| 0| runtime: 1672.5 ms | cr: 6690.0
    2243. dt:  0.25 ms | #newton:  1 | ph:  0.0% | #CG/newton: 3735 | ls (cap|max|inv|bt):  0| 0| 0| 0| runtime: 1673.8 ms | cr: 6695.4
    2244. dt:  0.25 ms | #newton:  1 | ph:  0.0% | #CG/newton: 3739 | ls (cap|max|inv|bt):  0| 0| 0| 0| runtime: 1676.7 ms | cr: 6706.9
    2245. dt:  0.25 ms | #newton:  1 | ph:  0.0% | #CG/newton: 3739 | ls (cap|max|inv|bt):  0| 0| 0| 0| runtime: 1679.3 ms | cr: 6717.0
    2246. dt:  0.25 ms | #newton:  1 | ph:  0.0% | #CG/newton: 3741 | ls (cap|max|inv|bt):  0| 0| 0| 0| runtime: 1672.0 ms | cr: 6688.2
    2247. dt:  0.25 ms | #newton:  1 | ph:  0.0% | #CG/newton: 3540 | ls (cap|max|inv|bt):  0| 0| 0| 0| runtime: 1597.2 ms | cr: 6388.9
    2248. dt:  0.25 ms | #newton:  1 | ph:  0.0% | #CG/newton: 3538 | ls (cap|max|inv|bt):  0| 0| 0| 0| runtime: 1607.2 ms | cr: 6428.6
    2249. dt:  0.25 ms | #newton:  1 | ph:  0.0% | #CG/newton: 3551 | ls (cap|max|inv|bt):  0| 0| 0| 0| runtime: 1611.2 ms | cr: 6444.6
    2250. dt:  0.25 ms | #newton:  1 | ph:  0.0% | #CG/newton: 3537 | ls (cap|max|inv|bt):  0| 0| 0| 0| runtime: 1596.9 ms | cr: 6387.6
    2251. dt:  0.25 ms | #newton:  1 | ph:  0.0% | #CG/newton: 3533 | ls (cap|max|inv|bt):  0| 0| 0| 0| runtime: 1613.2 ms | cr: 6452.7
    2252. dt:  0.25 ms | #newton:  1 | ph:  0.0% | #CG/newton: 3539 | ls (cap|max|inv|bt):  0| 0| 0| 0| runtime: 1583.1 ms | cr: 6332.5
    2253. dt:  0.25 ms | #newton:  1 | ph:  0.0% | #CG/newton: 3536 | ls (cap|max|inv|bt):  0| 0| 0| 0| runtime: 1601.4 ms | cr: 6405.7
    2254. dt:  0.25 ms | #newton:  1 | ph:  0.0% | #CG/newton: 3728 | ls (cap|max|inv|bt):  0| 0| 0| 0| runtime: 1665.9 ms | cr: 6663.6
    2255. dt:  0.25 ms | #newton:  2 | ph:  0.0% | #CG/newton: 1955 | ls (cap|max|inv|bt):  0| 0| 0| 0| runtime: 1813.5 ms | cr: 7253.9
    2256. dt:  0.25 ms | #newton:  1 | ph:  0.0% | #CG/newton: 3725 | ls (cap|max|inv|bt):  0| 0| 0| 0| runtime: 1666.2 ms | cr: 6665.0
    2257. dt:  0.25 ms | #newton:  1 | ph:  0.0% | #CG/newton: 3924 | ls (cap|max|inv|bt):  0| 0| 0| 0| runtime: 1746.4 ms | cr: 6985.8
    2258. dt:  0.25 ms | #newton:  1 | ph:  0.0% | #CG/newton: 3935 | ls (cap|max|inv|bt):  0| 0| 0| 0| runtime: 1785.5 ms | cr: 7141.8
    2259. dt:  0.25 ms | #newton:  1 | ph:  0.0% | #CG/newton: 3892 | ls (cap|max|inv|bt):  0| 0| 0| 0| runtime: 1729.3 ms | cr: 6917.1
    2260. dt:  0.25 ms | #newton:  1 | ph:  0.0% | #CG/newton: 3721 | ls (cap|max|inv|bt):  0| 0| 0| 0| runtime: 1667.3 ms | cr: 6669.3
    2261. dt:  0.25 ms | #newton:  1 | ph:  0.0% | #CG/newton: 3708 | ls (cap|max|inv|bt):  0| 0| 0| 0| runtime: 1649.0 ms | cr: 6595.8
    2262. dt:  0.25 ms | #newton:  1 | ph:  0.0% | #CG/newton: 3715 | ls (cap|max|inv|bt):  0| 0| 0| 0| runtime: 1657.5 ms | cr: 6629.9
    2263. dt:  0.25 ms | #newton:  1 | ph:  0.0% | #CG/newton: 3713 | ls (cap|max|inv|bt):  0| 0| 0| 0| runtime: 1667.5 ms | cr: 6670.0
    2264. dt:  0.25 ms | #newton:  1 | ph:  0.0% | #CG/newton: 3700 | ls (cap|max|inv|bt):  0| 0| 0| 0| runtime: 1660.1 ms | cr: 6640.6
    2265. dt:  0.25 ms | #newton:  1 | ph:  0.0% | #CG/newton: 3691 | ls (cap|max|inv|bt):  0| 0| 0| 0| runtime: 1653.9 ms | cr: 6615.5
    2266. dt:  0.25 ms | #newton:  1 | ph:  0.0% | #CG/newton: 3856 | ls (cap|max|inv|bt):  0| 0| 0| 0| runtime: 1734.6 ms | cr: 6938.6
[Frame: 17] Time: 0.567 s
    2267. dt:  0.25 ms | #newton:  1 | ph:  0.0% | #CG/newton: 3860 | ls (cap|max|inv|bt):  0| 0| 0| 0| runtime: 1734.0 ms | cr: 6935.9
    2268. dt:  0.25 ms | #newton:  1 | ph:  0.0% | #CG/newton: 3860 | ls (cap|max|inv|bt):  0| 0| 0| 0| runtime: 1726.0 ms | cr: 6904.1
    2269. dt:  0.25 ms | #newton:  1 | ph:  0.0% | #CG/newton: 3849 | ls (cap|max|inv|bt):  0| 0| 0| 0| runtime: 1714.7 ms | cr: 6858.6
    2270. dt:  0.25 ms | #newton:  1 | ph:  0.0% | #CG/newton: 3865 | ls (cap|max|inv|bt):  0| 0| 0| 0| runtime: 1725.2 ms | cr: 6900.8
    2271. dt:  0.25 ms | #newton:  1 | ph:  0.0% | #CG/newton: 4049 | ls (cap|max|inv|bt):  0| 0| 0| 0| runtime: 1786.3 ms | cr: 7145.4
    2272. dt:  0.25 ms | #newton:  1 | ph:  0.0% | #CG/newton: 3823 | ls (cap|max|inv|bt):  0| 0| 0| 0| runtime: 1704.7 ms | cr: 6818.6
    2273. dt:  0.25 ms | #newton:  1 | ph:  0.0% | #CG/newton: 3820 | ls (cap|max|inv|bt):  0| 0| 0| 0| runtime: 1706.1 ms | cr: 6824.3
    2274. dt:  0.25 ms | #newton:  1 | ph:  0.0% | #CG/newton: 3802 | ls (cap|max|inv|bt):  0| 0| 0| 0| runtime: 1688.3 ms | cr: 6753.3
    2275. dt:  0.25 ms | #newton:  1 | ph:  0.0% | #CG/newton: 4042 | ls (cap|max|inv|bt):  0| 0| 0| 0| runtime: 1723.8 ms | cr: 6895.3
    2276. dt:  0.25 ms | #newton:  1 | ph:  0.0% | #CG/newton: 4261 | ls (cap|max|inv|bt):  0| 0| 0| 0| runtime: 1808.9 ms | cr: 7235.7
    2277. dt:  0.25 ms | #newton:  1 | ph:  0.0% | #CG/newton: 4258 | ls (cap|max|inv|bt):  0| 0| 0| 0| runtime: 1872.2 ms | cr: 7488.7
    2278. dt:  0.25 ms | #newton:  1 | ph:  0.0% | #CG/newton: 4224 | ls (cap|max|inv|bt):  0| 0| 0| 0| runtime: 1863.0 ms | cr: 7452.1
    2279. dt:  0.25 ms | #newton:  1 | ph:  0.0% | #CG/newton: 4051 | ls (cap|max|inv|bt):  0| 0| 0| 0| runtime: 1801.8 ms | cr: 7207.1
    2280. dt:  0.25 ms | #newton:  1 | ph:  0.0% | #CG/newton: 4043 | ls (cap|max|inv|bt):  0| 0| 0| 0| runtime: 1788.7 ms | cr: 7154.9
    2281. dt:  0.25 ms | #newton:  1 | ph:  0.0% | #CG/newton: 3812 | ls (cap|max|inv|bt):  0| 0| 0| 0| runtime: 1712.9 ms | cr: 6851.6
    2282. dt:  0.25 ms | #newton:  1 | ph:  0.0% | #CG/newton: 3602 | ls (cap|max|inv|bt):  0| 0| 0| 0| runtime: 1614.6 ms | cr: 6458.2
    2283. dt:  0.25 ms | #newton:  1 | ph:  0.0% | #CG/newton: 3834 | ls (cap|max|inv|bt):  0| 0| 0| 0| runtime: 1711.1 ms | cr: 6844.3
    2284. dt:  0.25 ms | #newton:  1 | ph:  0.0% | #CG/newton: 4044 | ls (cap|max|inv|bt):  0| 0| 0| 0| runtime: 1789.9 ms | cr: 7159.5
    2285. dt:  0.25 ms | #newton:  1 | ph:  0.0% | #CG/newton: 4046 | ls (cap|max|inv|bt):  0| 0| 0| 0| runtime: 1796.3 ms | cr: 7185.1
    2286. dt:  0.25 ms | #newton:  1 | ph:  0.0% | #CG/newton: 4044 | ls (cap|max|inv|bt):  0| 0| 0| 0| runtime: 1815.4 ms | cr: 7261.4
    2287. dt:  0.25 ms | #newton:  1 | ph:  0.0% | #CG/newton: 4044 | ls (cap|max|inv|bt):  0| 0| 0| 0| runtime: 1808.5 ms | cr: 7233.8
    2288. dt:  0.25 ms | #newton:  1 | ph:  0.0% | #CG/newton: 4043 | ls (cap|max|inv|bt):  0| 0| 0| 0| runtime: 1805.2 ms | cr: 7220.7
    2289. dt:  0.25 ms | #newton:  1 | ph:  0.0% | #CG/newton: 4038 | ls (cap|max|inv|bt):  0| 0| 0| 0| runtime: 1783.7 ms | cr: 7134.8
    2290. dt:  0.25 ms | #newton:  1 | ph:  0.0% | #CG/newton: 3824 | ls (cap|max|inv|bt):  0| 0| 0| 0| runtime: 1696.9 ms | cr: 6787.8
    2291. dt:  0.25 ms | #newton:  1 | ph:  0.0% | #CG/newton: 3820 | ls (cap|max|inv|bt):  0| 0| 0| 0| runtime: 1709.2 ms | cr: 6836.8
    2292. dt:  0.25 ms | #newton:  1 | ph:  0.0% | #CG/newton: 3818 | ls (cap|max|inv|bt):  0| 0| 0| 0| runtime: 1703.6 ms | cr: 6814.3
    2293. dt:  0.25 ms | #newton:  1 | ph:  0.0% | #CG/newton: 3616 | ls (cap|max|inv|bt):  0| 0| 0| 0| runtime: 1638.0 ms | cr: 6552.2
    2294. dt:  0.25 ms | #newton:  1 | ph:  0.0% | #CG/newton: 3596 | ls (cap|max|inv|bt):  0| 0| 0| 0| runtime: 1620.0 ms | cr: 6480.2
    2295. dt:  0.25 ms | #newton:  1 | ph:  0.0% | #CG/newton: 3594 | ls (cap|max|inv|bt):  0| 0| 0| 0| runtime: 1637.6 ms | cr: 6550.5
    2296. dt:  0.25 ms | #newton:  1 | ph:  0.0% | #CG/newton: 3593 | ls (cap|max|inv|bt):  0| 0| 0| 0| runtime: 1607.3 ms | cr: 6429.1
    2297. dt:  0.25 ms | #newton:  1 | ph:  0.0% | #CG/newton: 3593 | ls (cap|max|inv|bt):  0| 0| 0| 0| runtime: 1601.9 ms | cr: 6407.8
    2298. dt:  0.25 ms | #newton:  1 | ph:  0.0% | #CG/newton: 3592 | ls (cap|max|inv|bt):  0| 0| 0| 0| runtime: 1617.5 ms | cr: 6470.0
    2299. dt:  0.25 ms | #newton:  1 | ph:  0.0% | #CG/newton: 3594 | ls (cap|max|inv|bt):  0| 0| 0| 0| runtime: 1609.5 ms | cr: 6438.0
    2300. dt:  0.25 ms | #newton:  1 | ph:  0.0% | #CG/newton: 3592 | ls (cap|max|inv|bt):  0| 0| 0| 0| runtime: 1621.0 ms | cr: 6483.8
    2301. dt:  0.25 ms | #newton:  1 | ph:  0.0% | #CG/newton: 3594 | ls (cap|max|inv|bt):  0| 0| 0| 0| runtime: 1614.3 ms | cr: 6457.1
    2302. dt:  0.25 ms | #newton:  1 | ph:  0.0% | #CG/newton: 3592 | ls (cap|max|inv|bt):  0| 0| 0| 0| runtime: 1610.4 ms | cr: 6441.6
    2303. dt:  0.25 ms | #newton:  1 | ph:  0.0% | #CG/newton: 3596 | ls (cap|max|inv|bt):  0| 0| 0| 0| runtime: 1624.6 ms | cr: 6498.5
    2304. dt:  0.25 ms | #newton:  1 | ph:  0.0% | #CG/newton: 3602 | ls (cap|max|inv|bt):  0| 0| 0| 0| runtime: 1613.9 ms | cr: 6455.5
    2305. dt:  0.25 ms | #newton:  1 | ph:  0.0% | #CG/newton: 3593 | ls (cap|max|inv|bt):  0| 0| 0| 0| runtime: 1606.9 ms | cr: 6427.5
    2306. dt:  0.25 ms | #newton:  1 | ph:  0.0% | #CG/newton: 3593 | ls (cap|max|inv|bt):  0| 0| 0| 0| runtime: 1608.0 ms | cr: 6431.9
    2307. dt:  0.25 ms | #newton:  1 | ph:  0.0% | #CG/newton: 3600 | ls (cap|max|inv|bt):  0| 0| 0| 0| runtime: 1617.6 ms | cr: 6470.4
    2308. dt:  0.25 ms | #newton:  1 | ph:  0.0% | #CG/newton: 3591 | ls (cap|max|inv|bt):  0| 0| 0| 0| runtime: 1591.6 ms | cr: 6366.6
    2309. dt:  0.25 ms | #newton:  1 | ph:  0.0% | #CG/newton: 3590 | ls (cap|max|inv|bt):  0| 0| 0| 0| runtime: 1613.9 ms | cr: 6455.6
    2310. dt:  0.25 ms | #newton:  1 | ph:  0.0% | #CG/newton: 3587 | ls (cap|max|inv|bt):  0| 0| 0| 0| runtime: 1618.5 ms | cr: 6473.9
    2311. dt:  0.25 ms | #newton:  1 | ph:  0.0% | #CG/newton: 3591 | ls (cap|max|inv|bt):  0| 0| 0| 0| runtime: 1618.5 ms | cr: 6474.1
    2312. dt:  0.25 ms | #newton:  1 | ph:  0.0% | #CG/newton: 3589 | ls (cap|max|inv|bt):  0| 0| 0| 0| runtime: 1628.9 ms | cr: 6515.6
    2313. dt:  0.25 ms | #newton:  1 | ph:  0.0% | #CG/newton: 3585 | ls (cap|max|inv|bt):  0| 0| 0| 0| runtime: 1622.4 ms | cr: 6489.5
    2314. dt:  0.25 ms | #newton:  1 | ph:  0.0% | #CG/newton: 3593 | ls (cap|max|inv|bt):  0| 0| 0| 0| runtime: 1613.7 ms | cr: 6454.9
    2315. dt:  0.25 ms | #newton:  1 | ph:  0.0% | #CG/newton: 3587 | ls (cap|max|inv|bt):  0| 0| 0| 0| runtime: 1618.8 ms | cr: 6475.1
    2316. dt:  0.25 ms | #newton:  1 | ph:  0.0% | #CG/newton: 3586 | ls (cap|max|inv|bt):  0| 0| 0| 0| runtime: 1622.0 ms | cr: 6487.9
    2317. dt:  0.25 ms | #newton:  1 | ph:  0.0% | #CG/newton: 3583 | ls (cap|max|inv|bt):  0| 0| 0| 0| runtime: 1617.8 ms | cr: 6471.3
    2318. dt:  0.25 ms | #newton:  1 | ph:  0.0% | #CG/newton: 3576 | ls (cap|max|inv|bt):  0| 0| 0| 0| runtime: 1609.0 ms | cr: 6435.9
    2319. dt:  0.25 ms | #newton:  1 | ph:  0.0% | #CG/newton: 3585 | ls (cap|max|inv|bt):  0| 0| 0| 0| runtime: 1622.1 ms | cr: 6488.4
    2320. dt:  0.25 ms | #newton:  1 | ph:  0.0% | #CG/newton: 3579 | ls (cap|max|inv|bt):  0| 0| 0| 0| runtime: 1617.8 ms | cr: 6471.4
    2321. dt:  0.25 ms | #newton:  1 | ph:  0.0% | #CG/newton: 3579 | ls (cap|max|inv|bt):  0| 0| 0| 0| runtime: 1619.1 ms | cr: 6476.4
    2322. dt:  0.25 ms | #newton:  1 | ph:  0.0% | #CG/newton: 3577 | ls (cap|max|inv|bt):  0| 0| 0| 0| runtime: 1625.4 ms | cr: 6501.5
    2323. dt:  0.25 ms | #newton:  1 | ph:  0.0% | #CG/newton: 3582 | ls (cap|max|inv|bt):  0| 0| 0| 0| runtime: 1630.3 ms | cr: 6521.2
    2324. dt:  0.25 ms | #newton:  1 | ph:  0.0% | #CG/newton: 3583 | ls (cap|max|inv|bt):  0| 0| 0| 0| runtime: 1614.5 ms | cr: 6457.9
    2325. dt:  0.25 ms | #newton:  1 | ph:  0.0% | #CG/newton: 3579 | ls (cap|max|inv|bt):  0| 0| 0| 0| runtime: 1628.0 ms | cr: 6512.1
    2326. dt:  0.25 ms | #newton:  1 | ph:  0.0% | #CG/newton: 3582 | ls (cap|max|inv|bt):  0| 0| 0| 0| runtime: 1617.3 ms | cr: 6469.1
    2327. dt:  0.25 ms | #newton:  1 | ph:  0.0% | #CG/newton: 3581 | ls (cap|max|inv|bt):  0| 0| 0| 0| runtime: 1625.7 ms | cr: 6502.8
    2328. dt:  0.25 ms | #newton:  1 | ph:  0.0% | #CG/newton: 3585 | ls (cap|max|inv|bt):  0| 0| 0| 0| runtime: 1623.0 ms | cr: 6491.9
    2329. dt:  0.25 ms | #newton:  1 | ph:  0.0% | #CG/newton: 3579 | ls (cap|max|inv|bt):  0| 0| 0| 0| runtime: 1628.7 ms | cr: 6514.7
    2330. dt:  0.25 ms | #newton:  1 | ph:  0.0% | #CG/newton: 3585 | ls (cap|max|inv|bt):  0| 0| 0| 0| runtime: 1652.1 ms | cr: 6608.4
    2331. dt:  0.25 ms | #newton:  1 | ph:  0.0% | #CG/newton: 3591 | ls (cap|max|inv|bt):  0| 0| 0| 0| runtime: 1621.6 ms | cr: 6486.3
    2332. dt:  0.25 ms | #newton:  1 | ph:  0.0% | #CG/newton: 3587 | ls (cap|max|inv|bt):  0| 0| 0| 0| runtime: 1623.4 ms | cr: 6493.4
    2333. dt:  0.25 ms | #newton:  1 | ph:  0.0% | #CG/newton: 3590 | ls (cap|max|inv|bt):  0| 0| 0| 0| runtime: 1615.4 ms | cr: 6461.7
    2334. dt:  0.25 ms | #newton:  1 | ph:  0.0% | #CG/newton: 3588 | ls (cap|max|inv|bt):  0| 0| 0| 0| runtime: 1619.0 ms | cr: 6476.2
    2335. dt:  0.25 ms | #newton:  1 | ph:  0.0% | #CG/newton: 3812 | ls (cap|max|inv|bt):  0| 0| 0| 0| runtime: 1701.7 ms | cr: 6807.0
    2336. dt:  0.25 ms | #newton:  1 | ph:  0.0% | #CG/newton: 4008 | ls (cap|max|inv|bt):  0| 0| 0| 0| runtime: 1798.3 ms | cr: 7193.1
    2337. dt:  0.25 ms | #newton:  1 | ph:  0.0% | #CG/newton: 3988 | ls (cap|max|inv|bt):  0| 0| 0| 0| runtime: 1769.9 ms | cr: 7079.4
    2338. dt:  0.25 ms | #newton:  1 | ph:  0.0% | #CG/newton: 3979 | ls (cap|max|inv|bt):  0| 0| 0| 0| runtime: 1847.7 ms | cr: 7390.8
    2339. dt:  0.25 ms | #newton:  1 | ph:  0.0% | #CG/newton: 4006 | ls (cap|max|inv|bt):  0| 0| 0| 0| runtime: 1784.6 ms | cr: 7138.4
    2340. dt:  0.25 ms | #newton:  1 | ph:  0.0% | #CG/newton: 4005 | ls (cap|max|inv|bt):  0| 0| 0| 0| runtime: 1787.7 ms | cr: 7150.7
    2341. dt:  0.25 ms | #newton:  1 | ph:  0.0% | #CG/newton: 3970 | ls (cap|max|inv|bt):  0| 0| 0| 0| runtime: 1782.1 ms | cr: 7128.3
    2342. dt:  0.25 ms | #newton:  1 | ph:  0.0% | #CG/newton: 3982 | ls (cap|max|inv|bt):  0| 0| 0| 0| runtime: 1790.9 ms | cr: 7163.5
    2343. dt:  0.25 ms | #newton:  1 | ph:  0.0% | #CG/newton: 4011 | ls (cap|max|inv|bt):  0| 0| 0| 0| runtime: 1781.2 ms | cr: 7124.8
    2344. dt:  0.25 ms | #newton:  1 | ph:  0.0% | #CG/newton: 4009 | ls (cap|max|inv|bt):  0| 0| 0| 0| runtime: 1790.2 ms | cr: 7160.7
    2345. dt:  0.25 ms | #newton:  1 | ph:  0.0% | #CG/newton: 3978 | ls (cap|max|inv|bt):  0| 0| 0| 0| runtime: 1783.3 ms | cr: 7133.1
    2346. dt:  0.25 ms | #newton:  1 | ph:  0.0% | #CG/newton: 3983 | ls (cap|max|inv|bt):  0| 0| 0| 0| runtime: 1781.2 ms | cr: 7124.9
    2347. dt:  0.25 ms | #newton:  1 | ph:  0.0% | #CG/newton: 4023 | ls (cap|max|inv|bt):  0| 0| 0| 0| runtime: 1811.7 ms | cr: 7246.8
    2348. dt:  0.25 ms | #newton:  1 | ph:  0.0% | #CG/newton: 3992 | ls (cap|max|inv|bt):  0| 0| 0| 0| runtime: 1793.8 ms | cr: 7175.3
    2349. dt:  0.25 ms | #newton:  1 | ph:  0.0% | #CG/newton: 4031 | ls (cap|max|inv|bt):  0| 0| 0| 0| runtime: 1775.6 ms | cr: 7102.5
    2350. dt:  0.25 ms | #newton:  1 | ph:  0.0% | #CG/newton: 4033 | ls (cap|max|inv|bt):  0| 0| 0| 0| runtime: 1798.1 ms | cr: 7192.2
    2351. dt:  0.25 ms | #newton:  1 | ph:  0.0% | #CG/newton: 4019 | ls (cap|max|inv|bt):  0| 0| 0| 0| runtime: 1799.5 ms | cr: 7198.1
    2352. dt:  0.25 ms | #newton:  1 | ph:  0.0% | #CG/newton: 4038 | ls (cap|max|inv|bt):  0| 0| 0| 0| runtime: 1791.4 ms | cr: 7165.4
    2353. dt:  0.25 ms | #newton:  1 | ph:  0.0% | #CG/newton: 4034 | ls (cap|max|inv|bt):  0| 0| 0| 0| runtime: 1784.7 ms | cr: 7138.8
    2354. dt:  0.25 ms | #newton:  1 | ph:  0.0% | #CG/newton: 4038 | ls (cap|max|inv|bt):  0| 0| 0| 0| runtime: 1796.0 ms | cr: 7184.0
    2355. dt:  0.25 ms | #newton:  1 | ph:  0.0% | #CG/newton: 4041 | ls (cap|max|inv|bt):  0| 0| 0| 0| runtime: 1801.7 ms | cr: 7206.7
    2356. dt:  0.25 ms | #newton:  1 | ph:  0.0% | #CG/newton: 3986 | ls (cap|max|inv|bt):  0| 0| 0| 0| runtime: 1801.4 ms | cr: 7205.5
    2357. dt:  0.25 ms | #newton:  1 | ph:  0.0% | #CG/newton: 4048 | ls (cap|max|inv|bt):  0| 0| 0| 0| runtime: 1807.9 ms | cr: 7231.6
    2358. dt:  0.25 ms | #newton:  1 | ph:  0.0% | #CG/newton: 4037 | ls (cap|max|inv|bt):  0| 0| 0| 0| runtime: 1793.0 ms | cr: 7171.8
    2359. dt:  0.25 ms | #newton:  1 | ph:  0.0% | #CG/newton: 4042 | ls (cap|max|inv|bt):  0| 0| 0| 0| runtime: 1813.1 ms | cr: 7252.3
    2360. dt:  0.25 ms | #newton:  1 | ph:  0.0% | #CG/newton: 4044 | ls (cap|max|inv|bt):  0| 0| 0| 0| runtime: 1804.2 ms | cr: 7216.6
    2361. dt:  0.25 ms | #newton:  1 | ph:  0.0% | #CG/newton: 3847 | ls (cap|max|inv|bt):  0| 0| 0| 0| runtime: 1719.0 ms | cr: 6876.2
    2362. dt:  0.25 ms | #newton:  1 | ph:  0.0% | #CG/newton: 3842 | ls (cap|max|inv|bt):  0| 0| 0| 0| runtime: 1722.6 ms | cr: 6890.2
    2363. dt:  0.25 ms | #newton:  1 | ph:  0.0% | #CG/newton: 3865 | ls (cap|max|inv|bt):  0| 0| 0| 0| runtime: 1722.7 ms | cr: 6890.7
    2364. dt:  0.25 ms | #newton:  1 | ph:  0.0% | #CG/newton: 3882 | ls (cap|max|inv|bt):  0| 0| 0| 0| runtime: 1771.1 ms | cr: 7084.5
    2365. dt:  0.25 ms | #newton:  1 | ph:  0.0% | #CG/newton: 3879 | ls (cap|max|inv|bt):  0| 0| 0| 0| runtime: 1735.9 ms | cr: 6943.7
    2366. dt:  0.25 ms | #newton:  1 | ph:  0.0% | #CG/newton: 3884 | ls (cap|max|inv|bt):  0| 0| 0| 0| runtime: 1735.5 ms | cr: 6942.1
    2367. dt:  0.25 ms | #newton:  1 | ph:  0.0% | #CG/newton: 3881 | ls (cap|max|inv|bt):  0| 0| 0| 0| runtime: 1730.6 ms | cr: 6922.5
    2368. dt:  0.25 ms | #newton:  1 | ph:  0.0% | #CG/newton: 4051 | ls (cap|max|inv|bt):  0| 0| 0| 0| runtime: 1804.0 ms | cr: 7216.1
    2369. dt:  0.25 ms | #newton:  1 | ph:  0.0% | #CG/newton: 4046 | ls (cap|max|inv|bt):  0| 0| 0| 0| runtime: 1810.3 ms | cr: 7241.3
    2370. dt:  0.25 ms | #newton:  1 | ph:  0.0% | #CG/newton: 4053 | ls (cap|max|inv|bt):  0| 0| 0| 0| runtime: 1817.0 ms | cr: 7268.0
    2371. dt:  0.25 ms | #newton:  1 | ph:  0.0% | #CG/newton: 4021 | ls (cap|max|inv|bt):  0| 0| 0| 0| runtime: 1800.4 ms | cr: 7201.6
    2372. dt:  0.25 ms | #newton:  1 | ph:  0.0% | #CG/newton: 4057 | ls (cap|max|inv|bt):  0| 0| 0| 0| runtime: 1815.4 ms | cr: 7261.5
    2373. dt:  0.25 ms | #newton:  1 | ph:  0.0% | #CG/newton: 4021 | ls (cap|max|inv|bt):  0| 0| 0| 0| runtime: 1796.1 ms | cr: 7184.2
    2374. dt:  0.25 ms | #newton:  1 | ph:  0.0% | #CG/newton: 4058 | ls (cap|max|inv|bt):  0| 0| 0| 0| runtime: 1810.9 ms | cr: 7243.4
    2375. dt:  0.25 ms | #newton:  1 | ph:  0.0% | #CG/newton: 4058 | ls (cap|max|inv|bt):  0| 0| 0| 0| runtime: 1806.4 ms | cr: 7225.5
    2376. dt:  0.25 ms | #newton:  1 | ph:  0.0% | #CG/newton: 4022 | ls (cap|max|inv|bt):  0| 0| 0| 0| runtime: 1793.1 ms | cr: 7172.3
    2377. dt:  0.25 ms | #newton:  1 | ph:  0.0% | #CG/newton: 4059 | ls (cap|max|inv|bt):  0| 0| 0| 0| runtime: 1801.7 ms | cr: 7206.9
    2378. dt:  0.25 ms | #newton:  1 | ph:  0.0% | #CG/newton: 4060 | ls (cap|max|inv|bt):  0| 0| 0| 0| runtime: 1822.3 ms | cr: 7289.1
    2379. dt:  0.25 ms | #newton:  1 | ph:  0.0% | #CG/newton: 4060 | ls (cap|max|inv|bt):  0| 0| 0| 0| runtime: 1797.3 ms | cr: 7189.2
    2380. dt:  0.25 ms | #newton:  1 | ph:  0.0% | #CG/newton: 4061 | ls (cap|max|inv|bt):  0| 0| 0| 0| runtime: 1813.0 ms | cr: 7252.1
    2381. dt:  0.25 ms | #newton:  1 | ph:  0.0% | #CG/newton: 3691 | ls (cap|max|inv|bt):  0| 0| 0| 0| runtime: 1655.6 ms | cr: 6622.2
    2382. dt:  0.25 ms | #newton:  1 | ph:  0.0% | #CG/newton: 3868 | ls (cap|max|inv|bt):  0| 0| 0| 0| runtime: 1732.1 ms | cr: 6928.5
    2383. dt:  0.25 ms | #newton:  1 | ph:  0.0% | #CG/newton: 3866 | ls (cap|max|inv|bt):  0| 0| 0| 0| runtime: 1710.9 ms | cr: 6843.4
    2384. dt:  0.25 ms | #newton:  1 | ph:  0.0% | #CG/newton: 3662 | ls (cap|max|inv|bt):  0| 0| 0| 0| runtime: 1612.6 ms | cr: 6450.6
    2385. dt:  0.25 ms | #newton:  1 | ph:  0.0% | #CG/newton: 3660 | ls (cap|max|inv|bt):  0| 0| 0| 0| runtime: 1584.6 ms | cr: 6338.6
    2386. dt:  0.25 ms | #newton:  1 | ph:  0.0% | #CG/newton: 3860 | ls (cap|max|inv|bt):  0| 0| 0| 0| runtime: 1623.8 ms | cr: 6495.1
    2387. dt:  0.25 ms | #newton:  1 | ph:  0.0% | #CG/newton: 3854 | ls (cap|max|inv|bt):  0| 0| 0| 0| runtime: 1646.0 ms | cr: 6583.9
    2388. dt:  0.25 ms | #newton:  1 | ph:  0.0% | #CG/newton: 3827 | ls (cap|max|inv|bt):  0| 0| 0| 0| runtime: 1631.7 ms | cr: 6526.8
    2389. dt:  0.25 ms | #newton:  1 | ph:  0.0% | #CG/newton: 3851 | ls (cap|max|inv|bt):  0| 0| 0| 0| runtime: 1636.5 ms | cr: 6545.9
    2390. dt:  0.25 ms | #newton:  1 | ph:  0.0% | #CG/newton: 3854 | ls (cap|max|inv|bt):  0| 0| 0| 0| runtime: 1744.1 ms | cr: 6976.5
    2391. dt:  0.25 ms | #newton:  1 | ph:  0.0% | #CG/newton: 3830 | ls (cap|max|inv|bt):  0| 0| 0| 0| runtime: 1639.2 ms | cr: 6556.8
    2392. dt:  0.25 ms | #newton:  1 | ph:  0.0% | #CG/newton: 3685 | ls (cap|max|inv|bt):  0| 0| 0| 0| runtime: 1600.9 ms | cr: 6403.4
    2393. dt:  0.25 ms | #newton:  1 | ph:  0.0% | #CG/newton: 3857 | ls (cap|max|inv|bt):  0| 0| 0| 0| runtime: 1634.5 ms | cr: 6537.9
    2394. dt:  0.25 ms | #newton:  1 | ph:  0.0% | #CG/newton: 3858 | ls (cap|max|inv|bt):  0| 0| 0| 0| runtime: 1650.7 ms | cr: 6603.0
    2395. dt:  0.25 ms | #newton:  1 | ph:  0.0% | #CG/newton: 3643 | ls (cap|max|inv|bt):  0| 0| 0| 0| runtime: 1560.7 ms | cr: 6242.8
    2396. dt:  0.25 ms | #newton:  1 | ph:  0.0% | #CG/newton: 3642 | ls (cap|max|inv|bt):  0| 0| 0| 0| runtime: 1564.4 ms | cr: 6257.6
    2397. dt:  0.25 ms | #newton:  1 | ph:  0.0% | #CG/newton: 3659 | ls (cap|max|inv|bt):  0| 0| 0| 0| runtime: 1605.9 ms | cr: 6423.6
    2398. dt:  0.25 ms | #newton:  1 | ph:  0.0% | #CG/newton: 3663 | ls (cap|max|inv|bt):  0| 0| 0| 0| runtime: 1584.2 ms | cr: 6336.8
    2399. dt:  0.25 ms | #newton:  1 | ph:  0.0% | #CG/newton: 3658 | ls (cap|max|inv|bt):  0| 0| 0| 0| runtime: 1572.7 ms | cr: 6290.7
    2400. dt:  0.25 ms | #newton:  1 | ph:  0.0% | #CG/newton: 3624 | ls (cap|max|inv|bt):  0| 0| 0| 0| runtime: 1578.4 ms | cr: 6313.6
[Frame: 18] Time: 0.600 s
    2401. dt:  0.25 ms | #newton:  1 | ph:  0.0% | #CG/newton: 3637 | ls (cap|max|inv|bt):  0| 0| 0| 0| runtime: 1581.0 ms | cr: 6324.2
    2402. dt:  0.25 ms | #newton:  1 | ph:  0.0% | #CG/newton: 3683 | ls (cap|max|inv|bt):  0| 0| 0| 0| runtime: 1571.9 ms | cr: 6287.8
    2403. dt:  0.25 ms | #newton:  1 | ph:  0.0% | #CG/newton: 3684 | ls (cap|max|inv|bt):  0| 0| 0| 0| runtime: 1564.3 ms | cr: 6257.1
    2404. dt:  0.25 ms | #newton:  1 | ph:  0.0% | #CG/newton: 3462 | ls (cap|max|inv|bt):  0| 0| 0| 0| runtime: 1495.5 ms | cr: 5982.2
    2405. dt:  0.25 ms | #newton:  1 | ph:  0.0% | #CG/newton: 3479 | ls (cap|max|inv|bt):  0| 0| 0| 0| runtime: 1505.3 ms | cr: 6021.1
    2406. dt:  0.25 ms | #newton:  1 | ph:  0.0% | #CG/newton: 3687 | ls (cap|max|inv|bt):  0| 0| 0| 0| runtime: 1619.8 ms | cr: 6479.2
    2407. dt:  0.25 ms | #newton:  1 | ph:  0.0% | #CG/newton: 3686 | ls (cap|max|inv|bt):  0| 0| 0| 0| runtime: 1581.8 ms | cr: 6327.3
    2408. dt:  0.25 ms | #newton:  1 | ph:  0.0% | #CG/newton: 3682 | ls (cap|max|inv|bt):  0| 0| 0| 0| runtime: 1580.4 ms | cr: 6321.5
    2409. dt:  0.25 ms | #newton:  1 | ph:  0.0% | #CG/newton: 3683 | ls (cap|max|inv|bt):  0| 0| 0| 0| runtime: 1593.1 ms | cr: 6372.2
    2410. dt:  0.25 ms | #newton:  1 | ph:  0.0% | #CG/newton: 3683 | ls (cap|max|inv|bt):  0| 0| 0| 0| runtime: 1576.2 ms | cr: 6304.7
    2411. dt:  0.25 ms | #newton:  1 | ph:  0.0% | #CG/newton: 3683 | ls (cap|max|inv|bt):  0| 0| 0| 0| runtime: 1576.4 ms | cr: 6305.4
    2412. dt:  0.25 ms | #newton:  1 | ph:  0.0% | #CG/newton: 3848 | ls (cap|max|inv|bt):  0| 0| 0| 0| runtime: 1627.7 ms | cr: 6510.7
    2413. dt:  0.25 ms | #newton:  1 | ph:  0.0% | #CG/newton: 3847 | ls (cap|max|inv|bt):  0| 0| 0| 0| runtime: 1632.1 ms | cr: 6528.5
    2414. dt:  0.25 ms | #newton:  1 | ph:  0.0% | #CG/newton: 3838 | ls (cap|max|inv|bt):  0| 0| 0| 0| runtime: 1625.5 ms | cr: 6501.9
    2415. dt:  0.25 ms | #newton:  1 | ph:  0.0% | #CG/newton: 3825 | ls (cap|max|inv|bt):  0| 0| 0| 0| runtime: 1682.4 ms | cr: 6729.5
    2416. dt:  0.25 ms | #newton:  1 | ph:  0.0% | #CG/newton: 3838 | ls (cap|max|inv|bt):  0| 0| 0| 0| runtime: 1617.6 ms | cr: 6470.2
    2417. dt:  0.25 ms | #newton:  1 | ph:  0.0% | #CG/newton: 3832 | ls (cap|max|inv|bt):  0| 0| 0| 0| runtime: 1652.5 ms | cr: 6609.9
    2418. dt:  0.25 ms | #newton:  1 | ph:  0.0% | #CG/newton: 3831 | ls (cap|max|inv|bt):  0| 0| 0| 0| runtime: 1638.3 ms | cr: 6553.4
    2419. dt:  0.25 ms | #newton:  1 | ph:  0.0% | #CG/newton: 3825 | ls (cap|max|inv|bt):  0| 0| 0| 0| runtime: 1665.1 ms | cr: 6660.5
    2420. dt:  0.25 ms | #newton:  1 | ph:  0.0% | #CG/newton: 3825 | ls (cap|max|inv|bt):  0| 0| 0| 0| runtime: 1680.9 ms | cr: 6723.5
    2421. dt:  0.25 ms | #newton:  1 | ph:  0.0% | #CG/newton: 3822 | ls (cap|max|inv|bt):  0| 0| 0| 0| runtime: 1625.4 ms | cr: 6501.8
    2422. dt:  0.25 ms | #newton:  1 | ph:  0.0% | #CG/newton: 3817 | ls (cap|max|inv|bt):  0| 0| 0| 0| runtime: 1745.0 ms | cr: 6980.1
    2423. dt:  0.25 ms | #newton:  1 | ph:  0.0% | #CG/newton: 3799 | ls (cap|max|inv|bt):  0| 0| 0| 0| runtime: 1654.1 ms | cr: 6616.2
    2424. dt:  0.25 ms | #newton:  1 | ph:  0.0% | #CG/newton: 3814 | ls (cap|max|inv|bt):  0| 0| 0| 0| runtime: 1597.6 ms | cr: 6390.3
    2425. dt:  0.25 ms | #newton:  1 | ph:  0.0% | #CG/newton: 3812 | ls (cap|max|inv|bt):  0| 0| 0| 0| runtime: 1598.0 ms | cr: 6392.2
    2426. dt:  0.25 ms | #newton:  1 | ph:  0.0% | #CG/newton: 3805 | ls (cap|max|inv|bt):  0| 0| 0| 0| runtime: 1597.7 ms | cr: 6390.7
    2427. dt:  0.25 ms | #newton:  1 | ph:  0.0% | #CG/newton: 3802 | ls (cap|max|inv|bt):  0| 0| 0| 0| runtime: 1650.3 ms | cr: 6601.4
    2428. dt:  0.25 ms | #newton:  1 | ph:  0.0% | #CG/newton: 3583 | ls (cap|max|inv|bt):  0| 0| 0| 0| runtime: 1534.8 ms | cr: 6139.1
    2429. dt:  0.25 ms | #newton:  1 | ph:  0.0% | #CG/newton: 3581 | ls (cap|max|inv|bt):  0| 0| 0| 0| runtime: 1542.1 ms | cr: 6168.3
    2430. dt:  0.25 ms | #newton:  1 | ph:  0.0% | #CG/newton: 3578 | ls (cap|max|inv|bt):  0| 0| 0| 0| runtime: 1561.3 ms | cr: 6245.4
    2431. dt:  0.25 ms | #newton:  1 | ph:  0.0% | #CG/newton: 3576 | ls (cap|max|inv|bt):  0| 0| 0| 0| runtime: 1529.3 ms | cr: 6117.2
    2432. dt:  0.25 ms | #newton:  1 | ph:  0.0% | #CG/newton: 3575 | ls (cap|max|inv|bt):  0| 0| 0| 0| runtime: 1524.7 ms | cr: 6098.7
    2433. dt:  0.25 ms | #newton:  1 | ph:  0.0% | #CG/newton: 3574 | ls (cap|max|inv|bt):  0| 0| 0| 0| runtime: 1527.8 ms | cr: 6111.1
    2434. dt:  0.25 ms | #newton:  1 | ph:  0.0% | #CG/newton: 3572 | ls (cap|max|inv|bt):  0| 0| 0| 0| runtime: 1550.0 ms | cr: 6200.1
    2435. dt:  0.25 ms | #newton:  1 | ph:  0.0% | #CG/newton: 3575 | ls (cap|max|inv|bt):  0| 0| 0| 0| runtime: 1545.2 ms | cr: 6180.8
    2436. dt:  0.25 ms | #newton:  1 | ph:  0.0% | #CG/newton: 3574 | ls (cap|max|inv|bt):  0| 0| 0| 0| runtime: 1513.2 ms | cr: 6052.7
    2437. dt:  0.25 ms | #newton:  1 | ph:  0.0% | #CG/newton: 3572 | ls (cap|max|inv|bt):  0| 0| 0| 0| runtime: 1510.2 ms | cr: 6041.0
    2438. dt:  0.25 ms | #newton:  1 | ph:  0.0% | #CG/newton: 3771 | ls (cap|max|inv|bt):  0| 0| 0| 0| runtime: 1694.4 ms | cr: 6777.6
    2439. dt:  0.25 ms | #newton:  1 | ph:  0.0% | #CG/newton: 3771 | ls (cap|max|inv|bt):  0| 0| 0| 0| runtime: 1680.5 ms | cr: 6722.1
    2440. dt:  0.25 ms | #newton:  1 | ph:  0.0% | #CG/newton: 3768 | ls (cap|max|inv|bt):  0| 0| 0| 0| runtime: 1691.9 ms | cr: 6767.4
    2441. dt:  0.25 ms | #newton:  1 | ph:  0.0% | #CG/newton: 3766 | ls (cap|max|inv|bt):  0| 0| 0| 0| runtime: 1683.5 ms | cr: 6734.2
    2442. dt:  0.25 ms | #newton:  1 | ph:  0.0% | #CG/newton: 3766 | ls (cap|max|inv|bt):  0| 0| 0| 0| runtime: 1679.9 ms | cr: 6719.7
    2443. dt:  0.25 ms | #newton:  1 | ph:  0.0% | #CG/newton: 3767 | ls (cap|max|inv|bt):  0| 0| 0| 0| runtime: 1688.9 ms | cr: 6755.7
    2444. dt:  0.25 ms | #newton:  1 | ph:  0.0% | #CG/newton: 3760 | ls (cap|max|inv|bt):  0| 0| 0| 0| runtime: 1663.5 ms | cr: 6654.1
    2445. dt:  0.25 ms | #newton:  1 | ph:  0.0% | #CG/newton: 3760 | ls (cap|max|inv|bt):  0| 0| 0| 0| runtime: 1627.4 ms | cr: 6509.5
    2446. dt:  0.25 ms | #newton:  1 | ph:  0.0% | #CG/newton: 3758 | ls (cap|max|inv|bt):  0| 0| 0| 0| runtime: 1594.5 ms | cr: 6378.0
    2447. dt:  0.25 ms | #newton:  1 | ph:  0.0% | #CG/newton: 3755 | ls (cap|max|inv|bt):  0| 0| 0| 0| runtime: 1596.3 ms | cr: 6385.3
    2448. dt:  0.25 ms | #newton:  1 | ph:  0.0% | #CG/newton: 3754 | ls (cap|max|inv|bt):  0| 0| 0| 0| runtime: 1595.9 ms | cr: 6383.6
    2449. dt:  0.25 ms | #newton:  1 | ph:  0.0% | #CG/newton: 3752 | ls (cap|max|inv|bt):  0| 0| 0| 0| runtime: 1604.1 ms | cr: 6416.5
    2450. dt:  0.25 ms | #newton:  1 | ph:  0.0% | #CG/newton: 3740 | ls (cap|max|inv|bt):  0| 0| 0| 0| runtime: 1590.5 ms | cr: 6362.1
    2451. dt:  0.25 ms | #newton:  1 | ph:  0.0% | #CG/newton: 3738 | ls (cap|max|inv|bt):  0| 0| 0| 0| runtime: 1585.9 ms | cr: 6343.6
    2452. dt:  0.25 ms | #newton:  1 | ph:  0.0% | #CG/newton: 3711 | ls (cap|max|inv|bt):  0| 0| 0| 0| runtime: 1580.4 ms | cr: 6321.7
    2453. dt:  0.25 ms | #newton:  1 | ph:  0.0% | #CG/newton: 3749 | ls (cap|max|inv|bt):  0| 0| 0| 0| runtime: 1585.2 ms | cr: 6340.9
    2454. dt:  0.25 ms | #newton:  1 | ph:  0.0% | #CG/newton: 3711 | ls (cap|max|inv|bt):  0| 0| 0| 0| runtime: 1574.2 ms | cr: 6296.8
    2455. dt:  0.25 ms | #newton:  1 | ph:  0.0% | #CG/newton: 3747 | ls (cap|max|inv|bt):  0| 0| 0| 0| runtime: 1613.0 ms | cr: 6452.0
    2456. dt:  0.25 ms | #newton:  1 | ph:  0.0% | #CG/newton: 3741 | ls (cap|max|inv|bt):  0| 0| 0| 0| runtime: 1614.3 ms | cr: 6457.3
    2457. dt:  0.25 ms | #newton:  1 | ph:  0.0% | #CG/newton: 3739 | ls (cap|max|inv|bt):  0| 0| 0| 0| runtime: 1597.5 ms | cr: 6389.9
    2458. dt:  0.25 ms | #newton:  1 | ph:  0.0% | #CG/newton: 3695 | ls (cap|max|inv|bt):  0| 0| 0| 0| runtime: 1565.6 ms | cr: 6262.3
    2459. dt:  0.25 ms | #newton:  1 | ph:  0.0% | #CG/newton: 3531 | ls (cap|max|inv|bt):  0| 0| 0| 0| runtime: 1512.5 ms | cr: 6049.9
    2460. dt:  0.25 ms | #newton:  1 | ph:  0.0% | #CG/newton: 3687 | ls (cap|max|inv|bt):  0| 0| 0| 0| runtime: 1574.4 ms | cr: 6297.6
    2461. dt:  0.25 ms | #newton:  1 | ph:  0.0% | #CG/newton: 3687 | ls (cap|max|inv|bt):  0| 0| 0| 0| runtime: 1568.0 ms | cr: 6271.8
    2462. dt:  0.25 ms | #newton:  1 | ph:  0.0% | #CG/newton: 3700 | ls (cap|max|inv|bt):  0| 0| 0| 0| runtime: 1592.9 ms | cr: 6371.6
    2463. dt:  0.25 ms | #newton:  1 | ph:  0.0% | #CG/newton: 3541 | ls (cap|max|inv|bt):  0| 0| 0| 0| runtime: 1565.2 ms | cr: 6260.7
    2464. dt:  0.25 ms | #newton:  1 | ph:  0.0% | #CG/newton: 3733 | ls (cap|max|inv|bt):  0| 0| 0| 0| runtime: 1678.8 ms | cr: 6715.1
    2465. dt:  0.25 ms | #newton:  1 | ph:  0.0% | #CG/newton: 3549 | ls (cap|max|inv|bt):  0| 0| 0| 0| runtime: 1628.2 ms | cr: 6512.8
    2466. dt:  0.25 ms | #newton:  1 | ph:  0.0% | #CG/newton: 3538 | ls (cap|max|inv|bt):  0| 0| 0| 0| runtime: 1582.6 ms | cr: 6330.6
    2467. dt:  0.25 ms | #newton:  1 | ph:  0.0% | #CG/newton: 3538 | ls (cap|max|inv|bt):  0| 0| 0| 0| runtime: 1544.4 ms | cr: 6177.5
    2468. dt:  0.25 ms | #newton:  1 | ph:  0.0% | #CG/newton: 3535 | ls (cap|max|inv|bt):  0| 0| 0| 0| runtime: 1546.0 ms | cr: 6183.8
    2469. dt:  0.25 ms | #newton:  1 | ph:  0.0% | #CG/newton: 3546 | ls (cap|max|inv|bt):  0| 0| 0| 0| runtime: 1565.5 ms | cr: 6262.1
    2470. dt:  0.25 ms | #newton:  1 | ph:  0.0% | #CG/newton: 3707 | ls (cap|max|inv|bt):  0| 0| 0| 0| runtime: 1599.1 ms | cr: 6396.4
    2471. dt:  0.25 ms | #newton:  1 | ph:  0.0% | #CG/newton: 3532 | ls (cap|max|inv|bt):  0| 0| 0| 0| runtime: 1515.5 ms | cr: 6062.0
    2472. dt:  0.25 ms | #newton:  1 | ph:  0.0% | #CG/newton: 3528 | ls (cap|max|inv|bt):  0| 0| 0| 0| runtime: 1540.7 ms | cr: 6162.8
    2473. dt:  0.25 ms | #newton:  1 | ph:  0.0% | #CG/newton: 3675 | ls (cap|max|inv|bt):  0| 0| 0| 0| runtime: 1614.2 ms | cr: 6456.7
    2474. dt:  0.25 ms | #newton:  1 | ph:  0.0% | #CG/newton: 3515 | ls (cap|max|inv|bt):  0| 0| 0| 0| runtime: 1590.1 ms | cr: 6360.5
    2475. dt:  0.25 ms | #newton:  1 | ph:  0.0% | #CG/newton: 3506 | ls (cap|max|inv|bt):  0| 0| 0| 0| runtime: 1616.7 ms | cr: 6467.0
    2476. dt:  0.25 ms | #newton:  1 | ph:  0.0% | #CG/newton: 3377 | ls (cap|max|inv|bt):  0| 0| 0| 0| runtime: 1509.8 ms | cr: 6039.3
    2477. dt:  0.25 ms | #newton:  1 | ph:  0.0% | #CG/newton: 3489 | ls (cap|max|inv|bt):  0| 0| 0| 0| runtime: 1493.3 ms | cr: 5973.3
    2478. dt:  0.25 ms | #newton:  1 | ph:  0.0% | #CG/newton: 3733 | ls (cap|max|inv|bt):  0| 0| 0| 0| runtime: 1653.6 ms | cr: 6614.3
    2479. dt:  0.25 ms | #newton:  1 | ph:  0.0% | #CG/newton: 3737 | ls (cap|max|inv|bt):  0| 0| 0| 0| runtime: 1667.4 ms | cr: 6669.4
    2480. dt:  0.25 ms | #newton:  1 | ph:  0.0% | #CG/newton: 3715 | ls (cap|max|inv|bt):  0| 0| 0| 0| runtime: 1666.4 ms | cr: 6665.7
    2481. dt:  0.25 ms | #newton:  1 | ph:  0.0% | #CG/newton: 3733 | ls (cap|max|inv|bt):  0| 0| 0| 0| runtime: 1665.9 ms | cr: 6663.5
    2482. dt:  0.25 ms | #newton:  1 | ph:  0.0% | #CG/newton: 3729 | ls (cap|max|inv|bt):  0| 0| 0| 0| runtime: 1677.7 ms | cr: 6711.0
    2483. dt:  0.25 ms | #newton:  1 | ph:  0.0% | #CG/newton: 3739 | ls (cap|max|inv|bt):  0| 0| 0| 0| runtime: 1725.8 ms | cr: 6903.0
    2484. dt:  0.25 ms | #newton:  1 | ph:  0.0% | #CG/newton: 3739 | ls (cap|max|inv|bt):  0| 0| 0| 0| runtime: 1679.5 ms | cr: 6718.0
    2485. dt:  0.25 ms | #newton:  1 | ph:  0.0% | #CG/newton: 3736 | ls (cap|max|inv|bt):  0| 0| 0| 0| runtime: 1674.4 ms | cr: 6697.5
    2486. dt:  0.25 ms | #newton:  1 | ph:  0.0% | #CG/newton: 3745 | ls (cap|max|inv|bt):  0| 0| 0| 0| runtime: 1681.4 ms | cr: 6725.5
    2487. dt:  0.25 ms | #newton:  1 | ph:  0.0% | #CG/newton: 3747 | ls (cap|max|inv|bt):  0| 0| 0| 0| runtime: 1672.7 ms | cr: 6690.6
    2488. dt:  0.25 ms | #newton:  1 | ph:  0.0% | #CG/newton: 3748 | ls (cap|max|inv|bt):  0| 0| 0| 0| runtime: 1611.0 ms | cr: 6444.0
    2489. dt:  0.25 ms | #newton:  1 | ph:  0.0% | #CG/newton: 3749 | ls (cap|max|inv|bt):  0| 0| 0| 0| runtime: 1679.5 ms | cr: 6717.9
    2490. dt:  0.25 ms | #newton:  1 | ph:  0.0% | #CG/newton: 3748 | ls (cap|max|inv|bt):  0| 0| 0| 0| runtime: 1679.8 ms | cr: 6719.3
    2491. dt:  0.25 ms | #newton:  1 | ph:  0.0% | #CG/newton: 3751 | ls (cap|max|inv|bt):  0| 0| 0| 0| runtime: 1687.0 ms | cr: 6748.0
    2492. dt:  0.25 ms | #newton:  1 | ph:  0.0% | #CG/newton: 3749 | ls (cap|max|inv|bt):  0| 0| 0| 0| runtime: 1694.1 ms | cr: 6776.5
    2493. dt:  0.25 ms | #newton:  1 | ph:  0.0% | #CG/newton: 3750 | ls (cap|max|inv|bt):  0| 0| 0| 0| runtime: 1677.9 ms | cr: 6711.4
    2494. dt:  0.25 ms | #newton:  1 | ph:  0.0% | #CG/newton: 3752 | ls (cap|max|inv|bt):  0| 0| 0| 0| runtime: 1663.4 ms | cr: 6653.5
    2495. dt:  0.25 ms | #newton:  1 | ph:  0.0% | #CG/newton: 3751 | ls (cap|max|inv|bt):  0| 0| 0| 0| runtime: 1666.2 ms | cr: 6664.8
    2496. dt:  0.25 ms | #newton:  1 | ph:  0.0% | #CG/newton: 3748 | ls (cap|max|inv|bt):  0| 0| 0| 0| runtime: 1684.8 ms | cr: 6739.2
    2497. dt:  0.25 ms | #newton:  1 | ph:  0.0% | #CG/newton: 3748 | ls (cap|max|inv|bt):  0| 0| 0| 0| runtime: 1682.6 ms | cr: 6730.3
    2498. dt:  0.25 ms | #newton:  1 | ph:  0.0% | #CG/newton: 3716 | ls (cap|max|inv|bt):  0| 0| 0| 0| runtime: 1660.3 ms | cr: 6641.3
    2499. dt:  0.25 ms | #newton:  1 | ph:  0.0% | #CG/newton: 3718 | ls (cap|max|inv|bt):  0| 0| 0| 0| runtime: 1624.4 ms | cr: 6497.5
    2500. dt:  0.25 ms | #newton:  1 | ph:  0.0% | #CG/newton: 3715 | ls (cap|max|inv|bt):  0| 0| 0| 0| runtime: 1667.7 ms | cr: 6670.7
    2501. dt:  0.25 ms | #newton:  1 | ph:  0.0% | #CG/newton: 3737 | ls (cap|max|inv|bt):  0| 0| 0| 0| runtime: 1667.9 ms | cr: 6671.5
    2502. dt:  0.25 ms | #newton:  1 | ph:  0.0% | #CG/newton: 3728 | ls (cap|max|inv|bt):  0| 0| 0| 0| runtime: 1611.9 ms | cr: 6447.7
    2503. dt:  0.25 ms | #newton:  1 | ph:  0.0% | #CG/newton: 3715 | ls (cap|max|inv|bt):  0| 0| 0| 0| runtime: 1608.6 ms | cr: 6434.2
    2504. dt:  0.25 ms | #newton:  1 | ph:  0.0% | #CG/newton: 3748 | ls (cap|max|inv|bt):  0| 0| 0| 0| runtime: 1623.1 ms | cr: 6492.3
    2505. dt:  0.25 ms | #newton:  1 | ph:  0.0% | #CG/newton: 3753 | ls (cap|max|inv|bt):  0| 0| 0| 0| runtime: 1612.4 ms | cr: 6449.7
    2506. dt:  0.25 ms | #newton:  1 | ph:  0.0% | #CG/newton: 3757 | ls (cap|max|inv|bt):  0| 0| 0| 0| runtime: 1589.5 ms | cr: 6358.1
    2507. dt:  0.25 ms | #newton:  1 | ph:  0.0% | #CG/newton: 3764 | ls (cap|max|inv|bt):  0| 0| 0| 0| runtime: 1603.5 ms | cr: 6414.1
    2508. dt:  0.25 ms | #newton:  1 | ph:  0.0% | #CG/newton: 3758 | ls (cap|max|inv|bt):  0| 0| 0| 0| runtime: 1584.3 ms | cr: 6337.3
    2509. dt:  0.25 ms | #newton:  1 | ph:  0.0% | #CG/newton: 3760 | ls (cap|max|inv|bt):  0| 0| 0| 0| runtime: 1595.6 ms | cr: 6382.5
    2510. dt:  0.25 ms | #newton:  1 | ph:  0.0% | #CG/newton: 3764 | ls (cap|max|inv|bt):  0| 0| 0| 0| runtime: 1611.4 ms | cr: 6445.8
    2511. dt:  0.25 ms | #newton:  1 | ph:  0.0% | #CG/newton: 3765 | ls (cap|max|inv|bt):  0| 0| 0| 0| runtime: 1608.0 ms | cr: 6432.0
    2512. dt:  0.25 ms | #newton:  1 | ph:  0.0% | #CG/newton: 3767 | ls (cap|max|inv|bt):  0| 0| 0| 0| runtime: 1648.2 ms | cr: 6593.0
    2513. dt:  0.25 ms | #newton:  1 | ph:  0.0% | #CG/newton: 3767 | ls (cap|max|inv|bt):  0| 0| 0| 0| runtime: 1603.0 ms | cr: 6412.1
    2514. dt:  0.25 ms | #newton:  1 | ph:  0.0% | #CG/newton: 3765 | ls (cap|max|inv|bt):  0| 0| 0| 0| runtime: 1601.7 ms | cr: 6406.7
    2515. dt:  0.25 ms | #newton:  1 | ph:  0.0% | #CG/newton: 3769 | ls (cap|max|inv|bt):  0| 0| 0| 0| runtime: 1642.8 ms | cr: 6571.3
    2516. dt:  0.25 ms | #newton:  1 | ph:  0.0% | #CG/newton: 3767 | ls (cap|max|inv|bt):  0| 0| 0| 0| runtime: 1656.7 ms | cr: 6627.0
    2517. dt:  0.25 ms | #newton:  1 | ph:  0.0% | #CG/newton: 3769 | ls (cap|max|inv|bt):  0| 0| 0| 0| runtime: 1688.1 ms | cr: 6752.2
    2518. dt:  0.25 ms | #newton:  1 | ph:  0.0% | #CG/newton: 3770 | ls (cap|max|inv|bt):  0| 0| 0| 0| runtime: 1697.9 ms | cr: 6791.6
    2519. dt:  0.25 ms | #newton:  1 | ph:  0.0% | #CG/newton: 3772 | ls (cap|max|inv|bt):  0| 0| 0| 0| runtime: 1709.8 ms | cr: 6839.3
    2520. dt:  0.25 ms | #newton:  1 | ph:  0.0% | #CG/newton: 3773 | ls (cap|max|inv|bt):  0| 0| 0| 0| runtime: 1688.6 ms | cr: 6754.5
    2521. dt:  0.25 ms | #newton:  1 | ph:  0.0% | #CG/newton: 3771 | ls (cap|max|inv|bt):  0| 0| 0| 0| runtime: 1684.6 ms | cr: 6738.4
    2522. dt:  0.25 ms | #newton:  1 | ph:  0.0% | #CG/newton: 3776 | ls (cap|max|inv|bt):  0| 0| 0| 0| runtime: 1674.8 ms | cr: 6699.4
    2523. dt:  0.25 ms | #newton:  1 | ph:  0.0% | #CG/newton: 3774 | ls (cap|max|inv|bt):  0| 0| 0| 0| runtime: 1603.0 ms | cr: 6411.9
    2524. dt:  0.25 ms | #newton:  1 | ph:  0.0% | #CG/newton: 3776 | ls (cap|max|inv|bt):  0| 0| 0| 0| runtime: 1609.3 ms | cr: 6437.3
    2525. dt:  0.25 ms | #newton:  1 | ph:  0.0% | #CG/newton: 3773 | ls (cap|max|inv|bt):  0| 0| 0| 0| runtime: 1605.5 ms | cr: 6422.0
    2526. dt:  0.25 ms | #newton:  1 | ph:  0.0% | #CG/newton: 3775 | ls (cap|max|inv|bt):  0| 0| 0| 0| runtime: 1609.2 ms | cr: 6436.8
    2527. dt:  0.25 ms | #newton:  1 | ph:  0.0% | #CG/newton: 3779 | ls (cap|max|inv|bt):  0| 0| 0| 0| runtime: 1625.0 ms | cr: 6499.8
    2528. dt:  0.25 ms | #newton:  1 | ph:  0.0% | #CG/newton: 3780 | ls (cap|max|inv|bt):  0| 0| 0| 0| runtime: 1620.9 ms | cr: 6483.7
    2529. dt:  0.25 ms | #newton:  1 | ph:  0.0% | #CG/newton: 3779 | ls (cap|max|inv|bt):  0| 0| 0| 0| runtime: 1597.4 ms | cr: 6389.5
    2530. dt:  0.25 ms | #newton:  1 | ph:  0.0% | #CG/newton: 3778 | ls (cap|max|inv|bt):  0| 0| 0| 0| runtime: 1603.0 ms | cr: 6412.1
    2531. dt:  0.25 ms | #newton:  1 | ph:  0.0% | #CG/newton: 3782 | ls (cap|max|inv|bt):  0| 0| 0| 0| runtime: 1615.5 ms | cr: 6462.1
    2532. dt:  0.25 ms | #newton:  1 | ph:  0.0% | #CG/newton: 3782 | ls (cap|max|inv|bt):  0| 0| 0| 0| runtime: 1617.2 ms | cr: 6468.9
    2533. dt:  0.25 ms | #newton:  1 | ph:  0.0% | #CG/newton: 3781 | ls (cap|max|inv|bt):  0| 0| 0| 0| runtime: 1612.9 ms | cr: 6451.6
[Frame: 19] Time: 0.633 s
    2534. dt:  0.25 ms | #newton:  1 | ph:  0.0% | #CG/newton: 3784 | ls (cap|max|inv|bt):  0| 0| 0| 0| runtime: 1629.0 ms | cr: 6516.1
    2535. dt:  0.25 ms | #newton:  1 | ph:  0.0% | #CG/newton: 3785 | ls (cap|max|inv|bt):  0| 0| 0| 0| runtime: 1620.8 ms | cr: 6483.0
    2536. dt:  0.25 ms | #newton:  1 | ph:  0.0% | #CG/newton: 3787 | ls (cap|max|inv|bt):  0| 0| 0| 0| runtime: 1611.4 ms | cr: 6445.4
    2537. dt:  0.25 ms | #newton:  1 | ph:  0.0% | #CG/newton: 3787 | ls (cap|max|inv|bt):  0| 0| 0| 0| runtime: 1621.9 ms | cr: 6487.6
    2538. dt:  0.25 ms | #newton:  1 | ph:  0.0% | #CG/newton: 3785 | ls (cap|max|inv|bt):  0| 0| 0| 0| runtime: 1631.0 ms | cr: 6524.1
    2539. dt:  0.25 ms | #newton:  1 | ph:  0.0% | #CG/newton: 3784 | ls (cap|max|inv|bt):  0| 0| 0| 0| runtime: 1628.5 ms | cr: 6514.1
    2540. dt:  0.25 ms | #newton:  1 | ph:  0.0% | #CG/newton: 3786 | ls (cap|max|inv|bt):  0| 0| 0| 0| runtime: 1593.6 ms | cr: 6374.3
    2541. dt:  0.25 ms | #newton:  1 | ph:  0.0% | #CG/newton: 3788 | ls (cap|max|inv|bt):  0| 0| 0| 0| runtime: 1610.7 ms | cr: 6442.7
    2542. dt:  0.25 ms | #newton:  1 | ph:  0.0% | #CG/newton: 3783 | ls (cap|max|inv|bt):  0| 0| 0| 0| runtime: 1614.4 ms | cr: 6457.4
    2543. dt:  0.25 ms | #newton:  1 | ph:  0.0% | #CG/newton: 3785 | ls (cap|max|inv|bt):  0| 0| 0| 0| runtime: 1611.5 ms | cr: 6446.0
    2544. dt:  0.25 ms | #newton:  1 | ph:  0.0% | #CG/newton: 3788 | ls (cap|max|inv|bt):  0| 0| 0| 0| runtime: 1603.5 ms | cr: 6414.2
    2545. dt:  0.25 ms | #newton:  1 | ph:  0.0% | #CG/newton: 3783 | ls (cap|max|inv|bt):  0| 0| 0| 0| runtime: 1628.5 ms | cr: 6514.0
    2546. dt:  0.25 ms | #newton:  1 | ph:  0.0% | #CG/newton: 3786 | ls (cap|max|inv|bt):  0| 0| 0| 0| runtime: 1622.9 ms | cr: 6491.5
    2547. dt:  0.25 ms | #newton:  1 | ph:  0.0% | #CG/newton: 3777 | ls (cap|max|inv|bt):  0| 0| 0| 0| runtime: 1603.8 ms | cr: 6415.4
    2548. dt:  0.25 ms | #newton:  1 | ph:  0.0% | #CG/newton: 3768 | ls (cap|max|inv|bt):  0| 0| 0| 0| runtime: 1658.8 ms | cr: 6635.0
    2549. dt:  0.25 ms | #newton:  1 | ph:  0.0% | #CG/newton: 3762 | ls (cap|max|inv|bt):  0| 0| 0| 0| runtime: 1697.1 ms | cr: 6788.2
    2550. dt:  0.25 ms | #newton:  1 | ph:  0.0% | #CG/newton: 3772 | ls (cap|max|inv|bt):  0| 0| 0| 0| runtime: 1691.7 ms | cr: 6766.8
    2551. dt:  0.25 ms | #newton:  1 | ph:  0.0% | #CG/newton: 3800 | ls (cap|max|inv|bt):  0| 0| 0| 0| runtime: 1702.6 ms | cr: 6810.2
    2552. dt:  0.25 ms | #newton:  1 | ph:  0.0% | #CG/newton: 3787 | ls (cap|max|inv|bt):  0| 0| 0| 0| runtime: 1698.4 ms | cr: 6793.7
    2553. dt:  0.25 ms | #newton:  1 | ph:  0.0% | #CG/newton: 3792 | ls (cap|max|inv|bt):  0| 0| 0| 0| runtime: 1686.8 ms | cr: 6747.2
    2554. dt:  0.25 ms | #newton:  1 | ph:  0.0% | #CG/newton: 3993 | ls (cap|max|inv|bt):  0| 0| 0| 0| runtime: 1790.2 ms | cr: 7160.8
    2555. dt:  0.25 ms | #newton:  1 | ph:  0.0% | #CG/newton: 3990 | ls (cap|max|inv|bt):  0| 0| 0| 0| runtime: 1797.9 ms | cr: 7191.7
    2556. dt:  0.25 ms | #newton:  1 | ph:  0.0% | #CG/newton: 3992 | ls (cap|max|inv|bt):  0| 0| 0| 0| runtime: 1786.3 ms | cr: 7145.0
    2557. dt:  0.25 ms | #newton:  1 | ph:  0.0% | #CG/newton: 3979 | ls (cap|max|inv|bt):  0| 0| 0| 0| runtime: 1758.4 ms | cr: 7033.7
    2558. dt:  0.25 ms | #newton:  1 | ph:  0.0% | #CG/newton: 3999 | ls (cap|max|inv|bt):  0| 0| 0| 0| runtime: 1776.4 ms | cr: 7105.4
    2559. dt:  0.25 ms | #newton:  1 | ph:  0.0% | #CG/newton: 4210 | ls (cap|max|inv|bt):  0| 0| 0| 0| runtime: 1868.4 ms | cr: 7473.7
    2560. dt:  0.25 ms | #newton:  1 | ph:  0.0% | #CG/newton: 4164 | ls (cap|max|inv|bt):  0| 0| 0| 0| runtime: 1839.6 ms | cr: 7358.4
    2561. dt:  0.25 ms | #newton:  1 | ph:  0.0% | #CG/newton: 4007 | ls (cap|max|inv|bt):  0| 0| 0| 0| runtime: 1774.6 ms | cr: 7098.6
    2562. dt:  0.25 ms | #newton:  1 | ph:  0.0% | #CG/newton: 3986 | ls (cap|max|inv|bt):  0| 0| 0| 0| runtime: 1779.5 ms | cr: 7117.8
    2563. dt:  0.25 ms | #newton:  1 | ph:  0.0% | #CG/newton: 3774 | ls (cap|max|inv|bt):  0| 0| 0| 0| runtime: 1672.5 ms | cr: 6690.1
    2564. dt:  0.25 ms | #newton:  1 | ph:  0.0% | #CG/newton: 3777 | ls (cap|max|inv|bt):  0| 0| 0| 0| runtime: 1691.0 ms | cr: 6763.9
    2565. dt:  0.25 ms | #newton:  1 | ph:  0.0% | #CG/newton: 3795 | ls (cap|max|inv|bt):  0| 0| 0| 0| runtime: 1688.0 ms | cr: 6752.0
    2566. dt:  0.25 ms | #newton:  1 | ph:  0.0% | #CG/newton: 3992 | ls (cap|max|inv|bt):  0| 0| 0| 0| runtime: 1766.2 ms | cr: 7064.7
    2567. dt:  0.25 ms | #newton:  1 | ph:  0.0% | #CG/newton: 3993 | ls (cap|max|inv|bt):  0| 0| 0| 0| runtime: 1748.6 ms | cr: 6994.5
    2568. dt:  0.25 ms | #newton:  2 | ph:  0.0% | #CG/newton: 1997 | ls (cap|max|inv|bt):  0| 0| 0| 0| runtime: 1788.4 ms | cr: 7153.4
    2569. dt:  0.25 ms | #newton:  2 | ph:  0.0% | #CG/newton: 1879 | ls (cap|max|inv|bt):  0| 0| 0| 0| runtime: 1691.0 ms | cr: 6763.8
    2570. dt:  0.25 ms | #newton:  2 | ph:  0.0% | #CG/newton: 1888 | ls (cap|max|inv|bt):  0| 0| 0| 0| runtime: 1716.2 ms | cr: 6864.8
    2571. dt:  0.25 ms | #newton:  1 | ph:  0.0% | #CG/newton: 4001 | ls (cap|max|inv|bt):  0| 0| 0| 0| runtime: 1720.5 ms | cr: 6882.0
    2572. dt:  0.25 ms | #newton:  2 | ph:  0.0% | #CG/newton: 2002 | ls (cap|max|inv|bt):  0| 0| 0| 0| runtime: 1785.9 ms | cr: 7143.6
    2573. dt:  0.25 ms | #newton:  2 | ph:  0.0% | #CG/newton: 1992 | ls (cap|max|inv|bt):  0| 0| 0| 0| runtime: 1801.3 ms | cr: 7205.4
    2574. dt:  0.25 ms | #newton:  1 | ph:  0.0% | #CG/newton: 3992 | ls (cap|max|inv|bt):  0| 0| 0| 0| runtime: 1721.6 ms | cr: 6886.4
    2575. dt:  0.25 ms | #newton:  1 | ph:  0.0% | #CG/newton: 3792 | ls (cap|max|inv|bt):  0| 0| 0| 0| runtime: 1617.5 ms | cr: 6469.9
    2576. dt:  0.25 ms | #newton:  1 | ph:  0.0% | #CG/newton: 3781 | ls (cap|max|inv|bt):  0| 0| 0| 0| runtime: 1639.6 ms | cr: 6558.4
    2577. dt:  0.25 ms | #newton:  1 | ph:  0.0% | #CG/newton: 3982 | ls (cap|max|inv|bt):  0| 0| 0| 0| runtime: 1696.2 ms | cr: 6784.7
    2578. dt:  0.25 ms | #newton:  1 | ph:  0.0% | #CG/newton: 3784 | ls (cap|max|inv|bt):  0| 0| 0| 0| runtime: 1627.0 ms | cr: 6508.0
    2579. dt:  0.25 ms | #newton:  1 | ph:  0.0% | #CG/newton: 3979 | ls (cap|max|inv|bt):  0| 0| 0| 0| runtime: 1709.9 ms | cr: 6839.6
    2580. dt:  0.25 ms | #newton:  1 | ph:  0.0% | #CG/newton: 3980 | ls (cap|max|inv|bt):  0| 0| 0| 0| runtime: 1717.6 ms | cr: 6870.3
    2581. dt:  0.25 ms | #newton:  1 | ph:  0.0% | #CG/newton: 3985 | ls (cap|max|inv|bt):  0| 0| 0| 0| runtime: 1720.1 ms | cr: 6880.4
    2582. dt:  0.25 ms | #newton:  1 | ph:  0.0% | #CG/newton: 3985 | ls (cap|max|inv|bt):  0| 0| 0| 0| runtime: 1713.3 ms | cr: 6853.2
    2583. dt:  0.25 ms | #newton:  1 | ph:  0.0% | #CG/newton: 3979 | ls (cap|max|inv|bt):  0| 0| 0| 0| runtime: 1746.2 ms | cr: 6984.8
    2584. dt:  0.25 ms | #newton:  1 | ph:  0.0% | #CG/newton: 3984 | ls (cap|max|inv|bt):  0| 0| 0| 0| runtime: 1702.4 ms | cr: 6809.6
    2585. dt:  0.25 ms | #newton:  1 | ph:  0.0% | #CG/newton: 3958 | ls (cap|max|inv|bt):  0| 0| 0| 0| runtime: 1752.8 ms | cr: 7011.2
    2586. dt:  0.25 ms | #newton:  2 | ph:  0.0% | #CG/newton: 2089 | ls (cap|max|inv|bt):  0| 0| 0| 0| runtime: 1870.2 ms | cr: 7480.8
    2587. dt:  0.25 ms | #newton:  2 | ph:  0.0% | #CG/newton: 2087 | ls (cap|max|inv|bt):  0| 0| 0| 0| runtime: 1859.8 ms | cr: 7439.3
    2588. dt:  0.25 ms | #newton:  2 | ph:  0.0% | #CG/newton: 2095 | ls (cap|max|inv|bt):  0| 0| 0| 0| runtime: 1867.1 ms | cr: 7468.2
    2589. dt:  0.25 ms | #newton:  2 | ph:  0.0% | #CG/newton: 2086 | ls (cap|max|inv|bt):  0| 0| 0| 0| runtime: 1853.3 ms | cr: 7413.2
    2590. dt:  0.25 ms | #newton:  1 | ph:  0.0% | #CG/newton: 3924 | ls (cap|max|inv|bt):  0| 0| 0| 0| runtime: 1720.7 ms | cr: 6883.0
    2591. dt:  0.25 ms | #newton:  1 | ph:  0.0% | #CG/newton: 4192 | ls (cap|max|inv|bt):  0| 0| 0| 0| runtime: 1813.2 ms | cr: 7252.9
    2592. dt:  0.25 ms | #newton:  1 | ph:  0.0% | #CG/newton: 3770 | ls (cap|max|inv|bt):  0| 0| 0| 0| runtime: 1624.7 ms | cr: 6498.8
    2593. dt:  0.25 ms | #newton:  1 | ph:  0.0% | #CG/newton: 3783 | ls (cap|max|inv|bt):  0| 0| 0| 0| runtime: 1630.5 ms | cr: 6521.9
    2594. dt:  0.25 ms | #newton:  1 | ph:  0.0% | #CG/newton: 3791 | ls (cap|max|inv|bt):  0| 0| 0| 0| runtime: 1640.2 ms | cr: 6561.0
    2595. dt:  0.25 ms | #newton:  1 | ph:  0.0% | #CG/newton: 3789 | ls (cap|max|inv|bt):  0| 0| 0| 0| runtime: 1640.4 ms | cr: 6561.5
    2596. dt:  0.25 ms | #newton:  1 | ph:  0.0% | #CG/newton: 3790 | ls (cap|max|inv|bt):  0| 0| 0| 0| runtime: 1660.7 ms | cr: 6642.9
    2597. dt:  0.25 ms | #newton:  1 | ph:  0.0% | #CG/newton: 3784 | ls (cap|max|inv|bt):  0| 0| 0| 0| runtime: 1639.5 ms | cr: 6558.0
    2598. dt:  0.25 ms | #newton:  1 | ph:  0.0% | #CG/newton: 3777 | ls (cap|max|inv|bt):  0| 0| 0| 0| runtime: 1654.6 ms | cr: 6618.5
    2599. dt:  0.25 ms | #newton:  1 | ph:  0.0% | #CG/newton: 3555 | ls (cap|max|inv|bt):  0| 0| 0| 0| runtime: 1559.3 ms | cr: 6237.1
    2600. dt:  0.25 ms | #newton:  1 | ph:  0.0% | #CG/newton: 3548 | ls (cap|max|inv|bt):  0| 0| 0| 0| runtime: 1559.0 ms | cr: 6236.1
    2601. dt:  0.25 ms | #newton:  1 | ph:  0.0% | #CG/newton: 3552 | ls (cap|max|inv|bt):  0| 0| 0| 0| runtime: 1552.1 ms | cr: 6208.5
    2602. dt:  0.25 ms | #newton:  1 | ph:  0.0% | #CG/newton: 3558 | ls (cap|max|inv|bt):  0| 0| 0| 0| runtime: 1573.5 ms | cr: 6293.8
    2603. dt:  0.25 ms | #newton:  1 | ph:  0.0% | #CG/newton: 3562 | ls (cap|max|inv|bt):  0| 0| 0| 0| runtime: 1561.0 ms | cr: 6243.8
    2604. dt:  0.25 ms | #newton:  1 | ph:  0.0% | #CG/newton: 3560 | ls (cap|max|inv|bt):  0| 0| 0| 0| runtime: 1591.3 ms | cr: 6365.3
    2605. dt:  0.25 ms | #newton:  1 | ph:  0.0% | #CG/newton: 3561 | ls (cap|max|inv|bt):  0| 0| 0| 0| runtime: 1616.2 ms | cr: 6464.8
    2606. dt:  0.25 ms | #newton:  1 | ph:  0.0% | #CG/newton: 3560 | ls (cap|max|inv|bt):  0| 0| 0| 0| runtime: 1618.1 ms | cr: 6472.3
    2607. dt:  0.25 ms | #newton:  1 | ph:  0.0% | #CG/newton: 3557 | ls (cap|max|inv|bt):  0| 0| 0| 0| runtime: 1613.7 ms | cr: 6454.7
    2608. dt:  0.25 ms | #newton:  1 | ph:  0.0% | #CG/newton: 3555 | ls (cap|max|inv|bt):  0| 0| 0| 0| runtime: 1611.1 ms | cr: 6444.4
    2609. dt:  0.25 ms | #newton:  1 | ph:  0.0% | #CG/newton: 3557 | ls (cap|max|inv|bt):  0| 0| 0| 0| runtime: 1602.6 ms | cr: 6410.5
    2610. dt:  0.25 ms | #newton:  1 | ph:  0.0% | #CG/newton: 3560 | ls (cap|max|inv|bt):  0| 0| 0| 0| runtime: 1607.0 ms | cr: 6428.2
    2611. dt:  0.25 ms | #newton:  1 | ph:  0.0% | #CG/newton: 3563 | ls (cap|max|inv|bt):  0| 0| 0| 0| runtime: 1592.4 ms | cr: 6369.5
    2612. dt:  0.25 ms | #newton:  1 | ph:  0.0% | #CG/newton: 3562 | ls (cap|max|inv|bt):  0| 0| 0| 0| runtime: 1600.1 ms | cr: 6400.3
    2613. dt:  0.25 ms | #newton:  1 | ph:  0.0% | #CG/newton: 3561 | ls (cap|max|inv|bt):  0| 0| 0| 0| runtime: 1602.9 ms | cr: 6411.8
    2614. dt:  0.25 ms | #newton:  1 | ph:  0.0% | #CG/newton: 3751 | ls (cap|max|inv|bt):  0| 0| 0| 0| runtime: 1619.2 ms | cr: 6476.8
    2615. dt:  0.25 ms | #newton:  1 | ph:  0.0% | #CG/newton: 3922 | ls (cap|max|inv|bt):  0| 0| 0| 0| runtime: 1731.9 ms | cr: 6927.6
    2616. dt:  0.25 ms | #newton:  1 | ph:  0.0% | #CG/newton: 3952 | ls (cap|max|inv|bt):  0| 0| 0| 0| runtime: 1802.8 ms | cr: 7211.3
    2617. dt:  0.25 ms | #newton:  1 | ph:  0.0% | #CG/newton: 3907 | ls (cap|max|inv|bt):  0| 0| 0| 0| runtime: 1738.3 ms | cr: 6953.2
    2618. dt:  0.25 ms | #newton:  1 | ph:  0.0% | #CG/newton: 3909 | ls (cap|max|inv|bt):  0| 0| 0| 0| runtime: 1731.2 ms | cr: 6924.9
    2619. dt:  0.25 ms | #newton:  1 | ph:  0.0% | #CG/newton: 3936 | ls (cap|max|inv|bt):  0| 0| 0| 0| runtime: 1789.2 ms | cr: 7156.6
    2620. dt:  0.25 ms | #newton:  1 | ph:  0.0% | #CG/newton: 1834 | ls (cap|max|inv|bt):  0| 0| 0| 0| runtime:  887.1 ms | cr: 3548.2
    2621. dt:  0.25 ms | #newton:  1 | ph:  0.0% | #CG/newton: 1832 | ls (cap|max|inv|bt):  0| 0| 0| 0| runtime:  884.4 ms | cr: 3537.7
    2622. dt:  0.25 ms | #newton:  1 | ph:  0.0% | #CG/newton: 1836 | ls (cap|max|inv|bt):  0| 0| 0| 0| runtime:  877.8 ms | cr: 3511.2
    2623. dt:  0.25 ms | #newton:  1 | ph:  0.0% | #CG/newton: 1834 | ls (cap|max|inv|bt):  0| 0| 0| 0| runtime:  886.8 ms | cr: 3547.1
    2624. dt:  0.25 ms | #newton:  1 | ph:  0.0% | #CG/newton: 1844 | ls (cap|max|inv|bt):  0| 0| 0| 0| runtime:  883.3 ms | cr: 3533.3
    2625. dt:  0.25 ms | #newton:  1 | ph:  0.0% | #CG/newton: 1847 | ls (cap|max|inv|bt):  0| 0| 0| 0| runtime:  884.2 ms | cr: 3536.9
    2626. dt:  0.25 ms | #newton:  1 | ph:  0.0% | #CG/newton: 3755 | ls (cap|max|inv|bt):  0| 0| 0| 0| runtime: 1666.3 ms | cr: 6665.0
    2627. dt:  0.25 ms | #newton:  1 | ph:  0.0% | #CG/newton: 3738 | ls (cap|max|inv|bt):  0| 0| 0| 0| runtime: 1678.4 ms | cr: 6713.6
    2628. dt:  0.25 ms | #newton:  1 | ph:  0.0% | #CG/newton: 3721 | ls (cap|max|inv|bt):  0| 0| 0| 0| runtime: 1676.1 ms | cr: 6704.5
    2629. dt:  0.25 ms | #newton:  1 | ph:  0.0% | #CG/newton: 3721 | ls (cap|max|inv|bt):  0| 0| 0| 0| runtime: 1666.3 ms | cr: 6665.2
    2630. dt:  0.25 ms | #newton:  1 | ph:  0.0% | #CG/newton: 3503 | ls (cap|max|inv|bt):  0| 0| 0| 0| runtime: 1588.9 ms | cr: 6355.4
    2631. dt:  0.25 ms | #newton:  1 | ph:  0.0% | #CG/newton: 3704 | ls (cap|max|inv|bt):  0| 0| 0| 0| runtime: 1659.5 ms | cr: 6638.2
    2632. dt:  0.25 ms | #newton:  1 | ph:  0.0% | #CG/newton: 3688 | ls (cap|max|inv|bt):  0| 0| 0| 0| runtime: 1670.4 ms | cr: 6681.5
    2633. dt:  0.25 ms | #newton:  1 | ph:  0.0% | #CG/newton: 3700 | ls (cap|max|inv|bt):  0| 0| 0| 0| runtime: 1653.0 ms | cr: 6612.1
    2634. dt:  0.25 ms | #newton:  1 | ph:  0.0% | #CG/newton: 3719 | ls (cap|max|inv|bt):  0| 0| 0| 0| runtime: 1680.1 ms | cr: 6720.5
    2635. dt:  0.25 ms | #newton:  1 | ph:  0.0% | #CG/newton: 3910 | ls (cap|max|inv|bt):  0| 0| 0| 0| runtime: 1739.4 ms | cr: 6957.5
    2636. dt:  0.25 ms | #newton:  1 | ph:  0.0% | #CG/newton: 3682 | ls (cap|max|inv|bt):  0| 0| 0| 0| runtime: 1654.5 ms | cr: 6617.9
    2637. dt:  0.25 ms | #newton:  1 | ph:  0.0% | #CG/newton: 3879 | ls (cap|max|inv|bt):  0| 0| 0| 0| runtime: 1746.4 ms | cr: 6985.5
    2638. dt:  0.25 ms | #newton:  1 | ph:  0.0% | #CG/newton: 4074 | ls (cap|max|inv|bt):  0| 0| 0| 0| runtime: 1814.3 ms | cr: 7257.4
    2639. dt:  0.25 ms | #newton:  1 | ph:  0.0% | #CG/newton: 4104 | ls (cap|max|inv|bt):  0| 0| 0| 0| runtime: 1813.9 ms | cr: 7255.4
    2640. dt:  0.25 ms | #newton:  1 | ph:  0.0% | #CG/newton: 3884 | ls (cap|max|inv|bt):  0| 0| 0| 0| runtime: 1725.8 ms | cr: 6903.3
    2641. dt:  0.25 ms | #newton:  1 | ph:  0.0% | #CG/newton: 4045 | ls (cap|max|inv|bt):  0| 0| 0| 0| runtime: 1800.2 ms | cr: 7200.8
    2642. dt:  0.25 ms | #newton:  2 | ph:  0.0% | #CG/newton: 1927 | ls (cap|max|inv|bt):  0| 0| 0| 0| runtime: 1765.5 ms | cr: 7062.1
    2643. dt:  0.25 ms | #newton:  1 | ph:  0.0% | #CG/newton: 4103 | ls (cap|max|inv|bt):  0| 0| 0| 0| runtime: 1804.4 ms | cr: 7217.6
    2644. dt:  0.25 ms | #newton:  1 | ph:  0.0% | #CG/newton: 3929 | ls (cap|max|inv|bt):  0| 0| 0| 0| runtime: 1774.4 ms | cr: 7097.5
    2645. dt:  0.25 ms | #newton:  1 | ph:  0.0% | #CG/newton: 3909 | ls (cap|max|inv|bt):  0| 0| 0| 0| runtime: 1733.7 ms | cr: 6934.8
    2646. dt:  0.25 ms | #newton:  1 | ph:  0.0% | #CG/newton: 3708 | ls (cap|max|inv|bt):  0| 0| 0| 0| runtime: 1656.1 ms | cr: 6624.3
    2647. dt:  0.25 ms | #newton:  1 | ph:  0.0% | #CG/newton: 3664 | ls (cap|max|inv|bt):  0| 0| 0| 0| runtime: 1626.3 ms | cr: 6505.2
    2648. dt:  0.25 ms | #newton:  1 | ph:  0.0% | #CG/newton: 3886 | ls (cap|max|inv|bt):  0| 0| 0| 0| runtime: 1748.9 ms | cr: 6995.8
    2649. dt:  0.25 ms | #newton:  1 | ph:  0.0% | #CG/newton: 4062 | ls (cap|max|inv|bt):  0| 0| 0| 0| runtime: 1805.2 ms | cr: 7220.7
    2650. dt:  0.25 ms | #newton:  1 | ph:  0.0% | #CG/newton: 3683 | ls (cap|max|inv|bt):  0| 0| 0| 0| runtime: 1631.8 ms | cr: 6527.3
    2651. dt:  0.25 ms | #newton:  1 | ph:  0.0% | #CG/newton: 3687 | ls (cap|max|inv|bt):  0| 0| 0| 0| runtime: 1578.4 ms | cr: 6313.4
    2652. dt:  0.25 ms | #newton:  1 | ph:  0.0% | #CG/newton: 3676 | ls (cap|max|inv|bt):  0| 0| 0| 0| runtime: 1572.9 ms | cr: 6291.4
    2653. dt:  0.25 ms | #newton:  1 | ph:  0.0% | #CG/newton: 3670 | ls (cap|max|inv|bt):  0| 0| 0| 0| runtime: 1601.8 ms | cr: 6407.3
    2654. dt:  0.25 ms | #newton:  1 | ph:  0.0% | #CG/newton: 3671 | ls (cap|max|inv|bt):  0| 0| 0| 0| runtime: 1606.0 ms | cr: 6423.9
    2655. dt:  0.25 ms | #newton:  1 | ph:  0.0% | #CG/newton: 3662 | ls (cap|max|inv|bt):  0| 0| 0| 0| runtime: 1645.5 ms | cr: 6582.2
    2656. dt:  0.25 ms | #newton:  1 | ph:  0.0% | #CG/newton: 3683 | ls (cap|max|inv|bt):  0| 0| 0| 0| runtime: 1654.6 ms | cr: 6618.4
    2657. dt:  0.25 ms | #newton:  1 | ph:  0.0% | #CG/newton: 3668 | ls (cap|max|inv|bt):  0| 0| 0| 0| runtime: 1650.2 ms | cr: 6600.7
    2658. dt:  0.25 ms | #newton:  1 | ph:  0.0% | #CG/newton: 3681 | ls (cap|max|inv|bt):  0| 0| 0| 0| runtime: 1693.5 ms | cr: 6774.1
    2659. dt:  0.25 ms | #newton:  1 | ph:  0.0% | #CG/newton: 3678 | ls (cap|max|inv|bt):  0| 0| 0| 0| runtime: 1637.7 ms | cr: 6550.9
    2660. dt:  0.25 ms | #newton:  1 | ph:  0.0% | #CG/newton: 3678 | ls (cap|max|inv|bt):  0| 0| 0| 0| runtime: 1646.6 ms | cr: 6586.4
    2661. dt:  0.25 ms | #newton:  1 | ph:  0.0% | #CG/newton: 3682 | ls (cap|max|inv|bt):  0| 0| 0| 0| runtime: 1631.7 ms | cr: 6526.8
    2662. dt:  0.25 ms | #newton:  1 | ph:  0.0% | #CG/newton: 3681 | ls (cap|max|inv|bt):  0| 0| 0| 0| runtime: 1653.4 ms | cr: 6613.5
    2663. dt:  0.25 ms | #newton:  1 | ph:  0.0% | #CG/newton: 3692 | ls (cap|max|inv|bt):  0| 0| 0| 0| runtime: 1645.2 ms | cr: 6580.7
    2664. dt:  0.25 ms | #newton:  1 | ph:  0.0% | #CG/newton: 3699 | ls (cap|max|inv|bt):  0| 0| 0| 0| runtime: 1650.1 ms | cr: 6600.3
    2665. dt:  0.25 ms | #newton:  1 | ph:  0.0% | #CG/newton: 3692 | ls (cap|max|inv|bt):  0| 0| 0| 0| runtime: 1652.1 ms | cr: 6608.3
    2666. dt:  0.25 ms | #newton:  1 | ph:  0.0% | #CG/newton: 3701 | ls (cap|max|inv|bt):  0| 0| 0| 0| runtime: 1647.5 ms | cr: 6590.2
[Frame: 20] Time: 0.667 s
    2667. dt:  0.25 ms | #newton:  1 | ph:  0.0% | #CG/newton: 3706 | ls (cap|max|inv|bt):  0| 0| 0| 0| runtime: 1666.6 ms | cr: 6666.2
    2668. dt:  0.25 ms | #newton:  1 | ph:  0.0% | #CG/newton: 3725 | ls (cap|max|inv|bt):  0| 0| 0| 0| runtime: 1666.1 ms | cr: 6664.4
    2669. dt:  0.25 ms | #newton:  1 | ph:  0.0% | #CG/newton: 3704 | ls (cap|max|inv|bt):  0| 0| 0| 0| runtime: 1652.5 ms | cr: 6610.2
    2670. dt:  0.25 ms | #newton:  1 | ph:  0.0% | #CG/newton: 3710 | ls (cap|max|inv|bt):  0| 0| 0| 0| runtime: 1656.2 ms | cr: 6625.0
    2671. dt:  0.25 ms | #newton:  1 | ph:  0.0% | #CG/newton: 3709 | ls (cap|max|inv|bt):  0| 0| 0| 0| runtime: 1664.4 ms | cr: 6657.7
    2672. dt:  0.25 ms | #newton:  1 | ph:  0.0% | #CG/newton: 3714 | ls (cap|max|inv|bt):  0| 0| 0| 0| runtime: 1672.7 ms | cr: 6690.9
    2673. dt:  0.25 ms | #newton:  1 | ph:  0.0% | #CG/newton: 3708 | ls (cap|max|inv|bt):  0| 0| 0| 0| runtime: 1654.4 ms | cr: 6617.8
    2674. dt:  0.25 ms | #newton:  1 | ph:  0.0% | #CG/newton: 3737 | ls (cap|max|inv|bt):  0| 0| 0| 0| runtime: 1658.7 ms | cr: 6634.9
    2675. dt:  0.25 ms | #newton:  1 | ph:  0.0% | #CG/newton: 3700 | ls (cap|max|inv|bt):  0| 0| 0| 0| runtime: 1657.3 ms | cr: 6629.0
    2676. dt:  0.25 ms | #newton:  1 | ph:  0.0% | #CG/newton: 3710 | ls (cap|max|inv|bt):  0| 0| 0| 0| runtime: 1657.7 ms | cr: 6630.8
    2677. dt:  0.25 ms | #newton:  1 | ph:  0.0% | #CG/newton: 3725 | ls (cap|max|inv|bt):  0| 0| 0| 0| runtime: 1672.1 ms | cr: 6688.3
    2678. dt:  0.25 ms | #newton:  1 | ph:  0.0% | #CG/newton: 3719 | ls (cap|max|inv|bt):  0| 0| 0| 0| runtime: 1655.0 ms | cr: 6619.8
    2679. dt:  0.25 ms | #newton:  1 | ph:  0.0% | #CG/newton: 3712 | ls (cap|max|inv|bt):  0| 0| 0| 0| runtime: 1674.0 ms | cr: 6696.1
    2680. dt:  0.25 ms | #newton:  1 | ph:  0.0% | #CG/newton: 3744 | ls (cap|max|inv|bt):  0| 0| 0| 0| runtime: 1678.5 ms | cr: 6714.1
    2681. dt:  0.25 ms | #newton:  1 | ph:  0.0% | #CG/newton: 3715 | ls (cap|max|inv|bt):  0| 0| 0| 0| runtime: 1648.5 ms | cr: 6594.0
    2682. dt:  0.25 ms | #newton:  1 | ph:  0.0% | #CG/newton: 3743 | ls (cap|max|inv|bt):  0| 0| 0| 0| runtime: 1674.8 ms | cr: 6699.3
    2683. dt:  0.25 ms | #newton:  1 | ph:  0.0% | #CG/newton: 3710 | ls (cap|max|inv|bt):  0| 0| 0| 0| runtime: 1668.7 ms | cr: 6674.9
    2684. dt:  0.25 ms | #newton:  1 | ph:  0.0% | #CG/newton: 3704 | ls (cap|max|inv|bt):  0| 0| 0| 0| runtime: 1655.2 ms | cr: 6620.6
    2685. dt:  0.25 ms | #newton:  1 | ph:  0.0% | #CG/newton: 3714 | ls (cap|max|inv|bt):  0| 0| 0| 0| runtime: 1665.2 ms | cr: 6660.6
    2686. dt:  0.25 ms | #newton:  1 | ph:  0.0% | #CG/newton: 3738 | ls (cap|max|inv|bt):  0| 0| 0| 0| runtime: 1680.2 ms | cr: 6720.6
    2687. dt:  0.25 ms | #newton:  1 | ph:  0.0% | #CG/newton: 3741 | ls (cap|max|inv|bt):  0| 0| 0| 0| runtime: 1682.0 ms | cr: 6728.2
    2688. dt:  0.25 ms | #newton:  1 | ph:  0.0% | #CG/newton: 3747 | ls (cap|max|inv|bt):  0| 0| 0| 0| runtime: 1673.2 ms | cr: 6692.7
    2689. dt:  0.25 ms | #newton:  1 | ph:  0.0% | #CG/newton: 3743 | ls (cap|max|inv|bt):  0| 0| 0| 0| runtime: 1673.2 ms | cr: 6692.8
    2690. dt:  0.25 ms | #newton:  1 | ph:  0.0% | #CG/newton: 3745 | ls (cap|max|inv|bt):  0| 0| 0| 0| runtime: 1675.3 ms | cr: 6701.3
    2691. dt:  0.25 ms | #newton:  1 | ph:  0.0% | #CG/newton: 3749 | ls (cap|max|inv|bt):  0| 0| 0| 0| runtime: 1691.2 ms | cr: 6764.9
    2692. dt:  0.25 ms | #newton:  1 | ph:  0.0% | #CG/newton: 3735 | ls (cap|max|inv|bt):  0| 0| 0| 0| runtime: 1664.8 ms | cr: 6659.4
    2693. dt:  0.25 ms | #newton:  1 | ph:  0.0% | #CG/newton: 3715 | ls (cap|max|inv|bt):  0| 0| 0| 0| runtime: 1661.8 ms | cr: 6647.0
    2694. dt:  0.25 ms | #newton:  1 | ph:  0.0% | #CG/newton: 3713 | ls (cap|max|inv|bt):  0| 0| 0| 0| runtime: 1687.2 ms | cr: 6749.0
    2695. dt:  0.25 ms | #newton:  1 | ph:  0.0% | #CG/newton: 3928 | ls (cap|max|inv|bt):  0| 0| 0| 0| runtime: 1758.2 ms | cr: 7032.8
    2696. dt:  0.25 ms | #newton:  1 | ph:  0.0% | #CG/newton: 3951 | ls (cap|max|inv|bt):  0| 0| 0| 0| runtime: 1832.0 ms | cr: 7327.8
    2697. dt:  0.25 ms | #newton:  1 | ph:  0.0% | #CG/newton: 3766 | ls (cap|max|inv|bt):  0| 0| 0| 0| runtime: 1694.0 ms | cr: 6775.9
    2698. dt:  0.25 ms | #newton:  1 | ph:  0.0% | #CG/newton: 3761 | ls (cap|max|inv|bt):  0| 0| 0| 0| runtime: 1675.1 ms | cr: 6700.6
    2699. dt:  0.25 ms | #newton:  1 | ph:  0.0% | #CG/newton: 3760 | ls (cap|max|inv|bt):  0| 0| 0| 0| runtime: 1675.5 ms | cr: 6702.0
    2700. dt:  0.25 ms | #newton:  1 | ph:  0.0% | #CG/newton: 3951 | ls (cap|max|inv|bt):  0| 0| 0| 0| runtime: 1755.8 ms | cr: 7023.0
    2701. dt:  0.25 ms | #newton:  1 | ph:  0.0% | #CG/newton: 3967 | ls (cap|max|inv|bt):  0| 0| 0| 0| runtime: 1766.4 ms | cr: 7065.5
    2702. dt:  0.25 ms | #newton:  1 | ph:  0.0% | #CG/newton: 3958 | ls (cap|max|inv|bt):  0| 0| 0| 0| runtime: 1762.7 ms | cr: 7050.7
    2703. dt:  0.25 ms | #newton:  1 | ph:  0.0% | #CG/newton: 3961 | ls (cap|max|inv|bt):  0| 0| 0| 0| runtime: 1761.0 ms | cr: 7044.2
    2704. dt:  0.25 ms | #newton:  1 | ph:  0.0% | #CG/newton: 3953 | ls (cap|max|inv|bt):  0| 0| 0| 0| runtime: 1764.7 ms | cr: 7058.7
    2705. dt:  0.25 ms | #newton:  1 | ph:  0.0% | #CG/newton: 3952 | ls (cap|max|inv|bt):  0| 0| 0| 0| runtime: 1742.8 ms | cr: 6971.2
    2706. dt:  0.25 ms | #newton:  1 | ph:  0.0% | #CG/newton: 3952 | ls (cap|max|inv|bt):  0| 0| 0| 0| runtime: 1754.1 ms | cr: 7016.3
    2707. dt:  0.25 ms | #newton:  1 | ph:  0.0% | #CG/newton: 3947 | ls (cap|max|inv|bt):  0| 0| 0| 0| runtime: 1757.4 ms | cr: 7029.7
    2708. dt:  0.25 ms | #newton:  1 | ph:  0.0% | #CG/newton: 3942 | ls (cap|max|inv|bt):  0| 0| 0| 0| runtime: 1760.7 ms | cr: 7042.8
    2709. dt:  0.25 ms | #newton:  1 | ph:  0.0% | #CG/newton: 3940 | ls (cap|max|inv|bt):  0| 0| 0| 0| runtime: 1765.9 ms | cr: 7063.6
    2710. dt:  0.25 ms | #newton:  1 | ph:  0.0% | #CG/newton: 3947 | ls (cap|max|inv|bt):  0| 0| 0| 0| runtime: 1761.8 ms | cr: 7047.2
    2711. dt:  0.25 ms | #newton:  1 | ph:  0.0% | #CG/newton: 3941 | ls (cap|max|inv|bt):  0| 0| 0| 0| runtime: 1760.7 ms | cr: 7042.9
    2712. dt:  0.25 ms | #newton:  1 | ph:  0.0% | #CG/newton: 3947 | ls (cap|max|inv|bt):  0| 0| 0| 0| runtime: 1779.9 ms | cr: 7119.7
    2713. dt:  0.25 ms | #newton:  1 | ph:  0.0% | #CG/newton: 4135 | ls (cap|max|inv|bt):  0| 0| 0| 0| runtime: 1828.1 ms | cr: 7312.5
    2714. dt:  0.25 ms | #newton:  1 | ph:  0.0% | #CG/newton: 3940 | ls (cap|max|inv|bt):  0| 0| 0| 0| runtime: 1771.3 ms | cr: 7085.4
    2715. dt:  0.25 ms | #newton:  1 | ph:  0.0% | #CG/newton: 3940 | ls (cap|max|inv|bt):  0| 0| 0| 0| runtime: 1779.8 ms | cr: 7119.4
    2716. dt:  0.25 ms | #newton:  1 | ph:  0.0% | #CG/newton: 3939 | ls (cap|max|inv|bt):  0| 0| 0| 0| runtime: 1759.1 ms | cr: 7036.4
    2717. dt:  0.25 ms | #newton:  1 | ph:  0.0% | #CG/newton: 4134 | ls (cap|max|inv|bt):  0| 0| 0| 0| runtime: 1836.0 ms | cr: 7344.1
    2718. dt:  0.25 ms | #newton:  1 | ph:  0.0% | #CG/newton: 3936 | ls (cap|max|inv|bt):  0| 0| 0| 0| runtime: 1765.1 ms | cr: 7060.2
    2719. dt:  0.25 ms | #newton:  1 | ph:  0.0% | #CG/newton: 3938 | ls (cap|max|inv|bt):  0| 0| 0| 0| runtime: 1754.8 ms | cr: 7019.4
    2720. dt:  0.25 ms | #newton:  1 | ph:  0.0% | #CG/newton: 3937 | ls (cap|max|inv|bt):  0| 0| 0| 0| runtime: 1749.9 ms | cr: 6999.8
    2721. dt:  0.25 ms | #newton:  1 | ph:  0.0% | #CG/newton: 3938 | ls (cap|max|inv|bt):  0| 0| 0| 0| runtime: 1768.3 ms | cr: 7073.0
    2722. dt:  0.25 ms | #newton:  1 | ph:  0.0% | #CG/newton: 3954 | ls (cap|max|inv|bt):  0| 0| 0| 0| runtime: 1762.9 ms | cr: 7051.4
    2723. dt:  0.25 ms | #newton:  1 | ph:  0.0% | #CG/newton: 3954 | ls (cap|max|inv|bt):  0| 0| 0| 0| runtime: 1762.5 ms | cr: 7049.9
    2724. dt:  0.25 ms | #newton:  1 | ph:  0.0% | #CG/newton: 3950 | ls (cap|max|inv|bt):  0| 0| 0| 0| runtime: 1758.7 ms | cr: 7034.9
    2725. dt:  0.25 ms | #newton:  1 | ph:  0.0% | #CG/newton: 3946 | ls (cap|max|inv|bt):  0| 0| 0| 0| runtime: 1762.5 ms | cr: 7050.0
    2726. dt:  0.25 ms | #newton:  1 | ph:  0.0% | #CG/newton: 3942 | ls (cap|max|inv|bt):  0| 0| 0| 0| runtime: 1746.5 ms | cr: 6986.1
    2727. dt:  0.25 ms | #newton:  1 | ph:  0.0% | #CG/newton: 3944 | ls (cap|max|inv|bt):  0| 0| 0| 0| runtime: 1763.9 ms | cr: 7055.7
    2728. dt:  0.25 ms | #newton:  1 | ph:  0.0% | #CG/newton: 3770 | ls (cap|max|inv|bt):  0| 0| 0| 0| runtime: 1724.7 ms | cr: 6898.9
    2729. dt:  0.25 ms | #newton:  1 | ph:  0.0% | #CG/newton: 3754 | ls (cap|max|inv|bt):  0| 0| 0| 0| runtime: 1688.4 ms | cr: 6753.6
    2730. dt:  0.25 ms | #newton:  1 | ph:  0.0% | #CG/newton: 3749 | ls (cap|max|inv|bt):  0| 0| 0| 0| runtime: 1682.0 ms | cr: 6727.8
    2731. dt:  0.25 ms | #newton:  1 | ph:  0.0% | #CG/newton: 3750 | ls (cap|max|inv|bt):  0| 0| 0| 0| runtime: 1690.1 ms | cr: 6760.5
    2732. dt:  0.25 ms | #newton:  1 | ph:  0.0% | #CG/newton: 3745 | ls (cap|max|inv|bt):  0| 0| 0| 0| runtime: 1682.0 ms | cr: 6727.9
    2733. dt:  0.25 ms | #newton:  1 | ph:  0.0% | #CG/newton: 3740 | ls (cap|max|inv|bt):  0| 0| 0| 0| runtime: 1698.5 ms | cr: 6794.1
    2734. dt:  0.25 ms | #newton:  1 | ph:  0.0% | #CG/newton: 3741 | ls (cap|max|inv|bt):  0| 0| 0| 0| runtime: 1683.4 ms | cr: 6733.4
    2735. dt:  0.25 ms | #newton:  1 | ph:  0.0% | #CG/newton: 3739 | ls (cap|max|inv|bt):  0| 0| 0| 0| runtime: 1699.4 ms | cr: 6797.6
    2736. dt:  0.25 ms | #newton:  1 | ph:  0.0% | #CG/newton: 3738 | ls (cap|max|inv|bt):  0| 0| 0| 0| runtime: 1693.6 ms | cr: 6774.4
    2737. dt:  0.25 ms | #newton:  1 | ph:  0.0% | #CG/newton: 3739 | ls (cap|max|inv|bt):  0| 0| 0| 0| runtime: 1681.4 ms | cr: 6725.5
    2738. dt:  0.25 ms | #newton:  1 | ph:  0.0% | #CG/newton: 3733 | ls (cap|max|inv|bt):  0| 0| 0| 0| runtime: 1681.7 ms | cr: 6726.9
    2739. dt:  0.25 ms | #newton:  1 | ph:  0.0% | #CG/newton: 3740 | ls (cap|max|inv|bt):  0| 0| 0| 0| runtime: 1686.1 ms | cr: 6744.4
    2740. dt:  0.25 ms | #newton:  1 | ph:  0.0% | #CG/newton: 3549 | ls (cap|max|inv|bt):  0| 0| 0| 0| runtime: 1604.4 ms | cr: 6417.5
    2741. dt:  0.25 ms | #newton:  1 | ph:  0.0% | #CG/newton: 3733 | ls (cap|max|inv|bt):  0| 0| 0| 0| runtime: 1673.9 ms | cr: 6695.7
    2742. dt:  0.25 ms | #newton:  1 | ph:  0.0% | #CG/newton: 3728 | ls (cap|max|inv|bt):  0| 0| 0| 0| runtime: 1673.2 ms | cr: 6692.6
    2743. dt:  0.25 ms | #newton:  1 | ph:  0.0% | #CG/newton: 3720 | ls (cap|max|inv|bt):  0| 0| 0| 0| runtime: 1667.9 ms | cr: 6671.7
    2744. dt:  0.25 ms | #newton:  1 | ph:  0.0% | #CG/newton: 3542 | ls (cap|max|inv|bt):  0| 0| 0| 0| runtime: 1601.2 ms | cr: 6404.7
    2745. dt:  0.25 ms | #newton:  1 | ph:  0.0% | #CG/newton: 3534 | ls (cap|max|inv|bt):  0| 0| 0| 0| runtime: 1611.7 ms | cr: 6446.7
    2746. dt:  0.25 ms | #newton:  1 | ph:  0.0% | #CG/newton: 3528 | ls (cap|max|inv|bt):  0| 0| 0| 0| runtime: 1585.4 ms | cr: 6341.7
    2747. dt:  0.25 ms | #newton:  1 | ph:  0.0% | #CG/newton: 3522 | ls (cap|max|inv|bt):  0| 0| 0| 0| runtime: 1596.0 ms | cr: 6384.2
    2748. dt:  0.25 ms | #newton:  1 | ph:  0.0% | #CG/newton: 3521 | ls (cap|max|inv|bt):  0| 0| 0| 0| runtime: 1589.7 ms | cr: 6358.7
    2749. dt:  0.25 ms | #newton:  1 | ph:  0.0% | #CG/newton: 3519 | ls (cap|max|inv|bt):  0| 0| 0| 0| runtime: 1594.3 ms | cr: 6377.3
    2750. dt:  0.25 ms | #newton:  1 | ph:  0.0% | #CG/newton: 3519 | ls (cap|max|inv|bt):  0| 0| 0| 0| runtime: 1599.7 ms | cr: 6398.7
    2751. dt:  0.25 ms | #newton:  1 | ph:  0.0% | #CG/newton: 3512 | ls (cap|max|inv|bt):  0| 0| 0| 0| runtime: 1590.8 ms | cr: 6363.2
    2752. dt:  0.25 ms | #newton:  1 | ph:  0.0% | #CG/newton: 3496 | ls (cap|max|inv|bt):  0| 0| 0| 0| runtime: 1584.0 ms | cr: 6335.9
    2753. dt:  0.25 ms | #newton:  1 | ph:  0.0% | #CG/newton: 3493 | ls (cap|max|inv|bt):  0| 0| 0| 0| runtime: 1578.8 ms | cr: 6315.3
    2754. dt:  0.25 ms | #newton:  1 | ph:  0.0% | #CG/newton: 3517 | ls (cap|max|inv|bt):  0| 0| 0| 0| runtime: 1621.0 ms | cr: 6483.9
    2755. dt:  0.25 ms | #newton:  1 | ph:  0.0% | #CG/newton: 3673 | ls (cap|max|inv|bt):  0| 0| 0| 0| runtime: 1643.8 ms | cr: 6575.2
    2756. dt:  0.25 ms | #newton:  1 | ph:  0.0% | #CG/newton: 3690 | ls (cap|max|inv|bt):  0| 0| 0| 0| runtime: 1660.8 ms | cr: 6643.2
    2757. dt:  0.25 ms | #newton:  1 | ph:  0.0% | #CG/newton: 3665 | ls (cap|max|inv|bt):  0| 0| 0| 0| runtime: 1645.7 ms | cr: 6582.6
    2758. dt:  0.25 ms | #newton:  1 | ph:  0.0% | #CG/newton: 3628 | ls (cap|max|inv|bt):  0| 0| 0| 0| runtime: 1638.1 ms | cr: 6552.4
    2759. dt:  0.25 ms | #newton:  1 | ph:  0.0% | #CG/newton: 3663 | ls (cap|max|inv|bt):  0| 0| 0| 0| runtime: 1649.3 ms | cr: 6597.2
    2760. dt:  0.25 ms | #newton:  1 | ph:  0.0% | #CG/newton: 3661 | ls (cap|max|inv|bt):  0| 0| 0| 0| runtime: 1655.5 ms | cr: 6621.9
    2761. dt:  0.25 ms | #newton:  1 | ph:  0.0% | #CG/newton: 3437 | ls (cap|max|inv|bt):  0| 0| 0| 0| runtime: 1557.0 ms | cr: 6228.0
    2762. dt:  0.25 ms | #newton:  1 | ph:  0.0% | #CG/newton: 3491 | ls (cap|max|inv|bt):  0| 0| 0| 0| runtime: 1581.2 ms | cr: 6324.9
    2763. dt:  0.25 ms | #newton:  1 | ph:  0.0% | #CG/newton: 3646 | ls (cap|max|inv|bt):  0| 0| 0| 0| runtime: 1631.1 ms | cr: 6524.4
    2764. dt:  0.25 ms | #newton:  1 | ph:  0.0% | #CG/newton: 3690 | ls (cap|max|inv|bt):  0| 0| 0| 0| runtime: 1644.6 ms | cr: 6578.5
    2765. dt:  0.25 ms | #newton:  1 | ph:  0.0% | #CG/newton: 3494 | ls (cap|max|inv|bt):  0| 0| 0| 0| runtime: 1568.0 ms | cr: 6272.1
    2766. dt:  0.25 ms | #newton:  1 | ph:  0.0% | #CG/newton: 3511 | ls (cap|max|inv|bt):  0| 0| 0| 0| runtime: 1574.4 ms | cr: 6297.4
    2767. dt:  0.25 ms | #newton:  1 | ph:  0.0% | #CG/newton: 3662 | ls (cap|max|inv|bt):  0| 0| 0| 0| runtime: 1638.4 ms | cr: 6553.6
    2768. dt:  0.25 ms | #newton:  1 | ph:  0.0% | #CG/newton: 3688 | ls (cap|max|inv|bt):  0| 0| 0| 0| runtime: 1668.0 ms | cr: 6671.9
    2769. dt:  0.25 ms | #newton:  1 | ph:  0.0% | #CG/newton: 3672 | ls (cap|max|inv|bt):  0| 0| 0| 0| runtime: 1670.1 ms | cr: 6680.4
    2770. dt:  0.25 ms | #newton:  1 | ph:  0.0% | #CG/newton: 3657 | ls (cap|max|inv|bt):  0| 0| 0| 0| runtime: 1643.7 ms | cr: 6574.9
    2771. dt:  0.25 ms | #newton:  1 | ph:  0.0% | #CG/newton: 3687 | ls (cap|max|inv|bt):  0| 0| 0| 0| runtime: 1655.4 ms | cr: 6621.6
    2772. dt:  0.25 ms | #newton:  1 | ph:  0.0% | #CG/newton: 3519 | ls (cap|max|inv|bt):  0| 0| 0| 0| runtime: 1599.6 ms | cr: 6398.4
    2773. dt:  0.25 ms | #newton:  1 | ph:  0.0% | #CG/newton: 3520 | ls (cap|max|inv|bt):  0| 0| 0| 0| runtime: 1595.0 ms | cr: 6380.1
    2774. dt:  0.25 ms | #newton:  1 | ph:  0.0% | #CG/newton: 3542 | ls (cap|max|inv|bt):  0| 0| 0| 0| runtime: 1623.4 ms | cr: 6493.7
    2775. dt:  0.25 ms | #newton:  1 | ph:  0.0% | #CG/newton: 3525 | ls (cap|max|inv|bt):  0| 0| 0| 0| runtime: 1587.0 ms | cr: 6347.9
    2776. dt:  0.25 ms | #newton:  1 | ph:  0.0% | #CG/newton: 3523 | ls (cap|max|inv|bt):  0| 0| 0| 0| runtime: 1598.1 ms | cr: 6392.5
    2777. dt:  0.25 ms | #newton:  1 | ph:  0.0% | #CG/newton: 3526 | ls (cap|max|inv|bt):  0| 0| 0| 0| runtime: 1584.7 ms | cr: 6338.7
    2778. dt:  0.25 ms | #newton:  1 | ph:  0.0% | #CG/newton: 3434 | ls (cap|max|inv|bt):  0| 0| 0| 0| runtime: 1562.0 ms | cr: 6247.9
    2779. dt:  0.25 ms | #newton:  1 | ph:  0.0% | #CG/newton: 3531 | ls (cap|max|inv|bt):  0| 0| 0| 0| runtime: 1591.1 ms | cr: 6364.3
    2780. dt:  0.25 ms | #newton:  1 | ph:  0.0% | #CG/newton: 3535 | ls (cap|max|inv|bt):  0| 0| 0| 0| runtime: 1601.8 ms | cr: 6407.4
    2781. dt:  0.25 ms | #newton:  1 | ph:  0.0% | #CG/newton: 3534 | ls (cap|max|inv|bt):  0| 0| 0| 0| runtime: 1596.0 ms | cr: 6383.9
    2782. dt:  0.25 ms | #newton:  1 | ph:  0.0% | #CG/newton: 3528 | ls (cap|max|inv|bt):  0| 0| 0| 0| runtime: 1591.2 ms | cr: 6364.8
    2783. dt:  0.25 ms | #newton:  1 | ph:  0.0% | #CG/newton: 3531 | ls (cap|max|inv|bt):  0| 0| 0| 0| runtime: 1585.9 ms | cr: 6343.8
    2784. dt:  0.25 ms | #newton:  1 | ph:  0.0% | #CG/newton: 3542 | ls (cap|max|inv|bt):  0| 0| 0| 0| runtime: 1598.1 ms | cr: 6392.3
    2785. dt:  0.25 ms | #newton:  1 | ph:  0.0% | #CG/newton: 3706 | ls (cap|max|inv|bt):  0| 0| 0| 0| runtime: 1651.6 ms | cr: 6606.5
    2786. dt:  0.25 ms | #newton:  1 | ph:  0.0% | #CG/newton: 3707 | ls (cap|max|inv|bt):  0| 0| 0| 0| runtime: 1681.0 ms | cr: 6724.1
    2787. dt:  0.25 ms | #newton:  1 | ph:  0.0% | #CG/newton: 3703 | ls (cap|max|inv|bt):  0| 0| 0| 0| runtime: 1655.4 ms | cr: 6621.8
    2788. dt:  0.25 ms | #newton:  1 | ph:  0.0% | #CG/newton: 3705 | ls (cap|max|inv|bt):  0| 0| 0| 0| runtime: 1652.6 ms | cr: 6610.5
    2789. dt:  0.25 ms | #newton:  1 | ph:  0.0% | #CG/newton: 3704 | ls (cap|max|inv|bt):  0| 0| 0| 0| runtime: 1645.4 ms | cr: 6581.5
    2790. dt:  0.25 ms | #newton:  1 | ph:  0.0% | #CG/newton: 3704 | ls (cap|max|inv|bt):  0| 0| 0| 0| runtime: 1663.6 ms | cr: 6654.4
    2791. dt:  0.25 ms | #newton:  1 | ph:  0.0% | #CG/newton: 3706 | ls (cap|max|inv|bt):  0| 0| 0| 0| runtime: 1666.5 ms | cr: 6665.8
    2792. dt:  0.25 ms | #newton:  1 | ph:  0.0% | #CG/newton: 3711 | ls (cap|max|inv|bt):  0| 0| 0| 0| runtime: 1678.0 ms | cr: 6712.1
    2793. dt:  0.25 ms | #newton:  1 | ph:  0.0% | #CG/newton: 3709 | ls (cap|max|inv|bt):  0| 0| 0| 0| runtime: 1616.6 ms | cr: 6466.6
    2794. dt:  0.25 ms | #newton:  1 | ph:  0.0% | #CG/newton: 3708 | ls (cap|max|inv|bt):  0| 0| 0| 0| runtime: 1622.4 ms | cr: 6489.8
    2795. dt:  0.25 ms | #newton:  1 | ph:  0.0% | #CG/newton: 3711 | ls (cap|max|inv|bt):  0| 0| 0| 0| runtime: 1638.0 ms | cr: 6552.2
    2796. dt:  0.25 ms | #newton:  1 | ph:  0.0% | #CG/newton: 3711 | ls (cap|max|inv|bt):  0| 0| 0| 0| runtime: 1659.5 ms | cr: 6638.1
    2797. dt:  0.25 ms | #newton:  1 | ph:  0.0% | #CG/newton: 3711 | ls (cap|max|inv|bt):  0| 0| 0| 0| runtime: 1653.2 ms | cr: 6613.0
    2798. dt:  0.25 ms | #newton:  1 | ph:  0.0% | #CG/newton: 3711 | ls (cap|max|inv|bt):  0| 0| 0| 0| runtime: 1653.6 ms | cr: 6614.4
    2799. dt:  0.25 ms | #newton:  1 | ph:  0.0% | #CG/newton: 3716 | ls (cap|max|inv|bt):  0| 0| 0| 0| runtime: 1671.6 ms | cr: 6686.4
    2800. dt:  0.25 ms | #newton:  1 | ph:  0.0% | #CG/newton: 3534 | ls (cap|max|inv|bt):  0| 0| 0| 0| runtime: 1613.7 ms | cr: 6454.9
[Frame: 21] Time: 0.700 s
    2801. dt:  0.25 ms | #newton:  1 | ph:  0.0% | #CG/newton: 3532 | ls (cap|max|inv|bt):  0| 0| 0| 0| runtime: 1598.0 ms | cr: 6392.0
    2802. dt:  0.25 ms | #newton:  1 | ph:  0.0% | #CG/newton: 3544 | ls (cap|max|inv|bt):  0| 0| 0| 0| runtime: 1645.0 ms | cr: 6579.8
    2803. dt:  0.25 ms | #newton:  1 | ph:  0.0% | #CG/newton: 3534 | ls (cap|max|inv|bt):  0| 0| 0| 0| runtime: 1592.2 ms | cr: 6368.9
    2804. dt:  0.25 ms | #newton:  1 | ph:  0.0% | #CG/newton: 3530 | ls (cap|max|inv|bt):  0| 0| 0| 0| runtime: 1583.2 ms | cr: 6333.0
    2805. dt:  0.25 ms | #newton:  1 | ph:  0.0% | #CG/newton: 3534 | ls (cap|max|inv|bt):  0| 0| 0| 0| runtime: 1596.8 ms | cr: 6387.4
    2806. dt:  0.25 ms | #newton:  1 | ph:  0.0% | #CG/newton: 3534 | ls (cap|max|inv|bt):  0| 0| 0| 0| runtime: 1589.6 ms | cr: 6358.5
    2807. dt:  0.25 ms | #newton:  1 | ph:  0.0% | #CG/newton: 3544 | ls (cap|max|inv|bt):  0| 0| 0| 0| runtime: 1589.2 ms | cr: 6356.9
    2808. dt:  0.25 ms | #newton:  1 | ph:  0.0% | #CG/newton: 3702 | ls (cap|max|inv|bt):  0| 0| 0| 0| runtime: 1658.7 ms | cr: 6634.9
    2809. dt:  0.25 ms | #newton:  1 | ph:  0.0% | #CG/newton: 3707 | ls (cap|max|inv|bt):  0| 0| 0| 0| runtime: 1659.0 ms | cr: 6636.1
    2810. dt:  0.25 ms | #newton:  1 | ph:  0.0% | #CG/newton: 3704 | ls (cap|max|inv|bt):  0| 0| 0| 0| runtime: 1659.5 ms | cr: 6638.2
    2811. dt:  0.25 ms | #newton:  1 | ph:  0.0% | #CG/newton: 3701 | ls (cap|max|inv|bt):  0| 0| 0| 0| runtime: 1662.2 ms | cr: 6648.8
    2812. dt:  0.25 ms | #newton:  1 | ph:  0.0% | #CG/newton: 3707 | ls (cap|max|inv|bt):  0| 0| 0| 0| runtime: 1648.2 ms | cr: 6592.8
    2813. dt:  0.25 ms | #newton:  1 | ph:  0.0% | #CG/newton: 3518 | ls (cap|max|inv|bt):  0| 0| 0| 0| runtime: 1583.9 ms | cr: 6335.5
    2814. dt:  0.25 ms | #newton:  1 | ph:  0.0% | #CG/newton: 3521 | ls (cap|max|inv|bt):  0| 0| 0| 0| runtime: 1583.3 ms | cr: 6333.1
    2815. dt:  0.25 ms | #newton:  1 | ph:  0.0% | #CG/newton: 3516 | ls (cap|max|inv|bt):  0| 0| 0| 0| runtime: 1581.8 ms | cr: 6327.3
    2816. dt:  0.25 ms | #newton:  1 | ph:  0.0% | #CG/newton: 3495 | ls (cap|max|inv|bt):  0| 0| 0| 0| runtime: 1573.8 ms | cr: 6295.0
    2817. dt:  0.25 ms | #newton:  1 | ph:  0.0% | #CG/newton: 3484 | ls (cap|max|inv|bt):  0| 0| 0| 0| runtime: 1580.2 ms | cr: 6320.8
    2818. dt:  0.25 ms | #newton:  1 | ph:  0.0% | #CG/newton: 3510 | ls (cap|max|inv|bt):  0| 0| 0| 0| runtime: 1598.7 ms | cr: 6394.7
    2819. dt:  0.25 ms | #newton:  1 | ph:  0.0% | #CG/newton: 3675 | ls (cap|max|inv|bt):  0| 0| 0| 0| runtime: 1648.9 ms | cr: 6595.5
    2820. dt:  0.25 ms | #newton:  1 | ph:  0.0% | #CG/newton: 3673 | ls (cap|max|inv|bt):  0| 0| 0| 0| runtime: 1667.6 ms | cr: 6670.5
    2821. dt:  0.25 ms | #newton:  1 | ph:  0.0% | #CG/newton: 3695 | ls (cap|max|inv|bt):  0| 0| 0| 0| runtime: 1666.7 ms | cr: 6667.0
    2822. dt:  0.25 ms | #newton:  1 | ph:  0.0% | #CG/newton: 3695 | ls (cap|max|inv|bt):  0| 0| 0| 0| runtime: 1661.8 ms | cr: 6647.2
    2823. dt:  0.25 ms | #newton:  1 | ph:  0.0% | #CG/newton: 3692 | ls (cap|max|inv|bt):  0| 0| 0| 0| runtime: 1667.0 ms | cr: 6668.1
    2824. dt:  0.25 ms | #newton:  1 | ph:  0.0% | #CG/newton: 3512 | ls (cap|max|inv|bt):  0| 0| 0| 0| runtime: 1591.0 ms | cr: 6364.1
    2825. dt:  0.25 ms | #newton:  1 | ph:  0.0% | #CG/newton: 3518 | ls (cap|max|inv|bt):  0| 0| 0| 0| runtime: 1593.2 ms | cr: 6372.9
    2826. dt:  0.25 ms | #newton:  1 | ph:  0.0% | #CG/newton: 3517 | ls (cap|max|inv|bt):  0| 0| 0| 0| runtime: 1600.6 ms | cr: 6402.5
    2827. dt:  0.25 ms | #newton:  1 | ph:  0.0% | #CG/newton: 3520 | ls (cap|max|inv|bt):  0| 0| 0| 0| runtime: 1603.3 ms | cr: 6413.3
    2828. dt:  0.25 ms | #newton:  1 | ph:  0.0% | #CG/newton: 3523 | ls (cap|max|inv|bt):  0| 0| 0| 0| runtime: 1590.3 ms | cr: 6361.4
    2829. dt:  0.25 ms | #newton:  1 | ph:  0.0% | #CG/newton: 3519 | ls (cap|max|inv|bt):  0| 0| 0| 0| runtime: 1587.6 ms | cr: 6350.5
    2830. dt:  0.25 ms | #newton:  1 | ph:  0.0% | #CG/newton: 3512 | ls (cap|max|inv|bt):  0| 0| 0| 0| runtime: 1590.5 ms | cr: 6361.9
    2831. dt:  0.25 ms | #newton:  1 | ph:  0.0% | #CG/newton: 3511 | ls (cap|max|inv|bt):  0| 0| 0| 0| runtime: 1592.0 ms | cr: 6368.0
    2832. dt:  0.25 ms | #newton:  1 | ph:  0.0% | #CG/newton: 3329 | ls (cap|max|inv|bt):  0| 0| 0| 0| runtime: 1509.4 ms | cr: 6037.7
    2833. dt:  0.25 ms | #newton:  1 | ph:  0.0% | #CG/newton: 3513 | ls (cap|max|inv|bt):  0| 0| 0| 0| runtime: 1581.9 ms | cr: 6327.7
    2834. dt:  0.25 ms | #newton:  1 | ph:  0.0% | #CG/newton: 3691 | ls (cap|max|inv|bt):  0| 0| 0| 0| runtime: 1662.7 ms | cr: 6651.0
    2835. dt:  0.25 ms | #newton:  1 | ph:  0.0% | #CG/newton: 3666 | ls (cap|max|inv|bt):  0| 0| 0| 0| runtime: 1652.5 ms | cr: 6610.2
    2836. dt:  0.25 ms | #newton:  1 | ph:  0.0% | #CG/newton: 3485 | ls (cap|max|inv|bt):  0| 0| 0| 0| runtime: 1576.0 ms | cr: 6304.0
    2837. dt:  0.25 ms | #newton:  1 | ph:  0.0% | #CG/newton: 3530 | ls (cap|max|inv|bt):  0| 0| 0| 0| runtime: 1629.4 ms | cr: 6517.4
    2838. dt:  0.25 ms | #newton:  1 | ph:  0.0% | #CG/newton: 3530 | ls (cap|max|inv|bt):  0| 0| 0| 0| runtime: 1600.7 ms | cr: 6403.0
    2839. dt:  0.25 ms | #newton:  1 | ph:  0.0% | #CG/newton: 3532 | ls (cap|max|inv|bt):  0| 0| 0| 0| runtime: 1598.9 ms | cr: 6395.8
    2840. dt:  0.25 ms | #newton:  1 | ph:  0.0% | #CG/newton: 3531 | ls (cap|max|inv|bt):  0| 0| 0| 0| runtime: 1602.5 ms | cr: 6409.9
    2841. dt:  0.25 ms | #newton:  1 | ph:  0.0% | #CG/newton: 3531 | ls (cap|max|inv|bt):  0| 0| 0| 0| runtime: 1595.3 ms | cr: 6381.4
    2842. dt:  0.25 ms | #newton:  1 | ph:  0.0% | #CG/newton: 3534 | ls (cap|max|inv|bt):  0| 0| 0| 0| runtime: 1595.9 ms | cr: 6383.7
    2843. dt:  0.25 ms | #newton:  1 | ph:  0.0% | #CG/newton: 3536 | ls (cap|max|inv|bt):  0| 0| 0| 0| runtime: 1594.7 ms | cr: 6378.7
    2844. dt:  0.25 ms | #newton:  1 | ph:  0.0% | #CG/newton: 3536 | ls (cap|max|inv|bt):  0| 0| 0| 0| runtime: 1605.4 ms | cr: 6421.5
    2845. dt:  0.25 ms | #newton:  1 | ph:  0.0% | #CG/newton: 3537 | ls (cap|max|inv|bt):  0| 0| 0| 0| runtime: 1585.9 ms | cr: 6343.4
    2846. dt:  0.25 ms | #newton:  1 | ph:  0.0% | #CG/newton: 3537 | ls (cap|max|inv|bt):  0| 0| 0| 0| runtime: 1537.4 ms | cr: 6149.7
    2847. dt:  0.25 ms | #newton:  1 | ph:  0.0% | #CG/newton: 3537 | ls (cap|max|inv|bt):  0| 0| 0| 0| runtime: 1529.2 ms | cr: 6117.0
    2848. dt:  0.25 ms | #newton:  1 | ph:  0.0% | #CG/newton: 3536 | ls (cap|max|inv|bt):  0| 0| 0| 0| runtime: 1613.0 ms | cr: 6452.0
    2849. dt:  0.25 ms | #newton:  1 | ph:  0.0% | #CG/newton: 3539 | ls (cap|max|inv|bt):  0| 0| 0| 0| runtime: 1595.5 ms | cr: 6382.2
    2850. dt:  0.25 ms | #newton:  1 | ph:  0.0% | #CG/newton: 3542 | ls (cap|max|inv|bt):  0| 0| 0| 0| runtime: 1611.8 ms | cr: 6447.2
    2851. dt:  0.25 ms | #newton:  1 | ph:  0.0% | #CG/newton: 3556 | ls (cap|max|inv|bt):  0| 0| 0| 0| runtime: 1604.6 ms | cr: 6418.5
    2852. dt:  0.25 ms | #newton:  1 | ph:  0.0% | #CG/newton: 3682 | ls (cap|max|inv|bt):  0| 0| 0| 0| runtime: 1664.6 ms | cr: 6658.4
    2853. dt:  0.25 ms | #newton:  1 | ph:  0.0% | #CG/newton: 3551 | ls (cap|max|inv|bt):  0| 0| 0| 0| runtime: 1593.0 ms | cr: 6371.9
    2854. dt:  0.25 ms | #newton:  1 | ph:  0.0% | #CG/newton: 3543 | ls (cap|max|inv|bt):  0| 0| 0| 0| runtime: 1607.7 ms | cr: 6430.7
    2855. dt:  0.25 ms | #newton:  1 | ph:  0.0% | #CG/newton: 3443 | ls (cap|max|inv|bt):  0| 0| 0| 0| runtime: 1563.4 ms | cr: 6253.6
    2856. dt:  0.25 ms | #newton:  1 | ph:  0.0% | #CG/newton: 3530 | ls (cap|max|inv|bt):  0| 0| 0| 0| runtime: 1609.2 ms | cr: 6437.0
    2857. dt:  0.25 ms | #newton:  1 | ph:  0.0% | #CG/newton: 3529 | ls (cap|max|inv|bt):  0| 0| 0| 0| runtime: 1594.1 ms | cr: 6376.5
    2858. dt:  0.25 ms | #newton:  1 | ph:  0.0% | #CG/newton: 3528 | ls (cap|max|inv|bt):  0| 0| 0| 0| runtime: 1588.3 ms | cr: 6353.0
    2859. dt:  0.25 ms | #newton:  1 | ph:  0.0% | #CG/newton: 3528 | ls (cap|max|inv|bt):  0| 0| 0| 0| runtime: 1609.5 ms | cr: 6438.0
    2860. dt:  0.25 ms | #newton:  1 | ph:  0.0% | #CG/newton: 3523 | ls (cap|max|inv|bt):  0| 0| 0| 0| runtime: 1704.0 ms | cr: 6815.9
    2861. dt:  0.25 ms | #newton:  1 | ph:  0.0% | #CG/newton: 3523 | ls (cap|max|inv|bt):  0| 0| 0| 0| runtime: 1596.8 ms | cr: 6387.2
    2862. dt:  0.25 ms | #newton:  1 | ph:  0.0% | #CG/newton: 3525 | ls (cap|max|inv|bt):  0| 0| 0| 0| runtime: 1585.0 ms | cr: 6340.2
    2863. dt:  0.25 ms | #newton:  1 | ph:  0.0% | #CG/newton: 3526 | ls (cap|max|inv|bt):  0| 0| 0| 0| runtime: 1602.8 ms | cr: 6411.1
    2864. dt:  0.25 ms | #newton:  1 | ph:  0.0% | #CG/newton: 3527 | ls (cap|max|inv|bt):  0| 0| 0| 0| runtime: 1605.0 ms | cr: 6420.0
    2865. dt:  0.25 ms | #newton:  1 | ph:  0.0% | #CG/newton: 3669 | ls (cap|max|inv|bt):  0| 0| 0| 0| runtime: 1651.4 ms | cr: 6605.5
    2866. dt:  0.25 ms | #newton:  1 | ph:  0.0% | #CG/newton: 3673 | ls (cap|max|inv|bt):  0| 0| 0| 0| runtime: 1658.3 ms | cr: 6633.4
    2867. dt:  0.25 ms | #newton:  1 | ph:  0.0% | #CG/newton: 3675 | ls (cap|max|inv|bt):  0| 0| 0| 0| runtime: 1662.4 ms | cr: 6649.7
    2868. dt:  0.25 ms | #newton:  1 | ph:  0.0% | #CG/newton: 3678 | ls (cap|max|inv|bt):  0| 0| 0| 0| runtime: 1647.8 ms | cr: 6591.1
    2869. dt:  0.25 ms | #newton:  1 | ph:  0.0% | #CG/newton: 3666 | ls (cap|max|inv|bt):  0| 0| 0| 0| runtime: 1658.9 ms | cr: 6635.5
    2870. dt:  0.25 ms | #newton:  1 | ph:  0.0% | #CG/newton: 3708 | ls (cap|max|inv|bt):  0| 0| 0| 0| runtime: 1673.3 ms | cr: 6693.3
    2871. dt:  0.25 ms | #newton:  1 | ph:  0.0% | #CG/newton: 3367 | ls (cap|max|inv|bt):  0| 0| 0| 0| runtime: 1583.0 ms | cr: 6331.9
    2872. dt:  0.25 ms | #newton:  1 | ph:  0.0% | #CG/newton: 3672 | ls (cap|max|inv|bt):  0| 0| 0| 0| runtime: 1651.7 ms | cr: 6606.8
    2873. dt:  0.25 ms | #newton:  1 | ph:  0.0% | #CG/newton: 3699 | ls (cap|max|inv|bt):  0| 0| 0| 0| runtime: 1669.1 ms | cr: 6676.4
    2874. dt:  0.25 ms | #newton:  1 | ph:  0.0% | #CG/newton: 3675 | ls (cap|max|inv|bt):  0| 0| 0| 0| runtime: 1669.5 ms | cr: 6678.0
    2875. dt:  0.25 ms | #newton:  1 | ph:  0.0% | #CG/newton: 3696 | ls (cap|max|inv|bt):  0| 0| 0| 0| runtime: 1668.7 ms | cr: 6674.9
    2876. dt:  0.25 ms | #newton:  1 | ph:  0.0% | #CG/newton: 3695 | ls (cap|max|inv|bt):  0| 0| 0| 0| runtime: 1675.1 ms | cr: 6700.3
    2877. dt:  0.25 ms | #newton:  1 | ph:  0.0% | #CG/newton: 3699 | ls (cap|max|inv|bt):  0| 0| 0| 0| runtime: 1694.0 ms | cr: 6775.8
    2878. dt:  0.25 ms | #newton:  1 | ph:  0.0% | #CG/newton: 3703 | ls (cap|max|inv|bt):  0| 0| 0| 0| runtime: 1663.4 ms | cr: 6653.7
    2879. dt:  0.25 ms | #newton:  1 | ph:  0.0% | #CG/newton: 3697 | ls (cap|max|inv|bt):  0| 0| 0| 0| runtime: 1657.9 ms | cr: 6631.8
    2880. dt:  0.25 ms | #newton:  1 | ph:  0.0% | #CG/newton: 3692 | ls (cap|max|inv|bt):  0| 0| 0| 0| runtime: 1653.1 ms | cr: 6612.5
    2881. dt:  0.25 ms | #newton:  1 | ph:  0.0% | #CG/newton: 3699 | ls (cap|max|inv|bt):  0| 0| 0| 0| runtime: 1663.9 ms | cr: 6655.8
    2882. dt:  0.25 ms | #newton:  1 | ph:  0.0% | #CG/newton: 3699 | ls (cap|max|inv|bt):  0| 0| 0| 0| runtime: 1673.8 ms | cr: 6695.3
    2883. dt:  0.25 ms | #newton:  1 | ph:  0.0% | #CG/newton: 3700 | ls (cap|max|inv|bt):  0| 0| 0| 0| runtime: 1675.2 ms | cr: 6701.0
    2884. dt:  0.25 ms | #newton:  1 | ph:  0.0% | #CG/newton: 3702 | ls (cap|max|inv|bt):  0| 0| 0| 0| runtime: 1657.0 ms | cr: 6627.9
    2885. dt:  0.25 ms | #newton:  1 | ph:  0.0% | #CG/newton: 3856 | ls (cap|max|inv|bt):  0| 0| 0| 0| runtime: 1720.3 ms | cr: 6881.4
    2886. dt:  0.25 ms | #newton:  1 | ph:  0.0% | #CG/newton: 3662 | ls (cap|max|inv|bt):  0| 0| 0| 0| runtime: 1658.2 ms | cr: 6632.6
    2887. dt:  0.25 ms | #newton:  1 | ph:  0.0% | #CG/newton: 3663 | ls (cap|max|inv|bt):  0| 0| 0| 0| runtime: 1650.4 ms | cr: 6601.4
    2888. dt:  0.25 ms | #newton:  1 | ph:  0.0% | #CG/newton: 3662 | ls (cap|max|inv|bt):  0| 0| 0| 0| runtime: 1658.8 ms | cr: 6635.3
    2889. dt:  0.25 ms | #newton:  1 | ph:  0.0% | #CG/newton: 3672 | ls (cap|max|inv|bt):  0| 0| 0| 0| runtime: 1643.3 ms | cr: 6573.3
    2890. dt:  0.25 ms | #newton:  1 | ph:  0.0% | #CG/newton: 3672 | ls (cap|max|inv|bt):  0| 0| 0| 0| runtime: 1669.6 ms | cr: 6678.5
    2891. dt:  0.25 ms | #newton:  1 | ph:  0.0% | #CG/newton: 3709 | ls (cap|max|inv|bt):  0| 0| 0| 0| runtime: 1671.6 ms | cr: 6686.6
    2892. dt:  0.25 ms | #newton:  1 | ph:  0.0% | #CG/newton: 3849 | ls (cap|max|inv|bt):  0| 0| 0| 0| runtime: 1742.9 ms | cr: 6971.7
    2893. dt:  0.25 ms | #newton:  1 | ph:  0.0% | #CG/newton: 3664 | ls (cap|max|inv|bt):  0| 0| 0| 0| runtime: 1674.0 ms | cr: 6696.0
    2894. dt:  0.25 ms | #newton:  1 | ph:  0.0% | #CG/newton: 3710 | ls (cap|max|inv|bt):  0| 0| 0| 0| runtime: 1689.9 ms | cr: 6759.6
    2895. dt:  0.25 ms | #newton:  1 | ph:  0.0% | #CG/newton: 3712 | ls (cap|max|inv|bt):  0| 0| 0| 0| runtime: 1679.6 ms | cr: 6718.5
    2896. dt:  0.25 ms | #newton:  1 | ph:  0.0% | #CG/newton: 3709 | ls (cap|max|inv|bt):  0| 0| 0| 0| runtime: 1679.7 ms | cr: 6718.7
    2897. dt:  0.25 ms | #newton:  1 | ph:  0.0% | #CG/newton: 3707 | ls (cap|max|inv|bt):  0| 0| 0| 0| runtime: 1686.6 ms | cr: 6746.4
    2898. dt:  0.25 ms | #newton:  1 | ph:  0.0% | #CG/newton: 3718 | ls (cap|max|inv|bt):  0| 0| 0| 0| runtime: 1673.7 ms | cr: 6694.8
    2899. dt:  0.25 ms | #newton:  1 | ph:  0.0% | #CG/newton: 3711 | ls (cap|max|inv|bt):  0| 0| 0| 0| runtime: 1691.7 ms | cr: 6766.7
    2900. dt:  0.25 ms | #newton:  1 | ph:  0.0% | #CG/newton: 3709 | ls (cap|max|inv|bt):  0| 0| 0| 0| runtime: 1685.8 ms | cr: 6743.0
    2901. dt:  0.25 ms | #newton:  1 | ph:  0.0% | #CG/newton: 3719 | ls (cap|max|inv|bt):  0| 0| 0| 0| runtime: 1682.8 ms | cr: 6731.0
    2902. dt:  0.25 ms | #newton:  1 | ph:  0.0% | #CG/newton: 3711 | ls (cap|max|inv|bt):  0| 0| 0| 0| runtime: 1682.3 ms | cr: 6729.3
    2903. dt:  0.25 ms | #newton:  1 | ph:  0.0% | #CG/newton: 3715 | ls (cap|max|inv|bt):  0| 0| 0| 0| runtime: 1683.0 ms | cr: 6732.1
    2904. dt:  0.25 ms | #newton:  1 | ph:  0.0% | #CG/newton: 3686 | ls (cap|max|inv|bt):  0| 0| 0| 0| runtime: 1671.0 ms | cr: 6683.9
    2905. dt:  0.25 ms | #newton:  1 | ph:  0.0% | #CG/newton: 3685 | ls (cap|max|inv|bt):  0| 0| 0| 0| runtime: 1671.4 ms | cr: 6685.7
    2906. dt:  0.25 ms | #newton:  1 | ph:  0.0% | #CG/newton: 3715 | ls (cap|max|inv|bt):  0| 0| 0| 0| runtime: 1677.3 ms | cr: 6709.2
    2907. dt:  0.25 ms | #newton:  1 | ph:  0.0% | #CG/newton: 4037 | ls (cap|max|inv|bt):  0| 0| 0| 0| runtime: 1794.3 ms | cr: 7177.2
    2908. dt:  0.25 ms | #newton:  1 | ph:  0.0% | #CG/newton: 4005 | ls (cap|max|inv|bt):  0| 0| 0| 0| runtime: 1796.2 ms | cr: 7184.7
    2909. dt:  0.25 ms | #newton:  1 | ph:  0.0% | #CG/newton: 4003 | ls (cap|max|inv|bt):  0| 0| 0| 0| runtime: 1822.2 ms | cr: 7288.9
    2910. dt:  0.25 ms | #newton:  1 | ph:  0.0% | #CG/newton: 4049 | ls (cap|max|inv|bt):  0| 0| 0| 0| runtime: 1794.4 ms | cr: 7177.6
    2911. dt:  0.25 ms | #newton:  1 | ph:  0.0% | #CG/newton: 4231 | ls (cap|max|inv|bt):  0| 0| 0| 0| runtime: 1873.7 ms | cr: 7494.8
    2912. dt:  0.25 ms | #newton:  1 | ph:  0.0% | #CG/newton: 4210 | ls (cap|max|inv|bt):  0| 0| 0| 0| runtime: 1869.8 ms | cr: 7479.3
    2913. dt:  0.25 ms | #newton:  1 | ph:  0.0% | #CG/newton: 4211 | ls (cap|max|inv|bt):  0| 0| 0| 0| runtime: 1865.6 ms | cr: 7462.3
    2914. dt:  0.25 ms | #newton:  1 | ph:  0.0% | #CG/newton: 4230 | ls (cap|max|inv|bt):  0| 0| 0| 0| runtime: 1877.2 ms | cr: 7508.9
    2915. dt:  0.25 ms | #newton:  1 | ph:  0.0% | #CG/newton: 4227 | ls (cap|max|inv|bt):  0| 0| 0| 0| runtime: 1878.1 ms | cr: 7512.2
    2916. dt:  0.25 ms | #newton:  1 | ph:  0.0% | #CG/newton: 4231 | ls (cap|max|inv|bt):  0| 0| 0| 0| runtime: 1882.3 ms | cr: 7529.3
    2917. dt:  0.25 ms | #newton:  1 | ph:  0.0% | #CG/newton: 4032 | ls (cap|max|inv|bt):  0| 0| 0| 0| runtime: 1802.5 ms | cr: 7210.0
    2918. dt:  0.25 ms | #newton:  1 | ph:  0.0% | #CG/newton: 4256 | ls (cap|max|inv|bt):  0| 0| 0| 0| runtime: 1895.2 ms | cr: 7580.9
    2919. dt:  0.25 ms | #newton:  1 | ph:  0.0% | #CG/newton: 4245 | ls (cap|max|inv|bt):  0| 0| 0| 0| runtime: 1892.3 ms | cr: 7569.1
    2920. dt:  0.25 ms | #newton:  1 | ph:  0.0% | #CG/newton: 4456 | ls (cap|max|inv|bt):  0| 0| 0| 0| runtime: 1976.2 ms | cr: 7904.7
    2921. dt:  0.25 ms | #newton:  1 | ph:  0.0% | #CG/newton: 4239 | ls (cap|max|inv|bt):  0| 0| 0| 0| runtime: 1893.8 ms | cr: 7575.1
    2922. dt:  0.25 ms | #newton:  1 | ph:  0.0% | #CG/newton: 4451 | ls (cap|max|inv|bt):  0| 0| 0| 0| runtime: 1969.0 ms | cr: 7876.2
    2923. dt:  0.25 ms | #newton:  1 | ph:  0.0% | #CG/newton: 4447 | ls (cap|max|inv|bt):  0| 0| 0| 0| runtime: 1954.9 ms | cr: 7819.6
    2924. dt:  0.25 ms | #newton:  1 | ph:  0.0% | #CG/newton: 4025 | ls (cap|max|inv|bt):  0| 0| 0| 0| runtime: 1794.8 ms | cr: 7179.0
    2925. dt:  0.25 ms | #newton:  1 | ph:  0.0% | #CG/newton: 4248 | ls (cap|max|inv|bt):  0| 0| 0| 0| runtime: 1871.8 ms | cr: 7487.0
    2926. dt:  0.25 ms | #newton:  1 | ph:  0.0% | #CG/newton: 4248 | ls (cap|max|inv|bt):  0| 0| 0| 0| runtime: 1879.9 ms | cr: 7519.5
    2927. dt:  0.25 ms | #newton:  1 | ph:  0.0% | #CG/newton: 4054 | ls (cap|max|inv|bt):  0| 0| 0| 0| runtime: 1809.3 ms | cr: 7237.4
    2928. dt:  0.25 ms | #newton:  1 | ph:  0.0% | #CG/newton: 4248 | ls (cap|max|inv|bt):  0| 0| 0| 0| runtime: 1890.9 ms | cr: 7563.5
    2929. dt:  0.25 ms | #newton:  1 | ph:  0.0% | #CG/newton: 4259 | ls (cap|max|inv|bt):  0| 0| 0| 0| runtime: 1879.2 ms | cr: 7516.8
    2930. dt:  0.25 ms | #newton:  1 | ph:  0.0% | #CG/newton: 4254 | ls (cap|max|inv|bt):  0| 0| 0| 0| runtime: 1893.8 ms | cr: 7575.2
    2931. dt:  0.25 ms | #newton:  2 | ph:  0.0% | #CG/newton: 2125 | ls (cap|max|inv|bt):  0| 0| 0| 0| runtime: 1939.5 ms | cr: 7758.1
    2932. dt:  0.25 ms | #newton:  2 | ph:  0.0% | #CG/newton: 2029 | ls (cap|max|inv|bt):  0| 0| 0| 0| runtime: 1868.5 ms | cr: 7473.9
    2933. dt:  0.25 ms | #newton:  2 | ph:  0.0% | #CG/newton: 2031 | ls (cap|max|inv|bt):  0| 0| 0| 0| runtime: 1876.5 ms | cr: 7505.9
[Frame: 22] Time: 0.733 s
    2934. dt:  0.25 ms | #newton:  2 | ph:  0.0% | #CG/newton: 2144 | ls (cap|max|inv|bt):  0| 0| 0| 0| runtime: 1969.7 ms | cr: 7879.0
    2935. dt:  0.25 ms | #newton:  2 | ph:  0.0% | #CG/newton: 2065 | ls (cap|max|inv|bt):  0| 0| 0| 0| runtime: 1892.2 ms | cr: 7568.8
    2936. dt:  0.25 ms | #newton:  2 | ph:  0.0% | #CG/newton: 2066 | ls (cap|max|inv|bt):  0| 0| 0| 0| runtime: 1907.4 ms | cr: 7629.5
    2937. dt:  0.25 ms | #newton:  2 | ph:  0.0% | #CG/newton: 2138 | ls (cap|max|inv|bt):  0| 0| 0| 0| runtime: 1949.4 ms | cr: 7797.4
    2938. dt:  0.25 ms | #newton:  1 | ph:  0.0% | #CG/newton: 3669 | ls (cap|max|inv|bt):  0| 0| 0| 0| runtime: 1635.7 ms | cr: 6542.9
    2939. dt:  0.25 ms | #newton:  1 | ph:  0.0% | #CG/newton: 4058 | ls (cap|max|inv|bt):  0| 0| 0| 0| runtime: 1792.4 ms | cr: 7169.5
    2940. dt:  0.25 ms | #newton:  1 | ph:  0.0% | #CG/newton: 4098 | ls (cap|max|inv|bt):  0| 0| 0| 0| runtime: 1808.0 ms | cr: 7232.0
    2941. dt:  0.25 ms | #newton:  1 | ph:  0.0% | #CG/newton: 4240 | ls (cap|max|inv|bt):  0| 0| 0| 0| runtime: 1882.9 ms | cr: 7531.8
    2942. dt:  0.25 ms | #newton:  1 | ph:  0.0% | #CG/newton: 4247 | ls (cap|max|inv|bt):  0| 0| 0| 0| runtime: 1886.5 ms | cr: 7545.9
    2943. dt:  0.25 ms | #newton:  1 | ph:  0.0% | #CG/newton: 4247 | ls (cap|max|inv|bt):  0| 0| 0| 0| runtime: 1873.1 ms | cr: 7492.4
    2944. dt:  0.25 ms | #newton:  1 | ph:  0.0% | #CG/newton: 4248 | ls (cap|max|inv|bt):  0| 0| 0| 0| runtime: 1922.4 ms | cr: 7689.5
    2945. dt:  0.25 ms | #newton:  1 | ph:  0.0% | #CG/newton: 4249 | ls (cap|max|inv|bt):  0| 0| 0| 0| runtime: 1880.3 ms | cr: 7521.2
    2946. dt:  0.25 ms | #newton:  1 | ph:  0.0% | #CG/newton: 4260 | ls (cap|max|inv|bt):  0| 0| 0| 0| runtime: 1885.0 ms | cr: 7540.2
    2947. dt:  0.25 ms | #newton:  1 | ph:  0.0% | #CG/newton: 4285 | ls (cap|max|inv|bt):  0| 0| 0| 0| runtime: 1890.9 ms | cr: 7563.4
    2948. dt:  0.25 ms | #newton:  2 | ph:  0.0% | #CG/newton: 2148 | ls (cap|max|inv|bt):  0| 0| 0| 0| runtime: 1966.6 ms | cr: 7866.3
    2949. dt:  0.25 ms | #newton:  2 | ph:  0.0% | #CG/newton: 2153 | ls (cap|max|inv|bt):  0| 0| 0| 0| runtime: 1960.1 ms | cr: 7840.4
    2950. dt:  0.25 ms | #newton:  2 | ph:  0.0% | #CG/newton: 2259 | ls (cap|max|inv|bt):  0| 0| 0| 0| runtime: 2051.5 ms | cr: 8206.1
    2951. dt:  0.25 ms | #newton:  2 | ph:  0.0% | #CG/newton: 2262 | ls (cap|max|inv|bt):  0| 0| 0| 0| runtime: 2046.6 ms | cr: 8186.4
    2952. dt:  0.25 ms | #newton:  2 | ph:  0.0% | #CG/newton: 2170 | ls (cap|max|inv|bt):  0| 0| 0| 0| runtime: 1976.6 ms | cr: 7906.2
    2953. dt:  0.25 ms | #newton:  1 | ph:  0.0% | #CG/newton: 4324 | ls (cap|max|inv|bt):  0| 0| 0| 0| runtime: 1905.2 ms | cr: 7620.9
    2954. dt:  0.25 ms | #newton:  1 | ph:  0.0% | #CG/newton: 4318 | ls (cap|max|inv|bt):  0| 0| 0| 0| runtime: 1902.2 ms | cr: 7608.7
    2955. dt:  0.25 ms | #newton:  1 | ph:  0.0% | #CG/newton: 3950 | ls (cap|max|inv|bt):  0| 0| 0| 0| runtime: 1747.5 ms | cr: 6990.2
    2956. dt:  0.25 ms | #newton:  1 | ph:  0.0% | #CG/newton: 3964 | ls (cap|max|inv|bt):  0| 0| 0| 0| runtime: 1760.6 ms | cr: 7042.6
    2957. dt:  0.25 ms | #newton:  1 | ph:  0.0% | #CG/newton: 3961 | ls (cap|max|inv|bt):  0| 0| 0| 0| runtime: 1764.6 ms | cr: 7058.4
    2958. dt:  0.25 ms | #newton:  1 | ph:  0.0% | #CG/newton: 3965 | ls (cap|max|inv|bt):  0| 0| 0| 0| runtime: 1757.6 ms | cr: 7030.2
    2959. dt:  0.25 ms | #newton:  1 | ph:  0.0% | #CG/newton: 3969 | ls (cap|max|inv|bt):  0| 0| 0| 0| runtime: 1760.4 ms | cr: 7041.4
    2960. dt:  0.25 ms | #newton:  1 | ph:  0.0% | #CG/newton: 3954 | ls (cap|max|inv|bt):  0| 0| 0| 0| runtime: 1756.1 ms | cr: 7024.3
    2961. dt:  0.25 ms | #newton:  1 | ph:  0.0% | #CG/newton: 3944 | ls (cap|max|inv|bt):  0| 0| 0| 0| runtime: 1753.0 ms | cr: 7012.2
    2962. dt:  0.25 ms | #newton:  1 | ph:  0.0% | #CG/newton: 3940 | ls (cap|max|inv|bt):  0| 0| 0| 0| runtime: 1751.2 ms | cr: 7004.7
    2963. dt:  0.25 ms | #newton:  1 | ph:  0.0% | #CG/newton: 3934 | ls (cap|max|inv|bt):  0| 0| 0| 0| runtime: 1752.0 ms | cr: 7007.9
    2964. dt:  0.25 ms | #newton:  1 | ph:  0.0% | #CG/newton: 3920 | ls (cap|max|inv|bt):  0| 0| 0| 0| runtime: 1739.2 ms | cr: 6956.9
    2965. dt:  0.25 ms | #newton:  1 | ph:  0.0% | #CG/newton: 3943 | ls (cap|max|inv|bt):  0| 0| 0| 0| runtime: 1802.7 ms | cr: 7210.8
    2966. dt:  0.25 ms | #newton:  1 | ph:  0.0% | #CG/newton: 3938 | ls (cap|max|inv|bt):  0| 0| 0| 0| runtime: 1756.3 ms | cr: 7025.1
    2967. dt:  0.25 ms | #newton:  1 | ph:  0.0% | #CG/newton: 3942 | ls (cap|max|inv|bt):  0| 0| 0| 0| runtime: 1760.6 ms | cr: 7042.5
    2968. dt:  0.25 ms | #newton:  1 | ph:  0.0% | #CG/newton: 3938 | ls (cap|max|inv|bt):  0| 0| 0| 0| runtime: 1738.5 ms | cr: 6954.0
    2969. dt:  0.25 ms | #newton:  1 | ph:  0.0% | #CG/newton: 3943 | ls (cap|max|inv|bt):  0| 0| 0| 0| runtime: 1754.1 ms | cr: 7016.3
    2970. dt:  0.25 ms | #newton:  1 | ph:  0.0% | #CG/newton: 3936 | ls (cap|max|inv|bt):  0| 0| 0| 0| runtime: 1759.9 ms | cr: 7039.7
    2971. dt:  0.25 ms | #newton:  1 | ph:  0.0% | #CG/newton: 3946 | ls (cap|max|inv|bt):  0| 0| 0| 0| runtime: 1749.1 ms | cr: 6996.5
    2972. dt:  0.25 ms | #newton:  1 | ph:  0.0% | #CG/newton: 3934 | ls (cap|max|inv|bt):  0| 0| 0| 0| runtime: 1758.2 ms | cr: 7032.7
    2973. dt:  0.25 ms | #newton:  1 | ph:  0.0% | #CG/newton: 3950 | ls (cap|max|inv|bt):  0| 0| 0| 0| runtime: 1758.0 ms | cr: 7032.1
    2974. dt:  0.25 ms | #newton:  1 | ph:  0.0% | #CG/newton: 3921 | ls (cap|max|inv|bt):  0| 0| 0| 0| runtime: 1741.1 ms | cr: 6964.5
    2975. dt:  0.25 ms | #newton:  2 | ph:  0.0% | #CG/newton: 2073 | ls (cap|max|inv|bt):  0| 0| 0| 0| runtime: 1894.0 ms | cr: 7575.9
    2976. dt:  0.25 ms | #newton:  1 | ph:  0.0% | #CG/newton: 4133 | ls (cap|max|inv|bt):  0| 0| 0| 0| runtime: 1831.3 ms | cr: 7325.2
    2977. dt:  0.25 ms | #newton:  1 | ph:  0.0% | #CG/newton: 4127 | ls (cap|max|inv|bt):  0| 0| 0| 0| runtime: 1826.4 ms | cr: 7305.7
    2978. dt:  0.25 ms | #newton:  1 | ph:  0.0% | #CG/newton: 4117 | ls (cap|max|inv|bt):  0| 0| 0| 0| runtime: 1829.2 ms | cr: 7316.8
    2979. dt:  0.25 ms | #newton:  1 | ph:  0.0% | #CG/newton: 3930 | ls (cap|max|inv|bt):  0| 0| 0| 0| runtime: 1734.8 ms | cr: 6939.4
    2980. dt:  0.25 ms | #newton:  1 | ph:  0.0% | #CG/newton: 1843 | ls (cap|max|inv|bt):  0| 0| 0| 0| runtime:  889.1 ms | cr: 3556.4
    2981. dt:  0.25 ms | #newton:  1 | ph:  0.0% | #CG/newton: 1845 | ls (cap|max|inv|bt):  0| 0| 0| 0| runtime:  882.0 ms | cr: 3528.1
    2982. dt:  0.25 ms | #newton:  1 | ph:  0.0% | #CG/newton: 1837 | ls (cap|max|inv|bt):  0| 0| 0| 0| runtime:  890.5 ms | cr: 3561.9
    2983. dt:  0.25 ms | #newton:  1 | ph:  0.0% | #CG/newton: 1828 | ls (cap|max|inv|bt):  0| 0| 0| 0| runtime:  879.6 ms | cr: 3518.5
    2984. dt:  0.25 ms | #newton:  1 | ph:  0.0% | #CG/newton: 1825 | ls (cap|max|inv|bt):  0| 0| 0| 0| runtime:  879.5 ms | cr: 3518.0
    2985. dt:  0.25 ms | #newton:  1 | ph:  0.0% | #CG/newton: 1822 | ls (cap|max|inv|bt):  0| 0| 0| 0| runtime:  875.8 ms | cr: 3503.4
    2986. dt:  0.25 ms | #newton:  1 | ph:  0.0% | #CG/newton: 1821 | ls (cap|max|inv|bt):  0| 0| 0| 0| runtime:  878.9 ms | cr: 3515.4
    2987. dt:  0.25 ms | #newton:  1 | ph:  0.0% | #CG/newton: 1821 | ls (cap|max|inv|bt):  0| 0| 0| 0| runtime:  885.6 ms | cr: 3542.6
    2988. dt:  0.25 ms | #newton:  1 | ph:  0.0% | #CG/newton: 3857 | ls (cap|max|inv|bt):  0| 0| 0| 0| runtime: 1713.2 ms | cr: 6852.7
    2989. dt:  0.25 ms | #newton:  1 | ph:  0.0% | #CG/newton: 3696 | ls (cap|max|inv|bt):  0| 0| 0| 0| runtime: 1666.8 ms | cr: 6667.4
    2990. dt:  0.25 ms | #newton:  1 | ph:  0.0% | #CG/newton: 3898 | ls (cap|max|inv|bt):  0| 0| 0| 0| runtime: 1734.1 ms | cr: 6936.2
    2991. dt:  0.25 ms | #newton:  1 | ph:  0.0% | #CG/newton: 3887 | ls (cap|max|inv|bt):  0| 0| 0| 0| runtime: 1730.7 ms | cr: 6922.9
    2992. dt:  0.25 ms | #newton:  1 | ph:  0.0% | #CG/newton: 3882 | ls (cap|max|inv|bt):  0| 0| 0| 0| runtime: 1745.6 ms | cr: 6982.6
    2993. dt:  0.25 ms | #newton:  1 | ph:  0.0% | #CG/newton: 3881 | ls (cap|max|inv|bt):  0| 0| 0| 0| runtime: 1740.0 ms | cr: 6960.1
    2994. dt:  0.25 ms | #newton:  1 | ph:  0.0% | #CG/newton: 3884 | ls (cap|max|inv|bt):  0| 0| 0| 0| runtime: 1730.8 ms | cr: 6923.1
    2995. dt:  0.25 ms | #newton:  1 | ph:  0.0% | #CG/newton: 3886 | ls (cap|max|inv|bt):  0| 0| 0| 0| runtime: 1738.3 ms | cr: 6953.3
    2996. dt:  0.25 ms | #newton:  1 | ph:  0.0% | #CG/newton: 3864 | ls (cap|max|inv|bt):  0| 0| 0| 0| runtime: 1728.5 ms | cr: 6914.0
    2997. dt:  0.25 ms | #newton:  1 | ph:  0.0% | #CG/newton: 4079 | ls (cap|max|inv|bt):  0| 0| 0| 0| runtime: 1805.1 ms | cr: 7220.4
    2998. dt:  0.25 ms | #newton:  1 | ph:  0.0% | #CG/newton: 3850 | ls (cap|max|inv|bt):  0| 0| 0| 0| runtime: 1724.8 ms | cr: 6899.2
    2999. dt:  0.25 ms | 
    Penetration couldn't be avoided. Contact stiffness hardened from 1.0e+08 to 2.0e+08.
