
================================== Settings ==============================
Stark Settings
     Output
         simulation_name: "mechanical_eval"
         output_directory: "/Users/wikios/.codex/worktrees/2c13/sim/examples/rotary_transmission/runs/candidate_026_contract_1_9_0/vtk"
         codegen_directory: "/Users/wikios/.codex/worktrees/2c13/sim/examples/rotary_transmission/runs/candidate_026_contract_1_9_0/codegen"
         time_stamp: "2026-08-17__23-40-22"
         fps: 30
         console_verbosity: Summary
         file_verbosity: Full
         enable_frame_writes: true
         enable_output: true
     Simulation
         gravity: (0.000000, 0.000000, -9.810000)
         init_frictional_contact: true
         max_time_step_size: 2.5000e-04
         use_adaptive_time_step: false
         time_step_size_success_multiplier: 1.05
         time_step_size_lower_bound: 1.0e-06
     Newton's Method
         Iteration limits
             max_iterations: 2147483647
             min_iterations: 0
         Convergence
             residual_tolerance_abs: 1.0e-06
             residual_tolerance_rel: 0.0e+00
             step_tolerance: 1.0e-03
             max_iterations_as_success: false
         Line search
             step_cap: inf
             enable_armijo_backtracking: true
             armijo_beta: 1.0e-04
             max_armijo_iterations: 20
             max_invalid_state_iterations: 8
             print_line_search_upon_failure: false
         Hessian projection
             projection_mode: Progressive
             projection_eps: 1.0e-10
             use_mirroring: false
             on_demand_countdown: 4
             ppn_tightening_factor: 0.50
             ppn_release_factor: 2.00
         Linear solver
             solver: BDPCG
             cg_max_iterations: 10000
             cg_abs_tolerance: 1.0e-12
             cg_rel_tolerance: 1.0e-04
             cg_stop_on_indefiniteness: true
             bailout_residual: 1.0e-10
     Execution
         allowed_execution_time: 1.8e+308
         end_simulation_time: 1.8e+308
         end_frame: 2147483647
         n_threads: 5

==================================== SymX ================================
Second Order Potentials:
    EnergyLumpedInertia.............................queued for compilation
    EnergyPrescribedPositions.......................queued for compilation
    EnergyAttachments_d_d_e_e.......................queued for compilation
    friction_d_d_pt_C0..............................queued for compilation
    EnergySegmentStrain.............................queued for compilation
    EnergySegmentStrain_Elasticity_Only.............queued for compilation
    EnergyAttachments_rb_d..........................queued for compilation
    rb_constraint_global_directions.................queued for compilation
    contact_d_d_pt_pp_cubic.........................queued for compilation
    friction_d_d_ee_C0..............................queued for compilation
    contact_d_d_pt_pe_cubic.........................queued for compilation
    contact_d_d_pt_pt_cubic.........................queued for compilation
    EnergyTriangleStrain............................queued for compilation
    contact_rb_rb_ee_ee_cubic.......................queued for compilation
    friction_rb_rb_pp_C0............................queued for compilation
    rb_constraint_points............................queued for compilation
    contact_rb_d_pt_pp_cubic........................queued for compilation
    EnergyTriangleStrain_Elasticity_Only............queued for compilation
    contact_d_d_ee_pp_cubic.........................queued for compilation
    contact_d_d_ee_pe_cubic.........................queued for compilation
    rb_constraint_point_on_axis.....................queued for compilation
    friction_rb_rb_pe_C0............................queued for compilation
    EnergyDiscreteShells............................queued for compilation
    contact_rb_d_pt_pe_cubic........................queued for compilation
    contact_d_d_ee_ee_cubic.........................queued for compilation
    EnergyBendingFlat...............................queued for compilation
    rb_constraint_distances.........................queued for compilation
    friction_rb_rb_pt_C0............................queued for compilation
    contact_rb_rb_pt_pp_cubic.......................queued for compilation
    rb_constraint_distance_limits...................queued for compilation
    rb_constraint_directions........................queued for compilation
    contact_rb_rb_pt_pe_cubic.......................queued for compilation
    contact_rb_d_pt_pt_cubic........................queued for compilation
    friction_rb_rb_ee_C0............................queued for compilation
    EnergyTetStrain.................................queued for compilation
    rb_constraint_angle_limits......................queued for compilation
    friction_rb_d_pp_C0.............................queued for compilation
    EnergyTetStrain_Elasticity_Only.................queued for compilation
    EnergyRigidBodyInertia_Linear...................queued for compilation
    EnergyRigidBodyInertia_Angular..................queued for compilation
    contact_rb_d_pt_ep_cubic........................queued for compilation
    contact_rb_rb_pt_pt_cubic.......................queued for compilation
    rb_constraint_damped_spring.....................queued for compilation
    friction_rb_d_pe_C0.............................queued for compilation
    rb_constraint_global_points.....................queued for compilation
    EnergyAttachments_d_d_p_t.......................queued for compilation
    rb_constraint_linear_velocity...................queued for compilation
    EnergyAttachments_d_d_p_e.......................queued for compilation
    EnergyAttachments_d_d_p_p.......................queued for compilation
    rb_constraint_angular_velocity..................queued for compilation
    friction_rb_d_pt_C0.............................queued for compilation
    friction_d_d_pe_C0..............................queued for compilation
    friction_d_d_pp_C0..............................queued for compilation
    contact_rb_d_pt_tp_cubic........................queued for compilation
    friction_rb_d_ee_C0.............................queued for compilation
    contact_rb_d_ee_ep_cubic........................queued for compilation
    friction_rb_d_ep_C0.............................queued for compilation
    friction_rb_d_tp_C0.............................queued for compilation
    contact_rb_rb_ee_pe_cubic.......................queued for compilation
    contact_rb_rb_ee_pp_cubic.......................queued for compilation
    contact_rb_d_ee_ee_cubic........................queued for compilation
    contact_rb_d_ee_pp_cubic........................queued for compilation
    contact_rb_d_ee_pe_cubic........................queued for compilation
Compiling... done.
Total time: 22.971945 s

Degrees of freedom:
soft.v1: 79548
rigid.v1: 21
rigid.w1: 21
Total: 79590

==================================== STARK ===============================
[Frame: 0] Time: 0.000 s
    0. dt:  0.25 ms | #newton:  0 | ph:  0.0% | #CG/newton:    0 | ls (cap|max|inv|bt):  0| 0| 0| 0| runtime:   64.7 ms | cr:  258.6
    1. dt:  0.25 ms | #newton:  0 | ph:  0.0% | #CG/newton:    0 | ls (cap|max|inv|bt):  0| 0| 0| 0| runtime:   62.1 ms | cr:  248.3
    2. dt:  0.25 ms | #newton:  0 | ph:  0.0% | #CG/newton:    0 | ls (cap|max|inv|bt):  0| 0| 0| 0| runtime:   62.5 ms | cr:  250.0
    3. dt:  0.25 ms | #newton:  0 | ph:  0.0% | #CG/newton:    0 | ls (cap|max|inv|bt):  0| 0| 0| 0| runtime:   61.0 ms | cr:  244.0
    4. dt:  0.25 ms | #newton:  0 | ph:  0.0% | #CG/newton:    0 | ls (cap|max|inv|bt):  0| 0| 0| 0| runtime:   61.0 ms | cr:  243.8
    5. dt:  0.25 ms | #newton:  0 | ph:  0.0% | #CG/newton:    0 | ls (cap|max|inv|bt):  0| 0| 0| 0| runtime:   62.2 ms | cr:  248.6
    6. dt:  0.25 ms | #newton:  0 | ph:  0.0% | #CG/newton:    0 | ls (cap|max|inv|bt):  0| 0| 0| 0| runtime:   63.6 ms | cr:  254.4
    7. dt:  0.25 ms | #newton:  0 | ph:  0.0% | #CG/newton:    0 | ls (cap|max|inv|bt):  0| 0| 0| 0| runtime:   62.0 ms | cr:  247.8
    8. dt:  0.25 ms | #newton:  0 | ph:  0.0% | #CG/newton:    0 | ls (cap|max|inv|bt):  0| 0| 0| 0| runtime:   62.9 ms | cr:  251.7
    9. dt:  0.25 ms | #newton:  0 | ph:  0.0% | #CG/newton:    0 | ls (cap|max|inv|bt):  0| 0| 0| 0| runtime:   67.4 ms | cr:  269.5
    10. dt:  0.25 ms | #newton:  0 | ph:  0.0% | #CG/newton:    0 | ls (cap|max|inv|bt):  0| 0| 0| 0| runtime:   61.8 ms | cr:  247.4
    11. dt:  0.25 ms | #newton:  0 | ph:  0.0% | #CG/newton:    0 | ls (cap|max|inv|bt):  0| 0| 0| 0| runtime:   63.6 ms | cr:  254.3
    12. dt:  0.25 ms | #newton:  0 | ph:  0.0% | #CG/newton:    0 | ls (cap|max|inv|bt):  0| 0| 0| 0| runtime:   62.0 ms | cr:  247.9
    13. dt:  0.25 ms | #newton:  0 | ph:  0.0% | #CG/newton:    0 | ls (cap|max|inv|bt):  0| 0| 0| 0| runtime:   63.0 ms | cr:  252.2
    14. dt:  0.25 ms | #newton:  0 | ph:  0.0% | #CG/newton:    0 | ls (cap|max|inv|bt):  0| 0| 0| 0| runtime:   64.3 ms | cr:  257.1
    15. dt:  0.25 ms | #newton:  0 | ph:  0.0% | #CG/newton:    0 | ls (cap|max|inv|bt):  0| 0| 0| 0| runtime:   62.3 ms | cr:  249.1
    16. dt:  0.25 ms | #newton:  0 | ph:  0.0% | #CG/newton:    0 | ls (cap|max|inv|bt):  0| 0| 0| 0| runtime:   64.6 ms | cr:  258.3
    17. dt:  0.25 ms | #newton:  0 | ph:  0.0% | #CG/newton:    0 | ls (cap|max|inv|bt):  0| 0| 0| 0| runtime:   64.8 ms | cr:  259.4
    18. dt:  0.25 ms | #newton:  0 | ph:  0.0% | #CG/newton:    0 | ls (cap|max|inv|bt):  0| 0| 0| 0| runtime:   63.1 ms | cr:  252.2
    19. dt:  0.25 ms | #newton:  0 | ph:  0.0% | #CG/newton:    0 | ls (cap|max|inv|bt):  0| 0| 0| 0| runtime:   62.6 ms | cr:  250.3
    20. dt:  0.25 ms | #newton:  0 | ph:  0.0% | #CG/newton:    0 | ls (cap|max|inv|bt):  0| 0| 0| 0| runtime:   62.8 ms | cr:  251.0
    21. dt:  0.25 ms | #newton:  0 | ph:  0.0% | #CG/newton:    0 | ls (cap|max|inv|bt):  0| 0| 0| 0| runtime:   62.1 ms | cr:  248.5
    22. dt:  0.25 ms | #newton:  0 | ph:  0.0% | #CG/newton:    0 | ls (cap|max|inv|bt):  0| 0| 0| 0| runtime:   62.9 ms | cr:  251.7
    23. dt:  0.25 ms | #newton:  0 | ph:  0.0% | #CG/newton:    0 | ls (cap|max|inv|bt):  0| 0| 0| 0| runtime:   65.3 ms | cr:  261.4
    24. dt:  0.25 ms | #newton:  0 | ph:  0.0% | #CG/newton:    0 | ls (cap|max|inv|bt):  0| 0| 0| 0| runtime:   64.2 ms | cr:  256.6
    25. dt:  0.25 ms | #newton:  0 | ph:  0.0% | #CG/newton:    0 | ls (cap|max|inv|bt):  0| 0| 0| 0| runtime:   64.7 ms | cr:  258.9
    26. dt:  0.25 ms | #newton:  0 | ph:  0.0% | #CG/newton:    0 | ls (cap|max|inv|bt):  0| 0| 0| 0| runtime:   64.8 ms | cr:  259.3
    27. dt:  0.25 ms | #newton:  0 | ph:  0.0% | #CG/newton:    0 | ls (cap|max|inv|bt):  0| 0| 0| 0| runtime:   65.4 ms | cr:  261.5
    28. dt:  0.25 ms | #newton:  0 | ph:  0.0% | #CG/newton:    0 | ls (cap|max|inv|bt):  0| 0| 0| 0| runtime:   64.2 ms | cr:  256.6
    29. dt:  0.25 ms | #newton:  0 | ph:  0.0% | #CG/newton:    0 | ls (cap|max|inv|bt):  0| 0| 0| 0| runtime:   63.1 ms | cr:  252.2
    30. dt:  0.25 ms | #newton:  0 | ph:  0.0% | #CG/newton:    0 | ls (cap|max|inv|bt):  0| 0| 0| 0| runtime:   62.4 ms | cr:  249.5
    31. dt:  0.25 ms | #newton:  0 | ph:  0.0% | #CG/newton:    0 | ls (cap|max|inv|bt):  0| 0| 0| 0| runtime:   61.8 ms | cr:  247.2
    32. dt:  0.25 ms | #newton:  0 | ph:  0.0% | #CG/newton:    0 | ls (cap|max|inv|bt):  0| 0| 0| 0| runtime:   63.3 ms | cr:  253.2
    33. dt:  0.25 ms | #newton:  0 | ph:  0.0% | #CG/newton:    0 | ls (cap|max|inv|bt):  0| 0| 0| 0| runtime:   63.3 ms | cr:  253.4
    34. dt:  0.25 ms | #newton:  0 | ph:  0.0% | #CG/newton:    0 | ls (cap|max|inv|bt):  0| 0| 0| 0| runtime:   62.3 ms | cr:  249.1
    35. dt:  0.25 ms | #newton:  0 | ph:  0.0% | #CG/newton:    0 | ls (cap|max|inv|bt):  0| 0| 0| 0| runtime:   63.9 ms | cr:  255.8
    36. dt:  0.25 ms | #newton:  0 | ph:  0.0% | #CG/newton:    0 | ls (cap|max|inv|bt):  0| 0| 0| 0| runtime:   62.6 ms | cr:  250.5
    37. dt:  0.25 ms | #newton:  0 | ph:  0.0% | #CG/newton:    0 | ls (cap|max|inv|bt):  0| 0| 0| 0| runtime:   61.4 ms | cr:  245.6
    38. dt:  0.25 ms | #newton:  0 | ph:  0.0% | #CG/newton:    0 | ls (cap|max|inv|bt):  0| 0| 0| 0| runtime:   62.5 ms | cr:  250.1
    39. dt:  0.25 ms | #newton:  0 | ph:  0.0% | #CG/newton:    0 | ls (cap|max|inv|bt):  0| 0| 0| 0| runtime:   66.0 ms | cr:  264.0
    40. dt:  0.25 ms | #newton:  0 | ph:  0.0% | #CG/newton:    0 | ls (cap|max|inv|bt):  0| 0| 0| 0| runtime:   65.0 ms | cr:  259.9
    41. dt:  0.25 ms | #newton:  0 | ph:  0.0% | #CG/newton:    0 | ls (cap|max|inv|bt):  0| 0| 0| 0| runtime:   62.7 ms | cr:  250.8
    42. dt:  0.25 ms | #newton:  0 | ph:  0.0% | #CG/newton:    0 | ls (cap|max|inv|bt):  0| 0| 0| 0| runtime:   62.7 ms | cr:  250.7
    43. dt:  0.25 ms | #newton:  0 | ph:  0.0% | #CG/newton:    0 | ls (cap|max|inv|bt):  0| 0| 0| 0| runtime:   65.1 ms | cr:  260.2
    44. dt:  0.25 ms | #newton:  0 | ph:  0.0% | #CG/newton:    0 | ls (cap|max|inv|bt):  0| 0| 0| 0| runtime:   61.6 ms | cr:  246.4
    45. dt:  0.25 ms | #newton:  0 | ph:  0.0% | #CG/newton:    0 | ls (cap|max|inv|bt):  0| 0| 0| 0| runtime:   61.6 ms | cr:  246.5
    46. dt:  0.25 ms | #newton:  0 | ph:  0.0% | #CG/newton:    0 | ls (cap|max|inv|bt):  0| 0| 0| 0| runtime:   62.7 ms | cr:  250.9
    47. dt:  0.25 ms | #newton:  0 | ph:  0.0% | #CG/newton:    0 | ls (cap|max|inv|bt):  0| 0| 0| 0| runtime:   64.3 ms | cr:  257.1
    48. dt:  0.25 ms | #newton:  0 | ph:  0.0% | #CG/newton:    0 | ls (cap|max|inv|bt):  0| 0| 0| 0| runtime:   62.6 ms | cr:  250.6
    49. dt:  0.25 ms | #newton:  0 | ph:  0.0% | #CG/newton:    0 | ls (cap|max|inv|bt):  0| 0| 0| 0| runtime:   62.0 ms | cr:  248.1
    50. dt:  0.25 ms | #newton:  0 | ph:  0.0% | #CG/newton:    0 | ls (cap|max|inv|bt):  0| 0| 0| 0| runtime:   61.7 ms | cr:  246.7
    51. dt:  0.25 ms | #newton:  0 | ph:  0.0% | #CG/newton:    0 | ls (cap|max|inv|bt):  0| 0| 0| 0| runtime:   61.4 ms | cr:  245.6
    52. dt:  0.25 ms | #newton:  0 | ph:  0.0% | #CG/newton:    0 | ls (cap|max|inv|bt):  0| 0| 0| 0| runtime:   61.4 ms | cr:  245.4
    53. dt:  0.25 ms | #newton:  0 | ph:  0.0% | #CG/newton:    0 | ls (cap|max|inv|bt):  0| 0| 0| 0| runtime:   63.1 ms | cr:  252.3
    54. dt:  0.25 ms | #newton:  0 | ph:  0.0% | #CG/newton:    0 | ls (cap|max|inv|bt):  0| 0| 0| 0| runtime:   62.3 ms | cr:  249.1
    55. dt:  0.25 ms | #newton:  0 | ph:  0.0% | #CG/newton:    0 | ls (cap|max|inv|bt):  0| 0| 0| 0| runtime:   62.6 ms | cr:  250.5
    56. dt:  0.25 ms | #newton:  0 | ph:  0.0% | #CG/newton:    0 | ls (cap|max|inv|bt):  0| 0| 0| 0| runtime:   62.9 ms | cr:  251.7
    57. dt:  0.25 ms | #newton:  0 | ph:  0.0% | #CG/newton:    0 | ls (cap|max|inv|bt):  0| 0| 0| 0| runtime:   64.2 ms | cr:  256.9
    58. dt:  0.25 ms | #newton:  0 | ph:  0.0% | #CG/newton:    0 | ls (cap|max|inv|bt):  0| 0| 0| 0| runtime:   63.5 ms | cr:  253.8
    59. dt:  0.25 ms | #newton:  0 | ph:  0.0% | #CG/newton:    0 | ls (cap|max|inv|bt):  0| 0| 0| 0| runtime:   62.4 ms | cr:  249.6
    60. dt:  0.25 ms | #newton:  0 | ph:  0.0% | #CG/newton:    0 | ls (cap|max|inv|bt):  0| 0| 0| 0| runtime:   60.9 ms | cr:  243.8
    61. dt:  0.25 ms | #newton:  0 | ph:  0.0% | #CG/newton:    0 | ls (cap|max|inv|bt):  0| 0| 0| 0| runtime:   62.1 ms | cr:  248.4
    62. dt:  0.25 ms | #newton:  0 | ph:  0.0% | #CG/newton:    0 | ls (cap|max|inv|bt):  0| 0| 0| 0| runtime:   61.9 ms | cr:  247.7
    63. dt:  0.25 ms | #newton:  0 | ph:  0.0% | #CG/newton:    0 | ls (cap|max|inv|bt):  0| 0| 0| 0| runtime:   61.9 ms | cr:  247.6
    64. dt:  0.25 ms | #newton:  0 | ph:  0.0% | #CG/newton:    0 | ls (cap|max|inv|bt):  0| 0| 0| 0| runtime:   61.8 ms | cr:  247.1
    65. dt:  0.25 ms | #newton:  0 | ph:  0.0% | #CG/newton:    0 | ls (cap|max|inv|bt):  0| 0| 0| 0| runtime:   62.1 ms | cr:  248.6
    66. dt:  0.25 ms | #newton:  0 | ph:  0.0% | #CG/newton:    0 | ls (cap|max|inv|bt):  0| 0| 0| 0| runtime:   62.6 ms | cr:  250.3
    67. dt:  0.25 ms | #newton:  1 | ph:  0.0% | #CG/newton:    1 | ls (cap|max|inv|bt):  0| 0| 0| 0| runtime:  162.0 ms | cr:  647.8
    68. dt:  0.25 ms | #newton:  1 | ph:  0.0% | #CG/newton:    1 | ls (cap|max|inv|bt):  0| 0| 0| 0| runtime:  146.6 ms | cr:  586.4
    69. dt:  0.25 ms | #newton:  1 | ph:  0.0% | #CG/newton:    1 | ls (cap|max|inv|bt):  0| 0| 0| 0| runtime:  146.1 ms | cr:  584.5
    70. dt:  0.25 ms | #newton:  1 | ph:  0.0% | #CG/newton:    1 | ls (cap|max|inv|bt):  0| 0| 0| 0| runtime:  150.5 ms | cr:  602.1
    71. dt:  0.25 ms | #newton:  1 | ph:  0.0% | #CG/newton:    1 | ls (cap|max|inv|bt):  0| 0| 0| 0| runtime:  150.0 ms | cr:  599.8
    72. dt:  0.25 ms | #newton:  1 | ph:  0.0% | #CG/newton:    1 | ls (cap|max|inv|bt):  0| 0| 0| 0| runtime:  148.7 ms | cr:  594.9
    73. dt:  0.25 ms | #newton:  1 | ph:  0.0% | #CG/newton:    1 | ls (cap|max|inv|bt):  0| 0| 0| 0| runtime:  145.6 ms | cr:  582.6
    74. dt:  0.25 ms | #newton:  1 | ph:  0.0% | #CG/newton:    1 | ls (cap|max|inv|bt):  0| 0| 0| 0| runtime:  148.3 ms | cr:  593.1
    75. dt:  0.25 ms | #newton:  1 | ph:  0.0% | #CG/newton:    1 | ls (cap|max|inv|bt):  0| 0| 0| 0| runtime:  142.5 ms | cr:  570.1
    76. dt:  0.25 ms | #newton:  1 | ph:  0.0% | #CG/newton:    1 | ls (cap|max|inv|bt):  0| 0| 0| 0| runtime:  147.9 ms | cr:  591.6
    77. dt:  0.25 ms | #newton:  1 | ph:  0.0% | #CG/newton:    1 | ls (cap|max|inv|bt):  0| 0| 0| 0| runtime:  144.7 ms | cr:  578.6
    78. dt:  0.25 ms | #newton:  1 | ph:  0.0% | #CG/newton:    1 | ls (cap|max|inv|bt):  0| 0| 0| 0| runtime:  147.3 ms | cr:  589.0
    79. dt:  0.25 ms | #newton:  1 | ph:  0.0% | #CG/newton:    1 | ls (cap|max|inv|bt):  0| 0| 0| 0| runtime:  148.7 ms | cr:  594.7
    80. dt:  0.25 ms | #newton:  1 | ph:  0.0% | #CG/newton:    1 | ls (cap|max|inv|bt):  0| 0| 0| 0| runtime:  143.2 ms | cr:  572.6
    81. dt:  0.25 ms | #newton:  1 | ph:  0.0% | #CG/newton:    1 | ls (cap|max|inv|bt):  0| 0| 0| 0| runtime:  147.5 ms | cr:  589.9
    82. dt:  0.25 ms | #newton:  1 | ph:  0.0% | #CG/newton:    1 | ls (cap|max|inv|bt):  0| 0| 0| 0| runtime:  145.7 ms | cr:  582.8
    83. dt:  0.25 ms | #newton:  1 | ph:  0.0% | #CG/newton:    1 | ls (cap|max|inv|bt):  0| 0| 0| 0| runtime:  149.1 ms | cr:  596.5
    84. dt:  0.25 ms | #newton:  1 | ph:  0.0% | #CG/newton:    1 | ls (cap|max|inv|bt):  0| 0| 0| 0| runtime:  141.0 ms | cr:  564.0
    85. dt:  0.25 ms | #newton:  1 | ph:  0.0% | #CG/newton:    1 | ls (cap|max|inv|bt):  0| 0| 0| 0| runtime:  142.2 ms | cr:  568.8
    86. dt:  0.25 ms | #newton:  1 | ph:  0.0% | #CG/newton:    1 | ls (cap|max|inv|bt):  0| 0| 0| 0| runtime:  146.4 ms | cr:  585.5
    87. dt:  0.25 ms | #newton:  1 | ph:  0.0% | #CG/newton:    1 | ls (cap|max|inv|bt):  0| 0| 0| 0| runtime:  142.7 ms | cr:  570.8
    88. dt:  0.25 ms | #newton:  1 | ph:  0.0% | #CG/newton:    1 | ls (cap|max|inv|bt):  0| 0| 0| 0| runtime:  143.2 ms | cr:  572.8
    89. dt:  0.25 ms | #newton:  1 | ph:  0.0% | #CG/newton:    1 | ls (cap|max|inv|bt):  0| 0| 0| 0| runtime:  142.3 ms | cr:  569.0
    90. dt:  0.25 ms | #newton:  1 | ph:  0.0% | #CG/newton:    1 | ls (cap|max|inv|bt):  0| 0| 0| 0| runtime:  145.1 ms | cr:  580.5
    91. dt:  0.25 ms | #newton:  1 | ph:  0.0% | #CG/newton:    1 | ls (cap|max|inv|bt):  0| 0| 0| 0| runtime:  148.6 ms | cr:  594.4
    92. dt:  0.25 ms | #newton:  1 | ph:  0.0% | #CG/newton:    1 | ls (cap|max|inv|bt):  0| 0| 0| 0| runtime:  147.2 ms | cr:  588.8
    93. dt:  0.25 ms | #newton:  1 | ph:  0.0% | #CG/newton:    1 | ls (cap|max|inv|bt):  0| 0| 0| 0| runtime:  148.9 ms | cr:  595.5
    94. dt:  0.25 ms | #newton:  1 | ph:  0.0% | #CG/newton:    1 | ls (cap|max|inv|bt):  0| 0| 0| 0| runtime:  150.1 ms | cr:  600.4
    95. dt:  0.25 ms | #newton:  1 | ph:  0.0% | #CG/newton:    1 | ls (cap|max|inv|bt):  0| 0| 0| 0| runtime:  150.6 ms | cr:  602.4
    96. dt:  0.25 ms | #newton:  1 | ph:  0.0% | #CG/newton:    1 | ls (cap|max|inv|bt):  0| 0| 0| 0| runtime:  150.1 ms | cr:  600.3
    97. dt:  0.25 ms | #newton:  1 | ph:  0.0% | #CG/newton:    1 | ls (cap|max|inv|bt):  0| 0| 0| 0| runtime:  148.8 ms | cr:  595.2
    98. dt:  0.25 ms | #newton:  1 | ph:  0.0% | #CG/newton:    1 | ls (cap|max|inv|bt):  0| 0| 0| 0| runtime:  186.5 ms | cr:  746.0
    99. dt:  0.25 ms | #newton:  1 | ph:  0.0% | #CG/newton:    1 | ls (cap|max|inv|bt):  0| 0| 0| 0| runtime:  161.6 ms | cr:  646.3
    100. dt:  0.25 ms | #newton:  1 | ph:  0.0% | #CG/newton:    2 | ls (cap|max|inv|bt):  0| 0| 0| 0| runtime:  153.2 ms | cr:  612.9
    101. dt:  0.25 ms | #newton:  1 | ph:  0.0% | #CG/newton:    1 | ls (cap|max|inv|bt):  0| 0| 0| 0| runtime:  155.9 ms | cr:  623.4
    102. dt:  0.25 ms | #newton:  1 | ph:  0.0% | #CG/newton:    1 | ls (cap|max|inv|bt):  0| 0| 0| 0| runtime:  177.4 ms | cr:  709.7
    103. dt:  0.25 ms | #newton:  1 | ph:  0.0% | #CG/newton:    1 | ls (cap|max|inv|bt):  0| 0| 0| 0| runtime:  163.2 ms | cr:  652.7
    104. dt:  0.25 ms | #newton:  1 | ph:  0.0% | #CG/newton:    1 | ls (cap|max|inv|bt):  0| 0| 0| 0| runtime:  150.7 ms | cr:  602.9
    105. dt:  0.25 ms | #newton:  1 | ph:  0.0% | #CG/newton:    1 | ls (cap|max|inv|bt):  0| 0| 0| 0| runtime:  149.7 ms | cr:  598.7
    106. dt:  0.25 ms | #newton:  1 | ph:  0.0% | #CG/newton:    1 | ls (cap|max|inv|bt):  0| 0| 0| 0| runtime:  148.0 ms | cr:  591.8
    107. dt:  0.25 ms | #newton:  1 | ph:  0.0% | #CG/newton:    1 | ls (cap|max|inv|bt):  0| 0| 0| 0| runtime:  148.6 ms | cr:  594.3
    108. dt:  0.25 ms | #newton:  1 | ph:  0.0% | #CG/newton:    1 | ls (cap|max|inv|bt):  0| 0| 0| 0| runtime:  143.7 ms | cr:  574.8
    109. dt:  0.25 ms | #newton:  1 | ph:  0.0% | #CG/newton:    2 | ls (cap|max|inv|bt):  0| 0| 0| 0| runtime:  149.8 ms | cr:  599.3
    110. dt:  0.25 ms | #newton:  1 | ph:  0.0% | #CG/newton:    1 | ls (cap|max|inv|bt):  0| 0| 0| 0| runtime:  146.3 ms | cr:  585.3
    111. dt:  0.25 ms | #newton:  1 | ph:  0.0% | #CG/newton:    1 | ls (cap|max|inv|bt):  0| 0| 0| 0| runtime:  144.6 ms | cr:  578.3
    112. dt:  0.25 ms | #newton:  1 | ph:  0.0% | #CG/newton:    1 | ls (cap|max|inv|bt):  0| 0| 0| 0| runtime:  148.9 ms | cr:  595.7
    113. dt:  0.25 ms | #newton:  1 | ph:  0.0% | #CG/newton:    1 | ls (cap|max|inv|bt):  0| 0| 0| 0| runtime:  147.5 ms | cr:  590.0
    114. dt:  0.25 ms | #newton:  1 | ph:  0.0% | #CG/newton:    1 | ls (cap|max|inv|bt):  0| 0| 0| 0| runtime:  154.7 ms | cr:  618.7
    115. dt:  0.25 ms | #newton:  1 | ph:  0.0% | #CG/newton:    1 | ls (cap|max|inv|bt):  0| 0| 0| 0| runtime:  142.7 ms | cr:  570.8
    116. dt:  0.25 ms | #newton:  1 | ph:  0.0% | #CG/newton:    1 | ls (cap|max|inv|bt):  0| 0| 0| 0| runtime:  143.6 ms | cr:  574.5
    117. dt:  0.25 ms | #newton:  1 | ph:  0.0% | #CG/newton:    1 | ls (cap|max|inv|bt):  0| 0| 0| 0| runtime:  147.9 ms | cr:  591.5
    118. dt:  0.25 ms | #newton:  1 | ph:  0.0% | #CG/newton:    2 | ls (cap|max|inv|bt):  0| 0| 0| 0| runtime:  147.0 ms | cr:  587.9
    119. dt:  0.25 ms | #newton:  1 | ph:  0.0% | #CG/newton:    1 | ls (cap|max|inv|bt):  0| 0| 0| 0| runtime:  147.3 ms | cr:  589.1
    120. dt:  0.25 ms | #newton:  1 | ph:  0.0% | #CG/newton:    1 | ls (cap|max|inv|bt):  0| 0| 0| 0| runtime:  170.6 ms | cr:  682.4
    121. dt:  0.25 ms | #newton:  1 | ph:  0.0% | #CG/newton:    1 | ls (cap|max|inv|bt):  0| 0| 0| 0| runtime:  151.2 ms | cr:  604.7
    122. dt:  0.25 ms | #newton:  1 | ph:  0.0% | #CG/newton:    1 | ls (cap|max|inv|bt):  0| 0| 0| 0| runtime:  143.2 ms | cr:  572.6
    123. dt:  0.25 ms | #newton:  1 | ph:  0.0% | #CG/newton:    1 | ls (cap|max|inv|bt):  0| 0| 0| 0| runtime:  146.0 ms | cr:  584.0
    124. dt:  0.25 ms | #newton:  1 | ph:  0.0% | #CG/newton:    1 | ls (cap|max|inv|bt):  0| 0| 0| 0| runtime:  149.4 ms | cr:  597.6
    125. dt:  0.25 ms | #newton:  1 | ph:  0.0% | #CG/newton:    1 | ls (cap|max|inv|bt):  0| 0| 0| 0| runtime:  146.2 ms | cr:  585.0
    126. dt:  0.25 ms | #newton:  1 | ph:  0.0% | #CG/newton:    1 | ls (cap|max|inv|bt):  0| 0| 0| 0| runtime:  143.4 ms | cr:  573.7
    127. dt:  0.25 ms | #newton:  1 | ph:  0.0% | #CG/newton:    2 | ls (cap|max|inv|bt):  0| 0| 0| 0| runtime:  146.7 ms | cr:  586.6
    128. dt:  0.25 ms | #newton:  1 | ph:  0.0% | #CG/newton:    1 | ls (cap|max|inv|bt):  0| 0| 0| 0| runtime:  145.8 ms | cr:  583.1
    129. dt:  0.25 ms | #newton:  1 | ph:  0.0% | #CG/newton:    1 | ls (cap|max|inv|bt):  0| 0| 0| 0| runtime:  145.7 ms | cr:  582.7
    130. dt:  0.25 ms | #newton:  1 | ph:  0.0% | #CG/newton:    1 | ls (cap|max|inv|bt):  0| 0| 0| 0| runtime:  148.1 ms | cr:  592.6
    131. dt:  0.25 ms | #newton:  1 | ph:  0.0% | #CG/newton:    1 | ls (cap|max|inv|bt):  0| 0| 0| 0| runtime:  144.8 ms | cr:  579.1
    132. dt:  0.25 ms | #newton:  1 | ph:  0.0% | #CG/newton:    1 | ls (cap|max|inv|bt):  0| 0| 0| 0| runtime:  146.8 ms | cr:  587.3
    133. dt:  0.25 ms | #newton:  1 | ph:  0.0% | #CG/newton:    1 | ls (cap|max|inv|bt):  0| 0| 0| 0| runtime:  144.2 ms | cr:  576.9
[Frame: 1] Time: 0.034 s
    134. dt:  0.25 ms | #newton:  1 | ph:  0.0% | #CG/newton:    1 | ls (cap|max|inv|bt):  0| 0| 0| 0| runtime:  143.3 ms | cr:  573.2
    135. dt:  0.25 ms | #newton:  1 | ph:  0.0% | #CG/newton:    2 | ls (cap|max|inv|bt):  0| 0| 0| 0| runtime:  151.9 ms | cr:  607.6
    136. dt:  0.25 ms | #newton:  1 | ph:  0.0% | #CG/newton:    1 | ls (cap|max|inv|bt):  0| 0| 0| 0| runtime:  143.3 ms | cr:  573.4
    137. dt:  0.25 ms | #newton:  1 | ph:  0.0% | #CG/newton:    1 | ls (cap|max|inv|bt):  0| 0| 0| 0| runtime:  144.1 ms | cr:  576.3
    138. dt:  0.25 ms | #newton:  1 | ph:  0.0% | #CG/newton:    1 | ls (cap|max|inv|bt):  0| 0| 0| 0| runtime:  150.4 ms | cr:  601.6
    139. dt:  0.25 ms | #newton:  1 | ph:  0.0% | #CG/newton:    1 | ls (cap|max|inv|bt):  0| 0| 0| 0| runtime:  143.4 ms | cr:  573.6
    140. dt:  0.25 ms | #newton:  1 | ph:  0.0% | #CG/newton:    1 | ls (cap|max|inv|bt):  0| 0| 0| 0| runtime:  147.4 ms | cr:  589.7
    141. dt:  0.25 ms | #newton:  1 | ph:  0.0% | #CG/newton:    1 | ls (cap|max|inv|bt):  0| 0| 0| 0| runtime:  145.9 ms | cr:  583.8
    142. dt:  0.25 ms | #newton:  1 | ph:  0.0% | #CG/newton:    2 | ls (cap|max|inv|bt):  0| 0| 0| 0| runtime:  148.4 ms | cr:  593.4
    143. dt:  0.25 ms | #newton:  1 | ph:  0.0% | #CG/newton:    1 | ls (cap|max|inv|bt):  0| 0| 0| 0| runtime:  147.6 ms | cr:  590.4
    144. dt:  0.25 ms | #newton:  1 | ph:  0.0% | #CG/newton:    1 | ls (cap|max|inv|bt):  0| 0| 0| 0| runtime:  143.4 ms | cr:  573.4
    145. dt:  0.25 ms | #newton:  1 | ph:  0.0% | #CG/newton:    1 | ls (cap|max|inv|bt):  0| 0| 0| 0| runtime:  146.1 ms | cr:  584.4
    146. dt:  0.25 ms | #newton:  1 | ph:  0.0% | #CG/newton:    1 | ls (cap|max|inv|bt):  0| 0| 0| 0| runtime:  146.0 ms | cr:  584.1
    147. dt:  0.25 ms | #newton:  1 | ph:  0.0% | #CG/newton:    1 | ls (cap|max|inv|bt):  0| 0| 0| 0| runtime:  145.5 ms | cr:  582.1
    148. dt:  0.25 ms | #newton:  1 | ph:  0.0% | #CG/newton:    1 | ls (cap|max|inv|bt):  0| 0| 0| 0| runtime:  146.9 ms | cr:  587.6
    149. dt:  0.25 ms | #newton:  1 | ph:  0.0% | #CG/newton:    2 | ls (cap|max|inv|bt):  0| 0| 0| 0| runtime:  150.4 ms | cr:  601.8
    150. dt:  0.25 ms | #newton:  1 | ph:  0.0% | #CG/newton:    1 | ls (cap|max|inv|bt):  0| 0| 0| 0| runtime:  146.8 ms | cr:  587.2
    151. dt:  0.25 ms | #newton:  1 | ph:  0.0% | #CG/newton:    1 | ls (cap|max|inv|bt):  0| 0| 0| 0| runtime:  146.7 ms | cr:  587.0
    152. dt:  0.25 ms | #newton:  1 | ph:  0.0% | #CG/newton:    1 | ls (cap|max|inv|bt):  0| 0| 0| 0| runtime:  145.2 ms | cr:  580.9
    153. dt:  0.25 ms | #newton:  1 | ph:  0.0% | #CG/newton:    1 | ls (cap|max|inv|bt):  0| 0| 0| 0| runtime:  144.6 ms | cr:  578.5
    154. dt:  0.25 ms | #newton:  1 | ph:  0.0% | #CG/newton:    1 | ls (cap|max|inv|bt):  0| 0| 0| 0| runtime:  147.4 ms | cr:  589.4
    155. dt:  0.25 ms | #newton:  1 | ph:  0.0% | #CG/newton:    1 | ls (cap|max|inv|bt):  0| 0| 0| 0| runtime:  143.6 ms | cr:  574.5
    156. dt:  0.25 ms | #newton:  1 | ph:  0.0% | #CG/newton:    2 | ls (cap|max|inv|bt):  0| 0| 0| 0| runtime:  147.0 ms | cr:  588.0
    157. dt:  0.25 ms | #newton:  1 | ph:  0.0% | #CG/newton:    1 | ls (cap|max|inv|bt):  0| 0| 0| 0| runtime:  148.4 ms | cr:  593.7
    158. dt:  0.25 ms | #newton:  1 | ph:  0.0% | #CG/newton:    1 | ls (cap|max|inv|bt):  0| 0| 0| 0| runtime:  143.6 ms | cr:  574.4
    159. dt:  0.25 ms | #newton:  1 | ph:  0.0% | #CG/newton:    1 | ls (cap|max|inv|bt):  0| 0| 0| 0| runtime:  147.0 ms | cr:  588.1
    160. dt:  0.25 ms | #newton:  1 | ph:  0.0% | #CG/newton:    1 | ls (cap|max|inv|bt):  0| 0| 0| 0| runtime:  145.9 ms | cr:  583.5
    161. dt:  0.25 ms | #newton:  1 | ph:  0.0% | #CG/newton:    1 | ls (cap|max|inv|bt):  0| 0| 0| 0| runtime:  146.0 ms | cr:  584.0
    162. dt:  0.25 ms | #newton:  1 | ph:  0.0% | #CG/newton:    1 | ls (cap|max|inv|bt):  0| 0| 0| 0| runtime:  146.8 ms | cr:  587.1
    163. dt:  0.25 ms | #newton:  1 | ph:  0.0% | #CG/newton:    2 | ls (cap|max|inv|bt):  0| 0| 0| 0| runtime:  146.9 ms | cr:  587.7
    164. dt:  0.25 ms | #newton:  1 | ph:  0.0% | #CG/newton:    1 | ls (cap|max|inv|bt):  0| 0| 0| 0| runtime:  145.2 ms | cr:  580.7
    165. dt:  0.25 ms | #newton:  1 | ph:  0.0% | #CG/newton:    1 | ls (cap|max|inv|bt):  0| 0| 0| 0| runtime:  147.2 ms | cr:  588.9
    166. dt:  0.25 ms | #newton:  1 | ph:  0.0% | #CG/newton:    1 | ls (cap|max|inv|bt):  0| 0| 0| 0| runtime:  144.4 ms | cr:  577.8
    167. dt:  0.25 ms | #newton:  1 | ph:  0.0% | #CG/newton:    1 | ls (cap|max|inv|bt):  0| 0| 0| 0| runtime:  147.3 ms | cr:  589.1
    168. dt:  0.25 ms | #newton:  1 | ph:  0.0% | #CG/newton:    1 | ls (cap|max|inv|bt):  0| 0| 0| 0| runtime:  145.5 ms | cr:  581.8
    169. dt:  0.25 ms | #newton:  1 | ph:  0.0% | #CG/newton:    1 | ls (cap|max|inv|bt):  0| 0| 0| 0| runtime:  149.8 ms | cr:  599.1
    170. dt:  0.25 ms | #newton:  1 | ph:  0.0% | #CG/newton:    1 | ls (cap|max|inv|bt):  0| 0| 0| 0| runtime:  143.4 ms | cr:  573.4
    171. dt:  0.25 ms | #newton:  1 | ph:  0.0% | #CG/newton:    2 | ls (cap|max|inv|bt):  0| 0| 0| 0| runtime:  145.8 ms | cr:  583.2
    172. dt:  0.25 ms | #newton:  1 | ph:  0.0% | #CG/newton:    1 | ls (cap|max|inv|bt):  0| 0| 0| 0| runtime:  155.5 ms | cr:  621.8
    173. dt:  0.25 ms | #newton:  1 | ph:  0.0% | #CG/newton:    1 | ls (cap|max|inv|bt):  0| 0| 0| 0| runtime:  144.3 ms | cr:  577.1
    174. dt:  0.25 ms | #newton:  1 | ph:  0.0% | #CG/newton:    1 | ls (cap|max|inv|bt):  0| 0| 0| 0| runtime:  147.2 ms | cr:  588.8
    175. dt:  0.25 ms | #newton:  1 | ph:  0.0% | #CG/newton:    1 | ls (cap|max|inv|bt):  0| 0| 0| 0| runtime:  148.6 ms | cr:  594.6
    176. dt:  0.25 ms | #newton:  1 | ph:  0.0% | #CG/newton:    1 | ls (cap|max|inv|bt):  0| 0| 0| 0| runtime:  141.0 ms | cr:  564.2
    177. dt:  0.25 ms | #newton:  1 | ph:  0.0% | #CG/newton:    1 | ls (cap|max|inv|bt):  0| 0| 0| 0| runtime:  144.0 ms | cr:  576.1
    178. dt:  0.25 ms | #newton:  1 | ph:  0.0% | #CG/newton:    2 | ls (cap|max|inv|bt):  0| 0| 0| 0| runtime:  149.6 ms | cr:  598.3
    179. dt:  0.25 ms | #newton:  1 | ph:  0.0% | #CG/newton:    1 | ls (cap|max|inv|bt):  0| 0| 0| 0| runtime:  146.2 ms | cr:  584.7
    180. dt:  0.25 ms | #newton:  1 | ph:  0.0% | #CG/newton:    1 | ls (cap|max|inv|bt):  0| 0| 0| 0| runtime:  150.4 ms | cr:  601.6
    181. dt:  0.25 ms | #newton:  1 | ph:  0.0% | #CG/newton:    1 | ls (cap|max|inv|bt):  0| 0| 0| 0| runtime:  146.2 ms | cr:  585.0
    182. dt:  0.25 ms | #newton:  1 | ph:  0.0% | #CG/newton:    1 | ls (cap|max|inv|bt):  0| 0| 0| 0| runtime:  146.0 ms | cr:  584.0
    183. dt:  0.25 ms | #newton:  1 | ph:  0.0% | #CG/newton:    1 | ls (cap|max|inv|bt):  0| 0| 0| 0| runtime:  146.7 ms | cr:  586.8
    184. dt:  0.25 ms | #newton:  1 | ph:  0.0% | #CG/newton:    1 | ls (cap|max|inv|bt):  0| 0| 0| 0| runtime:  145.2 ms | cr:  580.9
    185. dt:  0.25 ms | #newton:  1 | ph:  0.0% | #CG/newton:    2 | ls (cap|max|inv|bt):  0| 0| 0| 0| runtime:  150.4 ms | cr:  601.4
    186. dt:  0.25 ms | #newton:  1 | ph:  0.0% | #CG/newton:    1 | ls (cap|max|inv|bt):  0| 0| 0| 0| runtime:  143.1 ms | cr:  572.3
    187. dt:  0.25 ms | #newton:  1 | ph:  0.0% | #CG/newton:    1 | ls (cap|max|inv|bt):  0| 0| 0| 0| runtime:  144.4 ms | cr:  577.6
    188. dt:  0.25 ms | #newton:  1 | ph:  0.0% | #CG/newton:    1 | ls (cap|max|inv|bt):  0| 0| 0| 0| runtime:  154.2 ms | cr:  616.6
    189. dt:  0.25 ms | #newton:  1 | ph:  0.0% | #CG/newton:    1 | ls (cap|max|inv|bt):  0| 0| 0| 0| runtime:  142.9 ms | cr:  571.8
    190. dt:  0.25 ms | #newton:  1 | ph:  0.0% | #CG/newton:    1 | ls (cap|max|inv|bt):  0| 0| 0| 0| runtime:  144.9 ms | cr:  579.7
    191. dt:  0.25 ms | #newton:  1 | ph:  0.0% | #CG/newton:    1 | ls (cap|max|inv|bt):  0| 0| 0| 0| runtime:  148.1 ms | cr:  592.5
    192. dt:  0.25 ms | #newton:  1 | ph:  0.0% | #CG/newton:    2 | ls (cap|max|inv|bt):  0| 0| 0| 0| runtime:  146.0 ms | cr:  583.9
    193. dt:  0.25 ms | #newton:  1 | ph:  0.0% | #CG/newton:    1 | ls (cap|max|inv|bt):  0| 0| 0| 0| runtime:  143.0 ms | cr:  571.9
    194. dt:  0.25 ms | #newton:  1 | ph:  0.0% | #CG/newton:    1 | ls (cap|max|inv|bt):  0| 0| 0| 0| runtime:  149.3 ms | cr:  597.3
    195. dt:  0.25 ms | #newton:  1 | ph:  0.0% | #CG/newton:    1 | ls (cap|max|inv|bt):  0| 0| 0| 0| runtime:  145.4 ms | cr:  581.7
    196. dt:  0.25 ms | #newton:  1 | ph:  0.0% | #CG/newton:    1 | ls (cap|max|inv|bt):  0| 0| 0| 0| runtime:  147.1 ms | cr:  588.2
    197. dt:  0.25 ms | #newton:  1 | ph:  0.0% | #CG/newton:    1 | ls (cap|max|inv|bt):  0| 0| 0| 0| runtime:  148.2 ms | cr:  592.7
    198. dt:  0.25 ms | #newton:  1 | ph:  0.0% | #CG/newton:    1 | ls (cap|max|inv|bt):  0| 0| 0| 0| runtime:  147.7 ms | cr:  590.7
    199. dt:  0.25 ms | #newton:  1 | ph:  0.0% | #CG/newton:    2 | ls (cap|max|inv|bt):  0| 0| 0| 0| runtime:  151.1 ms | cr:  604.5
    200. dt:  0.25 ms | #newton:  1 | ph:  0.0% | #CG/newton:    1 | ls (cap|max|inv|bt):  0| 0| 0| 0| runtime:  142.8 ms | cr:  571.0
    201. dt:  0.25 ms | #newton:  1 | ph:  0.0% | #CG/newton:    1 | ls (cap|max|inv|bt):  0| 0| 0| 0| runtime:  146.8 ms | cr:  587.0
    202. dt:  0.25 ms | #newton:  1 | ph:  0.0% | #CG/newton:    1 | ls (cap|max|inv|bt):  0| 0| 0| 0| runtime:  145.7 ms | cr:  583.0
    203. dt:  0.25 ms | #newton:  1 | ph:  0.0% | #CG/newton:    1 | ls (cap|max|inv|bt):  0| 0| 0| 0| runtime:  142.6 ms | cr:  570.3
    204. dt:  0.25 ms | #newton:  1 | ph:  0.0% | #CG/newton:    1 | ls (cap|max|inv|bt):  0| 0| 0| 0| runtime:  149.9 ms | cr:  599.7
    205. dt:  0.25 ms | #newton:  1 | ph:  0.0% | #CG/newton:    1 | ls (cap|max|inv|bt):  0| 0| 0| 0| runtime:  147.4 ms | cr:  589.6
    206. dt:  0.25 ms | #newton:  1 | ph:  0.0% | #CG/newton:    2 | ls (cap|max|inv|bt):  0| 0| 0| 0| runtime:  142.5 ms | cr:  569.9
    207. dt:  0.25 ms | #newton:  1 | ph:  0.0% | #CG/newton:    1 | ls (cap|max|inv|bt):  0| 0| 0| 0| runtime:  147.0 ms | cr:  588.1
    208. dt:  0.25 ms | #newton:  1 | ph:  0.0% | #CG/newton:    1 | ls (cap|max|inv|bt):  0| 0| 0| 0| runtime:  143.0 ms | cr:  572.1
    209. dt:  0.25 ms | #newton:  1 | ph:  0.0% | #CG/newton:    1 | ls (cap|max|inv|bt):  0| 0| 0| 0| runtime:  149.0 ms | cr:  596.0
    210. dt:  0.25 ms | #newton:  1 | ph:  0.0% | #CG/newton:    1 | ls (cap|max|inv|bt):  0| 0| 0| 0| runtime:  147.7 ms | cr:  590.8
    211. dt:  0.25 ms | #newton:  1 | ph:  0.0% | #CG/newton:    1 | ls (cap|max|inv|bt):  0| 0| 0| 0| runtime:  142.9 ms | cr:  571.6
    212. dt:  0.25 ms | #newton:  1 | ph:  0.0% | #CG/newton:    2 | ls (cap|max|inv|bt):  0| 0| 0| 0| runtime:  146.5 ms | cr:  586.0
    213. dt:  0.25 ms | #newton:  1 | ph:  0.0% | #CG/newton:    1 | ls (cap|max|inv|bt):  0| 0| 0| 0| runtime:  146.2 ms | cr:  584.9
    214. dt:  0.25 ms | #newton:  1 | ph:  0.0% | #CG/newton:    1 | ls (cap|max|inv|bt):  0| 0| 0| 0| runtime:  145.4 ms | cr:  581.5
    215. dt:  0.25 ms | #newton:  1 | ph:  0.0% | #CG/newton:    1 | ls (cap|max|inv|bt):  0| 0| 0| 0| runtime:  143.1 ms | cr:  572.4
    216. dt:  0.25 ms | #newton:  1 | ph:  0.0% | #CG/newton:    1 | ls (cap|max|inv|bt):  0| 0| 0| 0| runtime:  146.5 ms | cr:  586.1
    217. dt:  0.25 ms | #newton:  1 | ph:  0.0% | #CG/newton:    1 | ls (cap|max|inv|bt):  0| 0| 0| 0| runtime:  146.2 ms | cr:  585.0
    218. dt:  0.25 ms | #newton:  1 | ph:  0.0% | #CG/newton:    1 | ls (cap|max|inv|bt):  0| 0| 0| 0| runtime:  145.5 ms | cr:  582.1
    219. dt:  0.25 ms | #newton:  1 | ph:  0.0% | #CG/newton:    2 | ls (cap|max|inv|bt):  0| 0| 0| 0| runtime:  147.3 ms | cr:  589.2
    220. dt:  0.25 ms | #newton:  1 | ph:  0.0% | #CG/newton:    1 | ls (cap|max|inv|bt):  0| 0| 0| 0| runtime:  149.4 ms | cr:  597.6
    221. dt:  0.25 ms | #newton:  1 | ph:  0.0% | #CG/newton:    1 | ls (cap|max|inv|bt):  0| 0| 0| 0| runtime:  151.9 ms | cr:  607.7
    222. dt:  0.25 ms | #newton:  1 | ph:  0.0% | #CG/newton:    1 | ls (cap|max|inv|bt):  0| 0| 0| 0| runtime:  144.3 ms | cr:  577.3
    223. dt:  0.25 ms | #newton:  1 | ph:  0.0% | #CG/newton:    1 | ls (cap|max|inv|bt):  0| 0| 0| 0| runtime:  147.3 ms | cr:  589.1
    224. dt:  0.25 ms | #newton:  1 | ph:  0.0% | #CG/newton:    1 | ls (cap|max|inv|bt):  0| 0| 0| 0| runtime:  149.1 ms | cr:  596.6
    225. dt:  0.25 ms | #newton:  1 | ph:  0.0% | #CG/newton:    1 | ls (cap|max|inv|bt):  0| 0| 0| 0| runtime:  143.7 ms | cr:  574.9
    226. dt:  0.25 ms | #newton:  1 | ph:  0.0% | #CG/newton:    2 | ls (cap|max|inv|bt):  0| 0| 0| 0| runtime:  149.1 ms | cr:  596.2
    227. dt:  0.25 ms | #newton:  1 | ph:  0.0% | #CG/newton:    1 | ls (cap|max|inv|bt):  0| 0| 0| 0| runtime:  145.0 ms | cr:  579.9
    228. dt:  0.25 ms | #newton:  1 | ph:  0.0% | #CG/newton:    1 | ls (cap|max|inv|bt):  0| 0| 0| 0| runtime:  149.1 ms | cr:  596.3
    229. dt:  0.25 ms | #newton:  1 | ph:  0.0% | #CG/newton:    1 | ls (cap|max|inv|bt):  0| 0| 0| 0| runtime:  148.4 ms | cr:  593.5
    230. dt:  0.25 ms | #newton:  1 | ph:  0.0% | #CG/newton:    1 | ls (cap|max|inv|bt):  0| 0| 0| 0| runtime:  143.9 ms | cr:  575.6
    231. dt:  0.25 ms | #newton:  1 | ph:  0.0% | #CG/newton:    1 | ls (cap|max|inv|bt):  0| 0| 0| 0| runtime:  148.2 ms | cr:  592.8
    232. dt:  0.25 ms | #newton:  1 | ph:  0.0% | #CG/newton:    2 | ls (cap|max|inv|bt):  0| 0| 0| 0| runtime:  146.5 ms | cr:  586.2
    233. dt:  0.25 ms | #newton:  1 | ph:  0.0% | #CG/newton:    1 | ls (cap|max|inv|bt):  0| 0| 0| 0| runtime:  145.2 ms | cr:  580.6
    234. dt:  0.25 ms | #newton:  1 | ph:  0.0% | #CG/newton:    1 | ls (cap|max|inv|bt):  0| 0| 0| 0| runtime:  146.8 ms | cr:  587.1
    235. dt:  0.25 ms | #newton:  1 | ph:  0.0% | #CG/newton:    1 | ls (cap|max|inv|bt):  0| 0| 0| 0| runtime:  152.0 ms | cr:  608.1
    236. dt:  0.25 ms | #newton:  1 | ph:  0.0% | #CG/newton:    1 | ls (cap|max|inv|bt):  0| 0| 0| 0| runtime:  145.8 ms | cr:  583.1
    237. dt:  0.25 ms | #newton:  1 | ph:  0.0% | #CG/newton:    1 | ls (cap|max|inv|bt):  0| 0| 0| 0| runtime:  147.7 ms | cr:  590.7
    238. dt:  0.25 ms | #newton:  1 | ph:  0.0% | #CG/newton:    1 | ls (cap|max|inv|bt):  0| 0| 0| 0| runtime:  147.6 ms | cr:  590.5
    239. dt:  0.25 ms | #newton:  1 | ph:  0.0% | #CG/newton:    2 | ls (cap|max|inv|bt):  0| 0| 0| 0| runtime:  146.9 ms | cr:  587.8
    240. dt:  0.25 ms | #newton:  1 | ph:  0.0% | #CG/newton:    1 | ls (cap|max|inv|bt):  0| 0| 0| 0| runtime:  154.2 ms | cr:  616.6
    241. dt:  0.25 ms | #newton:  1 | ph:  0.0% | #CG/newton:    1 | ls (cap|max|inv|bt):  0| 0| 0| 0| runtime:  148.7 ms | cr:  594.7
    242. dt:  0.25 ms | #newton:  1 | ph:  0.0% | #CG/newton:    1 | ls (cap|max|inv|bt):  0| 0| 0| 0| runtime:  149.4 ms | cr:  597.5
    243. dt:  0.25 ms | #newton:  1 | ph:  0.0% | #CG/newton:    1 | ls (cap|max|inv|bt):  0| 0| 0| 0| runtime:  149.6 ms | cr:  598.4
    244. dt:  0.25 ms | #newton:  1 | ph:  0.0% | #CG/newton:    1 | ls (cap|max|inv|bt):  0| 0| 0| 0| runtime:  147.1 ms | cr:  588.3
    245. dt:  0.25 ms | #newton:  1 | ph:  0.0% | #CG/newton:    1 | ls (cap|max|inv|bt):  0| 0| 0| 0| runtime:  148.7 ms | cr:  594.8
    246. dt:  0.25 ms | #newton:  1 | ph:  0.0% | #CG/newton:    2 | ls (cap|max|inv|bt):  0| 0| 0| 0| runtime:  148.1 ms | cr:  592.4
    247. dt:  0.25 ms | #newton:  1 | ph:  0.0% | #CG/newton:    1 | ls (cap|max|inv|bt):  0| 0| 0| 0| runtime:  147.3 ms | cr:  589.1
    248. dt:  0.25 ms | #newton:  1 | ph:  0.0% | #CG/newton:    1 | ls (cap|max|inv|bt):  0| 0| 0| 0| runtime:  144.2 ms | cr:  576.7
    249. dt:  0.25 ms | #newton:  1 | ph:  0.0% | #CG/newton:    1 | ls (cap|max|inv|bt):  0| 0| 0| 0| runtime:  153.3 ms | cr:  613.1
    250. dt:  0.25 ms | #newton:  1 | ph:  0.0% | #CG/newton:    1 | ls (cap|max|inv|bt):  0| 0| 0| 0| runtime:  145.2 ms | cr:  580.9
    251. dt:  0.25 ms | #newton:  1 | ph:  0.0% | #CG/newton:    1 | ls (cap|max|inv|bt):  0| 0| 0| 0| runtime:  147.9 ms | cr:  591.4
    252. dt:  0.25 ms | #newton:  1 | ph:  0.0% | #CG/newton:    2 | ls (cap|max|inv|bt):  0| 0| 0| 0| runtime:  154.1 ms | cr:  616.3
    253. dt:  0.25 ms | #newton:  1 | ph:  0.0% | #CG/newton:    1 | ls (cap|max|inv|bt):  0| 0| 0| 0| runtime:  145.8 ms | cr:  583.2
    254. dt:  0.25 ms | #newton:  1 | ph:  0.0% | #CG/newton:    1 | ls (cap|max|inv|bt):  0| 0| 0| 0| runtime:  145.0 ms | cr:  580.1
    255. dt:  0.25 ms | #newton:  1 | ph:  0.0% | #CG/newton:    1 | ls (cap|max|inv|bt):  0| 0| 0| 0| runtime:  147.8 ms | cr:  591.3
    256. dt:  0.25 ms | #newton:  1 | ph:  0.0% | #CG/newton:    1 | ls (cap|max|inv|bt):  0| 0| 0| 0| runtime:  155.2 ms | cr:  620.6
    257. dt:  0.25 ms | #newton:  1 | ph:  0.0% | #CG/newton:    1 | ls (cap|max|inv|bt):  0| 0| 0| 0| runtime:  143.6 ms | cr:  574.3
    258. dt:  0.25 ms | #newton:  1 | ph:  0.0% | #CG/newton:    2 | ls (cap|max|inv|bt):  0| 0| 0| 0| runtime:  154.8 ms | cr:  619.3
    259. dt:  0.25 ms | #newton:  1 | ph:  0.0% | #CG/newton:    1 | ls (cap|max|inv|bt):  0| 0| 0| 0| runtime:  147.3 ms | cr:  589.2
    260. dt:  0.25 ms | #newton:  1 | ph:  0.0% | #CG/newton:    1 | ls (cap|max|inv|bt):  0| 0| 0| 0| runtime:  150.1 ms | cr:  600.3
    261. dt:  0.25 ms | #newton:  1 | ph:  0.0% | #CG/newton:    1 | ls (cap|max|inv|bt):  0| 0| 0| 0| runtime:  143.9 ms | cr:  575.5
    262. dt:  0.25 ms | #newton:  1 | ph:  0.0% | #CG/newton:    1 | ls (cap|max|inv|bt):  0| 0| 0| 0| runtime:  148.2 ms | cr:  592.8
    263. dt:  0.25 ms | #newton:  1 | ph:  0.0% | #CG/newton:    1 | ls (cap|max|inv|bt):  0| 0| 0| 0| runtime:  151.5 ms | cr:  606.1
    264. dt:  0.25 ms | #newton:  1 | ph:  0.0% | #CG/newton:    1 | ls (cap|max|inv|bt):  0| 0| 0| 0| runtime:  148.4 ms | cr:  593.5
    265. dt:  0.25 ms | #newton:  1 | ph:  0.0% | #CG/newton:    2 | ls (cap|max|inv|bt):  0| 0| 0| 0| runtime:  146.4 ms | cr:  585.6
    266. dt:  0.25 ms | #newton:  1 | ph:  0.0% | #CG/newton:    1 | ls (cap|max|inv|bt):  0| 0| 0| 0| runtime:  153.7 ms | cr:  614.9
[Frame: 2] Time: 0.067 s
    267. dt:  0.25 ms | #newton:  1 | ph:  0.0% | #CG/newton:    1 | ls (cap|max|inv|bt):  0| 0| 0| 0| runtime:  148.3 ms | cr:  593.1
    268. dt:  0.25 ms | #newton:  1 | ph:  0.0% | #CG/newton:    1 | ls (cap|max|inv|bt):  0| 0| 0| 0| runtime:  147.8 ms | cr:  591.3
    269. dt:  0.25 ms | #newton:  1 | ph:  0.0% | #CG/newton:    1 | ls (cap|max|inv|bt):  0| 0| 0| 0| runtime:  148.9 ms | cr:  595.4
    270. dt:  0.25 ms | #newton:  1 | ph:  0.0% | #CG/newton:    1 | ls (cap|max|inv|bt):  0| 0| 0| 0| runtime:  150.3 ms | cr:  601.3
    271. dt:  0.25 ms | #newton:  1 | ph:  0.0% | #CG/newton:    1 | ls (cap|max|inv|bt):  0| 0| 0| 0| runtime:  146.4 ms | cr:  585.7
    272. dt:  0.25 ms | #newton:  1 | ph:  0.0% | #CG/newton:    2 | ls (cap|max|inv|bt):  0| 0| 0| 0| runtime:  147.7 ms | cr:  590.8
    273. dt:  0.25 ms | #newton:  1 | ph:  0.0% | #CG/newton:    1 | ls (cap|max|inv|bt):  0| 0| 0| 0| runtime:  148.0 ms | cr:  592.1
    274. dt:  0.25 ms | #newton:  1 | ph:  0.0% | #CG/newton:    1 | ls (cap|max|inv|bt):  0| 0| 0| 0| runtime:  146.6 ms | cr:  586.5
    275. dt:  0.25 ms | #newton:  1 | ph:  0.0% | #CG/newton:    1 | ls (cap|max|inv|bt):  0| 0| 0| 0| runtime:  147.6 ms | cr:  590.4
    276. dt:  0.25 ms | #newton:  1 | ph:  0.0% | #CG/newton:    1 | ls (cap|max|inv|bt):  0| 0| 0| 0| runtime:  143.6 ms | cr:  574.5
    277. dt:  0.25 ms | #newton:  1 | ph:  0.0% | #CG/newton:    1 | ls (cap|max|inv|bt):  0| 0| 0| 0| runtime:  144.4 ms | cr:  577.7
    278. dt:  0.25 ms | #newton:  1 | ph:  0.0% | #CG/newton:    2 | ls (cap|max|inv|bt):  0| 0| 0| 0| runtime:  148.5 ms | cr:  594.1
    279. dt:  0.25 ms | #newton:  1 | ph:  0.0% | #CG/newton:    1 | ls (cap|max|inv|bt):  0| 0| 0| 0| runtime:  155.8 ms | cr:  623.1
    280. dt:  0.25 ms | #newton:  1 | ph:  0.0% | #CG/newton:    1 | ls (cap|max|inv|bt):  0| 0| 0| 0| runtime:  147.7 ms | cr:  590.7
    281. dt:  0.25 ms | #newton:  1 | ph:  0.0% | #CG/newton:    1 | ls (cap|max|inv|bt):  0| 0| 0| 0| runtime:  147.3 ms | cr:  589.3
    282. dt:  0.25 ms | #newton:  1 | ph:  0.0% | #CG/newton:    1 | ls (cap|max|inv|bt):  0| 0| 0| 0| runtime:  149.9 ms | cr:  599.5
    283. dt:  0.25 ms | #newton:  1 | ph:  0.0% | #CG/newton:    1 | ls (cap|max|inv|bt):  0| 0| 0| 0| runtime:  148.7 ms | cr:  594.8
    284. dt:  0.25 ms | #newton:  1 | ph:  0.0% | #CG/newton:    2 | ls (cap|max|inv|bt):  0| 0| 0| 0| runtime:  147.7 ms | cr:  590.7
    285. dt:  0.25 ms | #newton:  1 | ph:  0.0% | #CG/newton:    1 | ls (cap|max|inv|bt):  0| 0| 0| 0| runtime:  148.1 ms | cr:  592.4
    286. dt:  0.25 ms | #newton:  1 | ph:  0.0% | #CG/newton:    1 | ls (cap|max|inv|bt):  0| 0| 0| 0| runtime:  148.1 ms | cr:  592.3
    287. dt:  0.25 ms | #newton:  1 | ph:  0.0% | #CG/newton:    1 | ls (cap|max|inv|bt):  0| 0| 0| 0| runtime:  145.3 ms | cr:  581.1
    288. dt:  0.25 ms | #newton:  1 | ph:  0.0% | #CG/newton:    1 | ls (cap|max|inv|bt):  0| 0| 0| 0| runtime:  148.0 ms | cr:  591.9
    289. dt:  0.25 ms | #newton:  1 | ph:  0.0% | #CG/newton:    1 | ls (cap|max|inv|bt):  0| 0| 0| 0| runtime:  145.2 ms | cr:  580.6
    290. dt:  0.25 ms | #newton:  1 | ph:  0.0% | #CG/newton:    1 | ls (cap|max|inv|bt):  0| 0| 0| 0| runtime:  146.7 ms | cr:  587.0
    291. dt:  0.25 ms | #newton:  1 | ph:  0.0% | #CG/newton:    2 | ls (cap|max|inv|bt):  0| 0| 0| 0| runtime:  157.2 ms | cr:  628.8
    292. dt:  0.25 ms | #newton:  1 | ph:  0.0% | #CG/newton:    1 | ls (cap|max|inv|bt):  0| 0| 0| 0| runtime:  149.2 ms | cr:  596.9
    293. dt:  0.25 ms | #newton:  1 | ph:  0.0% | #CG/newton:    1 | ls (cap|max|inv|bt):  0| 0| 0| 0| runtime:  145.3 ms | cr:  581.4
    294. dt:  0.25 ms | #newton:  1 | ph:  0.0% | #CG/newton:    1 | ls (cap|max|inv|bt):  0| 0| 0| 0| runtime:  150.0 ms | cr:  599.8
    295. dt:  0.25 ms | #newton:  1 | ph:  0.0% | #CG/newton:    1 | ls (cap|max|inv|bt):  0| 0| 0| 0| runtime:  147.0 ms | cr:  587.9
    296. dt:  0.25 ms | #newton:  1 | ph:  0.0% | #CG/newton:    1 | ls (cap|max|inv|bt):  0| 0| 0| 0| runtime:  147.7 ms | cr:  590.8
    297. dt:  0.25 ms | #newton:  1 | ph:  0.0% | #CG/newton:    2 | ls (cap|max|inv|bt):  0| 0| 0| 0| runtime:  145.1 ms | cr:  580.5
    298. dt:  0.25 ms | #newton:  1 | ph:  0.0% | #CG/newton:    1 | ls (cap|max|inv|bt):  0| 0| 0| 0| runtime:  153.9 ms | cr:  615.5
    299. dt:  0.25 ms | #newton:  1 | ph:  0.0% | #CG/newton:    1 | ls (cap|max|inv|bt):  0| 0| 0| 0| runtime:  145.2 ms | cr:  580.6
    300. dt:  0.25 ms | #newton:  1 | ph:  0.0% | #CG/newton:    1 | ls (cap|max|inv|bt):  0| 0| 0| 0| runtime:  153.4 ms | cr:  613.7
    301. dt:  0.25 ms | #newton:  1 | ph:  0.0% | #CG/newton:    1 | ls (cap|max|inv|bt):  0| 0| 0| 0| runtime:  149.0 ms | cr:  595.8
    302. dt:  0.25 ms | #newton:  1 | ph:  0.0% | #CG/newton:    1 | ls (cap|max|inv|bt):  0| 0| 0| 0| runtime:  149.0 ms | cr:  596.0
    303. dt:  0.25 ms | #newton:  1 | ph:  0.0% | #CG/newton:    2 | ls (cap|max|inv|bt):  0| 0| 0| 0| runtime:  152.8 ms | cr:  611.4
    304. dt:  0.25 ms | #newton:  1 | ph:  0.0% | #CG/newton:    1 | ls (cap|max|inv|bt):  0| 0| 0| 0| runtime:  151.7 ms | cr:  607.0
    305. dt:  0.25 ms | #newton:  1 | ph:  0.0% | #CG/newton:    1 | ls (cap|max|inv|bt):  0| 0| 0| 0| runtime:  144.6 ms | cr:  578.6
    306. dt:  0.25 ms | #newton:  1 | ph:  0.0% | #CG/newton:    1 | ls (cap|max|inv|bt):  0| 0| 0| 0| runtime:  149.7 ms | cr:  598.8
    307. dt:  0.25 ms | #newton:  1 | ph:  0.0% | #CG/newton:    1 | ls (cap|max|inv|bt):  0| 0| 0| 0| runtime:  148.3 ms | cr:  593.4
    308. dt:  0.25 ms | #newton:  1 | ph:  0.0% | #CG/newton:    1 | ls (cap|max|inv|bt):  0| 0| 0| 0| runtime:  146.1 ms | cr:  584.4
    309. dt:  0.25 ms | #newton:  1 | ph:  0.0% | #CG/newton:    1 | ls (cap|max|inv|bt):  0| 0| 0| 0| runtime:  149.2 ms | cr:  596.8
    310. dt:  0.25 ms | #newton:  1 | ph:  0.0% | #CG/newton:    2 | ls (cap|max|inv|bt):  0| 0| 0| 0| runtime:  146.9 ms | cr:  587.6
    311. dt:  0.25 ms | #newton:  1 | ph:  0.0% | #CG/newton:    1 | ls (cap|max|inv|bt):  0| 0| 0| 0| runtime:  151.5 ms | cr:  606.2
    312. dt:  0.25 ms | #newton:  1 | ph:  0.0% | #CG/newton:    1 | ls (cap|max|inv|bt):  0| 0| 0| 0| runtime:  146.5 ms | cr:  586.0
    313. dt:  0.25 ms | #newton:  1 | ph:  0.0% | #CG/newton:    1 | ls (cap|max|inv|bt):  0| 0| 0| 0| runtime:  146.4 ms | cr:  585.8
    314. dt:  0.25 ms | #newton:  1 | ph:  0.0% | #CG/newton:    1 | ls (cap|max|inv|bt):  0| 0| 0| 0| runtime:  145.7 ms | cr:  582.7
    315. dt:  0.25 ms | #newton:  1 | ph:  0.0% | #CG/newton:    1 | ls (cap|max|inv|bt):  0| 0| 0| 0| runtime:  150.4 ms | cr:  601.6
    316. dt:  0.25 ms | #newton:  1 | ph:  0.0% | #CG/newton:    2 | ls (cap|max|inv|bt):  0| 0| 0| 0| runtime:  150.6 ms | cr:  602.4
    317. dt:  0.25 ms | #newton:  1 | ph:  0.0% | #CG/newton:    1 | ls (cap|max|inv|bt):  0| 0| 0| 0| runtime:  149.4 ms | cr:  597.4
    318. dt:  0.25 ms | #newton:  1 | ph:  0.0% | #CG/newton:   36 | ls (cap|max|inv|bt):  0| 0| 0| 0| runtime:  184.4 ms | cr:  737.5
    319. dt:  0.25 ms | #newton:  1 | ph:  0.0% | #CG/newton:  276 | ls (cap|max|inv|bt):  0| 0| 0| 0| runtime:  269.5 ms | cr: 1077.8
    320. dt:  0.25 ms | #newton:  1 | ph:  0.0% | #CG/newton:  281 | ls (cap|max|inv|bt):  0| 0| 0| 0| runtime:  270.7 ms | cr: 1082.6
    321. dt:  0.25 ms | #newton:  1 | ph:  0.0% | #CG/newton:  286 | ls (cap|max|inv|bt):  0| 0| 0| 0| runtime:  273.3 ms | cr: 1093.0
    322. dt:  0.25 ms | #newton:  1 | ph:  0.0% | #CG/newton:  284 | ls (cap|max|inv|bt):  0| 0| 0| 0| runtime:  278.0 ms | cr: 1112.1
    323. dt:  0.25 ms | #newton:  1 | ph:  0.0% | #CG/newton:  365 | ls (cap|max|inv|bt):  0| 0| 0| 0| runtime:  311.8 ms | cr: 1247.4
    324. dt:  0.25 ms | #newton:  1 | ph:  0.0% | #CG/newton:  415 | ls (cap|max|inv|bt):  0| 0| 0| 0| runtime:  325.9 ms | cr: 1303.7
    325. dt:  0.25 ms | #newton:  1 | ph:  0.0% | #CG/newton:  430 | ls (cap|max|inv|bt):  0| 0| 0| 0| runtime:  337.2 ms | cr: 1348.7
    326. dt:  0.25 ms | #newton:  1 | ph:  0.0% | #CG/newton:  408 | ls (cap|max|inv|bt):  0| 0| 0| 0| runtime:  328.2 ms | cr: 1312.7
    327. dt:  0.25 ms | #newton:  1 | ph:  0.0% | #CG/newton:  406 | ls (cap|max|inv|bt):  0| 0| 0| 0| runtime:  324.0 ms | cr: 1295.9
    328. dt:  0.25 ms | #newton:  1 | ph:  0.0% | #CG/newton:  442 | ls (cap|max|inv|bt):  0| 0| 0| 0| runtime:  346.6 ms | cr: 1386.2
    329. dt:  0.25 ms | #newton:  1 | ph:  0.0% | #CG/newton:  415 | ls (cap|max|inv|bt):  0| 0| 0| 0| runtime:  344.8 ms | cr: 1379.2
    330. dt:  0.25 ms | #newton:  1 | ph:  0.0% | #CG/newton:  416 | ls (cap|max|inv|bt):  0| 0| 0| 0| runtime:  326.8 ms | cr: 1307.3
    331. dt:  0.25 ms | #newton:  1 | ph:  0.0% | #CG/newton:  423 | ls (cap|max|inv|bt):  0| 0| 0| 0| runtime:  336.8 ms | cr: 1347.3
    332. dt:  0.25 ms | #newton:  1 | ph:  0.0% | #CG/newton:  432 | ls (cap|max|inv|bt):  0| 0| 0| 0| runtime:  338.8 ms | cr: 1355.0
    333. dt:  0.25 ms | #newton:  1 | ph:  0.0% | #CG/newton:  427 | ls (cap|max|inv|bt):  0| 0| 0| 0| runtime:  337.2 ms | cr: 1348.7
    334. dt:  0.25 ms | #newton:  1 | ph:  0.0% | #CG/newton:  471 | ls (cap|max|inv|bt):  0| 0| 0| 0| runtime:  353.5 ms | cr: 1413.8
    335. dt:  0.25 ms | #newton:  1 | ph:  0.0% | #CG/newton:  408 | ls (cap|max|inv|bt):  0| 0| 0| 0| runtime:  328.1 ms | cr: 1312.5
    336. dt:  0.25 ms | #newton:  1 | ph:  0.0% | #CG/newton:  425 | ls (cap|max|inv|bt):  0| 0| 0| 0| runtime:  340.2 ms | cr: 1360.9
    337. dt:  0.25 ms | #newton:  1 | ph:  0.0% | #CG/newton:  406 | ls (cap|max|inv|bt):  0| 0| 0| 0| runtime:  321.6 ms | cr: 1286.5
    338. dt:  0.25 ms | #newton:  1 | ph:  0.0% | #CG/newton:  335 | ls (cap|max|inv|bt):  0| 0| 0| 0| runtime:  297.2 ms | cr: 1188.8
    339. dt:  0.25 ms | #newton:  1 | ph:  0.0% | #CG/newton:  411 | ls (cap|max|inv|bt):  0| 0| 0| 0| runtime:  334.2 ms | cr: 1336.9
    340. dt:  0.25 ms | #newton:  1 | ph:  0.0% | #CG/newton:  428 | ls (cap|max|inv|bt):  0| 0| 0| 0| runtime:  337.3 ms | cr: 1349.3
    341. dt:  0.25 ms | #newton:  1 | ph:  0.0% | #CG/newton:  406 | ls (cap|max|inv|bt):  0| 0| 0| 0| runtime:  331.8 ms | cr: 1327.3
    342. dt:  0.25 ms | #newton:  1 | ph:  0.0% | #CG/newton:  436 | ls (cap|max|inv|bt):  0| 0| 0| 0| runtime:  346.2 ms | cr: 1384.8
    343. dt:  0.25 ms | #newton:  1 | ph:  0.0% | #CG/newton:  432 | ls (cap|max|inv|bt):  0| 0| 0| 0| runtime:  342.8 ms | cr: 1371.3
    344. dt:  0.25 ms | #newton:  1 | ph:  0.0% | #CG/newton:  432 | ls (cap|max|inv|bt):  0| 0| 0| 0| runtime:  352.2 ms | cr: 1408.6
    345. dt:  0.25 ms | #newton:  1 | ph:  0.0% | #CG/newton:  428 | ls (cap|max|inv|bt):  0| 0| 0| 0| runtime:  335.4 ms | cr: 1341.8
    346. dt:  0.25 ms | #newton:  1 | ph:  0.0% | #CG/newton:  680 | ls (cap|max|inv|bt):  0| 0| 0| 0| runtime:  449.0 ms | cr: 1796.1
    347. dt:  0.25 ms | #newton:  1 | ph:  0.0% | #CG/newton:  660 | ls (cap|max|inv|bt):  0| 0| 0| 0| runtime:  440.0 ms | cr: 1759.9
    348. dt:  0.25 ms | #newton:  1 | ph:  0.0% | #CG/newton:  688 | ls (cap|max|inv|bt):  0| 0| 0| 0| runtime:  456.8 ms | cr: 1827.1
    349. dt:  0.25 ms | #newton:  1 | ph:  0.0% | #CG/newton:  711 | ls (cap|max|inv|bt):  0| 0| 0| 0| runtime:  464.9 ms | cr: 1859.4
    350. dt:  0.25 ms | #newton:  1 | ph:  0.0% | #CG/newton:  792 | ls (cap|max|inv|bt):  0| 0| 0| 0| runtime:  495.9 ms | cr: 1983.5
    351. dt:  0.25 ms | #newton:  1 | ph:  0.0% | #CG/newton:  725 | ls (cap|max|inv|bt):  0| 0| 0| 0| runtime:  472.9 ms | cr: 1891.6
    352. dt:  0.25 ms | #newton:  1 | ph:  0.0% | #CG/newton:  758 | ls (cap|max|inv|bt):  0| 0| 0| 0| runtime:  477.5 ms | cr: 1909.9
    353. dt:  0.25 ms | #newton:  1 | ph:  0.0% | #CG/newton:  717 | ls (cap|max|inv|bt):  0| 0| 0| 0| runtime:  462.0 ms | cr: 1848.0
    354. dt:  0.25 ms | #newton:  1 | ph:  0.0% | #CG/newton:  805 | ls (cap|max|inv|bt):  0| 0| 0| 0| runtime:  507.3 ms | cr: 2029.3
    355. dt:  0.25 ms | #newton:  1 | ph:  0.0% | #CG/newton:  724 | ls (cap|max|inv|bt):  0| 0| 0| 0| runtime:  466.0 ms | cr: 1864.2
    356. dt:  0.25 ms | #newton:  1 | ph:  0.0% | #CG/newton:  734 | ls (cap|max|inv|bt):  0| 0| 0| 0| runtime:  469.5 ms | cr: 1877.9
    357. dt:  0.25 ms | #newton:  1 | ph:  0.0% | #CG/newton:  429 | ls (cap|max|inv|bt):  0| 0| 0| 0| runtime:  335.8 ms | cr: 1343.2
    358. dt:  0.25 ms | #newton:  1 | ph:  0.0% | #CG/newton:  726 | ls (cap|max|inv|bt):  0| 0| 0| 0| runtime:  467.7 ms | cr: 1870.8
    359. dt:  0.25 ms | #newton:  1 | ph:  0.0% | #CG/newton:  791 | ls (cap|max|inv|bt):  0| 0| 0| 0| runtime:  490.2 ms | cr: 1961.0
    360. dt:  0.25 ms | #newton:  1 | ph:  0.0% | #CG/newton:  722 | ls (cap|max|inv|bt):  0| 0| 0| 0| runtime:  461.9 ms | cr: 1847.8
    361. dt:  0.25 ms | #newton:  1 | ph:  0.0% | #CG/newton:  723 | ls (cap|max|inv|bt):  0| 0| 0| 0| runtime:  463.8 ms | cr: 1855.4
    362. dt:  0.25 ms | #newton:  1 | ph:  0.0% | #CG/newton:  791 | ls (cap|max|inv|bt):  0| 0| 0| 0| runtime:  495.6 ms | cr: 1982.3
    363. dt:  0.25 ms | #newton:  1 | ph:  0.0% | #CG/newton:  730 | ls (cap|max|inv|bt):  0| 0| 0| 0| runtime:  476.3 ms | cr: 1905.1
    364. dt:  0.25 ms | #newton:  1 | ph:  0.0% | #CG/newton:  801 | ls (cap|max|inv|bt):  0| 0| 0| 0| runtime:  502.5 ms | cr: 2010.1
    365. dt:  0.25 ms | #newton:  1 | ph:  0.0% | #CG/newton:  727 | ls (cap|max|inv|bt):  0| 0| 0| 0| runtime:  463.5 ms | cr: 1854.0
    366. dt:  0.25 ms | #newton:  1 | ph:  0.0% | #CG/newton:  427 | ls (cap|max|inv|bt):  0| 0| 0| 0| runtime:  340.8 ms | cr: 1363.1
    367. dt:  0.25 ms | #newton:  1 | ph:  0.0% | #CG/newton:  431 | ls (cap|max|inv|bt):  0| 0| 0| 0| runtime:  340.2 ms | cr: 1360.8
    368. dt:  0.25 ms | #newton:  1 | ph:  0.0% | #CG/newton:  474 | ls (cap|max|inv|bt):  0| 0| 0| 0| runtime:  358.7 ms | cr: 1434.9
    369. dt:  0.25 ms | #newton:  1 | ph:  0.0% | #CG/newton:  413 | ls (cap|max|inv|bt):  0| 0| 0| 0| runtime:  334.4 ms | cr: 1337.6
    370. dt:  0.25 ms | #newton:  1 | ph:  0.0% | #CG/newton:  323 | ls (cap|max|inv|bt):  0| 0| 0| 0| runtime:  298.5 ms | cr: 1194.1
    371. dt:  0.25 ms | #newton:  1 | ph:  0.0% | #CG/newton:  421 | ls (cap|max|inv|bt):  0| 0| 0| 0| runtime:  334.6 ms | cr: 1338.4
    372. dt:  0.25 ms | #newton:  1 | ph:  0.0% | #CG/newton:  429 | ls (cap|max|inv|bt):  0| 0| 0| 0| runtime:  342.3 ms | cr: 1369.4
    373. dt:  0.25 ms | #newton:  1 | ph:  0.0% | #CG/newton:  389 | ls (cap|max|inv|bt):  0| 0| 0| 0| runtime:  316.4 ms | cr: 1265.8
    374. dt:  0.25 ms | #newton:  1 | ph:  0.0% | #CG/newton:  437 | ls (cap|max|inv|bt):  0| 0| 0| 0| runtime:  341.1 ms | cr: 1364.5
    375. dt:  0.25 ms | #newton:  1 | ph:  0.0% | #CG/newton:  424 | ls (cap|max|inv|bt):  0| 0| 0| 0| runtime:  349.7 ms | cr: 1398.8
    376. dt:  0.25 ms | #newton:  1 | ph:  0.0% | #CG/newton:  462 | ls (cap|max|inv|bt):  0| 0| 0| 0| runtime:  345.9 ms | cr: 1383.8
    377. dt:  0.25 ms | #newton:  1 | ph:  0.0% | #CG/newton:  427 | ls (cap|max|inv|bt):  0| 0| 0| 0| runtime:  337.0 ms | cr: 1348.1
    378. dt:  0.25 ms | #newton:  1 | ph:  0.0% | #CG/newton:  721 | ls (cap|max|inv|bt):  0| 0| 0| 0| runtime:  477.7 ms | cr: 1910.7
    379. dt:  0.25 ms | #newton:  1 | ph:  0.0% | #CG/newton:  818 | ls (cap|max|inv|bt):  0| 0| 0| 0| runtime:  579.4 ms | cr: 2317.8
    380. dt:  0.25 ms | #newton:  1 | ph:  0.0% | #CG/newton:  756 | ls (cap|max|inv|bt):  0| 0| 0| 0| runtime:  474.4 ms | cr: 1897.8
    381. dt:  0.25 ms | #newton:  1 | ph:  0.0% | #CG/newton:  790 | ls (cap|max|inv|bt):  0| 0| 0| 0| runtime:  500.9 ms | cr: 2003.5
    382. dt:  0.25 ms | #newton:  1 | ph:  0.0% | #CG/newton:  734 | ls (cap|max|inv|bt):  0| 0| 0| 0| runtime:  475.6 ms | cr: 1902.5
    383. dt:  0.25 ms | #newton:  1 | ph:  0.0% | #CG/newton:  731 | ls (cap|max|inv|bt):  0| 0| 0| 0| runtime:  472.2 ms | cr: 1889.0
    384. dt:  0.25 ms | #newton:  1 | ph:  0.0% | #CG/newton:  740 | ls (cap|max|inv|bt):  0| 0| 0| 0| runtime:  476.5 ms | cr: 1905.9
    385. dt:  0.25 ms | #newton:  1 | ph:  0.0% | #CG/newton:  691 | ls (cap|max|inv|bt):  0| 0| 0| 0| runtime:  455.8 ms | cr: 1823.4
    386. dt:  0.25 ms | #newton:  1 | ph:  0.0% | #CG/newton:  719 | ls (cap|max|inv|bt):  0| 0| 0| 0| runtime:  465.0 ms | cr: 1859.8
    387. dt:  0.25 ms | #newton:  1 | ph:  0.0% | #CG/newton:  746 | ls (cap|max|inv|bt):  0| 0| 0| 0| runtime:  474.6 ms | cr: 1898.3
    388. dt:  0.25 ms | #newton:  1 | ph:  0.0% | #CG/newton:  817 | ls (cap|max|inv|bt):  0| 0| 0| 0| runtime:  506.0 ms | cr: 2023.9
    389. dt:  0.25 ms | #newton:  1 | ph:  0.0% | #CG/newton:  722 | ls (cap|max|inv|bt):  0| 0| 0| 0| runtime:  469.5 ms | cr: 1877.9
    390. dt:  0.25 ms | #newton:  1 | ph:  0.0% | #CG/newton:  741 | ls (cap|max|inv|bt):  0| 0| 0| 0| runtime:  474.8 ms | cr: 1899.1
    391. dt:  0.25 ms | #newton:  1 | ph:  0.0% | #CG/newton: 1049 | ls (cap|max|inv|bt):  0| 0| 0| 0| runtime:  608.3 ms | cr: 2433.1
    392. dt:  0.25 ms | #newton:  1 | ph:  0.0% | #CG/newton: 1088 | ls (cap|max|inv|bt):  0| 0| 0| 0| runtime:  628.1 ms | cr: 2512.6
    393. dt:  0.25 ms | #newton:  1 | ph:  0.0% | #CG/newton: 1065 | ls (cap|max|inv|bt):  0| 0| 0| 0| runtime:  625.9 ms | cr: 2503.5
    394. dt:  0.25 ms | #newton:  1 | ph:  0.0% | #CG/newton: 1081 | ls (cap|max|inv|bt):  0| 0| 0| 0| runtime:  627.8 ms | cr: 2511.1
    395. dt:  0.25 ms | #newton:  1 | ph:  0.0% | #CG/newton: 1063 | ls (cap|max|inv|bt):  0| 0| 0| 0| runtime:  607.7 ms | cr: 2430.8
    396. dt:  0.25 ms | #newton:  1 | ph:  0.0% | #CG/newton: 1080 | ls (cap|max|inv|bt):  0| 0| 0| 0| runtime:  628.5 ms | cr: 2513.9
    397. dt:  0.25 ms | #newton:  1 | ph:  0.0% | #CG/newton: 1070 | ls (cap|max|inv|bt):  0| 0| 0| 0| runtime:  690.4 ms | cr: 2761.7
    398. dt:  0.25 ms | #newton:  1 | ph:  0.0% | #CG/newton: 1103 | ls (cap|max|inv|bt):  0| 0| 0| 0| runtime:  634.1 ms | cr: 2536.5
    399. dt:  0.25 ms | #newton:  1 | ph:  0.0% | #CG/newton:  991 | ls (cap|max|inv|bt):  0| 0| 0| 0| runtime:  586.2 ms | cr: 2344.7
    400. dt:  0.25 ms | #newton:  1 | ph:  0.0% | #CG/newton: 1075 | ls (cap|max|inv|bt):  0| 0| 0| 0| runtime:  617.3 ms | cr: 2469.1
[Frame: 3] Time: 0.100 s
    401. dt:  0.25 ms | #newton:  1 | ph:  0.0% | #CG/newton: 1097 | ls (cap|max|inv|bt):  0| 0| 0| 0| runtime:  627.5 ms | cr: 2509.9
    402. dt:  0.25 ms | #newton:  1 | ph:  0.0% | #CG/newton: 1080 | ls (cap|max|inv|bt):  0| 0| 0| 0| runtime:  626.8 ms | cr: 2507.2
    403. dt:  0.25 ms | #newton:  1 | ph:  0.0% | #CG/newton: 1102 | ls (cap|max|inv|bt):  0| 0| 0| 0| runtime:  633.0 ms | cr: 2532.0
    404. dt:  0.25 ms | #newton:  1 | ph:  0.0% | #CG/newton: 1080 | ls (cap|max|inv|bt):  0| 0| 0| 0| runtime:  632.7 ms | cr: 2530.9
    405. dt:  0.25 ms | #newton:  1 | ph:  0.0% | #CG/newton: 1099 | ls (cap|max|inv|bt):  0| 0| 0| 0| runtime:  631.2 ms | cr: 2524.8
    406. dt:  0.25 ms | #newton:  1 | ph:  0.0% | #CG/newton: 1062 | ls (cap|max|inv|bt):  0| 0| 0| 0| runtime:  613.5 ms | cr: 2454.1
    407. dt:  0.25 ms | #newton:  1 | ph:  0.0% | #CG/newton: 1125 | ls (cap|max|inv|bt):  0| 0| 0| 0| runtime:  622.3 ms | cr: 2489.3
    408. dt:  0.25 ms | #newton:  1 | ph:  0.0% | #CG/newton:  977 | ls (cap|max|inv|bt):  0| 0| 0| 0| runtime:  543.3 ms | cr: 2173.2
    409. dt:  0.25 ms | #newton:  1 | ph:  0.0% | #CG/newton: 1116 | ls (cap|max|inv|bt):  0| 0| 0| 0| runtime:  620.9 ms | cr: 2483.4
    410. dt:  0.25 ms | #newton:  1 | ph:  0.0% | #CG/newton: 1091 | ls (cap|max|inv|bt):  0| 0| 0| 0| runtime:  609.1 ms | cr: 2436.5
    411. dt:  0.25 ms | #newton:  1 | ph:  0.0% | #CG/newton: 1131 | ls (cap|max|inv|bt):  0| 0| 0| 0| runtime:  595.0 ms | cr: 2379.9
    412. dt:  0.25 ms | #newton:  1 | ph:  0.0% | #CG/newton:  698 | ls (cap|max|inv|bt):  0| 0| 0| 0| runtime:  429.0 ms | cr: 1715.8
    413. dt:  0.25 ms | #newton:  1 | ph:  0.0% | #CG/newton:  750 | ls (cap|max|inv|bt):  0| 0| 0| 0| runtime:  461.4 ms | cr: 1845.4
    414. dt:  0.25 ms | #newton:  1 | ph:  0.0% | #CG/newton:  757 | ls (cap|max|inv|bt):  0| 0| 0| 0| runtime:  451.6 ms | cr: 1806.2
    415. dt:  0.25 ms | #newton:  1 | ph:  0.0% | #CG/newton:  752 | ls (cap|max|inv|bt):  0| 0| 0| 0| runtime:  458.8 ms | cr: 1835.1
    416. dt:  0.25 ms | #newton:  1 | ph:  0.0% | #CG/newton:  862 | ls (cap|max|inv|bt):  0| 0| 0| 0| runtime:  494.1 ms | cr: 1976.6
    417. dt:  0.25 ms | #newton:  1 | ph:  0.0% | #CG/newton:  838 | ls (cap|max|inv|bt):  0| 0| 0| 0| runtime:  491.5 ms | cr: 1966.1
    418. dt:  0.25 ms | #newton:  1 | ph:  0.0% | #CG/newton:  860 | ls (cap|max|inv|bt):  0| 0| 0| 0| runtime:  499.5 ms | cr: 1997.9
    419. dt:  0.25 ms | #newton:  1 | ph:  0.0% | #CG/newton:  873 | ls (cap|max|inv|bt):  0| 0| 0| 0| runtime:  494.6 ms | cr: 1978.5
    420. dt:  0.25 ms | #newton:  1 | ph:  0.0% | #CG/newton:  834 | ls (cap|max|inv|bt):  0| 0| 0| 0| runtime:  483.8 ms | cr: 1935.1
    421. dt:  0.25 ms | #newton:  1 | ph:  0.0% | #CG/newton:  759 | ls (cap|max|inv|bt):  0| 0| 0| 0| runtime:  454.4 ms | cr: 1817.8
    422. dt:  0.25 ms | #newton:  1 | ph:  0.0% | #CG/newton:  765 | ls (cap|max|inv|bt):  0| 0| 0| 0| runtime:  454.4 ms | cr: 1817.6
    423. dt:  0.25 ms | #newton:  1 | ph:  0.0% | #CG/newton:  775 | ls (cap|max|inv|bt):  0| 0| 0| 0| runtime:  482.7 ms | cr: 1930.9
    424. dt:  0.25 ms | #newton:  1 | ph:  0.0% | #CG/newton:  786 | ls (cap|max|inv|bt):  0| 0| 0| 0| runtime:  509.8 ms | cr: 2039.4
    425. dt:  0.25 ms | #newton:  1 | ph:  0.0% | #CG/newton:  757 | ls (cap|max|inv|bt):  0| 0| 0| 0| runtime:  476.3 ms | cr: 1905.1
    426. dt:  0.25 ms | #newton:  1 | ph:  0.0% | #CG/newton:  860 | ls (cap|max|inv|bt):  0| 0| 0| 0| runtime:  526.9 ms | cr: 2107.4
    427. dt:  0.25 ms | #newton:  1 | ph:  0.0% | #CG/newton:  755 | ls (cap|max|inv|bt):  0| 0| 0| 0| runtime:  476.8 ms | cr: 1907.1
    428. dt:  0.25 ms | #newton:  1 | ph:  0.0% | #CG/newton:  792 | ls (cap|max|inv|bt):  0| 0| 0| 0| runtime:  494.8 ms | cr: 1979.1
    429. dt:  0.25 ms | #newton:  1 | ph:  0.0% | #CG/newton:  760 | ls (cap|max|inv|bt):  0| 0| 0| 0| runtime:  474.6 ms | cr: 1898.3
    430. dt:  0.25 ms | #newton:  1 | ph:  0.0% | #CG/newton:  857 | ls (cap|max|inv|bt):  0| 0| 0| 0| runtime:  516.0 ms | cr: 2064.1
    431. dt:  0.25 ms | #newton:  1 | ph:  0.0% | #CG/newton:  761 | ls (cap|max|inv|bt):  0| 0| 0| 0| runtime:  476.7 ms | cr: 1906.6
    432. dt:  0.25 ms | #newton:  1 | ph:  0.0% | #CG/newton:  856 | ls (cap|max|inv|bt):  0| 0| 0| 0| runtime:  517.9 ms | cr: 2071.5
    433. dt:  0.25 ms | #newton:  1 | ph:  0.0% | #CG/newton:  759 | ls (cap|max|inv|bt):  0| 0| 0| 0| runtime:  478.0 ms | cr: 1912.1
    434. dt:  0.25 ms | #newton:  1 | ph:  0.0% | #CG/newton:  764 | ls (cap|max|inv|bt):  0| 0| 0| 0| runtime:  481.8 ms | cr: 1927.1
    435. dt:  0.25 ms | #newton:  1 | ph:  0.0% | #CG/newton:  839 | ls (cap|max|inv|bt):  0| 0| 0| 0| runtime:  514.1 ms | cr: 2056.4
    436. dt:  0.25 ms | #newton:  1 | ph:  0.0% | #CG/newton:  752 | ls (cap|max|inv|bt):  0| 0| 0| 0| runtime:  475.0 ms | cr: 1900.0
    437. dt:  0.25 ms | #newton:  1 | ph:  0.0% | #CG/newton:  859 | ls (cap|max|inv|bt):  0| 0| 0| 0| runtime:  513.4 ms | cr: 2053.8
    438. dt:  0.25 ms | #newton:  1 | ph:  0.0% | #CG/newton:  755 | ls (cap|max|inv|bt):  0| 0| 0| 0| runtime:  459.5 ms | cr: 1838.0
    439. dt:  0.25 ms | #newton:  1 | ph:  0.0% | #CG/newton:  766 | ls (cap|max|inv|bt):  0| 0| 0| 0| runtime:  462.2 ms | cr: 1848.8
    440. dt:  0.25 ms | #newton:  1 | ph:  0.0% | #CG/newton:  852 | ls (cap|max|inv|bt):  0| 0| 0| 0| runtime:  497.3 ms | cr: 1989.2
    441. dt:  0.25 ms | #newton:  1 | ph:  0.0% | #CG/newton:  749 | ls (cap|max|inv|bt):  0| 0| 0| 0| runtime:  456.5 ms | cr: 1826.1
    442. dt:  0.25 ms | #newton:  1 | ph:  0.0% | #CG/newton:  862 | ls (cap|max|inv|bt):  0| 0| 0| 0| runtime:  500.6 ms | cr: 2002.6
    443. dt:  0.25 ms | #newton:  1 | ph:  0.0% | #CG/newton:  759 | ls (cap|max|inv|bt):  0| 0| 0| 0| runtime:  459.0 ms | cr: 1835.9
    444. dt:  0.25 ms | #newton:  1 | ph:  0.0% | #CG/newton:  764 | ls (cap|max|inv|bt):  0| 0| 0| 0| runtime:  470.5 ms | cr: 1882.0
    445. dt:  0.25 ms | #newton:  1 | ph:  0.0% | #CG/newton:  856 | ls (cap|max|inv|bt):  0| 0| 0| 0| runtime:  498.5 ms | cr: 1993.8
    446. dt:  0.25 ms | #newton:  1 | ph:  0.0% | #CG/newton:  736 | ls (cap|max|inv|bt):  0| 0| 0| 0| runtime:  447.6 ms | cr: 1790.6
    447. dt:  0.25 ms | #newton:  1 | ph:  0.0% | #CG/newton:  854 | ls (cap|max|inv|bt):  0| 0| 0| 0| runtime:  490.6 ms | cr: 1962.5
    448. dt:  0.25 ms | #newton:  1 | ph:  0.0% | #CG/newton:  751 | ls (cap|max|inv|bt):  0| 0| 0| 0| runtime:  451.4 ms | cr: 1805.6
    449. dt:  0.25 ms | #newton:  1 | ph:  0.0% | #CG/newton:  759 | ls (cap|max|inv|bt):  0| 0| 0| 0| runtime:  457.0 ms | cr: 1828.0
    450. dt:  0.25 ms | #newton:  1 | ph:  0.0% | #CG/newton:  834 | ls (cap|max|inv|bt):  0| 0| 0| 0| runtime:  488.4 ms | cr: 1953.7
    451. dt:  0.25 ms | #newton:  1 | ph:  0.0% | #CG/newton:  753 | ls (cap|max|inv|bt):  0| 0| 0| 0| runtime:  776.8 ms | cr: 3107.1
    452. dt:  0.25 ms | #newton:  1 | ph:  0.0% | #CG/newton:  757 | ls (cap|max|inv|bt):  0| 0| 0| 0| runtime:  656.1 ms | cr: 2624.2
    453. dt:  0.25 ms | #newton:  1 | ph:  0.0% | #CG/newton:  764 | ls (cap|max|inv|bt):  0| 0| 0| 0| runtime:  622.2 ms | cr: 2488.9
    454. dt:  0.25 ms | #newton:  1 | ph:  0.0% | #CG/newton:  757 | ls (cap|max|inv|bt):  0| 0| 0| 0| runtime:  605.8 ms | cr: 2423.1
    455. dt:  0.25 ms | #newton:  1 | ph:  0.0% | #CG/newton:  771 | ls (cap|max|inv|bt):  0| 0| 0| 0| runtime: 1042.6 ms | cr: 4170.2
    456. dt:  0.25 ms | #newton:  1 | ph:  0.0% | #CG/newton:  758 | ls (cap|max|inv|bt):  0| 0| 0| 0| runtime:  713.5 ms | cr: 2854.1
    457. dt:  0.25 ms | #newton:  1 | ph:  0.0% | #CG/newton:  814 | ls (cap|max|inv|bt):  0| 0| 0| 0| runtime:  822.8 ms | cr: 3291.3
    458. dt:  0.25 ms | #newton:  1 | ph:  0.0% | #CG/newton:  777 | ls (cap|max|inv|bt):  0| 0| 0| 0| runtime:  893.0 ms | cr: 3571.9
    459. dt:  0.25 ms | #newton:  1 | ph:  0.0% | #CG/newton:  842 | ls (cap|max|inv|bt):  0| 0| 0| 0| runtime:  578.1 ms | cr: 2312.4
    460. dt:  0.25 ms | #newton:  1 | ph:  0.0% | #CG/newton:  757 | ls (cap|max|inv|bt):  0| 0| 0| 0| runtime:  546.5 ms | cr: 2186.0
    461. dt:  0.25 ms | #newton:  1 | ph:  0.0% | #CG/newton:  840 | ls (cap|max|inv|bt):  0| 0| 0| 0| runtime:  574.4 ms | cr: 2297.6
    462. dt:  0.25 ms | #newton:  1 | ph:  0.0% | #CG/newton:  761 | ls (cap|max|inv|bt):  0| 0| 0| 0| runtime:  579.5 ms | cr: 2318.0
    463. dt:  0.25 ms | #newton:  1 | ph:  0.0% | #CG/newton:  777 | ls (cap|max|inv|bt):  0| 0| 0| 0| runtime:  545.2 ms | cr: 2180.6
    464. dt:  0.25 ms | #newton:  1 | ph:  0.0% | #CG/newton:  834 | ls (cap|max|inv|bt):  0| 0| 0| 0| runtime:  539.1 ms | cr: 2156.6
    465. dt:  0.25 ms | #newton:  1 | ph:  0.0% | #CG/newton:  753 | ls (cap|max|inv|bt):  0| 0| 0| 0| runtime:  542.6 ms | cr: 2170.3
    466. dt:  0.25 ms | #newton:  1 | ph:  0.0% | #CG/newton:  859 | ls (cap|max|inv|bt):  0| 0| 0| 0| runtime:  565.0 ms | cr: 2260.0
    467. dt:  0.25 ms | #newton:  1 | ph:  0.0% | #CG/newton:  756 | ls (cap|max|inv|bt):  0| 0| 0| 0| runtime:  509.1 ms | cr: 2036.3
    468. dt:  0.25 ms | #newton:  1 | ph:  0.0% | #CG/newton:  763 | ls (cap|max|inv|bt):  0| 0| 0| 0| runtime:  540.0 ms | cr: 2159.9
    469. dt:  0.25 ms | #newton:  1 | ph:  0.0% | #CG/newton:  845 | ls (cap|max|inv|bt):  0| 0| 0| 0| runtime:  516.6 ms | cr: 2066.4
    470. dt:  0.25 ms | #newton:  1 | ph:  0.0% | #CG/newton:  767 | ls (cap|max|inv|bt):  0| 0| 0| 0| runtime:  489.6 ms | cr: 1958.6
    471. dt:  0.25 ms | #newton:  1 | ph:  0.0% | #CG/newton:  846 | ls (cap|max|inv|bt):  0| 0| 0| 0| runtime:  521.9 ms | cr: 2087.8
    472. dt:  0.25 ms | #newton:  1 | ph:  0.0% | #CG/newton:  764 | ls (cap|max|inv|bt):  0| 0| 0| 0| runtime:  482.1 ms | cr: 1928.3
    473. dt:  0.25 ms | #newton:  1 | ph:  0.0% | #CG/newton:  794 | ls (cap|max|inv|bt):  0| 0| 0| 0| runtime:  494.6 ms | cr: 1978.5
    474. dt:  0.25 ms | #newton:  1 | ph:  0.0% | #CG/newton:  759 | ls (cap|max|inv|bt):  0| 0| 0| 0| runtime:  479.9 ms | cr: 1919.5
    475. dt:  0.25 ms | #newton:  1 | ph:  0.0% | #CG/newton:  764 | ls (cap|max|inv|bt):  0| 0| 0| 0| runtime:  481.2 ms | cr: 1925.0
    476. dt:  0.25 ms | #newton:  1 | ph:  0.0% | #CG/newton:  838 | ls (cap|max|inv|bt):  0| 0| 0| 0| runtime:  520.6 ms | cr: 2082.5
    477. dt:  0.25 ms | #newton:  1 | ph:  0.0% | #CG/newton:  774 | ls (cap|max|inv|bt):  0| 0| 0| 0| runtime:  479.4 ms | cr: 1917.5
    478. dt:  0.25 ms | #newton:  1 | ph:  0.0% | #CG/newton:  835 | ls (cap|max|inv|bt):  0| 0| 0| 0| runtime:  515.3 ms | cr: 2061.3
    479. dt:  0.25 ms | #newton:  1 | ph:  0.0% | #CG/newton:  759 | ls (cap|max|inv|bt):  0| 0| 0| 0| runtime:  473.1 ms | cr: 1892.4
    480. dt:  0.25 ms | #newton:  1 | ph:  0.0% | #CG/newton:  852 | ls (cap|max|inv|bt):  0| 0| 0| 0| runtime:  594.8 ms | cr: 2379.4
    481. dt:  0.25 ms | #newton:  1 | ph:  0.0% | #CG/newton:  749 | ls (cap|max|inv|bt):  0| 0| 0| 0| runtime:  539.3 ms | cr: 2157.2
    482. dt:  0.25 ms | #newton:  1 | ph:  0.0% | #CG/newton:  763 | ls (cap|max|inv|bt):  0| 0| 0| 0| runtime:  550.6 ms | cr: 2202.3
    483. dt:  0.25 ms | #newton:  1 | ph:  0.0% | #CG/newton:  749 | ls (cap|max|inv|bt):  0| 0| 0| 0| runtime:  524.1 ms | cr: 2096.5
    484. dt:  0.25 ms | #newton:  1 | ph:  0.0% | #CG/newton:  860 | ls (cap|max|inv|bt):  0| 0| 0| 0| runtime:  532.2 ms | cr: 2128.9
    485. dt:  0.25 ms | #newton:  1 | ph:  0.0% | #CG/newton:  752 | ls (cap|max|inv|bt):  0| 0| 0| 0| runtime:  476.4 ms | cr: 1905.6
    486. dt:  0.25 ms | #newton:  1 | ph:  0.0% | #CG/newton:  761 | ls (cap|max|inv|bt):  0| 0| 0| 0| runtime:  480.0 ms | cr: 1920.0
    487. dt:  0.25 ms | #newton:  1 | ph:  0.0% | #CG/newton:  750 | ls (cap|max|inv|bt):  0| 0| 0| 0| runtime:  490.6 ms | cr: 1962.6
    488. dt:  0.25 ms | #newton:  1 | ph:  0.0% | #CG/newton:  765 | ls (cap|max|inv|bt):  0| 0| 0| 0| runtime:  502.2 ms | cr: 2008.6
    489. dt:  0.25 ms | #newton:  1 | ph:  0.0% | #CG/newton:  840 | ls (cap|max|inv|bt):  0| 0| 0| 0| runtime:  517.2 ms | cr: 2068.6
    490. dt:  0.25 ms | #newton:  1 | ph:  0.0% | #CG/newton:  765 | ls (cap|max|inv|bt):  0| 0| 0| 0| runtime:  489.5 ms | cr: 1958.1
    491. dt:  0.25 ms | #newton:  1 | ph:  0.0% | #CG/newton:  842 | ls (cap|max|inv|bt):  0| 0| 0| 0| runtime:  523.4 ms | cr: 2093.7
    492. dt:  0.25 ms | #newton:  1 | ph:  0.0% | #CG/newton:  749 | ls (cap|max|inv|bt):  0| 0| 0| 0| runtime:  471.6 ms | cr: 1886.6
    493. dt:  0.25 ms | #newton:  1 | ph:  0.0% | #CG/newton:  765 | ls (cap|max|inv|bt):  0| 0| 0| 0| runtime:  483.8 ms | cr: 1935.1
    494. dt:  0.25 ms | #newton:  1 | ph:  0.0% | #CG/newton:  818 | ls (cap|max|inv|bt):  0| 0| 0| 0| runtime:  505.4 ms | cr: 2021.7
    495. dt:  0.25 ms | #newton:  1 | ph:  0.0% | #CG/newton:  773 | ls (cap|max|inv|bt):  0| 0| 0| 0| runtime:  485.7 ms | cr: 1942.8
    496. dt:  0.25 ms | #newton:  1 | ph:  0.0% | #CG/newton:  841 | ls (cap|max|inv|bt):  0| 0| 0| 0| runtime:  510.9 ms | cr: 2043.6
    497. dt:  0.25 ms | #newton:  1 | ph:  0.0% | #CG/newton:  760 | ls (cap|max|inv|bt):  0| 0| 0| 0| runtime:  481.6 ms | cr: 1926.4
    498. dt:  0.25 ms | #newton:  1 | ph:  0.0% | #CG/newton:  764 | ls (cap|max|inv|bt):  0| 0| 0| 0| runtime:  482.3 ms | cr: 1929.3
    499. dt:  0.25 ms | #newton:  1 | ph:  0.0% | #CG/newton:  849 | ls (cap|max|inv|bt):  0| 0| 0| 0| runtime:  520.3 ms | cr: 2081.4
    500. dt:  0.25 ms | #newton:  1 | ph:  0.0% | #CG/newton:  747 | ls (cap|max|inv|bt):  0| 0| 0| 0| runtime:  473.8 ms | cr: 1895.1
    501. dt:  0.25 ms | #newton:  1 | ph:  0.0% | #CG/newton:  807 | ls (cap|max|inv|bt):  0| 0| 0| 0| runtime:  498.9 ms | cr: 1995.5
    502. dt:  0.25 ms | #newton:  1 | ph:  0.0% | #CG/newton:  702 | ls (cap|max|inv|bt):  0| 0| 0| 0| runtime:  450.6 ms | cr: 1802.4
    503. dt:  0.25 ms | #newton:  1 | ph:  0.0% | #CG/newton:  704 | ls (cap|max|inv|bt):  0| 0| 0| 0| runtime:  457.3 ms | cr: 1829.3
    504. dt:  0.25 ms | #newton:  1 | ph:  0.0% | #CG/newton:  832 | ls (cap|max|inv|bt):  0| 0| 0| 0| runtime:  521.8 ms | cr: 2087.1
    505. dt:  0.25 ms | #newton:  1 | ph:  0.0% | #CG/newton:  763 | ls (cap|max|inv|bt):  0| 0| 0| 0| runtime:  486.4 ms | cr: 1945.7
    506. dt:  0.25 ms | #newton:  1 | ph:  0.0% | #CG/newton:  839 | ls (cap|max|inv|bt):  0| 0| 0| 0| runtime:  524.3 ms | cr: 2097.1
    507. dt:  0.25 ms | #newton:  1 | ph:  0.0% | #CG/newton:  763 | ls (cap|max|inv|bt):  0| 0| 0| 0| runtime:  493.3 ms | cr: 1973.1
    508. dt:  0.25 ms | #newton:  1 | ph:  0.0% | #CG/newton:  836 | ls (cap|max|inv|bt):  0| 0| 0| 0| runtime:  512.8 ms | cr: 2051.1
    509. dt:  0.25 ms | #newton:  1 | ph:  0.0% | #CG/newton:  888 | ls (cap|max|inv|bt):  0| 0| 0| 0| runtime:  531.1 ms | cr: 2124.5
    510. dt:  0.25 ms | #newton:  1 | ph:  0.0% | #CG/newton: 2040 | ls (cap|max|inv|bt):  0| 0| 0| 0| runtime: 1035.5 ms | cr: 4142.2
    511. dt:  0.25 ms | #newton:  1 | ph:  0.0% | #CG/newton: 1121 | ls (cap|max|inv|bt):  0| 0| 0| 0| runtime:  647.8 ms | cr: 2591.0
    512. dt:  0.25 ms | #newton:  1 | ph:  0.0% | #CG/newton: 1010 | ls (cap|max|inv|bt):  0| 0| 0| 0| runtime:  588.7 ms | cr: 2354.7
    513. dt:  0.25 ms | #newton:  1 | ph:  0.0% | #CG/newton: 1089 | ls (cap|max|inv|bt):  0| 0| 0| 0| runtime:  622.5 ms | cr: 2490.2
    514. dt:  0.25 ms | #newton:  1 | ph:  0.0% | #CG/newton: 1119 | ls (cap|max|inv|bt):  0| 0| 0| 0| runtime:  629.7 ms | cr: 2518.6
    515. dt:  0.25 ms | #newton:  1 | ph:  0.0% | #CG/newton: 1089 | ls (cap|max|inv|bt):  0| 0| 0| 0| runtime:  619.2 ms | cr: 2476.8
    516. dt:  0.25 ms | #newton:  1 | ph:  0.0% | #CG/newton: 1131 | ls (cap|max|inv|bt):  0| 0| 0| 0| runtime:  638.6 ms | cr: 2554.4
    517. dt:  0.25 ms | #newton:  1 | ph:  0.0% | #CG/newton:  766 | ls (cap|max|inv|bt):  0| 0| 0| 0| runtime:  479.9 ms | cr: 1919.6
    518. dt:  0.25 ms | #newton:  1 | ph:  0.0% | #CG/newton:  852 | ls (cap|max|inv|bt):  0| 0| 0| 0| runtime:  516.4 ms | cr: 2065.7
    519. dt:  0.25 ms | #newton:  1 | ph:  0.0% | #CG/newton:  759 | ls (cap|max|inv|bt):  0| 0| 0| 0| runtime:  477.2 ms | cr: 1908.8
    520. dt:  0.25 ms | #newton:  1 | ph:  0.0% | #CG/newton:  847 | ls (cap|max|inv|bt):  0| 0| 0| 0| runtime:  515.4 ms | cr: 2061.6
    521. dt:  0.25 ms | #newton:  1 | ph:  0.0% | #CG/newton:  773 | ls (cap|max|inv|bt):  0| 0| 0| 0| runtime:  486.6 ms | cr: 1946.4
    522. dt:  0.25 ms | #newton:  1 | ph:  0.0% | #CG/newton:  867 | ls (cap|max|inv|bt):  0| 0| 0| 0| runtime:  524.8 ms | cr: 2099.1
    523. dt:  0.25 ms | #newton:  1 | ph:  0.0% | #CG/newton: 1135 | ls (cap|max|inv|bt):  0| 0| 0| 0| runtime:  645.8 ms | cr: 2583.0
    524. dt:  0.25 ms | #newton:  1 | ph:  0.0% | #CG/newton:  770 | ls (cap|max|inv|bt):  0| 0| 0| 0| runtime:  484.0 ms | cr: 1936.1
    525. dt:  0.25 ms | #newton:  1 | ph:  0.0% | #CG/newton: 1116 | ls (cap|max|inv|bt):  0| 0| 0| 0| runtime:  632.6 ms | cr: 2530.4
    526. dt:  0.25 ms | #newton:  1 | ph:  0.0% | #CG/newton: 1119 | ls (cap|max|inv|bt):  0| 0| 0| 0| runtime:  654.7 ms | cr: 2618.9
    527. dt:  0.25 ms | #newton:  1 | ph:  0.0% | #CG/newton: 1083 | ls (cap|max|inv|bt):  0| 0| 0| 0| runtime:  618.2 ms | cr: 2472.7
    528. dt:  0.25 ms | #newton:  1 | ph:  0.0% | #CG/newton:  763 | ls (cap|max|inv|bt):  0| 0| 0| 0| runtime:  483.4 ms | cr: 1933.5
    529. dt:  0.25 ms | #newton:  1 | ph:  0.0% | #CG/newton: 1130 | ls (cap|max|inv|bt):  0| 0| 0| 0| runtime:  637.6 ms | cr: 2550.4
    530. dt:  0.25 ms | #newton:  1 | ph:  0.0% | #CG/newton: 1138 | ls (cap|max|inv|bt):  0| 0| 0| 0| runtime:  638.4 ms | cr: 2553.6
    531. dt:  0.25 ms | #newton:  1 | ph:  0.0% | #CG/newton: 1136 | ls (cap|max|inv|bt):  0| 0| 0| 0| runtime:  636.3 ms | cr: 2545.0
    532. dt:  0.25 ms | #newton:  1 | ph:  0.0% | #CG/newton: 1133 | ls (cap|max|inv|bt):  0| 0| 0| 0| runtime:  643.2 ms | cr: 2573.0
    533. dt:  0.25 ms | #newton:  1 | ph:  0.0% | #CG/newton: 1132 | ls (cap|max|inv|bt):  0| 0| 0| 0| runtime:  636.7 ms | cr: 2547.0
[Frame: 4] Time: 0.134 s
    534. dt:  0.25 ms | #newton:  1 | ph:  0.0% | #CG/newton: 1137 | ls (cap|max|inv|bt):  0| 0| 0| 0| runtime:  642.0 ms | cr: 2567.9
    535. dt:  0.25 ms | #newton:  1 | ph:  0.0% | #CG/newton: 1137 | ls (cap|max|inv|bt):  0| 0| 0| 0| runtime:  645.2 ms | cr: 2580.7
    536. dt:  0.25 ms | #newton:  1 | ph:  0.0% | #CG/newton: 1137 | ls (cap|max|inv|bt):  0| 0| 0| 0| runtime:  643.8 ms | cr: 2575.2
    537. dt:  0.25 ms | #newton:  1 | ph:  0.0% | #CG/newton:  762 | ls (cap|max|inv|bt):  0| 0| 0| 0| runtime:  479.8 ms | cr: 1919.3
    538. dt:  0.25 ms | #newton:  1 | ph:  0.0% | #CG/newton:  866 | ls (cap|max|inv|bt):  0| 0| 0| 0| runtime:  530.0 ms | cr: 2120.2
    539. dt:  0.25 ms | #newton:  1 | ph:  0.0% | #CG/newton:  843 | ls (cap|max|inv|bt):  0| 0| 0| 0| runtime:  526.3 ms | cr: 2105.2
    540. dt:  0.25 ms | #newton:  1 | ph:  0.0% | #CG/newton:  846 | ls (cap|max|inv|bt):  0| 0| 0| 0| runtime:  520.5 ms | cr: 2081.9
    541. dt:  0.25 ms | #newton:  1 | ph:  0.0% | #CG/newton:  760 | ls (cap|max|inv|bt):  0| 0| 0| 0| runtime:  482.3 ms | cr: 1929.4
    542. dt:  0.25 ms | #newton:  1 | ph:  0.0% | #CG/newton:  835 | ls (cap|max|inv|bt):  0| 0| 0| 0| runtime:  511.9 ms | cr: 2047.8
    543. dt:  0.25 ms | #newton:  1 | ph:  0.0% | #CG/newton:  853 | ls (cap|max|inv|bt):  0| 0| 0| 0| runtime:  522.0 ms | cr: 2088.1
    544. dt:  0.25 ms | #newton:  1 | ph:  0.0% | #CG/newton:  841 | ls (cap|max|inv|bt):  0| 0| 0| 0| runtime:  513.6 ms | cr: 2054.4
    545. dt:  0.25 ms | #newton:  1 | ph:  0.0% | #CG/newton:  849 | ls (cap|max|inv|bt):  0| 0| 0| 0| runtime:  515.9 ms | cr: 2063.7
    546. dt:  0.25 ms | #newton:  1 | ph:  0.0% | #CG/newton:  849 | ls (cap|max|inv|bt):  0| 0| 0| 0| runtime:  522.8 ms | cr: 2091.0
    547. dt:  0.25 ms | #newton:  1 | ph:  0.0% | #CG/newton:  851 | ls (cap|max|inv|bt):  0| 0| 0| 0| runtime:  523.1 ms | cr: 2092.3
    548. dt:  0.25 ms | #newton:  1 | ph:  0.0% | #CG/newton:  855 | ls (cap|max|inv|bt):  0| 0| 0| 0| runtime:  548.9 ms | cr: 2195.8
    549. dt:  0.25 ms | #newton:  1 | ph:  0.0% | #CG/newton:  858 | ls (cap|max|inv|bt):  0| 0| 0| 0| runtime:  523.6 ms | cr: 2094.6
    550. dt:  0.25 ms | #newton:  1 | ph:  0.0% | #CG/newton:  850 | ls (cap|max|inv|bt):  0| 0| 0| 0| runtime:  526.0 ms | cr: 2104.0
    551. dt:  0.25 ms | #newton:  1 | ph:  0.0% | #CG/newton:  860 | ls (cap|max|inv|bt):  0| 0| 0| 0| runtime:  524.1 ms | cr: 2096.2
    552. dt:  0.25 ms | #newton:  1 | ph:  0.0% | #CG/newton:  857 | ls (cap|max|inv|bt):  0| 0| 0| 0| runtime:  521.2 ms | cr: 2084.9
    553. dt:  0.25 ms | #newton:  1 | ph:  0.0% | #CG/newton:  860 | ls (cap|max|inv|bt):  0| 0| 0| 0| runtime:  524.1 ms | cr: 2096.4
    554. dt:  0.25 ms | #newton:  1 | ph:  0.0% | #CG/newton:  774 | ls (cap|max|inv|bt):  0| 0| 0| 0| runtime:  493.2 ms | cr: 1972.9
    555. dt:  0.25 ms | #newton:  1 | ph:  0.0% | #CG/newton:  861 | ls (cap|max|inv|bt):  0| 0| 0| 0| runtime:  532.5 ms | cr: 2130.2
    556. dt:  0.25 ms | #newton:  1 | ph:  0.0% | #CG/newton:  858 | ls (cap|max|inv|bt):  0| 0| 0| 0| runtime:  528.0 ms | cr: 2111.9
    557. dt:  0.25 ms | #newton:  1 | ph:  0.0% | #CG/newton:  747 | ls (cap|max|inv|bt):  0| 0| 0| 0| runtime:  482.0 ms | cr: 1928.0
    558. dt:  0.25 ms | #newton:  1 | ph:  0.0% | #CG/newton:  858 | ls (cap|max|inv|bt):  0| 0| 0| 0| runtime:  523.3 ms | cr: 2093.3
    559. dt:  0.25 ms | #newton:  1 | ph:  0.0% | #CG/newton:  860 | ls (cap|max|inv|bt):  0| 0| 0| 0| runtime:  532.7 ms | cr: 2130.7
    560. dt:  0.25 ms | #newton:  1 | ph:  0.0% | #CG/newton:  874 | ls (cap|max|inv|bt):  0| 0| 0| 0| runtime:  530.0 ms | cr: 2120.0
    561. dt:  0.25 ms | #newton:  1 | ph:  0.0% | #CG/newton:  862 | ls (cap|max|inv|bt):  0| 0| 0| 0| runtime:  525.2 ms | cr: 2100.8
    562. dt:  0.25 ms | #newton:  1 | ph:  0.0% | #CG/newton:  879 | ls (cap|max|inv|bt):  0| 0| 0| 0| runtime:  529.6 ms | cr: 2118.3
    563. dt:  0.25 ms | #newton:  1 | ph:  0.0% | #CG/newton:  867 | ls (cap|max|inv|bt):  0| 0| 0| 0| runtime:  523.4 ms | cr: 2093.6
    564. dt:  0.25 ms | #newton:  1 | ph:  0.0% | #CG/newton: 1132 | ls (cap|max|inv|bt):  0| 0| 0| 0| runtime:  634.7 ms | cr: 2538.6
    565. dt:  0.25 ms | #newton:  1 | ph:  0.0% | #CG/newton: 1134 | ls (cap|max|inv|bt):  0| 0| 0| 0| runtime:  654.7 ms | cr: 2618.9
    566. dt:  0.25 ms | #newton:  1 | ph:  0.0% | #CG/newton: 1119 | ls (cap|max|inv|bt):  0| 0| 0| 0| runtime:  644.8 ms | cr: 2579.0
    567. dt:  0.25 ms | #newton:  1 | ph:  0.0% | #CG/newton: 1133 | ls (cap|max|inv|bt):  0| 0| 0| 0| runtime:  658.8 ms | cr: 2635.2
    568. dt:  0.25 ms | #newton:  1 | ph:  0.0% | #CG/newton: 1126 | ls (cap|max|inv|bt):  0| 0| 0| 0| runtime:  637.4 ms | cr: 2549.7
    569. dt:  0.25 ms | #newton:  1 | ph:  0.0% | #CG/newton: 1111 | ls (cap|max|inv|bt):  0| 0| 0| 0| runtime:  630.0 ms | cr: 2520.2
    570. dt:  0.25 ms | #newton:  1 | ph:  0.0% | #CG/newton: 1113 | ls (cap|max|inv|bt):  0| 0| 0| 0| runtime:  641.4 ms | cr: 2565.6
    571. dt:  0.25 ms | #newton:  1 | ph:  0.0% | #CG/newton: 1131 | ls (cap|max|inv|bt):  0| 0| 0| 0| runtime:  642.8 ms | cr: 2571.2
    572. dt:  0.25 ms | #newton:  1 | ph:  0.0% | #CG/newton: 1134 | ls (cap|max|inv|bt):  0| 0| 0| 0| runtime:  637.6 ms | cr: 2550.4
    573. dt:  0.25 ms | #newton:  1 | ph:  0.0% | #CG/newton: 1319 | ls (cap|max|inv|bt):  0| 0| 0| 0| runtime:  755.9 ms | cr: 3023.4
    574. dt:  0.25 ms | #newton:  1 | ph:  0.0% | #CG/newton: 1350 | ls (cap|max|inv|bt):  0| 0| 0| 0| runtime:  733.7 ms | cr: 2934.7
    575. dt:  0.25 ms | #newton:  1 | ph:  0.0% | #CG/newton: 1326 | ls (cap|max|inv|bt):  0| 0| 0| 0| runtime:  725.3 ms | cr: 2901.1
    576. dt:  0.25 ms | #newton:  1 | ph:  0.0% | #CG/newton: 1356 | ls (cap|max|inv|bt):  0| 0| 0| 0| runtime:  731.3 ms | cr: 2925.1
    577. dt:  0.25 ms | #newton:  1 | ph:  0.0% | #CG/newton: 1360 | ls (cap|max|inv|bt):  0| 0| 0| 0| runtime:  733.6 ms | cr: 2934.5
    578. dt:  0.25 ms | #newton:  1 | ph:  0.0% | #CG/newton: 1367 | ls (cap|max|inv|bt):  0| 0| 0| 0| runtime:  742.0 ms | cr: 2967.8
    579. dt:  0.25 ms | #newton:  1 | ph:  0.0% | #CG/newton: 1343 | ls (cap|max|inv|bt):  0| 0| 0| 0| runtime:  731.5 ms | cr: 2925.9
    580. dt:  0.25 ms | #newton:  1 | ph:  0.0% | #CG/newton: 1333 | ls (cap|max|inv|bt):  0| 0| 0| 0| runtime:  717.9 ms | cr: 2871.6
    581. dt:  0.25 ms | #newton:  1 | ph:  0.0% | #CG/newton: 1318 | ls (cap|max|inv|bt):  0| 0| 0| 0| runtime:  714.8 ms | cr: 2859.4
    582. dt:  0.25 ms | #newton:  1 | ph:  0.0% | #CG/newton: 1331 | ls (cap|max|inv|bt):  0| 0| 0| 0| runtime:  718.7 ms | cr: 2874.8
    583. dt:  0.25 ms | #newton:  1 | ph:  0.0% | #CG/newton: 1365 | ls (cap|max|inv|bt):  0| 0| 0| 0| runtime:  739.0 ms | cr: 2955.9
    584. dt:  0.25 ms | #newton:  1 | ph:  0.0% | #CG/newton: 1368 | ls (cap|max|inv|bt):  0| 0| 0| 0| runtime:  745.5 ms | cr: 2982.1
    585. dt:  0.25 ms | #newton:  1 | ph:  0.0% | #CG/newton: 1334 | ls (cap|max|inv|bt):  0| 0| 0| 0| runtime:  718.7 ms | cr: 2874.7
    586. dt:  0.25 ms | #newton:  1 | ph:  0.0% | #CG/newton: 1372 | ls (cap|max|inv|bt):  0| 0| 0| 0| runtime:  738.0 ms | cr: 2951.8
    587. dt:  0.25 ms | #newton:  1 | ph:  0.0% | #CG/newton: 1337 | ls (cap|max|inv|bt):  0| 0| 0| 0| runtime:  724.1 ms | cr: 2896.6
    588. dt:  0.25 ms | #newton:  1 | ph:  0.0% | #CG/newton: 1371 | ls (cap|max|inv|bt):  0| 0| 0| 0| runtime:  739.4 ms | cr: 2957.6
    589. dt:  0.25 ms | #newton:  1 | ph:  0.0% | #CG/newton: 1352 | ls (cap|max|inv|bt):  0| 0| 0| 0| runtime:  745.4 ms | cr: 2981.5
    590. dt:  0.25 ms | #newton:  1 | ph:  0.0% | #CG/newton: 1557 | ls (cap|max|inv|bt):  0| 0| 0| 0| runtime:  822.2 ms | cr: 3289.0
    591. dt:  0.25 ms | #newton:  1 | ph:  0.0% | #CG/newton: 1558 | ls (cap|max|inv|bt):  0| 0| 0| 0| runtime:  812.7 ms | cr: 3250.8
    592. dt:  0.25 ms | #newton:  1 | ph:  0.0% | #CG/newton: 1558 | ls (cap|max|inv|bt):  0| 0| 0| 0| runtime:  813.8 ms | cr: 3255.4
    593. dt:  0.25 ms | #newton:  1 | ph:  0.0% | #CG/newton: 1560 | ls (cap|max|inv|bt):  0| 0| 0| 0| runtime:  818.3 ms | cr: 3273.2
    594. dt:  0.25 ms | #newton:  1 | ph:  0.0% | #CG/newton: 1357 | ls (cap|max|inv|bt):  0| 0| 0| 0| runtime:  736.5 ms | cr: 2946.0
    595. dt:  0.25 ms | #newton:  1 | ph:  0.0% | #CG/newton: 1385 | ls (cap|max|inv|bt):  0| 0| 0| 0| runtime:  741.1 ms | cr: 2964.3
    596. dt:  0.25 ms | #newton:  1 | ph:  0.0% | #CG/newton: 1341 | ls (cap|max|inv|bt):  0| 0| 0| 0| runtime:  721.7 ms | cr: 2886.9
    597. dt:  0.25 ms | #newton:  1 | ph:  0.0% | #CG/newton: 1346 | ls (cap|max|inv|bt):  0| 0| 0| 0| runtime:  729.4 ms | cr: 2917.7
    598. dt:  0.25 ms | #newton:  1 | ph:  0.0% | #CG/newton: 1384 | ls (cap|max|inv|bt):  0| 0| 0| 0| runtime:  760.8 ms | cr: 3043.1
    599. dt:  0.25 ms | #newton:  1 | ph:  0.0% | #CG/newton: 1346 | ls (cap|max|inv|bt):  0| 0| 0| 0| runtime:  741.6 ms | cr: 2966.5
    600. dt:  0.25 ms | #newton:  1 | ph:  0.0% | #CG/newton: 1382 | ls (cap|max|inv|bt):  0| 0| 0| 0| runtime:  751.9 ms | cr: 3007.6
    601. dt:  0.25 ms | #newton:  1 | ph:  0.0% | #CG/newton: 1384 | ls (cap|max|inv|bt):  0| 0| 0| 0| runtime:  742.9 ms | cr: 2971.7
    602. dt:  0.25 ms | #newton:  1 | ph:  0.0% | #CG/newton: 1383 | ls (cap|max|inv|bt):  0| 0| 0| 0| runtime:  747.7 ms | cr: 2990.7
    603. dt:  0.25 ms | #newton:  1 | ph:  0.0% | #CG/newton: 1387 | ls (cap|max|inv|bt):  0| 0| 0| 0| runtime:  740.1 ms | cr: 2960.2
    604. dt:  0.25 ms | #newton:  1 | ph:  0.0% | #CG/newton: 1374 | ls (cap|max|inv|bt):  0| 0| 0| 0| runtime:  741.2 ms | cr: 2964.9
    605. dt:  0.25 ms | #newton:  1 | ph:  0.0% | #CG/newton: 1389 | ls (cap|max|inv|bt):  0| 0| 0| 0| runtime:  746.7 ms | cr: 2986.7
    606. dt:  0.25 ms | #newton:  1 | ph:  0.0% | #CG/newton: 1355 | ls (cap|max|inv|bt):  0| 0| 0| 0| runtime:  726.2 ms | cr: 2905.0
    607. dt:  0.25 ms | #newton:  1 | ph:  0.0% | #CG/newton: 1390 | ls (cap|max|inv|bt):  0| 0| 0| 0| runtime:  748.3 ms | cr: 2993.0
    608. dt:  0.25 ms | #newton:  1 | ph:  0.0% | #CG/newton: 1390 | ls (cap|max|inv|bt):  0| 0| 0| 0| runtime:  742.5 ms | cr: 2970.0
    609. dt:  0.25 ms | #newton:  1 | ph:  0.0% | #CG/newton: 1357 | ls (cap|max|inv|bt):  0| 0| 0| 0| runtime:  730.5 ms | cr: 2921.8
    610. dt:  0.25 ms | #newton:  1 | ph:  0.0% | #CG/newton: 1393 | ls (cap|max|inv|bt):  0| 0| 0| 0| runtime:  751.1 ms | cr: 3004.3
    611. dt:  0.25 ms | #newton:  1 | ph:  0.0% | #CG/newton: 1391 | ls (cap|max|inv|bt):  0| 0| 0| 0| runtime:  745.5 ms | cr: 2982.2
    612. dt:  0.25 ms | #newton:  1 | ph:  0.0% | #CG/newton: 1361 | ls (cap|max|inv|bt):  0| 0| 0| 0| runtime:  732.8 ms | cr: 2931.4
    613. dt:  0.25 ms | #newton:  1 | ph:  0.0% | #CG/newton: 1398 | ls (cap|max|inv|bt):  0| 0| 0| 0| runtime:  746.7 ms | cr: 2986.8
    614. dt:  0.25 ms | #newton:  1 | ph:  0.0% | #CG/newton: 1396 | ls (cap|max|inv|bt):  0| 0| 0| 0| runtime:  747.0 ms | cr: 2988.1
    615. dt:  0.25 ms | #newton:  1 | ph:  0.0% | #CG/newton: 1392 | ls (cap|max|inv|bt):  0| 0| 0| 0| runtime:  749.1 ms | cr: 2996.5
    616. dt:  0.25 ms | #newton:  1 | ph:  0.0% | #CG/newton: 1163 | ls (cap|max|inv|bt):  0| 0| 0| 0| runtime:  656.4 ms | cr: 2625.6
    617. dt:  0.25 ms | #newton:  1 | ph:  0.0% | #CG/newton: 1164 | ls (cap|max|inv|bt):  0| 0| 0| 0| runtime:  651.7 ms | cr: 2606.9
    618. dt:  0.25 ms | #newton:  1 | ph:  0.0% | #CG/newton: 1161 | ls (cap|max|inv|bt):  0| 0| 0| 0| runtime:  647.9 ms | cr: 2591.4
    619. dt:  0.25 ms | #newton:  1 | ph:  0.0% | #CG/newton: 1165 | ls (cap|max|inv|bt):  0| 0| 0| 0| runtime:  648.4 ms | cr: 2593.4
    620. dt:  0.25 ms | #newton:  1 | ph:  0.0% | #CG/newton: 1166 | ls (cap|max|inv|bt):  0| 0| 0| 0| runtime:  650.5 ms | cr: 2602.0
    621. dt:  0.25 ms | #newton:  1 | ph:  0.0% | #CG/newton: 1167 | ls (cap|max|inv|bt):  0| 0| 0| 0| runtime:  654.7 ms | cr: 2618.9
    622. dt:  0.25 ms | #newton:  1 | ph:  0.0% | #CG/newton: 1165 | ls (cap|max|inv|bt):  0| 0| 0| 0| runtime:  650.3 ms | cr: 2601.1
    623. dt:  0.25 ms | #newton:  1 | ph:  0.0% | #CG/newton: 1168 | ls (cap|max|inv|bt):  0| 0| 0| 0| runtime:  653.6 ms | cr: 2614.4
    624. dt:  0.25 ms | #newton:  1 | ph:  0.0% | #CG/newton: 1171 | ls (cap|max|inv|bt):  0| 0| 0| 0| runtime:  650.8 ms | cr: 2603.0
    625. dt:  0.25 ms | #newton:  1 | ph:  0.0% | #CG/newton: 1168 | ls (cap|max|inv|bt):  0| 0| 0| 0| runtime:  652.6 ms | cr: 2610.6
    626. dt:  0.25 ms | #newton:  1 | ph:  0.0% | #CG/newton: 1173 | ls (cap|max|inv|bt):  0| 0| 0| 0| runtime:  652.4 ms | cr: 2609.4
    627. dt:  0.25 ms | #newton:  1 | ph:  0.0% | #CG/newton:  816 | ls (cap|max|inv|bt):  0| 0| 0| 0| runtime:  502.4 ms | cr: 2009.6
    628. dt:  0.25 ms | #newton:  1 | ph:  0.0% | #CG/newton: 1170 | ls (cap|max|inv|bt):  0| 0| 0| 0| runtime:  647.9 ms | cr: 2591.8
    629. dt:  0.25 ms | #newton:  1 | ph:  0.0% | #CG/newton:  891 | ls (cap|max|inv|bt):  0| 0| 0| 0| runtime:  535.4 ms | cr: 2141.8
    630. dt:  0.25 ms | #newton:  1 | ph:  0.0% | #CG/newton:  880 | ls (cap|max|inv|bt):  0| 0| 0| 0| runtime:  523.0 ms | cr: 2092.1
    631. dt:  0.25 ms | #newton:  1 | ph:  0.0% | #CG/newton:  797 | ls (cap|max|inv|bt):  0| 0| 0| 0| runtime:  492.2 ms | cr: 1969.0
    632. dt:  0.25 ms | #newton:  1 | ph:  0.0% | #CG/newton:  799 | ls (cap|max|inv|bt):  0| 0| 0| 0| runtime:  498.5 ms | cr: 1994.0
    633. dt:  0.25 ms | #newton:  1 | ph:  0.0% | #CG/newton: 1168 | ls (cap|max|inv|bt):  0| 0| 0| 0| runtime:  659.4 ms | cr: 2637.6
    634. dt:  0.25 ms | #newton:  1 | ph:  0.0% | #CG/newton: 1170 | ls (cap|max|inv|bt):  0| 0| 0| 0| runtime:  654.4 ms | cr: 2617.6
    635. dt:  0.25 ms | #newton:  1 | ph:  0.0% | #CG/newton: 1159 | ls (cap|max|inv|bt):  0| 0| 0| 0| runtime:  663.4 ms | cr: 2653.8
    636. dt:  0.25 ms | #newton:  1 | ph:  0.0% | #CG/newton: 1162 | ls (cap|max|inv|bt):  0| 0| 0| 0| runtime:  646.0 ms | cr: 2584.2
    637. dt:  0.25 ms | #newton:  1 | ph:  0.0% | #CG/newton: 1166 | ls (cap|max|inv|bt):  0| 0| 0| 0| runtime:  655.3 ms | cr: 2621.4
    638. dt:  0.25 ms | #newton:  1 | ph:  0.0% | #CG/newton: 1166 | ls (cap|max|inv|bt):  0| 0| 0| 0| runtime:  647.7 ms | cr: 2590.6
    639. dt:  0.25 ms | #newton:  1 | ph:  0.0% | #CG/newton: 1163 | ls (cap|max|inv|bt):  0| 0| 0| 0| runtime:  649.7 ms | cr: 2598.7
    640. dt:  0.25 ms | #newton:  1 | ph:  0.0% | #CG/newton: 1170 | ls (cap|max|inv|bt):  0| 0| 0| 0| runtime:  656.1 ms | cr: 2624.3
    641. dt:  0.25 ms | #newton:  1 | ph:  0.0% | #CG/newton:  806 | ls (cap|max|inv|bt):  0| 0| 0| 0| runtime:  509.7 ms | cr: 2038.6
    642. dt:  0.25 ms | #newton:  1 | ph:  0.0% | #CG/newton:  881 | ls (cap|max|inv|bt):  0| 0| 0| 0| runtime:  540.5 ms | cr: 2161.8
    643. dt:  0.25 ms | #newton:  1 | ph:  0.0% | #CG/newton:  808 | ls (cap|max|inv|bt):  0| 0| 0| 0| runtime:  503.5 ms | cr: 2014.2
    644. dt:  0.25 ms | #newton:  1 | ph:  0.0% | #CG/newton:  776 | ls (cap|max|inv|bt):  0| 0| 0| 0| runtime:  482.1 ms | cr: 1928.2
    645. dt:  0.25 ms | #newton:  1 | ph:  0.0% | #CG/newton:  876 | ls (cap|max|inv|bt):  0| 0| 0| 0| runtime:  534.3 ms | cr: 2137.3
    646. dt:  0.25 ms | #newton:  1 | ph:  0.0% | #CG/newton:  873 | ls (cap|max|inv|bt):  0| 0| 0| 0| runtime:  524.6 ms | cr: 2098.4
    647. dt:  0.25 ms | #newton:  1 | ph:  0.0% | #CG/newton:  875 | ls (cap|max|inv|bt):  0| 0| 0| 0| runtime:  532.9 ms | cr: 2131.6
    648. dt:  0.25 ms | #newton:  1 | ph:  0.0% | #CG/newton:  791 | ls (cap|max|inv|bt):  0| 0| 0| 0| runtime:  499.7 ms | cr: 1998.9
    649. dt:  0.25 ms | #newton:  1 | ph:  0.0% | #CG/newton:  874 | ls (cap|max|inv|bt):  0| 0| 0| 0| runtime:  533.5 ms | cr: 2134.2
    650. dt:  0.25 ms | #newton:  1 | ph:  0.0% | #CG/newton:  877 | ls (cap|max|inv|bt):  0| 0| 0| 0| runtime:  539.7 ms | cr: 2158.8
    651. dt:  0.25 ms | #newton:  1 | ph:  0.0% | #CG/newton:  791 | ls (cap|max|inv|bt):  0| 0| 0| 0| runtime:  491.4 ms | cr: 1965.6
    652. dt:  0.25 ms | #newton:  1 | ph:  0.0% | #CG/newton:  872 | ls (cap|max|inv|bt):  0| 0| 0| 0| runtime:  524.8 ms | cr: 2099.1
    653. dt:  0.25 ms | #newton:  1 | ph:  0.0% | #CG/newton:  872 | ls (cap|max|inv|bt):  0| 0| 0| 0| runtime:  521.5 ms | cr: 2085.9
    654. dt:  0.25 ms | #newton:  1 | ph:  0.0% | #CG/newton:  872 | ls (cap|max|inv|bt):  0| 0| 0| 0| runtime:  526.9 ms | cr: 2107.5
    655. dt:  0.25 ms | #newton:  1 | ph:  0.0% | #CG/newton:  873 | ls (cap|max|inv|bt):  0| 0| 0| 0| runtime:  531.4 ms | cr: 2125.7
    656. dt:  0.25 ms | #newton:  1 | ph:  0.0% | #CG/newton:  872 | ls (cap|max|inv|bt):  0| 0| 0| 0| runtime:  531.1 ms | cr: 2124.5
    657. dt:  0.25 ms | #newton:  1 | ph:  0.0% | #CG/newton:  797 | ls (cap|max|inv|bt):  0| 0| 0| 0| runtime:  493.5 ms | cr: 1974.2
    658. dt:  0.25 ms | #newton:  1 | ph:  0.0% | #CG/newton:  879 | ls (cap|max|inv|bt):  0| 0| 0| 0| runtime:  537.7 ms | cr: 2150.7
    659. dt:  0.25 ms | #newton:  1 | ph:  0.0% | #CG/newton:  873 | ls (cap|max|inv|bt):  0| 0| 0| 0| runtime:  527.1 ms | cr: 2108.6
    660. dt:  0.25 ms | #newton:  1 | ph:  0.0% | #CG/newton:  790 | ls (cap|max|inv|bt):  0| 0| 0| 0| runtime:  488.1 ms | cr: 1952.5
    661. dt:  0.25 ms | #newton:  1 | ph:  0.0% | #CG/newton:  793 | ls (cap|max|inv|bt):  0| 0| 0| 0| runtime:  486.3 ms | cr: 1945.3
    662. dt:  0.25 ms | #newton:  1 | ph:  0.0% | #CG/newton:  875 | ls (cap|max|inv|bt):  0| 0| 0| 0| runtime:  523.3 ms | cr: 2093.2
    663. dt:  0.25 ms | #newton:  1 | ph:  0.0% | #CG/newton:  871 | ls (cap|max|inv|bt):  0| 0| 0| 0| runtime:  531.0 ms | cr: 2124.0
    664. dt:  0.25 ms | #newton:  1 | ph:  0.0% | #CG/newton:  872 | ls (cap|max|inv|bt):  0| 0| 0| 0| runtime:  526.6 ms | cr: 2106.4
    665. dt:  0.25 ms | #newton:  1 | ph:  0.0% | #CG/newton:  806 | ls (cap|max|inv|bt):  0| 0| 0| 0| runtime:  496.7 ms | cr: 1986.8
    666. dt:  0.25 ms | #newton:  1 | ph:  0.0% | #CG/newton:  796 | ls (cap|max|inv|bt):  0| 0| 0| 0| runtime:  489.7 ms | cr: 1958.9
[Frame: 5] Time: 0.167 s
    667. dt:  0.25 ms | #newton:  1 | ph:  0.0% | #CG/newton:  795 | ls (cap|max|inv|bt):  0| 0| 0| 0| runtime:  487.0 ms | cr: 1947.9
    668. dt:  0.25 ms | #newton:  1 | ph:  0.0% | #CG/newton:  877 | ls (cap|max|inv|bt):  0| 0| 0| 0| runtime:  526.4 ms | cr: 2105.7
    669. dt:  0.25 ms | #newton:  1 | ph:  0.0% | #CG/newton:  793 | ls (cap|max|inv|bt):  0| 0| 0| 0| runtime:  494.1 ms | cr: 1976.2
    670. dt:  0.25 ms | #newton:  1 | ph:  0.0% | #CG/newton: 1165 | ls (cap|max|inv|bt):  0| 0| 0| 0| runtime:  649.0 ms | cr: 2595.9
    671. dt:  0.25 ms | #newton:  1 | ph:  0.0% | #CG/newton: 1170 | ls (cap|max|inv|bt):  0| 0| 0| 0| runtime:  658.0 ms | cr: 2632.2
    672. dt:  0.25 ms | #newton:  1 | ph:  0.0% | #CG/newton: 1140 | ls (cap|max|inv|bt):  0| 0| 0| 0| runtime:  637.1 ms | cr: 2548.6
    673. dt:  0.25 ms | #newton:  1 | ph:  0.0% | #CG/newton: 1169 | ls (cap|max|inv|bt):  0| 0| 0| 0| runtime:  647.2 ms | cr: 2588.7
    674. dt:  0.25 ms | #newton:  1 | ph:  0.0% | #CG/newton: 1176 | ls (cap|max|inv|bt):  0| 0| 0| 0| runtime:  646.8 ms | cr: 2587.3
    675. dt:  0.25 ms | #newton:  1 | ph:  0.0% | #CG/newton: 1178 | ls (cap|max|inv|bt):  0| 0| 0| 0| runtime:  650.2 ms | cr: 2600.8
    676. dt:  0.25 ms | #newton:  1 | ph:  0.0% | #CG/newton: 1169 | ls (cap|max|inv|bt):  0| 0| 0| 0| runtime:  666.5 ms | cr: 2665.8
    677. dt:  0.25 ms | #newton:  1 | ph:  0.0% | #CG/newton: 1145 | ls (cap|max|inv|bt):  0| 0| 0| 0| runtime:  769.0 ms | cr: 3076.1
    678. dt:  0.25 ms | #newton:  1 | ph:  0.0% | #CG/newton:  879 | ls (cap|max|inv|bt):  0| 0| 0| 0| runtime:  531.1 ms | cr: 2124.3
    679. dt:  0.25 ms | #newton:  1 | ph:  0.0% | #CG/newton:  876 | ls (cap|max|inv|bt):  0| 0| 0| 0| runtime:  530.0 ms | cr: 2119.8
    680. dt:  0.25 ms | #newton:  1 | ph:  0.0% | #CG/newton:  796 | ls (cap|max|inv|bt):  0| 0| 0| 0| runtime:  493.6 ms | cr: 1974.4
    681. dt:  0.25 ms | #newton:  1 | ph:  0.0% | #CG/newton:  881 | ls (cap|max|inv|bt):  0| 0| 0| 0| runtime:  528.4 ms | cr: 2113.6
    682. dt:  0.25 ms | #newton:  1 | ph:  0.0% | #CG/newton:  877 | ls (cap|max|inv|bt):  0| 0| 0| 0| runtime:  526.3 ms | cr: 2105.2
    683. dt:  0.25 ms | #newton:  1 | ph:  0.0% | #CG/newton:  794 | ls (cap|max|inv|bt):  0| 0| 0| 0| runtime:  494.3 ms | cr: 1977.2
    684. dt:  0.25 ms | #newton:  1 | ph:  0.0% | #CG/newton:  880 | ls (cap|max|inv|bt):  0| 0| 0| 0| runtime:  532.8 ms | cr: 2131.1
    685. dt:  0.25 ms | #newton:  1 | ph:  0.0% | #CG/newton:  799 | ls (cap|max|inv|bt):  0| 0| 0| 0| runtime:  502.9 ms | cr: 2011.7
    686. dt:  0.25 ms | #newton:  1 | ph:  0.0% | #CG/newton:  877 | ls (cap|max|inv|bt):  0| 0| 0| 0| runtime:  537.6 ms | cr: 2150.4
    687. dt:  0.25 ms | #newton:  1 | ph:  0.0% | #CG/newton:  799 | ls (cap|max|inv|bt):  0| 0| 0| 0| runtime:  498.9 ms | cr: 1995.6
    688. dt:  0.25 ms | #newton:  1 | ph:  0.0% | #CG/newton:  794 | ls (cap|max|inv|bt):  0| 0| 0| 0| runtime:  491.4 ms | cr: 1965.6
    689. dt:  0.25 ms | #newton:  1 | ph:  0.0% | #CG/newton:  794 | ls (cap|max|inv|bt):  0| 0| 0| 0| runtime:  493.5 ms | cr: 1974.2
    690. dt:  0.25 ms | #newton:  1 | ph:  0.0% | #CG/newton:  878 | ls (cap|max|inv|bt):  0| 0| 0| 0| runtime:  533.4 ms | cr: 2133.4
    691. dt:  0.25 ms | #newton:  1 | ph:  0.0% | #CG/newton:  793 | ls (cap|max|inv|bt):  0| 0| 0| 0| runtime:  494.9 ms | cr: 1979.7
    692. dt:  0.25 ms | #newton:  1 | ph:  0.0% | #CG/newton: 1166 | ls (cap|max|inv|bt):  0| 0| 0| 0| runtime:  650.9 ms | cr: 2603.6
    693. dt:  0.25 ms | #newton:  1 | ph:  0.0% | #CG/newton: 1164 | ls (cap|max|inv|bt):  0| 0| 0| 0| runtime:  650.1 ms | cr: 2600.3
    694. dt:  0.25 ms | #newton:  1 | ph:  0.0% | #CG/newton: 1169 | ls (cap|max|inv|bt):  0| 0| 0| 0| runtime:  662.0 ms | cr: 2647.9
    695. dt:  0.25 ms | #newton:  1 | ph:  0.0% | #CG/newton: 1163 | ls (cap|max|inv|bt):  0| 0| 0| 0| runtime:  657.6 ms | cr: 2630.3
    696. dt:  0.25 ms | #newton:  1 | ph:  0.0% | #CG/newton:  793 | ls (cap|max|inv|bt):  0| 0| 0| 0| runtime:  495.1 ms | cr: 1980.5
    697. dt:  0.25 ms | #newton:  1 | ph:  0.0% | #CG/newton:  797 | ls (cap|max|inv|bt):  0| 0| 0| 0| runtime:  502.2 ms | cr: 2008.6
    698. dt:  0.25 ms | #newton:  1 | ph:  0.0% | #CG/newton:  876 | ls (cap|max|inv|bt):  0| 0| 0| 0| runtime:  530.5 ms | cr: 2121.8
    699. dt:  0.25 ms | #newton:  1 | ph:  0.0% | #CG/newton:  879 | ls (cap|max|inv|bt):  0| 0| 0| 0| runtime:  529.6 ms | cr: 2118.3
    700. dt:  0.25 ms | #newton:  1 | ph:  0.0% | #CG/newton:  879 | ls (cap|max|inv|bt):  0| 0| 0| 0| runtime:  528.7 ms | cr: 2114.7
    701. dt:  0.25 ms | #newton:  1 | ph:  0.0% | #CG/newton:  880 | ls (cap|max|inv|bt):  0| 0| 0| 0| runtime:  528.2 ms | cr: 2112.7
    702. dt:  0.25 ms | #newton:  1 | ph:  0.0% | #CG/newton: 1164 | ls (cap|max|inv|bt):  0| 0| 0| 0| runtime:  641.4 ms | cr: 2565.7
    703. dt:  0.25 ms | #newton:  1 | ph:  0.0% | #CG/newton:  877 | ls (cap|max|inv|bt):  0| 0| 0| 0| runtime:  529.3 ms | cr: 2117.4
    704. dt:  0.25 ms | #newton:  1 | ph:  0.0% | #CG/newton:  877 | ls (cap|max|inv|bt):  0| 0| 0| 0| runtime:  526.5 ms | cr: 2106.0
    705. dt:  0.25 ms | #newton:  1 | ph:  0.0% | #CG/newton:  879 | ls (cap|max|inv|bt):  0| 0| 0| 0| runtime:  533.5 ms | cr: 2134.1
    706. dt:  0.25 ms | #newton:  1 | ph:  0.0% | #CG/newton:  875 | ls (cap|max|inv|bt):  0| 0| 0| 0| runtime:  525.2 ms | cr: 2100.9
    707. dt:  0.25 ms | #newton:  1 | ph:  0.0% | #CG/newton: 1155 | ls (cap|max|inv|bt):  0| 0| 0| 0| runtime:  645.5 ms | cr: 2582.1
    708. dt:  0.25 ms | #newton:  1 | ph:  0.0% | #CG/newton: 1169 | ls (cap|max|inv|bt):  0| 0| 0| 0| runtime:  646.3 ms | cr: 2585.4
    709. dt:  0.25 ms | #newton:  1 | ph:  0.0% | #CG/newton: 1126 | ls (cap|max|inv|bt):  0| 0| 0| 0| runtime:  622.2 ms | cr: 2488.9
    710. dt:  0.25 ms | #newton:  1 | ph:  0.0% | #CG/newton:  880 | ls (cap|max|inv|bt):  0| 0| 0| 0| runtime:  525.7 ms | cr: 2103.0
    711. dt:  0.25 ms | #newton:  1 | ph:  0.0% | #CG/newton:  880 | ls (cap|max|inv|bt):  0| 0| 0| 0| runtime:  530.7 ms | cr: 2122.7
    712. dt:  0.25 ms | #newton:  1 | ph:  0.0% | #CG/newton: 1156 | ls (cap|max|inv|bt):  0| 0| 0| 0| runtime:  644.8 ms | cr: 2579.3
    713. dt:  0.25 ms | #newton:  1 | ph:  0.0% | #CG/newton: 1166 | ls (cap|max|inv|bt):  0| 0| 0| 0| runtime:  647.6 ms | cr: 2590.3
    714. dt:  0.25 ms | #newton:  1 | ph:  0.0% | #CG/newton: 1165 | ls (cap|max|inv|bt):  0| 0| 0| 0| runtime:  648.8 ms | cr: 2595.1
    715. dt:  0.25 ms | #newton:  1 | ph:  0.0% | #CG/newton: 1164 | ls (cap|max|inv|bt):  0| 0| 0| 0| runtime:  645.3 ms | cr: 2581.3
    716. dt:  0.25 ms | #newton:  1 | ph:  0.0% | #CG/newton: 1159 | ls (cap|max|inv|bt):  0| 0| 0| 0| runtime:  655.6 ms | cr: 2622.4
    717. dt:  0.25 ms | #newton:  1 | ph:  0.0% | #CG/newton: 1159 | ls (cap|max|inv|bt):  0| 0| 0| 0| runtime:  645.7 ms | cr: 2582.8
    718. dt:  0.25 ms | #newton:  1 | ph:  0.0% | #CG/newton: 1165 | ls (cap|max|inv|bt):  0| 0| 0| 0| runtime:  652.8 ms | cr: 2611.2
    719. dt:  0.25 ms | #newton:  1 | ph:  0.0% | #CG/newton: 1157 | ls (cap|max|inv|bt):  0| 0| 0| 0| runtime:  639.1 ms | cr: 2556.3
    720. dt:  0.25 ms | #newton:  1 | ph:  0.0% | #CG/newton: 1135 | ls (cap|max|inv|bt):  0| 0| 0| 0| runtime:  640.7 ms | cr: 2562.8
    721. dt:  0.25 ms | #newton:  1 | ph:  0.0% | #CG/newton: 1153 | ls (cap|max|inv|bt):  0| 0| 0| 0| runtime:  641.1 ms | cr: 2564.6
    722. dt:  0.25 ms | #newton:  1 | ph:  0.0% | #CG/newton: 1141 | ls (cap|max|inv|bt):  0| 0| 0| 0| runtime:  631.9 ms | cr: 2527.4
    723. dt:  0.25 ms | #newton:  1 | ph:  0.0% | #CG/newton:  880 | ls (cap|max|inv|bt):  0| 0| 0| 0| runtime:  530.3 ms | cr: 2121.0
    724. dt:  0.25 ms | #newton:  1 | ph:  0.0% | #CG/newton: 1145 | ls (cap|max|inv|bt):  0| 0| 0| 0| runtime:  638.2 ms | cr: 2552.9
    725. dt:  0.25 ms | #newton:  1 | ph:  0.0% | #CG/newton: 1144 | ls (cap|max|inv|bt):  0| 0| 0| 0| runtime:  640.3 ms | cr: 2561.3
    726. dt:  0.25 ms | #newton:  1 | ph:  0.0% | #CG/newton: 1134 | ls (cap|max|inv|bt):  0| 0| 0| 0| runtime:  629.7 ms | cr: 2518.9
    727. dt:  0.25 ms | #newton:  1 | ph:  0.0% | #CG/newton: 1156 | ls (cap|max|inv|bt):  0| 0| 0| 0| runtime:  635.9 ms | cr: 2543.7
    728. dt:  0.25 ms | #newton:  1 | ph:  0.0% | #CG/newton: 1129 | ls (cap|max|inv|bt):  0| 0| 0| 0| runtime:  631.3 ms | cr: 2525.3
    729. dt:  0.25 ms | #newton:  1 | ph:  0.0% | #CG/newton: 1146 | ls (cap|max|inv|bt):  0| 0| 0| 0| runtime:  639.5 ms | cr: 2558.1
    730. dt:  0.25 ms | #newton:  1 | ph:  0.0% | #CG/newton: 1150 | ls (cap|max|inv|bt):  0| 0| 0| 0| runtime:  639.1 ms | cr: 2556.4
    731. dt:  0.25 ms | #newton:  1 | ph:  0.0% | #CG/newton: 1139 | ls (cap|max|inv|bt):  0| 0| 0| 0| runtime:  635.9 ms | cr: 2543.4
    732. dt:  0.25 ms | #newton:  1 | ph:  0.0% | #CG/newton: 1144 | ls (cap|max|inv|bt):  0| 0| 0| 0| runtime:  638.4 ms | cr: 2553.6
    733. dt:  0.25 ms | #newton:  1 | ph:  0.0% | #CG/newton: 1152 | ls (cap|max|inv|bt):  0| 0| 0| 0| runtime:  637.4 ms | cr: 2549.6
    734. dt:  0.25 ms | #newton:  1 | ph:  0.0% | #CG/newton: 1145 | ls (cap|max|inv|bt):  0| 0| 0| 0| runtime:  636.6 ms | cr: 2546.4
    735. dt:  0.25 ms | #newton:  1 | ph:  0.0% | #CG/newton: 1149 | ls (cap|max|inv|bt):  0| 0| 0| 0| runtime:  642.1 ms | cr: 2568.6
    736. dt:  0.25 ms | #newton:  1 | ph:  0.0% | #CG/newton: 1146 | ls (cap|max|inv|bt):  0| 0| 0| 0| runtime:  685.6 ms | cr: 2742.3
    737. dt:  0.25 ms | #newton:  1 | ph:  0.0% | #CG/newton: 1144 | ls (cap|max|inv|bt):  0| 0| 0| 0| runtime:  641.8 ms | cr: 2567.2
    738. dt:  0.25 ms | #newton:  1 | ph:  0.0% | #CG/newton: 1132 | ls (cap|max|inv|bt):  0| 0| 0| 0| runtime:  633.7 ms | cr: 2534.6
    739. dt:  0.25 ms | #newton:  1 | ph:  0.0% | #CG/newton: 1121 | ls (cap|max|inv|bt):  0| 0| 0| 0| runtime:  626.5 ms | cr: 2506.2
    740. dt:  0.25 ms | #newton:  1 | ph:  0.0% | #CG/newton: 1132 | ls (cap|max|inv|bt):  0| 0| 0| 0| runtime:  634.3 ms | cr: 2537.3
    741. dt:  0.25 ms | #newton:  1 | ph:  0.0% | #CG/newton: 1091 | ls (cap|max|inv|bt):  0| 0| 0| 0| runtime:  611.5 ms | cr: 2446.1
    742. dt:  0.25 ms | #newton:  1 | ph:  0.0% | #CG/newton: 1130 | ls (cap|max|inv|bt):  0| 0| 0| 0| runtime:  654.6 ms | cr: 2618.6
    743. dt:  0.25 ms | #newton:  1 | ph:  0.0% | #CG/newton: 1137 | ls (cap|max|inv|bt):  0| 0| 0| 0| runtime:  641.3 ms | cr: 2565.2
    744. dt:  0.25 ms | #newton:  1 | ph:  0.0% | #CG/newton: 1088 | ls (cap|max|inv|bt):  0| 0| 0| 0| runtime:  622.1 ms | cr: 2488.2
    745. dt:  0.25 ms | #newton:  1 | ph:  0.0% | #CG/newton: 1128 | ls (cap|max|inv|bt):  0| 0| 0| 0| runtime:  631.9 ms | cr: 2527.5
    746. dt:  0.25 ms | #newton:  1 | ph:  0.0% | #CG/newton: 1093 | ls (cap|max|inv|bt):  0| 0| 0| 0| runtime:  621.6 ms | cr: 2486.3
    747. dt:  0.25 ms | #newton:  1 | ph:  0.0% | #CG/newton: 1092 | ls (cap|max|inv|bt):  0| 0| 0| 0| runtime:  615.2 ms | cr: 2460.7
    748. dt:  0.25 ms | #newton:  1 | ph:  0.0% | #CG/newton: 1133 | ls (cap|max|inv|bt):  0| 0| 0| 0| runtime:  639.9 ms | cr: 2559.7
    749. dt:  0.25 ms | #newton:  1 | ph:  0.0% | #CG/newton: 1095 | ls (cap|max|inv|bt):  0| 0| 0| 0| runtime:  618.6 ms | cr: 2474.2
    750. dt:  0.25 ms | #newton:  2 | ph:  0.0% | #CG/newton: 1317 | ls (cap|max|inv|bt):  0| 0| 0| 0| runtime: 1362.5 ms | cr: 5449.8
    751. dt:  0.25 ms | #newton:  1 | ph:  0.0% | #CG/newton: 1126 | ls (cap|max|inv|bt):  0| 0| 0| 0| runtime:  633.6 ms | cr: 2534.3
    752. dt:  0.25 ms | #newton:  1 | ph:  0.0% | #CG/newton: 2567 | ls (cap|max|inv|bt):  0| 0| 0| 0| runtime: 1274.1 ms | cr: 5096.5
    753. dt:  0.25 ms | #newton:  1 | ph:  0.0% | #CG/newton: 1133 | ls (cap|max|inv|bt):  0| 0| 0| 0| runtime:  633.7 ms | cr: 2534.9
    754. dt:  0.25 ms | #newton:  1 | ph:  0.0% | #CG/newton: 1135 | ls (cap|max|inv|bt):  0| 0| 0| 0| runtime:  632.2 ms | cr: 2528.9
    755. dt:  0.25 ms | #newton:  1 | ph:  0.0% | #CG/newton: 1093 | ls (cap|max|inv|bt):  0| 0| 0| 0| runtime:  631.0 ms | cr: 2524.2
    756. dt:  0.25 ms | #newton:  1 | ph:  0.0% | #CG/newton: 1120 | ls (cap|max|inv|bt):  0| 0| 0| 0| runtime:  638.5 ms | cr: 2553.9
    757. dt:  0.25 ms | #newton:  1 | ph:  0.0% | #CG/newton: 1124 | ls (cap|max|inv|bt):  0| 0| 0| 0| runtime:  641.2 ms | cr: 2564.7
    758. dt:  0.25 ms | #newton:  1 | ph:  0.0% | #CG/newton: 2552 | ls (cap|max|inv|bt):  0| 0| 0| 0| runtime: 1259.5 ms | cr: 5038.1
    759. dt:  0.25 ms | #newton:  1 | ph:  0.0% | #CG/newton: 1121 | ls (cap|max|inv|bt):  0| 0| 0| 0| runtime:  627.0 ms | cr: 2508.1
    760. dt:  0.25 ms | #newton:  1 | ph:  0.0% | #CG/newton: 1105 | ls (cap|max|inv|bt):  0| 0| 0| 0| runtime:  617.5 ms | cr: 2470.0
    761. dt:  0.25 ms | #newton:  1 | ph:  0.0% | #CG/newton: 2775 | ls (cap|max|inv|bt):  0| 0| 0| 0| runtime: 1346.7 ms | cr: 5386.8
    762. dt:  0.25 ms | #newton:  1 | ph:  0.0% | #CG/newton: 1083 | ls (cap|max|inv|bt):  0| 0| 0| 0| runtime:  606.4 ms | cr: 2425.4
    763. dt:  0.25 ms | #newton:  1 | ph:  0.0% | #CG/newton: 1322 | ls (cap|max|inv|bt):  0| 0| 0| 0| runtime:  715.8 ms | cr: 2863.2
    764. dt:  0.25 ms | #newton:  1 | ph:  0.0% | #CG/newton: 1342 | ls (cap|max|inv|bt):  0| 0| 0| 0| runtime:  719.6 ms | cr: 2878.4
    765. dt:  0.25 ms | #newton:  1 | ph:  0.0% | #CG/newton: 1337 | ls (cap|max|inv|bt):  0| 0| 0| 0| runtime:  724.7 ms | cr: 2899.0
    766. dt:  0.25 ms | #newton:  1 | ph:  0.0% | #CG/newton: 1311 | ls (cap|max|inv|bt):  0| 0| 0| 0| runtime:  702.9 ms | cr: 2811.4
    767. dt:  0.25 ms | #newton:  1 | ph:  0.0% | #CG/newton: 2960 | ls (cap|max|inv|bt):  0| 0| 0| 0| runtime: 1429.8 ms | cr: 5719.1
    768. dt:  0.25 ms | #newton:  1 | ph:  0.0% | #CG/newton: 2905 | ls (cap|max|inv|bt):  0| 0| 0| 0| runtime: 1424.4 ms | cr: 5697.7
    769. dt:  0.25 ms | #newton:  1 | ph:  0.0% | #CG/newton: 2647 | ls (cap|max|inv|bt):  0| 0| 0| 0| runtime: 1318.5 ms | cr: 5274.0
    770. dt:  0.25 ms | #newton:  1 | ph:  0.0% | #CG/newton: 2906 | ls (cap|max|inv|bt):  0| 0| 0| 0| runtime: 1449.5 ms | cr: 5798.2
    771. dt:  0.25 ms | #newton:  1 | ph:  0.0% | #CG/newton: 3301 | ls (cap|max|inv|bt):  0| 0| 0| 0| runtime: 1625.5 ms | cr: 6502.1
    772. dt:  0.25 ms | #newton:  1 | ph:  0.0% | #CG/newton: 1503 | ls (cap|max|inv|bt):  0| 0| 0| 0| runtime:  827.4 ms | cr: 3309.7
    773. dt:  0.25 ms | #newton:  1 | ph:  0.0% | #CG/newton: 1510 | ls (cap|max|inv|bt):  0| 0| 0| 0| runtime:  860.6 ms | cr: 3442.5
    774. dt:  0.25 ms | #newton:  1 | ph:  0.0% | #CG/newton: 1495 | ls (cap|max|inv|bt):  0| 0| 0| 0| runtime:  805.0 ms | cr: 3219.8
    775. dt:  0.25 ms | #newton:  1 | ph:  0.0% | #CG/newton: 1501 | ls (cap|max|inv|bt):  0| 0| 0| 0| runtime:  797.8 ms | cr: 3191.2
    776. dt:  0.25 ms | #newton:  1 | ph:  0.0% | #CG/newton: 1499 | ls (cap|max|inv|bt):  0| 0| 0| 0| runtime:  795.0 ms | cr: 3179.9
    777. dt:  0.25 ms | #newton:  1 | ph:  0.0% | #CG/newton: 1506 | ls (cap|max|inv|bt):  0| 0| 0| 0| runtime:  792.8 ms | cr: 3171.3
    778. dt:  0.25 ms | #newton:  1 | ph:  0.0% | #CG/newton: 1500 | ls (cap|max|inv|bt):  0| 0| 0| 0| runtime:  798.2 ms | cr: 3192.9
    779. dt:  0.25 ms | #newton:  1 | ph:  0.0% | #CG/newton: 1501 | ls (cap|max|inv|bt):  0| 0| 0| 0| runtime:  787.8 ms | cr: 3151.1
    780. dt:  0.25 ms | #newton:  1 | ph:  0.0% | #CG/newton: 1498 | ls (cap|max|inv|bt):  0| 0| 0| 0| runtime:  787.3 ms | cr: 3149.1
    781. dt:  0.25 ms | #newton:  1 | ph:  0.0% | #CG/newton: 1497 | ls (cap|max|inv|bt):  0| 0| 0| 0| runtime:  782.6 ms | cr: 3130.2
    782. dt:  0.25 ms | #newton:  1 | ph:  0.0% | #CG/newton: 1498 | ls (cap|max|inv|bt):  0| 0| 0| 0| runtime:  786.9 ms | cr: 3147.6
    783. dt:  0.25 ms | #newton:  1 | ph:  0.0% | #CG/newton: 1499 | ls (cap|max|inv|bt):  0| 0| 0| 0| runtime:  789.3 ms | cr: 3157.1
    784. dt:  0.25 ms | #newton:  1 | ph:  0.0% | #CG/newton: 1473 | ls (cap|max|inv|bt):  0| 0| 0| 0| runtime:  778.1 ms | cr: 3112.4
    785. dt:  0.25 ms | #newton:  1 | ph:  0.0% | #CG/newton: 1498 | ls (cap|max|inv|bt):  0| 0| 0| 0| runtime:  782.5 ms | cr: 3130.0
    786. dt:  0.25 ms | #newton:  1 | ph:  0.0% | #CG/newton: 1509 | ls (cap|max|inv|bt):  0| 0| 0| 0| runtime:  788.6 ms | cr: 3154.3
    787. dt:  0.25 ms | #newton:  1 | ph:  0.0% | #CG/newton: 1514 | ls (cap|max|inv|bt):  0| 0| 0| 0| runtime:  798.7 ms | cr: 3195.0
    788. dt:  0.25 ms | #newton:  1 | ph:  0.0% | #CG/newton: 1696 | ls (cap|max|inv|bt):  0| 0| 0| 0| runtime:  877.3 ms | cr: 3509.2
    789. dt:  0.25 ms | #newton:  1 | ph:  0.0% | #CG/newton: 1708 | ls (cap|max|inv|bt):  0| 0| 0| 0| runtime:  878.2 ms | cr: 3512.9
    790. dt:  0.25 ms | #newton:  1 | ph:  0.0% | #CG/newton: 1708 | ls (cap|max|inv|bt):  0| 0| 0| 0| runtime:  874.4 ms | cr: 3497.7
    791. dt:  0.25 ms | #newton:  1 | ph:  0.0% | #CG/newton: 1553 | ls (cap|max|inv|bt):  0| 0| 0| 0| runtime:  814.9 ms | cr: 3259.5
    792. dt:  0.25 ms | #newton:  1 | ph:  0.0% | #CG/newton: 1539 | ls (cap|max|inv|bt):  0| 0| 0| 0| runtime:  806.7 ms | cr: 3226.7
    793. dt:  0.25 ms | #newton:  1 | ph:  0.0% | #CG/newton: 1545 | ls (cap|max|inv|bt):  0| 0| 0| 0| runtime:  811.6 ms | cr: 3246.2
    794. dt:  0.25 ms | #newton:  1 | ph:  0.0% | #CG/newton: 1545 | ls (cap|max|inv|bt):  0| 0| 0| 0| runtime:  803.0 ms | cr: 3212.1
    795. dt:  0.25 ms | #newton:  1 | ph:  0.0% | #CG/newton: 1548 | ls (cap|max|inv|bt):  0| 0| 0| 0| runtime:  807.1 ms | cr: 3228.4
    796. dt:  0.25 ms | #newton:  1 | ph:  0.0% | #CG/newton: 1550 | ls (cap|max|inv|bt):  0| 0| 0| 0| runtime:  807.9 ms | cr: 3231.6
    797. dt:  0.25 ms | #newton:  1 | ph:  0.0% | #CG/newton: 1549 | ls (cap|max|inv|bt):  0| 0| 0| 0| runtime:  811.3 ms | cr: 3245.3
    798. dt:  0.25 ms | #newton:  1 | ph:  0.0% | #CG/newton: 1549 | ls (cap|max|inv|bt):  0| 0| 0| 0| runtime:  805.9 ms | cr: 3223.6
    799. dt:  0.25 ms | #newton:  1 | ph:  0.0% | #CG/newton: 1546 | ls (cap|max|inv|bt):  0| 0| 0| 0| runtime:  814.1 ms | cr: 3256.6
    800. dt:  0.25 ms | #newton:  1 | ph:  0.0% | #CG/newton: 1522 | ls (cap|max|inv|bt):  0| 0| 0| 0| runtime:  798.1 ms | cr: 3192.5
[Frame: 6] Time: 0.200 s
    801. dt:  0.25 ms | #newton:  1 | ph:  0.0% | #CG/newton: 1523 | ls (cap|max|inv|bt):  0| 0| 0| 0| runtime:  791.8 ms | cr: 3167.2
    802. dt:  0.25 ms | #newton:  1 | ph:  0.0% | #CG/newton: 1547 | ls (cap|max|inv|bt):  0| 0| 0| 0| runtime:  827.6 ms | cr: 3310.5
    803. dt:  0.25 ms | #newton:  1 | ph:  0.0% | #CG/newton: 1552 | ls (cap|max|inv|bt):  0| 0| 0| 0| runtime:  807.2 ms | cr: 3228.7
    804. dt:  0.25 ms | #newton:  1 | ph:  0.0% | #CG/newton: 1553 | ls (cap|max|inv|bt):  0| 0| 0| 0| runtime:  811.2 ms | cr: 3244.8
    805. dt:  0.25 ms | #newton:  1 | ph:  0.0% | #CG/newton: 1552 | ls (cap|max|inv|bt):  0| 0| 0| 0| runtime:  804.7 ms | cr: 3218.7
    806. dt:  0.25 ms | #newton:  1 | ph:  0.0% | #CG/newton: 1551 | ls (cap|max|inv|bt):  0| 0| 0| 0| runtime:  808.1 ms | cr: 3232.5
    807. dt:  0.25 ms | #newton:  1 | ph:  0.0% | #CG/newton: 1549 | ls (cap|max|inv|bt):  0| 0| 0| 0| runtime:  831.4 ms | cr: 3325.7
    808. dt:  0.25 ms | #newton:  1 | ph:  0.0% | #CG/newton: 1538 | ls (cap|max|inv|bt):  0| 0| 0| 0| runtime:  811.5 ms | cr: 3245.8
    809. dt:  0.25 ms | #newton:  1 | ph:  0.0% | #CG/newton: 1547 | ls (cap|max|inv|bt):  0| 0| 0| 0| runtime:  804.5 ms | cr: 3218.1
    810. dt:  0.25 ms | #newton:  1 | ph:  0.0% | #CG/newton: 1545 | ls (cap|max|inv|bt):  0| 0| 0| 0| runtime:  810.0 ms | cr: 3239.8
    811. dt:  0.25 ms | #newton:  1 | ph:  0.0% | #CG/newton: 1538 | ls (cap|max|inv|bt):  0| 0| 0| 0| runtime:  798.5 ms | cr: 3194.0
    812. dt:  0.25 ms | #newton:  1 | ph:  0.0% | #CG/newton: 1540 | ls (cap|max|inv|bt):  0| 0| 0| 0| runtime:  843.4 ms | cr: 3373.6
    813. dt:  0.25 ms | #newton:  1 | ph:  0.0% | #CG/newton: 1531 | ls (cap|max|inv|bt):  0| 0| 0| 0| runtime:  805.6 ms | cr: 3222.5
    814. dt:  0.25 ms | #newton:  1 | ph:  0.0% | #CG/newton: 1529 | ls (cap|max|inv|bt):  0| 0| 0| 0| runtime:  799.3 ms | cr: 3197.0
    815. dt:  0.25 ms | #newton:  1 | ph:  0.0% | #CG/newton: 1525 | ls (cap|max|inv|bt):  0| 0| 0| 0| runtime:  793.0 ms | cr: 3172.0
    816. dt:  0.25 ms | #newton:  1 | ph:  0.0% | #CG/newton: 1525 | ls (cap|max|inv|bt):  0| 0| 0| 0| runtime:  803.0 ms | cr: 3212.1
    817. dt:  0.25 ms | #newton:  1 | ph:  0.0% | #CG/newton: 1520 | ls (cap|max|inv|bt):  0| 0| 0| 0| runtime:  803.9 ms | cr: 3215.4
    818. dt:  0.25 ms | #newton:  1 | ph:  0.0% | #CG/newton: 1517 | ls (cap|max|inv|bt):  0| 0| 0| 0| runtime:  792.4 ms | cr: 3169.5
    819. dt:  0.25 ms | #newton:  1 | ph:  0.0% | #CG/newton: 1518 | ls (cap|max|inv|bt):  0| 0| 0| 0| runtime:  786.7 ms | cr: 3146.8
    820. dt:  0.25 ms | #newton:  1 | ph:  0.0% | #CG/newton: 1520 | ls (cap|max|inv|bt):  0| 0| 0| 0| runtime:  794.9 ms | cr: 3179.7
    821. dt:  0.25 ms | #newton:  1 | ph:  0.0% | #CG/newton: 1517 | ls (cap|max|inv|bt):  0| 0| 0| 0| runtime:  787.9 ms | cr: 3151.4
    822. dt:  0.25 ms | #newton:  1 | ph:  0.0% | #CG/newton: 1516 | ls (cap|max|inv|bt):  0| 0| 0| 0| runtime:  790.8 ms | cr: 3163.1
    823. dt:  0.25 ms | #newton:  1 | ph:  0.0% | #CG/newton: 1516 | ls (cap|max|inv|bt):  0| 0| 0| 0| runtime:  789.1 ms | cr: 3156.3
    824. dt:  0.25 ms | #newton:  1 | ph:  0.0% | #CG/newton: 1520 | ls (cap|max|inv|bt):  0| 0| 0| 0| runtime:  794.1 ms | cr: 3176.4
    825. dt:  0.25 ms | #newton:  1 | ph:  0.0% | #CG/newton: 1516 | ls (cap|max|inv|bt):  0| 0| 0| 0| runtime:  794.4 ms | cr: 3177.5
    826. dt:  0.25 ms | #newton:  1 | ph:  0.0% | #CG/newton: 1687 | ls (cap|max|inv|bt):  0| 0| 0| 0| runtime:  873.8 ms | cr: 3495.0
    827. dt:  0.25 ms | #newton:  1 | ph:  0.0% | #CG/newton: 1509 | ls (cap|max|inv|bt):  0| 0| 0| 0| runtime:  798.0 ms | cr: 3192.0
    828. dt:  0.25 ms | #newton:  1 | ph:  0.0% | #CG/newton: 1682 | ls (cap|max|inv|bt):  0| 0| 0| 0| runtime:  865.8 ms | cr: 3463.1
    829. dt:  0.25 ms | #newton:  1 | ph:  0.0% | #CG/newton: 1502 | ls (cap|max|inv|bt):  0| 0| 0| 0| runtime:  783.5 ms | cr: 3133.9
    830. dt:  0.25 ms | #newton:  1 | ph:  0.0% | #CG/newton: 1503 | ls (cap|max|inv|bt):  0| 0| 0| 0| runtime:  787.5 ms | cr: 3150.0
    831. dt:  0.25 ms | #newton:  1 | ph:  0.0% | #CG/newton: 1503 | ls (cap|max|inv|bt):  0| 0| 0| 0| runtime:  788.7 ms | cr: 3154.8
    832. dt:  0.25 ms | #newton:  1 | ph:  0.0% | #CG/newton: 1503 | ls (cap|max|inv|bt):  0| 0| 0| 0| runtime:  779.9 ms | cr: 3119.6
    833. dt:  0.25 ms | #newton:  1 | ph:  0.0% | #CG/newton: 1689 | ls (cap|max|inv|bt):  0| 0| 0| 0| runtime:  859.9 ms | cr: 3439.7
    834. dt:  0.25 ms | #newton:  1 | ph:  0.0% | #CG/newton: 1687 | ls (cap|max|inv|bt):  0| 0| 0| 0| runtime:  855.6 ms | cr: 3422.4
    835. dt:  0.25 ms | #newton:  1 | ph:  0.0% | #CG/newton: 1693 | ls (cap|max|inv|bt):  0| 0| 0| 0| runtime:  866.2 ms | cr: 3464.6
    836. dt:  0.25 ms | #newton:  1 | ph:  0.0% | #CG/newton: 1697 | ls (cap|max|inv|bt):  0| 0| 0| 0| runtime:  980.3 ms | cr: 3921.2
    837. dt:  0.25 ms | #newton:  1 | ph:  0.0% | #CG/newton: 1703 | ls (cap|max|inv|bt):  0| 0| 0| 0| runtime:  889.5 ms | cr: 3557.9
    838. dt:  0.25 ms | #newton:  1 | ph:  0.0% | #CG/newton: 1549 | ls (cap|max|inv|bt):  0| 0| 0| 0| runtime:  804.7 ms | cr: 3219.0
    839. dt:  0.25 ms | #newton:  1 | ph:  0.0% | #CG/newton: 1525 | ls (cap|max|inv|bt):  0| 0| 0| 0| runtime:  796.1 ms | cr: 3184.3
    840. dt:  0.25 ms | #newton:  1 | ph:  0.0% | #CG/newton: 1537 | ls (cap|max|inv|bt):  0| 0| 0| 0| runtime:  798.5 ms | cr: 3194.0
    841. dt:  0.25 ms | #newton:  1 | ph:  0.0% | #CG/newton: 1530 | ls (cap|max|inv|bt):  0| 0| 0| 0| runtime:  800.0 ms | cr: 3200.1
    842. dt:  0.25 ms | #newton:  1 | ph:  0.0% | #CG/newton: 1536 | ls (cap|max|inv|bt):  0| 0| 0| 0| runtime:  803.1 ms | cr: 3212.3
    843. dt:  0.25 ms | #newton:  1 | ph:  0.0% | #CG/newton: 1535 | ls (cap|max|inv|bt):  0| 0| 0| 0| runtime:  800.1 ms | cr: 3200.4
    844. dt:  0.25 ms | #newton:  1 | ph:  0.0% | #CG/newton: 1533 | ls (cap|max|inv|bt):  0| 0| 0| 0| runtime:  903.1 ms | cr: 3612.6
    845. dt:  0.25 ms | #newton:  1 | ph:  0.0% | #CG/newton: 1537 | ls (cap|max|inv|bt):  0| 0| 0| 0| runtime:  799.3 ms | cr: 3197.2
    846. dt:  0.25 ms | #newton:  1 | ph:  0.0% | #CG/newton: 1529 | ls (cap|max|inv|bt):  0| 0| 0| 0| runtime:  800.6 ms | cr: 3202.6
    847. dt:  0.25 ms | #newton:  1 | ph:  0.0% | #CG/newton: 1540 | ls (cap|max|inv|bt):  0| 0| 0| 0| runtime:  823.4 ms | cr: 3293.5
    848. dt:  0.25 ms | #newton:  1 | ph:  0.0% | #CG/newton: 1527 | ls (cap|max|inv|bt):  0| 0| 0| 0| runtime:  811.6 ms | cr: 3246.6
    849. dt:  0.25 ms | #newton:  1 | ph:  0.0% | #CG/newton: 1543 | ls (cap|max|inv|bt):  0| 0| 0| 0| runtime:  824.5 ms | cr: 3297.9
    850. dt:  0.25 ms | #newton:  1 | ph:  0.0% | #CG/newton: 1528 | ls (cap|max|inv|bt):  0| 0| 0| 0| runtime:  812.6 ms | cr: 3250.5
    851. dt:  0.25 ms | #newton:  1 | ph:  0.0% | #CG/newton: 1548 | ls (cap|max|inv|bt):  0| 0| 0| 0| runtime:  804.5 ms | cr: 3218.1
    852. dt:  0.25 ms | #newton:  1 | ph:  0.0% | #CG/newton: 1533 | ls (cap|max|inv|bt):  0| 0| 0| 0| runtime:  823.7 ms | cr: 3294.7
    853. dt:  0.25 ms | #newton:  1 | ph:  0.0% | #CG/newton: 1548 | ls (cap|max|inv|bt):  0| 0| 0| 0| runtime:  811.3 ms | cr: 3245.3
    854. dt:  0.25 ms | #newton:  1 | ph:  0.0% | #CG/newton: 1545 | ls (cap|max|inv|bt):  0| 0| 0| 0| runtime:  815.7 ms | cr: 3262.7
    855. dt:  0.25 ms | #newton:  1 | ph:  0.0% | #CG/newton: 1549 | ls (cap|max|inv|bt):  0| 0| 0| 0| runtime:  807.9 ms | cr: 3231.7
    856. dt:  0.25 ms | #newton:  1 | ph:  0.0% | #CG/newton: 1545 | ls (cap|max|inv|bt):  0| 0| 0| 0| runtime:  812.9 ms | cr: 3251.4
    857. dt:  0.25 ms | #newton:  1 | ph:  0.0% | #CG/newton: 1545 | ls (cap|max|inv|bt):  0| 0| 0| 0| runtime:  816.1 ms | cr: 3264.5
    858. dt:  0.25 ms | #newton:  1 | ph:  0.0% | #CG/newton: 1544 | ls (cap|max|inv|bt):  0| 0| 0| 0| runtime:  814.9 ms | cr: 3259.5
    859. dt:  0.25 ms | #newton:  1 | ph:  0.0% | #CG/newton: 1545 | ls (cap|max|inv|bt):  0| 0| 0| 0| runtime:  817.6 ms | cr: 3270.3
    860. dt:  0.25 ms | #newton:  1 | ph:  0.0% | #CG/newton: 1543 | ls (cap|max|inv|bt):  0| 0| 0| 0| runtime:  798.5 ms | cr: 3194.1
    861. dt:  0.25 ms | #newton:  1 | ph:  0.0% | #CG/newton: 1544 | ls (cap|max|inv|bt):  0| 0| 0| 0| runtime:  813.8 ms | cr: 3255.2
    862. dt:  0.25 ms | #newton:  1 | ph:  0.0% | #CG/newton: 1543 | ls (cap|max|inv|bt):  0| 0| 0| 0| runtime:  803.6 ms | cr: 3214.3
    863. dt:  0.25 ms | #newton:  1 | ph:  0.0% | #CG/newton: 1528 | ls (cap|max|inv|bt):  0| 0| 0| 0| runtime:  798.1 ms | cr: 3192.2
    864. dt:  0.25 ms | #newton:  1 | ph:  0.0% | #CG/newton: 1543 | ls (cap|max|inv|bt):  0| 0| 0| 0| runtime:  811.7 ms | cr: 3247.0
    865. dt:  0.25 ms | #newton:  1 | ph:  0.0% | #CG/newton: 1535 | ls (cap|max|inv|bt):  0| 0| 0| 0| runtime:  793.9 ms | cr: 3175.7
    866. dt:  0.25 ms | #newton:  1 | ph:  0.0% | #CG/newton: 1548 | ls (cap|max|inv|bt):  0| 0| 0| 0| runtime:  812.8 ms | cr: 3251.3
    867. dt:  0.25 ms | #newton:  1 | ph:  0.0% | #CG/newton: 1523 | ls (cap|max|inv|bt):  0| 0| 0| 0| runtime:  792.8 ms | cr: 3171.4
    868. dt:  0.25 ms | #newton:  1 | ph:  0.0% | #CG/newton: 1555 | ls (cap|max|inv|bt):  0| 0| 0| 0| runtime:  813.3 ms | cr: 3253.0
    869. dt:  0.25 ms | #newton:  1 | ph:  0.0% | #CG/newton: 1518 | ls (cap|max|inv|bt):  0| 0| 0| 0| runtime:  792.7 ms | cr: 3170.8
    870. dt:  0.25 ms | #newton:  1 | ph:  0.0% | #CG/newton: 1691 | ls (cap|max|inv|bt):  0| 0| 0| 0| runtime:  861.6 ms | cr: 3446.4
    871. dt:  0.25 ms | #newton:  1 | ph:  0.0% | #CG/newton: 1716 | ls (cap|max|inv|bt):  0| 0| 0| 0| runtime:  867.6 ms | cr: 3470.4
    872. dt:  0.25 ms | #newton:  1 | ph:  0.0% | #CG/newton: 1706 | ls (cap|max|inv|bt):  0| 0| 0| 0| runtime:  868.7 ms | cr: 3474.9
    873. dt:  0.25 ms | #newton:  1 | ph:  0.0% | #CG/newton: 1695 | ls (cap|max|inv|bt):  0| 0| 0| 0| runtime:  880.4 ms | cr: 3521.8
    874. dt:  0.25 ms | #newton:  1 | ph:  0.0% | #CG/newton: 1685 | ls (cap|max|inv|bt):  0| 0| 0| 0| runtime:  857.5 ms | cr: 3430.1
    875. dt:  0.25 ms | #newton:  1 | ph:  0.0% | #CG/newton: 1697 | ls (cap|max|inv|bt):  0| 0| 0| 0| runtime:  860.0 ms | cr: 3439.8
    876. dt:  0.25 ms | #newton:  1 | ph:  0.0% | #CG/newton: 1700 | ls (cap|max|inv|bt):  0| 0| 0| 0| runtime:  866.1 ms | cr: 3464.4
    877. dt:  0.25 ms | #newton:  1 | ph:  0.0% | #CG/newton: 1717 | ls (cap|max|inv|bt):  0| 0| 0| 0| runtime:  868.7 ms | cr: 3475.0
    878. dt:  0.25 ms | #newton:  1 | ph:  0.0% | #CG/newton: 1704 | ls (cap|max|inv|bt):  0| 0| 0| 0| runtime:  895.9 ms | cr: 3583.4
    879. dt:  0.25 ms | #newton:  1 | ph:  0.0% | #CG/newton: 1721 | ls (cap|max|inv|bt):  0| 0| 0| 0| runtime:  871.1 ms | cr: 3484.6
    880. dt:  0.25 ms | #newton:  1 | ph:  0.0% | #CG/newton: 1720 | ls (cap|max|inv|bt):  0| 0| 0| 0| runtime:  882.0 ms | cr: 3528.0
    881. dt:  0.25 ms | #newton:  1 | ph:  0.0% | #CG/newton: 1713 | ls (cap|max|inv|bt):  0| 0| 0| 0| runtime:  861.4 ms | cr: 3445.7
    882. dt:  0.25 ms | #newton:  1 | ph:  0.0% | #CG/newton: 1558 | ls (cap|max|inv|bt):  0| 0| 0| 0| runtime:  811.4 ms | cr: 3245.7
    883. dt:  0.25 ms | #newton:  1 | ph:  0.0% | #CG/newton: 1559 | ls (cap|max|inv|bt):  0| 0| 0| 0| runtime:  816.5 ms | cr: 3266.0
    884. dt:  0.25 ms | #newton:  1 | ph:  0.0% | #CG/newton: 1557 | ls (cap|max|inv|bt):  0| 0| 0| 0| runtime:  811.7 ms | cr: 3246.7
    885. dt:  0.25 ms | #newton:  1 | ph:  0.0% | #CG/newton: 1556 | ls (cap|max|inv|bt):  0| 0| 0| 0| runtime:  814.2 ms | cr: 3256.9
    886. dt:  0.25 ms | #newton:  1 | ph:  0.0% | #CG/newton: 1558 | ls (cap|max|inv|bt):  0| 0| 0| 0| runtime:  806.6 ms | cr: 3226.3
    887. dt:  0.25 ms | #newton:  1 | ph:  0.0% | #CG/newton: 1559 | ls (cap|max|inv|bt):  0| 0| 0| 0| runtime:  804.6 ms | cr: 3218.6
    888. dt:  0.25 ms | #newton:  1 | ph:  0.0% | #CG/newton: 1560 | ls (cap|max|inv|bt):  0| 0| 0| 0| runtime:  841.1 ms | cr: 3364.5
    889. dt:  0.25 ms | #newton:  1 | ph:  0.0% | #CG/newton: 1561 | ls (cap|max|inv|bt):  0| 0| 0| 0| runtime:  816.9 ms | cr: 3267.7
    890. dt:  0.25 ms | #newton:  1 | ph:  0.0% | #CG/newton: 1561 | ls (cap|max|inv|bt):  0| 0| 0| 0| runtime:  807.2 ms | cr: 3228.9
    891. dt:  0.25 ms | #newton:  1 | ph:  0.0% | #CG/newton: 1564 | ls (cap|max|inv|bt):  0| 0| 0| 0| runtime:  808.3 ms | cr: 3233.1
    892. dt:  0.25 ms | #newton:  1 | ph:  0.0% | #CG/newton: 1565 | ls (cap|max|inv|bt):  0| 0| 0| 0| runtime:  816.0 ms | cr: 3264.0
    893. dt:  0.25 ms | #newton:  1 | ph:  0.0% | #CG/newton: 1566 | ls (cap|max|inv|bt):  0| 0| 0| 0| runtime:  807.3 ms | cr: 3229.1
    894. dt:  0.25 ms | #newton:  1 | ph:  0.0% | #CG/newton: 1566 | ls (cap|max|inv|bt):  0| 0| 0| 0| runtime:  816.4 ms | cr: 3265.7
    895. dt:  0.25 ms | #newton:  1 | ph:  0.0% | #CG/newton: 1569 | ls (cap|max|inv|bt):  0| 0| 0| 0| runtime:  807.3 ms | cr: 3229.3
    896. dt:  0.25 ms | #newton:  1 | ph:  0.0% | #CG/newton: 1397 | ls (cap|max|inv|bt):  0| 0| 0| 0| runtime:  739.1 ms | cr: 2956.5
    897. dt:  0.25 ms | #newton:  1 | ph:  0.0% | #CG/newton: 1391 | ls (cap|max|inv|bt):  0| 0| 0| 0| runtime:  752.6 ms | cr: 3010.5
    898. dt:  0.25 ms | #newton:  1 | ph:  0.0% | #CG/newton: 1357 | ls (cap|max|inv|bt):  0| 0| 0| 0| runtime:  726.9 ms | cr: 2907.4
    899. dt:  0.25 ms | #newton:  1 | ph:  0.0% | #CG/newton: 1387 | ls (cap|max|inv|bt):  0| 0| 0| 0| runtime:  729.5 ms | cr: 2918.2
    900. dt:  0.25 ms | #newton:  1 | ph:  0.0% | #CG/newton: 1386 | ls (cap|max|inv|bt):  0| 0| 0| 0| runtime:  743.0 ms | cr: 2971.8
    901. dt:  0.25 ms | #newton:  1 | ph:  0.0% | #CG/newton: 1392 | ls (cap|max|inv|bt):  0| 0| 0| 0| runtime:  743.7 ms | cr: 2974.9
    902. dt:  0.25 ms | #newton:  1 | ph:  0.0% | #CG/newton: 1392 | ls (cap|max|inv|bt):  0| 0| 0| 0| runtime:  751.9 ms | cr: 3007.7
    903. dt:  0.25 ms | #newton:  1 | ph:  0.0% | #CG/newton: 1387 | ls (cap|max|inv|bt):  0| 0| 0| 0| runtime:  738.5 ms | cr: 2954.2
    904. dt:  0.25 ms | #newton:  1 | ph:  0.0% | #CG/newton: 1393 | ls (cap|max|inv|bt):  0| 0| 0| 0| runtime:  729.8 ms | cr: 2919.1
    905. dt:  0.25 ms | #newton:  1 | ph:  0.0% | #CG/newton: 1372 | ls (cap|max|inv|bt):  0| 0| 0| 0| runtime:  722.0 ms | cr: 2887.9
    906. dt:  0.25 ms | #newton:  1 | ph:  0.0% | #CG/newton: 1396 | ls (cap|max|inv|bt):  0| 0| 0| 0| runtime:  735.6 ms | cr: 2942.6
    907. dt:  0.25 ms | #newton:  1 | ph:  0.0% | #CG/newton: 1357 | ls (cap|max|inv|bt):  0| 0| 0| 0| runtime:  732.8 ms | cr: 2931.2
    908. dt:  0.25 ms | #newton:  1 | ph:  0.0% | #CG/newton: 1393 | ls (cap|max|inv|bt):  0| 0| 0| 0| runtime:  732.5 ms | cr: 2930.1
    909. dt:  0.25 ms | #newton:  1 | ph:  0.0% | #CG/newton: 1370 | ls (cap|max|inv|bt):  0| 0| 0| 0| runtime:  744.9 ms | cr: 2979.5
    910. dt:  0.25 ms | #newton:  1 | ph:  0.0% | #CG/newton: 1394 | ls (cap|max|inv|bt):  0| 0| 0| 0| runtime:  754.2 ms | cr: 3016.7
    911. dt:  0.25 ms | #newton:  1 | ph:  0.0% | #CG/newton: 1369 | ls (cap|max|inv|bt):  0| 0| 0| 0| runtime:  790.1 ms | cr: 3160.6
    912. dt:  0.25 ms | #newton:  1 | ph:  0.0% | #CG/newton: 1394 | ls (cap|max|inv|bt):  0| 0| 0| 0| runtime:  769.3 ms | cr: 3077.2
    913. dt:  0.25 ms | #newton:  1 | ph:  0.0% | #CG/newton: 1381 | ls (cap|max|inv|bt):  0| 0| 0| 0| runtime:  730.0 ms | cr: 2919.9
    914. dt:  0.25 ms | #newton:  1 | ph:  0.0% | #CG/newton: 1395 | ls (cap|max|inv|bt):  0| 0| 0| 0| runtime:  735.0 ms | cr: 2940.0
    915. dt:  0.25 ms | #newton:  1 | ph:  0.0% | #CG/newton: 1390 | ls (cap|max|inv|bt):  0| 0| 0| 0| runtime:  738.0 ms | cr: 2952.0
    916. dt:  0.25 ms | #newton:  1 | ph:  0.0% | #CG/newton: 1396 | ls (cap|max|inv|bt):  0| 0| 0| 0| runtime:  734.9 ms | cr: 2939.5
    917. dt:  0.25 ms | #newton:  1 | ph:  0.0% | #CG/newton: 1399 | ls (cap|max|inv|bt):  0| 0| 0| 0| runtime:  795.8 ms | cr: 3183.3
    918. dt:  0.25 ms | #newton:  1 | ph:  0.0% | #CG/newton: 1388 | ls (cap|max|inv|bt):  0| 0| 0| 0| runtime:  775.1 ms | cr: 3100.4
    919. dt:  0.25 ms | #newton:  1 | ph:  0.0% | #CG/newton: 1398 | ls (cap|max|inv|bt):  0| 0| 0| 0| runtime:  780.1 ms | cr: 3120.5
    920. dt:  0.25 ms | #newton:  1 | ph:  0.0% | #CG/newton: 1361 | ls (cap|max|inv|bt):  0| 0| 0| 0| runtime:  755.2 ms | cr: 3020.9
    921. dt:  0.25 ms | #newton:  1 | ph:  0.0% | #CG/newton: 1396 | ls (cap|max|inv|bt):  0| 0| 0| 0| runtime:  937.4 ms | cr: 3749.6
    922. dt:  0.25 ms | #newton:  1 | ph:  0.0% | #CG/newton: 1179 | ls (cap|max|inv|bt):  0| 0| 0| 0| runtime:  702.7 ms | cr: 2810.9
    923. dt:  0.25 ms | #newton:  1 | ph:  0.0% | #CG/newton: 1156 | ls (cap|max|inv|bt):  0| 0| 0| 0| runtime:  695.8 ms | cr: 2783.1
    924. dt:  0.25 ms | #newton:  1 | ph:  0.0% | #CG/newton: 1172 | ls (cap|max|inv|bt):  0| 0| 0| 0| runtime:  742.8 ms | cr: 2971.3
    925. dt:  0.25 ms | #newton:  1 | ph:  0.0% | #CG/newton: 1176 | ls (cap|max|inv|bt):  0| 0| 0| 0| runtime:  724.4 ms | cr: 2897.4
    926. dt:  0.25 ms | #newton:  1 | ph:  0.0% | #CG/newton: 1178 | ls (cap|max|inv|bt):  0| 0| 0| 0| runtime:  682.3 ms | cr: 2729.2
    927. dt:  0.25 ms | #newton:  1 | ph:  0.0% | #CG/newton: 1172 | ls (cap|max|inv|bt):  0| 0| 0| 0| runtime:  676.1 ms | cr: 2704.5
    928. dt:  0.25 ms | #newton:  1 | ph:  0.0% | #CG/newton: 1169 | ls (cap|max|inv|bt):  0| 0| 0| 0| runtime:  679.8 ms | cr: 2719.0
    929. dt:  0.25 ms | #newton:  1 | ph:  0.0% | #CG/newton: 1180 | ls (cap|max|inv|bt):  0| 0| 0| 0| runtime:  677.0 ms | cr: 2708.0
    930. dt:  0.25 ms | #newton:  1 | ph:  0.0% | #CG/newton: 1170 | ls (cap|max|inv|bt):  0| 0| 0| 0| runtime:  671.2 ms | cr: 2684.7
    931. dt:  0.25 ms | #newton:  1 | ph:  0.0% | #CG/newton: 1159 | ls (cap|max|inv|bt):  0| 0| 0| 0| runtime:  666.6 ms | cr: 2666.6
    932. dt:  0.25 ms | #newton:  1 | ph:  0.0% | #CG/newton: 1177 | ls (cap|max|inv|bt):  0| 0| 0| 0| runtime:  671.3 ms | cr: 2685.1
    933. dt:  0.25 ms | #newton:  1 | ph:  0.0% | #CG/newton: 1173 | ls (cap|max|inv|bt):  0| 0| 0| 0| runtime:  675.3 ms | cr: 2701.3
[Frame: 7] Time: 0.234 s
    934. dt:  0.25 ms | #newton:  1 | ph:  0.0% | #CG/newton: 1160 | ls (cap|max|inv|bt):  0| 0| 0| 0| runtime:  671.3 ms | cr: 2685.2
    935. dt:  0.25 ms | #newton:  1 | ph:  0.0% | #CG/newton: 1168 | ls (cap|max|inv|bt):  0| 0| 0| 0| runtime:  687.2 ms | cr: 2748.9
    936. dt:  0.25 ms | #newton:  1 | ph:  0.0% | #CG/newton: 1173 | ls (cap|max|inv|bt):  0| 0| 0| 0| runtime:  665.9 ms | cr: 2663.4
    937. dt:  0.25 ms | #newton:  1 | ph:  0.0% | #CG/newton: 1164 | ls (cap|max|inv|bt):  0| 0| 0| 0| runtime:  669.7 ms | cr: 2678.7
    938. dt:  0.25 ms | #newton:  1 | ph:  0.0% | #CG/newton: 1160 | ls (cap|max|inv|bt):  0| 0| 0| 0| runtime:  668.7 ms | cr: 2675.0
    939. dt:  0.25 ms | #newton:  1 | ph:  0.0% | #CG/newton: 1158 | ls (cap|max|inv|bt):  0| 0| 0| 0| runtime:  701.6 ms | cr: 2806.4
    940. dt:  0.25 ms | #newton:  1 | ph:  0.0% | #CG/newton: 1152 | ls (cap|max|inv|bt):  0| 0| 0| 0| runtime:  667.9 ms | cr: 2671.7
    941. dt:  0.25 ms | #newton:  1 | ph:  0.0% | #CG/newton: 1153 | ls (cap|max|inv|bt):  0| 0| 0| 0| runtime:  669.3 ms | cr: 2677.0
    942. dt:  0.25 ms | #newton:  1 | ph:  0.0% | #CG/newton: 1159 | ls (cap|max|inv|bt):  0| 0| 0| 0| runtime:  669.5 ms | cr: 2677.8
    943. dt:  0.25 ms | #newton:  1 | ph:  0.0% | #CG/newton: 1151 | ls (cap|max|inv|bt):  0| 0| 0| 0| runtime:  664.1 ms | cr: 2656.2
    944. dt:  0.25 ms | #newton:  1 | ph:  0.0% | #CG/newton: 1140 | ls (cap|max|inv|bt):  0| 0| 0| 0| runtime:  654.1 ms | cr: 2616.5
    945. dt:  0.25 ms | #newton:  1 | ph:  0.0% | #CG/newton: 1155 | ls (cap|max|inv|bt):  0| 0| 0| 0| runtime:  672.2 ms | cr: 2688.7
    946. dt:  0.25 ms | #newton:  1 | ph:  0.0% | #CG/newton: 1144 | ls (cap|max|inv|bt):  0| 0| 0| 0| runtime:  657.5 ms | cr: 2630.0
    947. dt:  0.25 ms | #newton:  1 | ph:  0.0% | #CG/newton: 1154 | ls (cap|max|inv|bt):  0| 0| 0| 0| runtime:  656.2 ms | cr: 2624.8
    948. dt:  0.25 ms | #newton:  1 | ph:  0.0% | #CG/newton: 1153 | ls (cap|max|inv|bt):  0| 0| 0| 0| runtime:  631.5 ms | cr: 2526.1
    949. dt:  0.25 ms | #newton:  1 | ph:  0.0% | #CG/newton: 1156 | ls (cap|max|inv|bt):  0| 0| 0| 0| runtime:  633.4 ms | cr: 2533.7
    950. dt:  0.25 ms | #newton:  1 | ph:  0.0% | #CG/newton: 1152 | ls (cap|max|inv|bt):  0| 0| 0| 0| runtime:  631.2 ms | cr: 2524.7
    951. dt:  0.25 ms | #newton:  1 | ph:  0.0% | #CG/newton: 1153 | ls (cap|max|inv|bt):  0| 0| 0| 0| runtime:  641.0 ms | cr: 2564.0
    952. dt:  0.25 ms | #newton:  1 | ph:  0.0% | #CG/newton: 1152 | ls (cap|max|inv|bt):  0| 0| 0| 0| runtime:  635.2 ms | cr: 2541.0
    953. dt:  0.25 ms | #newton:  1 | ph:  0.0% | #CG/newton: 1157 | ls (cap|max|inv|bt):  0| 0| 0| 0| runtime:  636.9 ms | cr: 2547.7
    954. dt:  0.25 ms | #newton:  1 | ph:  0.0% | #CG/newton: 1156 | ls (cap|max|inv|bt):  0| 0| 0| 0| runtime:  642.3 ms | cr: 2569.1
    955. dt:  0.25 ms | #newton:  1 | ph:  0.0% | #CG/newton: 1153 | ls (cap|max|inv|bt):  0| 0| 0| 0| runtime:  635.4 ms | cr: 2541.5
    956. dt:  0.25 ms | #newton:  1 | ph:  0.0% | #CG/newton: 1152 | ls (cap|max|inv|bt):  0| 0| 0| 0| runtime:  631.4 ms | cr: 2525.7
    957. dt:  0.25 ms | #newton:  1 | ph:  0.0% | #CG/newton: 1151 | ls (cap|max|inv|bt):  0| 0| 0| 0| runtime:  637.9 ms | cr: 2551.8
    958. dt:  0.25 ms | #newton:  1 | ph:  0.0% | #CG/newton: 1160 | ls (cap|max|inv|bt):  0| 0| 0| 0| runtime:  643.0 ms | cr: 2572.0
    959. dt:  0.25 ms | #newton:  1 | ph:  0.0% | #CG/newton: 1159 | ls (cap|max|inv|bt):  0| 0| 0| 0| runtime:  710.5 ms | cr: 2841.9
    960. dt:  0.25 ms | #newton:  1 | ph:  0.0% | #CG/newton: 1158 | ls (cap|max|inv|bt):  0| 0| 0| 0| runtime:  644.3 ms | cr: 2577.3
    961. dt:  0.25 ms | #newton:  1 | ph:  0.0% | #CG/newton: 1156 | ls (cap|max|inv|bt):  0| 0| 0| 0| runtime:  636.6 ms | cr: 2546.4
    962. dt:  0.25 ms | #newton:  1 | ph:  0.0% | #CG/newton: 1154 | ls (cap|max|inv|bt):  0| 0| 0| 0| runtime:  633.0 ms | cr: 2532.2
    963. dt:  0.25 ms | #newton:  1 | ph:  0.0% | #CG/newton: 1152 | ls (cap|max|inv|bt):  0| 0| 0| 0| runtime:  631.4 ms | cr: 2525.8
    964. dt:  0.25 ms | #newton:  1 | ph:  0.0% | #CG/newton: 1147 | ls (cap|max|inv|bt):  0| 0| 0| 0| runtime:  646.1 ms | cr: 2584.6
    965. dt:  0.25 ms | #newton:  1 | ph:  0.0% | #CG/newton: 1157 | ls (cap|max|inv|bt):  0| 0| 0| 0| runtime:  642.5 ms | cr: 2569.8
    966. dt:  0.25 ms | #newton:  1 | ph:  0.0% | #CG/newton: 1161 | ls (cap|max|inv|bt):  0| 0| 0| 0| runtime:  637.2 ms | cr: 2548.6
    967. dt:  0.25 ms | #newton:  1 | ph:  0.0% | #CG/newton: 1163 | ls (cap|max|inv|bt):  0| 0| 0| 0| runtime:  636.7 ms | cr: 2547.0
    968. dt:  0.25 ms | #newton:  1 | ph:  0.0% | #CG/newton: 1157 | ls (cap|max|inv|bt):  0| 0| 0| 0| runtime:  632.2 ms | cr: 2528.7
    969. dt:  0.25 ms | #newton:  1 | ph:  0.0% | #CG/newton: 1156 | ls (cap|max|inv|bt):  0| 0| 0| 0| runtime:  651.0 ms | cr: 2604.2
    970. dt:  0.25 ms | #newton:  1 | ph:  0.0% | #CG/newton: 1162 | ls (cap|max|inv|bt):  0| 0| 0| 0| runtime:  636.6 ms | cr: 2546.4
    971. dt:  0.25 ms | #newton:  1 | ph:  0.0% | #CG/newton: 1161 | ls (cap|max|inv|bt):  0| 0| 0| 0| runtime:  637.3 ms | cr: 2549.2
    972. dt:  0.25 ms | #newton:  1 | ph:  0.0% | #CG/newton:  815 | ls (cap|max|inv|bt):  0| 0| 0| 0| runtime:  492.8 ms | cr: 1971.2
    973. dt:  0.25 ms | #newton:  1 | ph:  0.0% | #CG/newton: 1158 | ls (cap|max|inv|bt):  0| 0| 0| 0| runtime:  632.2 ms | cr: 2528.6
    974. dt:  0.25 ms | #newton:  1 | ph:  0.0% | #CG/newton:  813 | ls (cap|max|inv|bt):  0| 0| 0| 0| runtime:  496.4 ms | cr: 1985.6
    975. dt:  0.25 ms | #newton:  1 | ph:  0.0% | #CG/newton:  907 | ls (cap|max|inv|bt):  0| 0| 0| 0| runtime:  524.1 ms | cr: 2096.2
    976. dt:  0.25 ms | #newton:  1 | ph:  0.0% | #CG/newton:  805 | ls (cap|max|inv|bt):  0| 0| 0| 0| runtime:  491.9 ms | cr: 1967.4
    977. dt:  0.25 ms | #newton:  1 | ph:  0.0% | #CG/newton: 1162 | ls (cap|max|inv|bt):  0| 0| 0| 0| runtime:  633.7 ms | cr: 2534.7
    978. dt:  0.25 ms | #newton:  1 | ph:  0.0% | #CG/newton: 1161 | ls (cap|max|inv|bt):  0| 0| 0| 0| runtime:  632.6 ms | cr: 2530.6
    979. dt:  0.25 ms | #newton:  1 | ph:  0.0% | #CG/newton: 1157 | ls (cap|max|inv|bt):  0| 0| 0| 0| runtime:  633.7 ms | cr: 2534.6
    980. dt:  0.25 ms | #newton:  1 | ph:  0.0% | #CG/newton:  807 | ls (cap|max|inv|bt):  0| 0| 0| 0| runtime:  484.2 ms | cr: 1936.7
    981. dt:  0.25 ms | #newton:  1 | ph:  0.0% | #CG/newton:  800 | ls (cap|max|inv|bt):  0| 0| 0| 0| runtime:  489.0 ms | cr: 1955.8
    982. dt:  0.25 ms | #newton:  1 | ph:  0.0% | #CG/newton:  887 | ls (cap|max|inv|bt):  0| 0| 0| 0| runtime:  519.0 ms | cr: 2076.1
    983. dt:  0.25 ms | #newton:  1 | ph:  0.0% | #CG/newton:  800 | ls (cap|max|inv|bt):  0| 0| 0| 0| runtime:  487.5 ms | cr: 1950.0
    984. dt:  0.25 ms | #newton:  1 | ph:  0.0% | #CG/newton:  799 | ls (cap|max|inv|bt):  0| 0| 0| 0| runtime:  489.1 ms | cr: 1956.5
    985. dt:  0.25 ms | #newton:  1 | ph:  0.0% | #CG/newton:  880 | ls (cap|max|inv|bt):  0| 0| 0| 0| runtime:  514.1 ms | cr: 2056.3
    986. dt:  0.25 ms | #newton:  1 | ph:  0.0% | #CG/newton:  802 | ls (cap|max|inv|bt):  0| 0| 0| 0| runtime:  483.9 ms | cr: 1935.5
    987. dt:  0.25 ms | #newton:  1 | ph:  0.0% | #CG/newton:  881 | ls (cap|max|inv|bt):  0| 0| 0| 0| runtime:  520.0 ms | cr: 2080.0
    988. dt:  0.25 ms | #newton:  1 | ph:  0.0% | #CG/newton:  799 | ls (cap|max|inv|bt):  0| 0| 0| 0| runtime:  493.5 ms | cr: 1974.0
    989. dt:  0.25 ms | #newton:  1 | ph:  0.0% | #CG/newton:  887 | ls (cap|max|inv|bt):  0| 0| 0| 0| runtime:  527.3 ms | cr: 2109.4
    990. dt:  0.25 ms | #newton:  1 | ph:  0.0% | #CG/newton: 1157 | ls (cap|max|inv|bt):  0| 0| 0| 0| runtime:  638.6 ms | cr: 2554.6
    991. dt:  0.25 ms | #newton:  1 | ph:  0.0% | #CG/newton: 1158 | ls (cap|max|inv|bt):  0| 0| 0| 0| runtime:  647.0 ms | cr: 2587.8
    992. dt:  0.25 ms | #newton:  1 | ph:  0.0% | #CG/newton:  806 | ls (cap|max|inv|bt):  0| 0| 0| 0| runtime:  505.8 ms | cr: 2023.3
    993. dt:  0.25 ms | #newton:  1 | ph:  0.0% | #CG/newton:  883 | ls (cap|max|inv|bt):  0| 0| 0| 0| runtime:  534.6 ms | cr: 2138.3
    994. dt:  0.25 ms | #newton:  1 | ph:  0.0% | #CG/newton:  801 | ls (cap|max|inv|bt):  0| 0| 0| 0| runtime:  491.4 ms | cr: 1965.6
    995. dt:  0.25 ms | #newton:  1 | ph:  0.0% | #CG/newton:  878 | ls (cap|max|inv|bt):  0| 0| 0| 0| runtime:  529.4 ms | cr: 2117.7
    996. dt:  0.25 ms | #newton:  1 | ph:  0.0% | #CG/newton:  802 | ls (cap|max|inv|bt):  0| 0| 0| 0| runtime:  492.1 ms | cr: 1968.5
    997. dt:  0.25 ms | #newton:  1 | ph:  0.0% | #CG/newton: 1157 | ls (cap|max|inv|bt):  0| 0| 0| 0| runtime:  637.8 ms | cr: 2551.4
    998. dt:  0.25 ms | #newton:  1 | ph:  0.0% | #CG/newton: 1158 | ls (cap|max|inv|bt):  0| 0| 0| 0| runtime:  645.8 ms | cr: 2583.3
    999. dt:  0.25 ms | #newton:  1 | ph:  0.0% | #CG/newton: 1157 | ls (cap|max|inv|bt):  0| 0| 0| 0| runtime:  723.4 ms | cr: 2893.6
    1000. dt:  0.25 ms | #newton:  1 | ph:  0.0% | #CG/newton: 1156 | ls (cap|max|inv|bt):  0| 0| 0| 0| runtime:  655.4 ms | cr: 2621.8
    1001. dt:  0.25 ms | #newton:  1 | ph:  0.0% | #CG/newton: 1162 | ls (cap|max|inv|bt):  0| 0| 0| 0| runtime:  648.2 ms | cr: 2592.7
    1002. dt:  0.25 ms | #newton:  1 | ph:  0.0% | #CG/newton:  817 | ls (cap|max|inv|bt):  0| 0| 0| 0| runtime:  491.4 ms | cr: 1965.4
    1003. dt:  0.25 ms | #newton:  1 | ph:  0.0% | #CG/newton:  883 | ls (cap|max|inv|bt):  0| 0| 0| 0| runtime:  528.2 ms | cr: 2112.9
    1004. dt:  0.25 ms | #newton:  1 | ph:  0.0% | #CG/newton:  801 | ls (cap|max|inv|bt):  0| 0| 0| 0| runtime:  491.3 ms | cr: 1965.3
    1005. dt:  0.25 ms | #newton:  1 | ph:  0.0% | #CG/newton:  883 | ls (cap|max|inv|bt):  0| 0| 0| 0| runtime:  527.0 ms | cr: 2108.0
    1006. dt:  0.25 ms | #newton:  1 | ph:  0.0% | #CG/newton:  808 | ls (cap|max|inv|bt):  0| 0| 0| 0| runtime:  491.8 ms | cr: 1967.0
    1007. dt:  0.25 ms | #newton:  1 | ph:  0.0% | #CG/newton: 1157 | ls (cap|max|inv|bt):  0| 0| 0| 0| runtime:  633.8 ms | cr: 2535.1
    1008. dt:  0.25 ms | #newton:  1 | ph:  0.0% | #CG/newton: 1159 | ls (cap|max|inv|bt):  0| 0| 0| 0| runtime:  639.6 ms | cr: 2558.2
    1009. dt:  0.25 ms | #newton:  1 | ph:  0.0% | #CG/newton: 1157 | ls (cap|max|inv|bt):  0| 0| 0| 0| runtime:  636.5 ms | cr: 2545.9
    1010. dt:  0.25 ms | #newton:  1 | ph:  0.0% | #CG/newton: 1154 | ls (cap|max|inv|bt):  0| 0| 0| 0| runtime:  643.0 ms | cr: 2571.9
    1011. dt:  0.25 ms | #newton:  1 | ph:  0.0% | #CG/newton: 1161 | ls (cap|max|inv|bt):  0| 0| 0| 0| runtime:  643.5 ms | cr: 2573.9
    1012. dt:  0.25 ms | #newton:  1 | ph:  0.0% | #CG/newton: 1157 | ls (cap|max|inv|bt):  0| 0| 0| 0| runtime:  632.1 ms | cr: 2528.4
    1013. dt:  0.25 ms | #newton:  1 | ph:  0.0% | #CG/newton: 1152 | ls (cap|max|inv|bt):  0| 0| 0| 0| runtime:  632.7 ms | cr: 2530.7
    1014. dt:  0.25 ms | #newton:  1 | ph:  0.0% | #CG/newton: 1160 | ls (cap|max|inv|bt):  0| 0| 0| 0| runtime:  648.3 ms | cr: 2593.3
    1015. dt:  0.25 ms | #newton:  1 | ph:  0.0% | #CG/newton: 1158 | ls (cap|max|inv|bt):  0| 0| 0| 0| runtime:  641.6 ms | cr: 2566.6
    1016. dt:  0.25 ms | #newton:  1 | ph:  0.0% | #CG/newton: 1154 | ls (cap|max|inv|bt):  0| 0| 0| 0| runtime:  640.0 ms | cr: 2560.2
    1017. dt:  0.25 ms | #newton:  1 | ph:  0.0% | #CG/newton: 1148 | ls (cap|max|inv|bt):  0| 0| 0| 0| runtime:  639.6 ms | cr: 2558.6
    1018. dt:  0.25 ms | #newton:  1 | ph:  0.0% | #CG/newton: 1155 | ls (cap|max|inv|bt):  0| 0| 0| 0| runtime:  638.8 ms | cr: 2555.1
    1019. dt:  0.25 ms | #newton:  1 | ph:  0.0% | #CG/newton: 1159 | ls (cap|max|inv|bt):  0| 0| 0| 0| runtime:  633.7 ms | cr: 2534.8
    1020. dt:  0.25 ms | #newton:  1 | ph:  0.0% | #CG/newton: 1161 | ls (cap|max|inv|bt):  0| 0| 0| 0| runtime:  649.1 ms | cr: 2596.4
    1021. dt:  0.25 ms | #newton:  1 | ph:  0.0% | #CG/newton: 1154 | ls (cap|max|inv|bt):  0| 0| 0| 0| runtime:  635.3 ms | cr: 2541.2
    1022. dt:  0.25 ms | #newton:  1 | ph:  0.0% | #CG/newton: 1156 | ls (cap|max|inv|bt):  0| 0| 0| 0| runtime:  637.3 ms | cr: 2549.2
    1023. dt:  0.25 ms | #newton:  1 | ph:  0.0% | #CG/newton: 1153 | ls (cap|max|inv|bt):  0| 0| 0| 0| runtime:  634.6 ms | cr: 2538.4
    1024. dt:  0.25 ms | #newton:  1 | ph:  0.0% | #CG/newton: 1149 | ls (cap|max|inv|bt):  0| 0| 0| 0| runtime:  631.8 ms | cr: 2527.1
    1025. dt:  0.25 ms | #newton:  1 | ph:  0.0% | #CG/newton: 1139 | ls (cap|max|inv|bt):  0| 0| 0| 0| runtime:  624.7 ms | cr: 2498.8
    1026. dt:  0.25 ms | #newton:  1 | ph:  0.0% | #CG/newton: 1155 | ls (cap|max|inv|bt):  0| 0| 0| 0| runtime:  636.1 ms | cr: 2544.2
    1027. dt:  0.25 ms | #newton:  1 | ph:  0.0% | #CG/newton: 1155 | ls (cap|max|inv|bt):  0| 0| 0| 0| runtime:  633.1 ms | cr: 2532.6
    1028. dt:  0.25 ms | #newton:  1 | ph:  0.0% | #CG/newton: 1155 | ls (cap|max|inv|bt):  0| 0| 0| 0| runtime:  629.9 ms | cr: 2519.7
    1029. dt:  0.25 ms | #newton:  1 | ph:  0.0% | #CG/newton: 1156 | ls (cap|max|inv|bt):  0| 0| 0| 0| runtime:  635.2 ms | cr: 2541.0
    1030. dt:  0.25 ms | #newton:  1 | ph:  0.0% | #CG/newton: 1153 | ls (cap|max|inv|bt):  0| 0| 0| 0| runtime:  634.4 ms | cr: 2537.6
    1031. dt:  0.25 ms | #newton:  1 | ph:  0.0% | #CG/newton: 1153 | ls (cap|max|inv|bt):  0| 0| 0| 0| runtime:  631.7 ms | cr: 2526.8
    1032. dt:  0.25 ms | #newton:  1 | ph:  0.0% | #CG/newton: 1148 | ls (cap|max|inv|bt):  0| 0| 0| 0| runtime:  636.3 ms | cr: 2545.1
    1033. dt:  0.25 ms | #newton:  1 | ph:  0.0% | #CG/newton: 1149 | ls (cap|max|inv|bt):  0| 0| 0| 0| runtime:  631.4 ms | cr: 2525.5
    1034. dt:  0.25 ms | #newton:  1 | ph:  0.0% | #CG/newton: 1158 | ls (cap|max|inv|bt):  0| 0| 0| 0| runtime:  650.0 ms | cr: 2599.9
    1035. dt:  0.25 ms | #newton:  1 | ph:  0.0% | #CG/newton: 1159 | ls (cap|max|inv|bt):  0| 0| 0| 0| runtime:  640.6 ms | cr: 2562.4
    1036. dt:  0.25 ms | #newton:  1 | ph:  0.0% | #CG/newton: 1155 | ls (cap|max|inv|bt):  0| 0| 0| 0| runtime:  642.3 ms | cr: 2569.1
    1037. dt:  0.25 ms | #newton:  1 | ph:  0.0% | #CG/newton: 1154 | ls (cap|max|inv|bt):  0| 0| 0| 0| runtime:  632.6 ms | cr: 2530.6
    1038. dt:  0.25 ms | #newton:  1 | ph:  0.0% | #CG/newton: 1158 | ls (cap|max|inv|bt):  0| 0| 0| 0| runtime:  636.4 ms | cr: 2545.4
    1039. dt:  0.25 ms | #newton:  1 | ph:  0.0% | #CG/newton: 1157 | ls (cap|max|inv|bt):  0| 0| 0| 0| runtime:  635.2 ms | cr: 2540.9
    1040. dt:  0.25 ms | #newton:  1 | ph:  0.0% | #CG/newton: 1151 | ls (cap|max|inv|bt):  0| 0| 0| 0| runtime:  633.0 ms | cr: 2532.2
    1041. dt:  0.25 ms | #newton:  1 | ph:  0.0% | #CG/newton: 1154 | ls (cap|max|inv|bt):  0| 0| 0| 0| runtime:  635.3 ms | cr: 2541.2
    1042. dt:  0.25 ms | #newton:  1 | ph:  0.0% | #CG/newton: 1152 | ls (cap|max|inv|bt):  0| 0| 0| 0| runtime:  632.1 ms | cr: 2528.2
    1043. dt:  0.25 ms | #newton:  1 | ph:  0.0% | #CG/newton: 1153 | ls (cap|max|inv|bt):  0| 0| 0| 0| runtime:  632.5 ms | cr: 2530.1
    1044. dt:  0.25 ms | #newton:  1 | ph:  0.0% | #CG/newton: 1152 | ls (cap|max|inv|bt):  0| 0| 0| 0| runtime:  628.9 ms | cr: 2515.7
    1045. dt:  0.25 ms | #newton:  1 | ph:  0.0% | #CG/newton: 1152 | ls (cap|max|inv|bt):  0| 0| 0| 0| runtime:  632.2 ms | cr: 2528.7
    1046. dt:  0.25 ms | #newton:  1 | ph:  0.0% | #CG/newton: 1161 | ls (cap|max|inv|bt):  0| 0| 0| 0| runtime:  634.0 ms | cr: 2535.9
    1047. dt:  0.25 ms | #newton:  1 | ph:  0.0% | #CG/newton: 1159 | ls (cap|max|inv|bt):  0| 0| 0| 0| runtime:  645.2 ms | cr: 2580.6
    1048. dt:  0.25 ms | #newton:  1 | ph:  0.0% | #CG/newton: 1152 | ls (cap|max|inv|bt):  0| 0| 0| 0| runtime:  634.1 ms | cr: 2536.4
    1049. dt:  0.25 ms | #newton:  1 | ph:  0.0% | #CG/newton: 1152 | ls (cap|max|inv|bt):  0| 0| 0| 0| runtime:  630.8 ms | cr: 2523.1
    1050. dt:  0.25 ms | #newton:  1 | ph:  0.0% | #CG/newton: 1149 | ls (cap|max|inv|bt):  0| 0| 0| 0| runtime:  629.8 ms | cr: 2519.3
    1051. dt:  0.25 ms | #newton:  1 | ph:  0.0% | #CG/newton: 1151 | ls (cap|max|inv|bt):  0| 0| 0| 0| runtime:  626.7 ms | cr: 2506.7
    1052. dt:  0.25 ms | #newton:  1 | ph:  0.0% | #CG/newton: 1154 | ls (cap|max|inv|bt):  0| 0| 0| 0| runtime:  641.4 ms | cr: 2565.8
    1053. dt:  0.25 ms | #newton:  1 | ph:  0.0% | #CG/newton: 1157 | ls (cap|max|inv|bt):  0| 0| 0| 0| runtime:  633.8 ms | cr: 2535.4
    1054. dt:  0.25 ms | #newton:  1 | ph:  0.0% | #CG/newton: 1156 | ls (cap|max|inv|bt):  0| 0| 0| 0| runtime:  656.8 ms | cr: 2627.0
    1055. dt:  0.25 ms | #newton:  1 | ph:  0.0% | #CG/newton: 1152 | ls (cap|max|inv|bt):  0| 0| 0| 0| runtime:  628.7 ms | cr: 2514.8
    1056. dt:  0.25 ms | #newton:  1 | ph:  0.0% | #CG/newton: 1158 | ls (cap|max|inv|bt):  0| 0| 0| 0| runtime:  637.8 ms | cr: 2551.0
    1057. dt:  0.25 ms | #newton:  1 | ph:  0.0% | #CG/newton: 1154 | ls (cap|max|inv|bt):  0| 0| 0| 0| runtime:  632.8 ms | cr: 2531.0
    1058. dt:  0.25 ms | #newton:  1 | ph:  0.0% | #CG/newton: 1148 | ls (cap|max|inv|bt):  0| 0| 0| 0| runtime:  635.1 ms | cr: 2540.5
    1059. dt:  0.25 ms | #newton:  1 | ph:  0.0% | #CG/newton: 1153 | ls (cap|max|inv|bt):  0| 0| 0| 0| runtime:  636.3 ms | cr: 2545.1
    1060. dt:  0.25 ms | #newton:  1 | ph:  0.0% | #CG/newton: 1157 | ls (cap|max|inv|bt):  0| 0| 0| 0| runtime:  643.7 ms | cr: 2575.0
    1061. dt:  0.25 ms | #newton:  1 | ph:  0.0% | #CG/newton: 1157 | ls (cap|max|inv|bt):  0| 0| 0| 0| runtime:  641.2 ms | cr: 2564.9
    1062. dt:  0.25 ms | #newton:  1 | ph:  0.0% | #CG/newton: 1151 | ls (cap|max|inv|bt):  0| 0| 0| 0| runtime:  630.8 ms | cr: 2523.3
    1063. dt:  0.25 ms | #newton:  1 | ph:  0.0% | #CG/newton: 1158 | ls (cap|max|inv|bt):  0| 0| 0| 0| runtime:  633.0 ms | cr: 2532.1
    1064. dt:  0.25 ms | #newton:  1 | ph:  0.0% | #CG/newton: 1153 | ls (cap|max|inv|bt):  0| 0| 0| 0| runtime:  636.2 ms | cr: 2544.7
    1065. dt:  0.25 ms | #newton:  1 | ph:  0.0% | #CG/newton: 1155 | ls (cap|max|inv|bt):  0| 0| 0| 0| runtime:  645.6 ms | cr: 2582.5
    1066. dt:  0.25 ms | #newton:  1 | ph:  0.0% | #CG/newton: 1149 | ls (cap|max|inv|bt):  0| 0| 0| 0| runtime:  643.0 ms | cr: 2572.0
[Frame: 8] Time: 0.267 s
    1067. dt:  0.25 ms | #newton:  1 | ph:  0.0% | #CG/newton: 1156 | ls (cap|max|inv|bt):  0| 0| 0| 0| runtime:  640.2 ms | cr: 2560.9
    1068. dt:  0.25 ms | #newton:  1 | ph:  0.0% | #CG/newton: 1152 | ls (cap|max|inv|bt):  0| 0| 0| 0| runtime:  650.0 ms | cr: 2600.2
    1069. dt:  0.25 ms | #newton:  1 | ph:  0.0% | #CG/newton: 1153 | ls (cap|max|inv|bt):  0| 0| 0| 0| runtime:  637.6 ms | cr: 2550.3
    1070. dt:  0.25 ms | #newton:  1 | ph:  0.0% | #CG/newton: 1158 | ls (cap|max|inv|bt):  0| 0| 0| 0| runtime:  634.7 ms | cr: 2538.7
    1071. dt:  0.25 ms | #newton:  1 | ph:  0.0% | #CG/newton: 1156 | ls (cap|max|inv|bt):  0| 0| 0| 0| runtime:  635.0 ms | cr: 2540.1
    1072. dt:  0.25 ms | #newton:  1 | ph:  0.0% | #CG/newton: 1155 | ls (cap|max|inv|bt):  0| 0| 0| 0| runtime:  633.1 ms | cr: 2532.2
    1073. dt:  0.25 ms | #newton:  1 | ph:  0.0% | #CG/newton: 1155 | ls (cap|max|inv|bt):  0| 0| 0| 0| runtime:  637.6 ms | cr: 2550.4
    1074. dt:  0.25 ms | #newton:  1 | ph:  0.0% | #CG/newton: 1153 | ls (cap|max|inv|bt):  0| 0| 0| 0| runtime:  640.5 ms | cr: 2562.0
    1075. dt:  0.25 ms | #newton:  1 | ph:  0.0% | #CG/newton: 1161 | ls (cap|max|inv|bt):  0| 0| 0| 0| runtime:  639.0 ms | cr: 2556.0
    1076. dt:  0.25 ms | #newton:  1 | ph:  0.0% | #CG/newton: 1159 | ls (cap|max|inv|bt):  0| 0| 0| 0| runtime:  637.8 ms | cr: 2551.2
    1077. dt:  0.25 ms | #newton:  1 | ph:  0.0% | #CG/newton: 1143 | ls (cap|max|inv|bt):  0| 0| 0| 0| runtime:  626.6 ms | cr: 2506.2
    1078. dt:  0.25 ms | #newton:  1 | ph:  0.0% | #CG/newton: 1157 | ls (cap|max|inv|bt):  0| 0| 0| 0| runtime:  638.8 ms | cr: 2555.1
    1079. dt:  0.25 ms | #newton:  1 | ph:  0.0% | #CG/newton: 1157 | ls (cap|max|inv|bt):  0| 0| 0| 0| runtime:  634.2 ms | cr: 2536.8
    1080. dt:  0.25 ms | #newton:  1 | ph:  0.0% | #CG/newton: 1153 | ls (cap|max|inv|bt):  0| 0| 0| 0| runtime:  636.5 ms | cr: 2546.1
    1081. dt:  0.25 ms | #newton:  1 | ph:  0.0% | #CG/newton: 1156 | ls (cap|max|inv|bt):  0| 0| 0| 0| runtime:  637.2 ms | cr: 2548.7
    1082. dt:  0.25 ms | #newton:  1 | ph:  0.0% | #CG/newton: 1156 | ls (cap|max|inv|bt):  0| 0| 0| 0| runtime:  639.9 ms | cr: 2559.4
    1083. dt:  0.25 ms | #newton:  1 | ph:  0.0% | #CG/newton: 1152 | ls (cap|max|inv|bt):  0| 0| 0| 0| runtime:  632.2 ms | cr: 2529.0
    1084. dt:  0.25 ms | #newton:  1 | ph:  0.0% | #CG/newton: 1154 | ls (cap|max|inv|bt):  0| 0| 0| 0| runtime:  683.3 ms | cr: 2733.3
    1085. dt:  0.25 ms | #newton:  1 | ph:  0.0% | #CG/newton: 1160 | ls (cap|max|inv|bt):  0| 0| 0| 0| runtime:  641.0 ms | cr: 2564.2
    1086. dt:  0.25 ms | #newton:  1 | ph:  0.0% | #CG/newton: 1154 | ls (cap|max|inv|bt):  0| 0| 0| 0| runtime:  644.4 ms | cr: 2577.6
    1087. dt:  0.25 ms | #newton:  1 | ph:  0.0% | #CG/newton: 1136 | ls (cap|max|inv|bt):  0| 0| 0| 0| runtime:  628.1 ms | cr: 2512.4
    1088. dt:  0.25 ms | #newton:  1 | ph:  0.0% | #CG/newton: 1156 | ls (cap|max|inv|bt):  0| 0| 0| 0| runtime:  642.4 ms | cr: 2569.5
    1089. dt:  0.25 ms | #newton:  1 | ph:  0.0% | #CG/newton: 1155 | ls (cap|max|inv|bt):  0| 0| 0| 0| runtime:  652.6 ms | cr: 2610.3
    1090. dt:  0.25 ms | #newton:  1 | ph:  0.0% | #CG/newton: 1152 | ls (cap|max|inv|bt):  0| 0| 0| 0| runtime:  635.3 ms | cr: 2541.1
    1091. dt:  0.25 ms | #newton:  1 | ph:  0.0% | #CG/newton: 1146 | ls (cap|max|inv|bt):  0| 0| 0| 0| runtime:  639.4 ms | cr: 2557.7
    1092. dt:  0.25 ms | #newton:  1 | ph:  0.0% | #CG/newton: 1155 | ls (cap|max|inv|bt):  0| 0| 0| 0| runtime:  660.7 ms | cr: 2642.6
    1093. dt:  0.25 ms | #newton:  1 | ph:  0.0% | #CG/newton: 1155 | ls (cap|max|inv|bt):  0| 0| 0| 0| runtime:  638.6 ms | cr: 2554.5
    1094. dt:  0.25 ms | #newton:  1 | ph:  0.0% | #CG/newton: 1152 | ls (cap|max|inv|bt):  0| 0| 0| 0| runtime:  635.7 ms | cr: 2542.9
    1095. dt:  0.25 ms | #newton:  1 | ph:  0.0% | #CG/newton: 1152 | ls (cap|max|inv|bt):  0| 0| 0| 0| runtime:  638.1 ms | cr: 2552.6
    1096. dt:  0.25 ms | #newton:  1 | ph:  0.0% | #CG/newton: 1147 | ls (cap|max|inv|bt):  0| 0| 0| 0| runtime:  629.2 ms | cr: 2516.8
    1097. dt:  0.25 ms | #newton:  1 | ph:  0.0% | #CG/newton: 1151 | ls (cap|max|inv|bt):  0| 0| 0| 0| runtime:  638.5 ms | cr: 2553.9
    1098. dt:  0.25 ms | #newton:  1 | ph:  0.0% | #CG/newton: 1165 | ls (cap|max|inv|bt):  0| 0| 0| 0| runtime:  643.4 ms | cr: 2573.7
    1099. dt:  0.25 ms | #newton:  1 | ph:  0.0% | #CG/newton: 1153 | ls (cap|max|inv|bt):  0| 0| 0| 0| runtime:  638.6 ms | cr: 2554.4
    1100. dt:  0.25 ms | #newton:  1 | ph:  0.0% | #CG/newton: 1151 | ls (cap|max|inv|bt):  0| 0| 0| 0| runtime:  643.5 ms | cr: 2573.8
    1101. dt:  0.25 ms | #newton:  1 | ph:  0.0% | #CG/newton: 1154 | ls (cap|max|inv|bt):  0| 0| 0| 0| runtime:  637.8 ms | cr: 2551.1
    1102. dt:  0.25 ms | #newton:  1 | ph:  0.0% | #CG/newton: 1134 | ls (cap|max|inv|bt):  0| 0| 0| 0| runtime:  628.5 ms | cr: 2514.1
    1103. dt:  0.25 ms | #newton:  1 | ph:  0.0% | #CG/newton: 1149 | ls (cap|max|inv|bt):  0| 0| 0| 0| runtime:  636.1 ms | cr: 2544.4
    1104. dt:  0.25 ms | #newton:  1 | ph:  0.0% | #CG/newton: 1149 | ls (cap|max|inv|bt):  0| 0| 0| 0| runtime:  644.2 ms | cr: 2576.8
    1105. dt:  0.25 ms | #newton:  1 | ph:  0.0% | #CG/newton: 1148 | ls (cap|max|inv|bt):  0| 0| 0| 0| runtime:  643.9 ms | cr: 2575.4
    1106. dt:  0.25 ms | #newton:  1 | ph:  0.0% | #CG/newton: 1150 | ls (cap|max|inv|bt):  0| 0| 0| 0| runtime:  721.0 ms | cr: 2883.9
    1107. dt:  0.25 ms | #newton:  1 | ph:  0.0% | #CG/newton: 1150 | ls (cap|max|inv|bt):  0| 0| 0| 0| runtime:  651.5 ms | cr: 2605.9
    1108. dt:  0.25 ms | #newton:  1 | ph:  0.0% | #CG/newton: 1147 | ls (cap|max|inv|bt):  0| 0| 0| 0| runtime:  629.5 ms | cr: 2517.9
    1109. dt:  0.25 ms | #newton:  1 | ph:  0.0% | #CG/newton: 1144 | ls (cap|max|inv|bt):  0| 0| 0| 0| runtime:  652.3 ms | cr: 2609.1
    1110. dt:  0.25 ms | #newton:  1 | ph:  0.0% | #CG/newton: 1121 | ls (cap|max|inv|bt):  0| 0| 0| 0| runtime:  723.1 ms | cr: 2892.2
    1111. dt:  0.25 ms | #newton:  1 | ph:  0.0% | #CG/newton: 1146 | ls (cap|max|inv|bt):  0| 0| 0| 0| runtime:  865.5 ms | cr: 3462.2
    1112. dt:  0.25 ms | #newton:  1 | ph:  0.0% | #CG/newton: 1071 | ls (cap|max|inv|bt):  0| 0| 0| 0| runtime:  607.5 ms | cr: 2430.1
    1113. dt:  0.25 ms | #newton:  1 | ph:  0.0% | #CG/newton: 1145 | ls (cap|max|inv|bt):  0| 0| 0| 0| runtime:  631.3 ms | cr: 2525.0
    1114. dt:  0.25 ms | #newton:  1 | ph:  0.0% | #CG/newton: 1153 | ls (cap|max|inv|bt):  0| 0| 0| 0| runtime:  637.4 ms | cr: 2549.7
    1115. dt:  0.25 ms | #newton:  1 | ph:  0.0% | #CG/newton: 1150 | ls (cap|max|inv|bt):  0| 0| 0| 0| runtime:  647.1 ms | cr: 2588.3
    1116. dt:  0.25 ms | #newton:  1 | ph:  0.0% | #CG/newton: 1157 | ls (cap|max|inv|bt):  0| 0| 0| 0| runtime:  643.1 ms | cr: 2572.3
    1117. dt:  0.25 ms | #newton:  1 | ph:  0.0% | #CG/newton: 1150 | ls (cap|max|inv|bt):  0| 0| 0| 0| runtime:  631.7 ms | cr: 2526.7
    1118. dt:  0.25 ms | #newton:  1 | ph:  0.0% | #CG/newton: 1156 | ls (cap|max|inv|bt):  0| 0| 0| 0| runtime:  633.1 ms | cr: 2532.2
    1119. dt:  0.25 ms | #newton:  1 | ph:  0.0% | #CG/newton: 1150 | ls (cap|max|inv|bt):  0| 0| 0| 0| runtime:  639.9 ms | cr: 2559.5
    1120. dt:  0.25 ms | #newton:  1 | ph:  0.0% | #CG/newton: 1071 | ls (cap|max|inv|bt):  0| 0| 0| 0| runtime:  601.4 ms | cr: 2405.5
    1121. dt:  0.25 ms | #newton:  1 | ph:  0.0% | #CG/newton: 1145 | ls (cap|max|inv|bt):  0| 0| 0| 0| runtime:  636.5 ms | cr: 2546.0
    1122. dt:  0.25 ms | #newton:  1 | ph:  0.0% | #CG/newton: 1148 | ls (cap|max|inv|bt):  0| 0| 0| 0| runtime:  639.8 ms | cr: 2559.2
    1123. dt:  0.25 ms | #newton:  1 | ph:  0.0% | #CG/newton: 1148 | ls (cap|max|inv|bt):  0| 0| 0| 0| runtime:  628.9 ms | cr: 2515.6
    1124. dt:  0.25 ms | #newton:  1 | ph:  0.0% | #CG/newton: 1150 | ls (cap|max|inv|bt):  0| 0| 0| 0| runtime:  634.7 ms | cr: 2538.9
    1125. dt:  0.25 ms | #newton:  1 | ph:  0.0% | #CG/newton: 1149 | ls (cap|max|inv|bt):  0| 0| 0| 0| runtime:  631.8 ms | cr: 2527.2
    1126. dt:  0.25 ms | #newton:  1 | ph:  0.0% | #CG/newton: 1150 | ls (cap|max|inv|bt):  0| 0| 0| 0| runtime:  639.3 ms | cr: 2557.1
    1127. dt:  0.25 ms | #newton:  1 | ph:  0.0% | #CG/newton: 1151 | ls (cap|max|inv|bt):  0| 0| 0| 0| runtime:  635.0 ms | cr: 2539.9
    1128. dt:  0.25 ms | #newton:  1 | ph:  0.0% | #CG/newton: 1152 | ls (cap|max|inv|bt):  0| 0| 0| 0| runtime:  641.1 ms | cr: 2564.2
    1129. dt:  0.25 ms | #newton:  1 | ph:  0.0% | #CG/newton: 1152 | ls (cap|max|inv|bt):  0| 0| 0| 0| runtime:  639.2 ms | cr: 2556.9
    1130. dt:  0.25 ms | #newton:  1 | ph:  0.0% | #CG/newton: 1150 | ls (cap|max|inv|bt):  0| 0| 0| 0| runtime:  637.4 ms | cr: 2549.4
    1131. dt:  0.25 ms | #newton:  1 | ph:  0.0% | #CG/newton: 1151 | ls (cap|max|inv|bt):  0| 0| 0| 0| runtime:  640.0 ms | cr: 2560.1
    1132. dt:  0.25 ms | #newton:  1 | ph:  0.0% | #CG/newton: 1152 | ls (cap|max|inv|bt):  0| 0| 0| 0| runtime:  636.3 ms | cr: 2545.3
    1133. dt:  0.25 ms | #newton:  1 | ph:  0.0% | #CG/newton: 1150 | ls (cap|max|inv|bt):  0| 0| 0| 0| runtime:  635.9 ms | cr: 2543.7
    1134. dt:  0.25 ms | #newton:  1 | ph:  0.0% | #CG/newton: 1153 | ls (cap|max|inv|bt):  0| 0| 0| 0| runtime:  642.6 ms | cr: 2570.6
    1135. dt:  0.25 ms | #newton:  1 | ph:  0.0% | #CG/newton: 1151 | ls (cap|max|inv|bt):  0| 0| 0| 0| runtime:  633.9 ms | cr: 2535.5
    1136. dt:  0.25 ms | #newton:  1 | ph:  0.0% | #CG/newton: 1152 | ls (cap|max|inv|bt):  0| 0| 0| 0| runtime:  634.5 ms | cr: 2537.9
    1137. dt:  0.25 ms | #newton:  1 | ph:  0.0% | #CG/newton: 1152 | ls (cap|max|inv|bt):  0| 0| 0| 0| runtime:  640.0 ms | cr: 2559.9
    1138. dt:  0.25 ms | #newton:  1 | ph:  0.0% | #CG/newton: 1153 | ls (cap|max|inv|bt):  0| 0| 0| 0| runtime:  638.3 ms | cr: 2553.2
    1139. dt:  0.25 ms | #newton:  1 | ph:  0.0% | #CG/newton: 1152 | ls (cap|max|inv|bt):  0| 0| 0| 0| runtime:  645.4 ms | cr: 2581.7
    1140. dt:  0.25 ms | #newton:  1 | ph:  0.0% | #CG/newton: 1151 | ls (cap|max|inv|bt):  0| 0| 0| 0| runtime:  640.0 ms | cr: 2560.0
    1141. dt:  0.25 ms | #newton:  1 | ph:  0.0% | #CG/newton: 1152 | ls (cap|max|inv|bt):  0| 0| 0| 0| runtime:  637.2 ms | cr: 2548.8
    1142. dt:  0.25 ms | #newton:  1 | ph:  0.0% | #CG/newton: 1154 | ls (cap|max|inv|bt):  0| 0| 0| 0| runtime:  635.9 ms | cr: 2543.4
    1143. dt:  0.25 ms | #newton:  1 | ph:  0.0% | #CG/newton: 1152 | ls (cap|max|inv|bt):  0| 0| 0| 0| runtime:  633.0 ms | cr: 2532.1
    1144. dt:  0.25 ms | #newton:  1 | ph:  0.0% | #CG/newton: 1154 | ls (cap|max|inv|bt):  0| 0| 0| 0| runtime:  632.4 ms | cr: 2529.8
    1145. dt:  0.25 ms | #newton:  1 | ph:  0.0% | #CG/newton: 1153 | ls (cap|max|inv|bt):  0| 0| 0| 0| runtime:  658.0 ms | cr: 2631.9
    1146. dt:  0.25 ms | #newton:  1 | ph:  0.0% | #CG/newton: 1153 | ls (cap|max|inv|bt):  0| 0| 0| 0| runtime:  655.5 ms | cr: 2622.1
    1147. dt:  0.25 ms | #newton:  1 | ph:  0.0% | #CG/newton: 1152 | ls (cap|max|inv|bt):  0| 0| 0| 0| runtime:  647.2 ms | cr: 2588.9
    1148. dt:  0.25 ms | #newton:  1 | ph:  0.0% | #CG/newton: 1155 | ls (cap|max|inv|bt):  0| 0| 0| 0| runtime:  632.4 ms | cr: 2529.6
    1149. dt:  0.25 ms | #newton:  1 | ph:  0.0% | #CG/newton: 1155 | ls (cap|max|inv|bt):  0| 0| 0| 0| runtime:  632.5 ms | cr: 2530.0
    1150. dt:  0.25 ms | #newton:  1 | ph:  0.0% | #CG/newton: 1154 | ls (cap|max|inv|bt):  0| 0| 0| 0| runtime:  646.3 ms | cr: 2585.1
    1151. dt:  0.25 ms | #newton:  1 | ph:  0.0% | #CG/newton: 1156 | ls (cap|max|inv|bt):  0| 0| 0| 0| runtime:  654.1 ms | cr: 2616.2
    1152. dt:  0.25 ms | #newton:  1 | ph:  0.0% | #CG/newton: 1153 | ls (cap|max|inv|bt):  0| 0| 0| 0| runtime:  646.3 ms | cr: 2585.2
    1153. dt:  0.25 ms | #newton:  1 | ph:  0.0% | #CG/newton: 1154 | ls (cap|max|inv|bt):  0| 0| 0| 0| runtime:  638.8 ms | cr: 2555.2
    1154. dt:  0.25 ms | #newton:  1 | ph:  0.0% | #CG/newton: 1153 | ls (cap|max|inv|bt):  0| 0| 0| 0| runtime:  636.6 ms | cr: 2546.4
    1155. dt:  0.25 ms | #newton:  1 | ph:  0.0% | #CG/newton: 1155 | ls (cap|max|inv|bt):  0| 0| 0| 0| runtime:  636.0 ms | cr: 2543.8
    1156. dt:  0.25 ms | #newton:  1 | ph:  0.0% | #CG/newton: 1157 | ls (cap|max|inv|bt):  0| 0| 0| 0| runtime:  639.0 ms | cr: 2556.1
    1157. dt:  0.25 ms | #newton:  1 | ph:  0.0% | #CG/newton: 1156 | ls (cap|max|inv|bt):  0| 0| 0| 0| runtime:  639.1 ms | cr: 2556.5
    1158. dt:  0.25 ms | #newton:  1 | ph:  0.0% | #CG/newton: 1157 | ls (cap|max|inv|bt):  0| 0| 0| 0| runtime:  650.6 ms | cr: 2602.6
    1159. dt:  0.25 ms | #newton:  1 | ph:  0.0% | #CG/newton: 1157 | ls (cap|max|inv|bt):  0| 0| 0| 0| runtime:  644.5 ms | cr: 2578.0
    1160. dt:  0.25 ms | #newton:  1 | ph:  0.0% | #CG/newton: 1156 | ls (cap|max|inv|bt):  0| 0| 0| 0| runtime:  638.0 ms | cr: 2552.1
    1161. dt:  0.25 ms | #newton:  1 | ph:  0.0% | #CG/newton: 1157 | ls (cap|max|inv|bt):  0| 0| 0| 0| runtime:  634.5 ms | cr: 2538.1
    1162. dt:  0.25 ms | #newton:  1 | ph:  0.0% | #CG/newton: 1158 | ls (cap|max|inv|bt):  0| 0| 0| 0| runtime:  645.4 ms | cr: 2581.5
    1163. dt:  0.25 ms | #newton:  1 | ph:  0.0% | #CG/newton: 1159 | ls (cap|max|inv|bt):  0| 0| 0| 0| runtime:  656.3 ms | cr: 2625.2
    1164. dt:  0.25 ms | #newton:  1 | ph:  0.0% | #CG/newton: 1157 | ls (cap|max|inv|bt):  0| 0| 0| 0| runtime:  651.7 ms | cr: 2606.6
    1165. dt:  0.25 ms | #newton:  1 | ph:  0.0% | #CG/newton: 1158 | ls (cap|max|inv|bt):  0| 0| 0| 0| runtime:  639.3 ms | cr: 2557.4
    1166. dt:  0.25 ms | #newton:  1 | ph:  0.0% | #CG/newton: 1158 | ls (cap|max|inv|bt):  0| 0| 0| 0| runtime:  644.7 ms | cr: 2578.8
    1167. dt:  0.25 ms | #newton:  1 | ph:  0.0% | #CG/newton: 1159 | ls (cap|max|inv|bt):  0| 0| 0| 0| runtime:  641.2 ms | cr: 2564.9
    1168. dt:  0.25 ms | #newton:  1 | ph:  0.0% | #CG/newton: 1162 | ls (cap|max|inv|bt):  0| 0| 0| 0| runtime:  649.7 ms | cr: 2598.6
    1169. dt:  0.25 ms | #newton:  1 | ph:  0.0% | #CG/newton: 1161 | ls (cap|max|inv|bt):  0| 0| 0| 0| runtime:  647.0 ms | cr: 2588.2
    1170. dt:  0.25 ms | #newton:  1 | ph:  0.0% | #CG/newton: 1160 | ls (cap|max|inv|bt):  0| 0| 0| 0| runtime:  649.0 ms | cr: 2595.9
    1171. dt:  0.25 ms | #newton:  1 | ph:  0.0% | #CG/newton: 1160 | ls (cap|max|inv|bt):  0| 0| 0| 0| runtime:  640.8 ms | cr: 2563.0
    1172. dt:  0.25 ms | #newton:  1 | ph:  0.0% | #CG/newton: 1162 | ls (cap|max|inv|bt):  0| 0| 0| 0| runtime:  644.4 ms | cr: 2577.7
    1173. dt:  0.25 ms | #newton:  1 | ph:  0.0% | #CG/newton: 1161 | ls (cap|max|inv|bt):  0| 0| 0| 0| runtime:  641.4 ms | cr: 2565.4
    1174. dt:  0.25 ms | #newton:  1 | ph:  0.0% | #CG/newton: 1159 | ls (cap|max|inv|bt):  0| 0| 0| 0| runtime:  643.0 ms | cr: 2571.8
    1175. dt:  0.25 ms | #newton:  1 | ph:  0.0% | #CG/newton: 1161 | ls (cap|max|inv|bt):  0| 0| 0| 0| runtime:  641.9 ms | cr: 2567.8
    1176. dt:  0.25 ms | #newton:  1 | ph:  0.0% | #CG/newton: 1160 | ls (cap|max|inv|bt):  0| 0| 0| 0| runtime:  644.1 ms | cr: 2576.4
    1177. dt:  0.25 ms | #newton:  1 | ph:  0.0% | #CG/newton: 1159 | ls (cap|max|inv|bt):  0| 0| 0| 0| runtime:  638.8 ms | cr: 2555.3
    1178. dt:  0.25 ms | #newton:  1 | ph:  0.0% | #CG/newton: 1162 | ls (cap|max|inv|bt):  0| 0| 0| 0| runtime:  650.1 ms | cr: 2600.3
    1179. dt:  0.25 ms | #newton:  1 | ph:  0.0% | #CG/newton: 1162 | ls (cap|max|inv|bt):  0| 0| 0| 0| runtime:  643.1 ms | cr: 2572.3
    1180. dt:  0.25 ms | #newton:  1 | ph:  0.0% | #CG/newton: 1160 | ls (cap|max|inv|bt):  0| 0| 0| 0| runtime:  639.1 ms | cr: 2556.6
    1181. dt:  0.25 ms | #newton:  1 | ph:  0.0% | #CG/newton: 1160 | ls (cap|max|inv|bt):  0| 0| 0| 0| runtime:  710.1 ms | cr: 2840.5
    1182. dt:  0.25 ms | #newton:  1 | ph:  0.0% | #CG/newton: 1159 | ls (cap|max|inv|bt):  0| 0| 0| 0| runtime:  672.5 ms | cr: 2690.1
    1183. dt:  0.25 ms | #newton:  1 | ph:  0.0% | #CG/newton: 1158 | ls (cap|max|inv|bt):  0| 0| 0| 0| runtime:  656.9 ms | cr: 2627.8
    1184. dt:  0.25 ms | #newton:  1 | ph:  0.0% | #CG/newton: 1162 | ls (cap|max|inv|bt):  0| 0| 0| 0| runtime:  691.6 ms | cr: 2766.3
    1185. dt:  0.25 ms | #newton:  1 | ph:  0.0% | #CG/newton: 1161 | ls (cap|max|inv|bt):  0| 0| 0| 0| runtime:  657.4 ms | cr: 2629.7
    1186. dt:  0.25 ms | #newton:  1 | ph:  0.0% | #CG/newton: 1159 | ls (cap|max|inv|bt):  0| 0| 0| 0| runtime:  644.4 ms | cr: 2577.5
    1187. dt:  0.25 ms | #newton:  1 | ph:  0.0% | #CG/newton:  783 | ls (cap|max|inv|bt):  0| 0| 0| 0| runtime:  494.2 ms | cr: 1976.8
    1188. dt:  0.25 ms | #newton:  1 | ph:  0.0% | #CG/newton:  880 | ls (cap|max|inv|bt):  0| 0| 0| 0| runtime:  530.7 ms | cr: 2122.9
    1189. dt:  0.25 ms | #newton:  1 | ph:  0.0% | #CG/newton: 1155 | ls (cap|max|inv|bt):  0| 0| 0| 0| runtime:  639.7 ms | cr: 2558.8
    1190. dt:  0.25 ms | #newton:  1 | ph:  0.0% | #CG/newton:  779 | ls (cap|max|inv|bt):  0| 0| 0| 0| runtime:  482.9 ms | cr: 1931.8
    1191. dt:  0.25 ms | #newton:  1 | ph:  0.0% | #CG/newton:  885 | ls (cap|max|inv|bt):  0| 0| 0| 0| runtime:  524.8 ms | cr: 2099.4
    1192. dt:  0.25 ms | #newton:  1 | ph:  0.0% | #CG/newton: 1156 | ls (cap|max|inv|bt):  0| 0| 0| 0| runtime:  641.5 ms | cr: 2565.8
    1193. dt:  0.25 ms | #newton:  1 | ph:  0.0% | #CG/newton: 1136 | ls (cap|max|inv|bt):  0| 0| 0| 0| runtime:  633.2 ms | cr: 2532.9
    1194. dt:  0.25 ms | #newton:  1 | ph:  0.0% | #CG/newton: 1163 | ls (cap|max|inv|bt):  0| 0| 0| 0| runtime:  662.0 ms | cr: 2647.8
    1195. dt:  0.25 ms | #newton:  1 | ph:  0.0% | #CG/newton: 1161 | ls (cap|max|inv|bt):  0| 0| 0| 0| runtime:  640.0 ms | cr: 2559.8
    1196. dt:  0.25 ms | #newton:  1 | ph:  0.0% | #CG/newton: 1163 | ls (cap|max|inv|bt):  0| 0| 0| 0| runtime:  654.6 ms | cr: 2618.6
    1197. dt:  0.25 ms | #newton:  1 | ph:  0.0% | #CG/newton:  777 | ls (cap|max|inv|bt):  0| 0| 0| 0| runtime:  487.8 ms | cr: 1951.0
    1198. dt:  0.25 ms | #newton:  1 | ph:  0.0% | #CG/newton:  882 | ls (cap|max|inv|bt):  0| 0| 0| 0| runtime:  527.3 ms | cr: 2109.1
    1199. dt:  0.25 ms | #newton:  1 | ph:  0.0% | #CG/newton:  783 | ls (cap|max|inv|bt):  0| 0| 0| 0| runtime:  489.7 ms | cr: 1958.8
    1200. dt:  0.25 ms | #newton:  1 | ph:  0.0% | #CG/newton:  804 | ls (cap|max|inv|bt):  0| 0| 0| 0| runtime:  563.4 ms | cr: 2253.5
[Frame: 9] Time: 0.300 s
    1201. dt:  0.25 ms | #newton:  1 | ph:  0.0% | #CG/newton: 1161 | ls (cap|max|inv|bt):  0| 0| 0| 0| runtime:  647.2 ms | cr: 2588.9
    1202. dt:  0.25 ms | #newton:  1 | ph:  0.0% | #CG/newton: 1161 | ls (cap|max|inv|bt):  0| 0| 0| 0| runtime:  657.9 ms | cr: 2631.5
    1203. dt:  0.25 ms | #newton:  1 | ph:  0.0% | #CG/newton: 1161 | ls (cap|max|inv|bt):  0| 0| 0| 0| runtime:  639.4 ms | cr: 2557.6
    1204. dt:  0.25 ms | #newton:  1 | ph:  0.0% | #CG/newton: 1155 | ls (cap|max|inv|bt):  0| 0| 0| 0| runtime:  639.7 ms | cr: 2558.6
    1205. dt:  0.25 ms | #newton:  1 | ph:  0.0% | #CG/newton: 1157 | ls (cap|max|inv|bt):  0| 0| 0| 0| runtime:  638.0 ms | cr: 2552.2
    1206. dt:  0.25 ms | #newton:  1 | ph:  0.0% | #CG/newton: 1163 | ls (cap|max|inv|bt):  0| 0| 0| 0| runtime:  638.2 ms | cr: 2552.6
    1207. dt:  0.25 ms | #newton:  1 | ph:  0.0% | #CG/newton: 1161 | ls (cap|max|inv|bt):  0| 0| 0| 0| runtime:  641.5 ms | cr: 2566.0
    1208. dt:  0.25 ms | #newton:  1 | ph:  0.0% | #CG/newton: 1160 | ls (cap|max|inv|bt):  0| 0| 0| 0| runtime:  641.8 ms | cr: 2567.0
    1209. dt:  0.25 ms | #newton:  1 | ph:  0.0% | #CG/newton: 1148 | ls (cap|max|inv|bt):  0| 0| 0| 0| runtime:  634.7 ms | cr: 2538.6
    1210. dt:  0.25 ms | #newton:  1 | ph:  0.0% | #CG/newton: 1158 | ls (cap|max|inv|bt):  0| 0| 0| 0| runtime:  647.4 ms | cr: 2589.4
    1211. dt:  0.25 ms | #newton:  1 | ph:  0.0% | #CG/newton: 1162 | ls (cap|max|inv|bt):  0| 0| 0| 0| runtime:  637.5 ms | cr: 2550.2
    1212. dt:  0.25 ms | #newton:  1 | ph:  0.0% | #CG/newton: 1160 | ls (cap|max|inv|bt):  0| 0| 0| 0| runtime:  643.5 ms | cr: 2574.1
    1213. dt:  0.25 ms | #newton:  1 | ph:  0.0% | #CG/newton: 1160 | ls (cap|max|inv|bt):  0| 0| 0| 0| runtime:  648.9 ms | cr: 2595.4
    1214. dt:  0.25 ms | #newton:  1 | ph:  0.0% | #CG/newton: 1156 | ls (cap|max|inv|bt):  0| 0| 0| 0| runtime:  648.6 ms | cr: 2594.4
    1215. dt:  0.25 ms | #newton:  1 | ph:  0.0% | #CG/newton: 1129 | ls (cap|max|inv|bt):  0| 0| 0| 0| runtime:  639.7 ms | cr: 2558.7
    1216. dt:  0.25 ms | #newton:  1 | ph:  0.0% | #CG/newton: 1159 | ls (cap|max|inv|bt):  0| 0| 0| 0| runtime:  665.3 ms | cr: 2661.3
    1217. dt:  0.25 ms | #newton:  1 | ph:  0.0% | #CG/newton: 1157 | ls (cap|max|inv|bt):  0| 0| 0| 0| runtime:  681.1 ms | cr: 2724.3
    1218. dt:  0.25 ms | #newton:  1 | ph:  0.0% | #CG/newton: 1145 | ls (cap|max|inv|bt):  0| 0| 0| 0| runtime:  678.2 ms | cr: 2712.7
    1219. dt:  0.25 ms | #newton:  1 | ph:  0.0% | #CG/newton: 1159 | ls (cap|max|inv|bt):  0| 0| 0| 0| runtime:  652.7 ms | cr: 2610.7
    1220. dt:  0.25 ms | #newton:  1 | ph:  0.0% | #CG/newton: 1158 | ls (cap|max|inv|bt):  0| 0| 0| 0| runtime:  635.7 ms | cr: 2543.0
    1221. dt:  0.25 ms | #newton:  1 | ph:  0.0% | #CG/newton: 1159 | ls (cap|max|inv|bt):  0| 0| 0| 0| runtime:  640.7 ms | cr: 2562.8
    1222. dt:  0.25 ms | #newton:  1 | ph:  0.0% | #CG/newton: 1156 | ls (cap|max|inv|bt):  0| 0| 0| 0| runtime:  638.4 ms | cr: 2553.6
    1223. dt:  0.25 ms | #newton:  1 | ph:  0.0% | #CG/newton: 1149 | ls (cap|max|inv|bt):  0| 0| 0| 0| runtime:  636.7 ms | cr: 2546.6
    1224. dt:  0.25 ms | #newton:  1 | ph:  0.0% | #CG/newton: 1157 | ls (cap|max|inv|bt):  0| 0| 0| 0| runtime:  640.1 ms | cr: 2560.2
    1225. dt:  0.25 ms | #newton:  1 | ph:  0.0% | #CG/newton: 1092 | ls (cap|max|inv|bt):  0| 0| 0| 0| runtime:  635.5 ms | cr: 2541.9
    1226. dt:  0.25 ms | #newton:  1 | ph:  0.0% | #CG/newton: 1151 | ls (cap|max|inv|bt):  0| 0| 0| 0| runtime:  638.3 ms | cr: 2553.3
    1227. dt:  0.25 ms | #newton:  1 | ph:  0.0% | #CG/newton: 1156 | ls (cap|max|inv|bt):  0| 0| 0| 0| runtime:  644.7 ms | cr: 2578.9
    1228. dt:  0.25 ms | #newton:  1 | ph:  0.0% | #CG/newton: 1158 | ls (cap|max|inv|bt):  0| 0| 0| 0| runtime:  645.0 ms | cr: 2579.9
    1229. dt:  0.25 ms | #newton:  1 | ph:  0.0% | #CG/newton: 1045 | ls (cap|max|inv|bt):  0| 0| 0| 0| runtime:  602.2 ms | cr: 2408.9
    1230. dt:  0.25 ms | #newton:  1 | ph:  0.0% | #CG/newton: 1156 | ls (cap|max|inv|bt):  0| 0| 0| 0| runtime:  644.2 ms | cr: 2576.9
    1231. dt:  0.25 ms | #newton:  1 | ph:  0.0% | #CG/newton: 1160 | ls (cap|max|inv|bt):  0| 0| 0| 0| runtime:  646.1 ms | cr: 2584.5
    1232. dt:  0.25 ms | #newton:  1 | ph:  0.0% | #CG/newton: 1155 | ls (cap|max|inv|bt):  0| 0| 0| 0| runtime:  639.9 ms | cr: 2559.6
    1233. dt:  0.25 ms | #newton:  1 | ph:  0.0% | #CG/newton: 1154 | ls (cap|max|inv|bt):  0| 0| 0| 0| runtime:  638.3 ms | cr: 2553.1
    1234. dt:  0.25 ms | #newton:  1 | ph:  0.0% | #CG/newton: 1157 | ls (cap|max|inv|bt):  0| 0| 0| 0| runtime:  634.7 ms | cr: 2538.8
    1235. dt:  0.25 ms | #newton:  1 | ph:  0.0% | #CG/newton: 1155 | ls (cap|max|inv|bt):  0| 0| 0| 0| runtime:  643.4 ms | cr: 2573.5
    1236. dt:  0.25 ms | #newton:  1 | ph:  0.0% | #CG/newton: 1153 | ls (cap|max|inv|bt):  0| 0| 0| 0| runtime:  663.8 ms | cr: 2655.1
    1237. dt:  0.25 ms | #newton:  1 | ph:  0.0% | #CG/newton: 1158 | ls (cap|max|inv|bt):  0| 0| 0| 0| runtime:  643.2 ms | cr: 2572.7
    1238. dt:  0.25 ms | #newton:  1 | ph:  0.0% | #CG/newton: 1153 | ls (cap|max|inv|bt):  0| 0| 0| 0| runtime:  648.1 ms | cr: 2592.2
    1239. dt:  0.25 ms | #newton:  1 | ph:  0.0% | #CG/newton: 1153 | ls (cap|max|inv|bt):  0| 0| 0| 0| runtime:  646.5 ms | cr: 2585.9
    1240. dt:  0.25 ms | #newton:  1 | ph:  0.0% | #CG/newton: 1156 | ls (cap|max|inv|bt):  0| 0| 0| 0| runtime:  647.9 ms | cr: 2591.4
    1241. dt:  0.25 ms | #newton:  1 | ph:  0.0% | #CG/newton: 1152 | ls (cap|max|inv|bt):  0| 0| 0| 0| runtime:  664.1 ms | cr: 2656.5
    1242. dt:  0.25 ms | #newton:  1 | ph:  0.0% | #CG/newton: 1157 | ls (cap|max|inv|bt):  0| 0| 0| 0| runtime:  661.9 ms | cr: 2647.7
    1243. dt:  0.25 ms | #newton:  1 | ph:  0.0% | #CG/newton: 1154 | ls (cap|max|inv|bt):  0| 0| 0| 0| runtime:  650.3 ms | cr: 2601.4
    1244. dt:  0.25 ms | #newton:  1 | ph:  0.0% | #CG/newton: 1154 | ls (cap|max|inv|bt):  0| 0| 0| 0| runtime:  644.1 ms | cr: 2576.5
    1245. dt:  0.25 ms | #newton:  1 | ph:  0.0% | #CG/newton: 1147 | ls (cap|max|inv|bt):  0| 0| 0| 0| runtime:  643.6 ms | cr: 2574.3
    1246. dt:  0.25 ms | #newton:  1 | ph:  0.0% | #CG/newton: 1155 | ls (cap|max|inv|bt):  0| 0| 0| 0| runtime:  637.9 ms | cr: 2551.6
    1247. dt:  0.25 ms | #newton:  1 | ph:  0.0% | #CG/newton: 1161 | ls (cap|max|inv|bt):  0| 0| 0| 0| runtime:  645.7 ms | cr: 2582.7
    1248. dt:  0.25 ms | #newton:  1 | ph:  0.0% | #CG/newton: 1159 | ls (cap|max|inv|bt):  0| 0| 0| 0| runtime:  646.5 ms | cr: 2586.0
    1249. dt:  0.25 ms | #newton:  1 | ph:  0.0% | #CG/newton: 1154 | ls (cap|max|inv|bt):  0| 0| 0| 0| runtime:  645.6 ms | cr: 2582.5
    1250. dt:  0.25 ms | #newton:  1 | ph:  0.0% | #CG/newton: 1154 | ls (cap|max|inv|bt):  0| 0| 0| 0| runtime:  644.2 ms | cr: 2576.8
    1251. dt:  0.25 ms | #newton:  1 | ph:  0.0% | #CG/newton: 1158 | ls (cap|max|inv|bt):  0| 0| 0| 0| runtime:  649.5 ms | cr: 2597.9
    1252. dt:  0.25 ms | #newton:  1 | ph:  0.0% | #CG/newton: 1155 | ls (cap|max|inv|bt):  0| 0| 0| 0| runtime:  640.4 ms | cr: 2561.6
    1253. dt:  0.25 ms | #newton:  1 | ph:  0.0% | #CG/newton: 1154 | ls (cap|max|inv|bt):  0| 0| 0| 0| runtime:  641.4 ms | cr: 2565.7
    1254. dt:  0.25 ms | #newton:  1 | ph:  0.0% | #CG/newton: 1146 | ls (cap|max|inv|bt):  0| 0| 0| 0| runtime:  641.0 ms | cr: 2563.9
    1255. dt:  0.25 ms | #newton:  1 | ph:  0.0% | #CG/newton: 1161 | ls (cap|max|inv|bt):  0| 0| 0| 0| runtime:  646.1 ms | cr: 2584.2
    1256. dt:  0.25 ms | #newton:  1 | ph:  0.0% | #CG/newton: 1158 | ls (cap|max|inv|bt):  0| 0| 0| 0| runtime:  657.7 ms | cr: 2630.9
    1257. dt:  0.25 ms | #newton:  1 | ph:  0.0% | #CG/newton: 1160 | ls (cap|max|inv|bt):  0| 0| 0| 0| runtime:  649.4 ms | cr: 2597.6
    1258. dt:  0.25 ms | #newton:  1 | ph:  0.0% | #CG/newton: 1155 | ls (cap|max|inv|bt):  0| 0| 0| 0| runtime:  641.5 ms | cr: 2566.2
    1259. dt:  0.25 ms | #newton:  1 | ph:  0.0% | #CG/newton: 1157 | ls (cap|max|inv|bt):  0| 0| 0| 0| runtime:  641.0 ms | cr: 2564.1
    1260. dt:  0.25 ms | #newton:  1 | ph:  0.0% | #CG/newton: 1158 | ls (cap|max|inv|bt):  0| 0| 0| 0| runtime:  641.5 ms | cr: 2566.1
    1261. dt:  0.25 ms | #newton:  1 | ph:  0.0% | #CG/newton: 1156 | ls (cap|max|inv|bt):  0| 0| 0| 0| runtime:  646.9 ms | cr: 2587.8
    1262. dt:  0.25 ms | #newton:  1 | ph:  0.0% | #CG/newton: 1158 | ls (cap|max|inv|bt):  0| 0| 0| 0| runtime:  645.0 ms | cr: 2579.9
    1263. dt:  0.25 ms | #newton:  1 | ph:  0.0% | #CG/newton: 1153 | ls (cap|max|inv|bt):  0| 0| 0| 0| runtime:  644.2 ms | cr: 2577.0
    1264. dt:  0.25 ms | #newton:  1 | ph:  0.0% | #CG/newton: 1156 | ls (cap|max|inv|bt):  0| 0| 0| 0| runtime:  635.7 ms | cr: 2542.7
    1265. dt:  0.25 ms | #newton:  1 | ph:  0.0% | #CG/newton: 1158 | ls (cap|max|inv|bt):  0| 0| 0| 0| runtime:  639.6 ms | cr: 2558.4
    1266. dt:  0.25 ms | #newton:  1 | ph:  0.0% | #CG/newton: 1156 | ls (cap|max|inv|bt):  0| 0| 0| 0| runtime:  648.3 ms | cr: 2593.3
    1267. dt:  0.25 ms | #newton:  1 | ph:  0.0% | #CG/newton: 1162 | ls (cap|max|inv|bt):  0| 0| 0| 0| runtime:  647.2 ms | cr: 2589.0
    1268. dt:  0.25 ms | #newton:  1 | ph:  0.0% | #CG/newton: 1155 | ls (cap|max|inv|bt):  0| 0| 0| 0| runtime:  635.3 ms | cr: 2541.1
    1269. dt:  0.25 ms | #newton:  1 | ph:  0.0% | #CG/newton: 1156 | ls (cap|max|inv|bt):  0| 0| 0| 0| runtime:  639.2 ms | cr: 2556.6
    1270. dt:  0.25 ms | #newton:  1 | ph:  0.0% | #CG/newton: 1163 | ls (cap|max|inv|bt):  0| 0| 0| 0| runtime:  643.2 ms | cr: 2572.9
    1271. dt:  0.25 ms | #newton:  1 | ph:  0.0% | #CG/newton: 1159 | ls (cap|max|inv|bt):  0| 0| 0| 0| runtime:  645.0 ms | cr: 2580.1
    1272. dt:  0.25 ms | #newton:  1 | ph:  0.0% | #CG/newton: 1157 | ls (cap|max|inv|bt):  0| 0| 0| 0| runtime:  646.0 ms | cr: 2583.8
    1273. dt:  0.25 ms | #newton:  1 | ph:  0.0% | #CG/newton: 1161 | ls (cap|max|inv|bt):  0| 0| 0| 0| runtime:  645.5 ms | cr: 2582.1
    1274. dt:  0.25 ms | #newton:  1 | ph:  0.0% | #CG/newton: 1161 | ls (cap|max|inv|bt):  0| 0| 0| 0| runtime:  646.4 ms | cr: 2585.7
    1275. dt:  0.25 ms | #newton:  1 | ph:  0.0% | #CG/newton: 1155 | ls (cap|max|inv|bt):  0| 0| 0| 0| runtime:  640.4 ms | cr: 2561.4
    1276. dt:  0.25 ms | #newton:  1 | ph:  0.0% | #CG/newton: 1162 | ls (cap|max|inv|bt):  0| 0| 0| 0| runtime:  641.3 ms | cr: 2565.2
    1277. dt:  0.25 ms | #newton:  1 | ph:  0.0% | #CG/newton: 1161 | ls (cap|max|inv|bt):  0| 0| 0| 0| runtime:  650.3 ms | cr: 2601.0
    1278. dt:  0.25 ms | #newton:  1 | ph:  0.0% | #CG/newton: 1154 | ls (cap|max|inv|bt):  0| 0| 0| 0| runtime:  638.2 ms | cr: 2552.8
    1279. dt:  0.25 ms | #newton:  1 | ph:  0.0% | #CG/newton: 1161 | ls (cap|max|inv|bt):  0| 0| 0| 0| runtime:  646.2 ms | cr: 2584.8
    1280. dt:  0.25 ms | #newton:  1 | ph:  0.0% | #CG/newton: 1159 | ls (cap|max|inv|bt):  0| 0| 0| 0| runtime:  654.1 ms | cr: 2616.4
    1281. dt:  0.25 ms | #newton:  1 | ph:  0.0% | #CG/newton: 1155 | ls (cap|max|inv|bt):  0| 0| 0| 0| runtime:  648.3 ms | cr: 2593.2
    1282. dt:  0.25 ms | #newton:  1 | ph:  0.0% | #CG/newton: 1161 | ls (cap|max|inv|bt):  0| 0| 0| 0| runtime:  647.4 ms | cr: 2589.5
    1283. dt:  0.25 ms | #newton:  1 | ph:  0.0% | #CG/newton: 1160 | ls (cap|max|inv|bt):  0| 0| 0| 0| runtime:  650.4 ms | cr: 2601.7
    1284. dt:  0.25 ms | #newton:  1 | ph:  0.0% | #CG/newton: 1151 | ls (cap|max|inv|bt):  0| 0| 0| 0| runtime:  643.3 ms | cr: 2573.1
    1285. dt:  0.25 ms | #newton:  1 | ph:  0.0% | #CG/newton: 1160 | ls (cap|max|inv|bt):  0| 0| 0| 0| runtime:  645.5 ms | cr: 2581.8
    1286. dt:  0.25 ms | #newton:  1 | ph:  0.0% | #CG/newton: 1163 | ls (cap|max|inv|bt):  0| 0| 0| 0| runtime:  649.0 ms | cr: 2596.0
    1287. dt:  0.25 ms | #newton:  1 | ph:  0.0% | #CG/newton: 1148 | ls (cap|max|inv|bt):  0| 0| 0| 0| runtime:  795.0 ms | cr: 3180.1
    1288. dt:  0.25 ms | #newton:  1 | ph:  0.0% | #CG/newton: 1157 | ls (cap|max|inv|bt):  0| 0| 0| 0| runtime:  684.4 ms | cr: 2737.4
    1289. dt:  0.25 ms | #newton:  1 | ph:  0.0% | #CG/newton: 1161 | ls (cap|max|inv|bt):  0| 0| 0| 0| runtime:  694.2 ms | cr: 2776.7
    1290. dt:  0.25 ms | #newton:  1 | ph:  0.0% | #CG/newton: 1162 | ls (cap|max|inv|bt):  0| 0| 0| 0| runtime:  665.8 ms | cr: 2663.4
    1291. dt:  0.25 ms | #newton:  1 | ph:  0.0% | #CG/newton: 1151 | ls (cap|max|inv|bt):  0| 0| 0| 0| runtime:  658.9 ms | cr: 2635.4
    1292. dt:  0.25 ms | #newton:  1 | ph:  0.0% | #CG/newton: 1158 | ls (cap|max|inv|bt):  0| 0| 0| 0| runtime:  647.2 ms | cr: 2589.0
    1293. dt:  0.25 ms | #newton:  1 | ph:  0.0% | #CG/newton: 1158 | ls (cap|max|inv|bt):  0| 0| 0| 0| runtime:  634.5 ms | cr: 2538.1
    1294. dt:  0.25 ms | #newton:  1 | ph:  0.0% | #CG/newton: 1153 | ls (cap|max|inv|bt):  0| 0| 0| 0| runtime:  637.2 ms | cr: 2548.7
    1295. dt:  0.25 ms | #newton:  1 | ph:  0.0% | #CG/newton: 1160 | ls (cap|max|inv|bt):  0| 0| 0| 0| runtime:  648.0 ms | cr: 2592.1
    1296. dt:  0.25 ms | #newton:  1 | ph:  0.0% | #CG/newton: 1158 | ls (cap|max|inv|bt):  0| 0| 0| 0| runtime:  645.7 ms | cr: 2582.7
    1297. dt:  0.25 ms | #newton:  1 | ph:  0.0% | #CG/newton: 1151 | ls (cap|max|inv|bt):  0| 0| 0| 0| runtime:  636.0 ms | cr: 2544.1
    1298. dt:  0.25 ms | #newton:  1 | ph:  0.0% | #CG/newton: 1159 | ls (cap|max|inv|bt):  0| 0| 0| 0| runtime:  635.8 ms | cr: 2543.3
    1299. dt:  0.25 ms | #newton:  1 | ph:  0.0% | #CG/newton: 1159 | ls (cap|max|inv|bt):  0| 0| 0| 0| runtime:  643.5 ms | cr: 2574.0
    1300. dt:  0.25 ms | #newton:  1 | ph:  0.0% | #CG/newton: 1149 | ls (cap|max|inv|bt):  0| 0| 0| 0| runtime:  634.9 ms | cr: 2539.7
    1301. dt:  0.25 ms | #newton:  1 | ph:  0.0% | #CG/newton: 1158 | ls (cap|max|inv|bt):  0| 0| 0| 0| runtime:  642.0 ms | cr: 2568.1
    1302. dt:  0.25 ms | #newton:  1 | ph:  0.0% | #CG/newton: 1158 | ls (cap|max|inv|bt):  0| 0| 0| 0| runtime:  645.7 ms | cr: 2582.7
    1303. dt:  0.25 ms | #newton:  1 | ph:  0.0% | #CG/newton: 1148 | ls (cap|max|inv|bt):  0| 0| 0| 0| runtime:  636.3 ms | cr: 2545.0
    1304. dt:  0.25 ms | #newton:  1 | ph:  0.0% | #CG/newton: 1157 | ls (cap|max|inv|bt):  0| 0| 0| 0| runtime:  631.9 ms | cr: 2527.7
    1305. dt:  0.25 ms | #newton:  1 | ph:  0.0% | #CG/newton: 1157 | ls (cap|max|inv|bt):  0| 0| 0| 0| runtime:  634.3 ms | cr: 2537.0
    1306. dt:  0.25 ms | #newton:  1 | ph:  0.0% | #CG/newton: 1152 | ls (cap|max|inv|bt):  0| 0| 0| 0| runtime:  645.5 ms | cr: 2581.9
    1307. dt:  0.25 ms | #newton:  1 | ph:  0.0% | #CG/newton: 1159 | ls (cap|max|inv|bt):  0| 0| 0| 0| runtime:  634.7 ms | cr: 2538.9
    1308. dt:  0.25 ms | #newton:  1 | ph:  0.0% | #CG/newton: 1156 | ls (cap|max|inv|bt):  0| 0| 0| 0| runtime:  639.5 ms | cr: 2558.1
    1309. dt:  0.25 ms | #newton:  1 | ph:  0.0% | #CG/newton: 1153 | ls (cap|max|inv|bt):  0| 0| 0| 0| runtime:  637.9 ms | cr: 2551.6
    1310. dt:  0.25 ms | #newton:  1 | ph:  0.0% | #CG/newton: 1160 | ls (cap|max|inv|bt):  0| 0| 0| 0| runtime:  645.5 ms | cr: 2582.0
    1311. dt:  0.25 ms | #newton:  1 | ph:  0.0% | #CG/newton: 1158 | ls (cap|max|inv|bt):  0| 0| 0| 0| runtime:  638.7 ms | cr: 2555.0
    1312. dt:  0.25 ms | #newton:  1 | ph:  0.0% | #CG/newton: 1153 | ls (cap|max|inv|bt):  0| 0| 0| 0| runtime:  636.9 ms | cr: 2547.4
    1313. dt:  0.25 ms | #newton:  1 | ph:  0.0% | #CG/newton: 1159 | ls (cap|max|inv|bt):  0| 0| 0| 0| runtime:  641.9 ms | cr: 2567.7
    1314. dt:  0.25 ms | #newton:  1 | ph:  0.0% | #CG/newton: 1158 | ls (cap|max|inv|bt):  0| 0| 0| 0| runtime:  645.2 ms | cr: 2581.0
    1315. dt:  0.25 ms | #newton:  1 | ph:  0.0% | #CG/newton: 1153 | ls (cap|max|inv|bt):  0| 0| 0| 0| runtime:  641.1 ms | cr: 2564.2
    1316. dt:  0.25 ms | #newton:  1 | ph:  0.0% | #CG/newton: 1160 | ls (cap|max|inv|bt):  0| 0| 0| 0| runtime:  640.2 ms | cr: 2560.9
    1317. dt:  0.25 ms | #newton:  1 | ph:  0.0% | #CG/newton: 1159 | ls (cap|max|inv|bt):  0| 0| 0| 0| runtime:  636.7 ms | cr: 2546.7
    1318. dt:  0.25 ms | #newton:  1 | ph:  0.0% | #CG/newton: 1152 | ls (cap|max|inv|bt):  0| 0| 0| 0| runtime:  646.8 ms | cr: 2587.1
    1319. dt:  0.25 ms | #newton:  1 | ph:  0.0% | #CG/newton: 1160 | ls (cap|max|inv|bt):  0| 0| 0| 0| runtime:  640.3 ms | cr: 2561.4
    1320. dt:  0.25 ms | #newton:  1 | ph:  0.0% | #CG/newton: 1158 | ls (cap|max|inv|bt):  0| 0| 0| 0| runtime:  636.3 ms | cr: 2545.1
    1321. dt:  0.25 ms | #newton:  1 | ph:  0.0% | #CG/newton: 1151 | ls (cap|max|inv|bt):  0| 0| 0| 0| runtime:  641.1 ms | cr: 2564.2
    1322. dt:  0.25 ms | #newton:  1 | ph:  0.0% | #CG/newton: 1159 | ls (cap|max|inv|bt):  0| 0| 0| 0| runtime:  639.9 ms | cr: 2559.4
    1323. dt:  0.25 ms | #newton:  1 | ph:  0.0% | #CG/newton: 1157 | ls (cap|max|inv|bt):  0| 0| 0| 0| runtime:  641.7 ms | cr: 2566.9
    1324. dt:  0.25 ms | #newton:  1 | ph:  0.0% | #CG/newton: 1152 | ls (cap|max|inv|bt):  0| 0| 0| 0| runtime:  637.9 ms | cr: 2551.7
    1325. dt:  0.25 ms | #newton:  1 | ph:  0.0% | #CG/newton: 1158 | ls (cap|max|inv|bt):  0| 0| 0| 0| runtime:  642.6 ms | cr: 2570.3
    1326. dt:  0.25 ms | #newton:  1 | ph:  0.0% | #CG/newton: 1159 | ls (cap|max|inv|bt):  0| 0| 0| 0| runtime:  659.2 ms | cr: 2636.6
    1327. dt:  0.25 ms | #newton:  1 | ph:  0.0% | #CG/newton: 1151 | ls (cap|max|inv|bt):  0| 0| 0| 0| runtime:  646.7 ms | cr: 2586.8
    1328. dt:  0.25 ms | #newton:  1 | ph:  0.0% | #CG/newton: 1158 | ls (cap|max|inv|bt):  0| 0| 0| 0| runtime:  636.8 ms | cr: 2547.1
    1329. dt:  0.25 ms | #newton:  1 | ph:  0.0% | #CG/newton: 1157 | ls (cap|max|inv|bt):  0| 0| 0| 0| runtime:  641.4 ms | cr: 2565.8
    1330. dt:  0.25 ms | #newton:  1 | ph:  0.0% | #CG/newton: 1153 | ls (cap|max|inv|bt):  0| 0| 0| 0| runtime:  632.9 ms | cr: 2531.8
    1331. dt:  0.25 ms | #newton:  1 | ph:  0.0% | #CG/newton: 1159 | ls (cap|max|inv|bt):  0| 0| 0| 0| runtime:  645.6 ms | cr: 2582.6
    1332. dt:  0.25 ms | #newton:  1 | ph:  0.0% | #CG/newton: 1157 | ls (cap|max|inv|bt):  0| 0| 0| 0| runtime:  651.3 ms | cr: 2605.2
    1333. dt:  0.25 ms | #newton:  1 | ph:  0.0% | #CG/newton: 1154 | ls (cap|max|inv|bt):  0| 0| 0| 0| runtime:  649.4 ms | cr: 2597.5
[Frame: 10] Time: 0.333 s
    1334. dt:  0.25 ms | #newton:  1 | ph:  0.0% | #CG/newton: 1158 | ls (cap|max|inv|bt):  0| 0| 0| 0| runtime:  649.0 ms | cr: 2595.8
    1335. dt:  0.25 ms | #newton:  1 | ph:  0.0% | #CG/newton: 1157 | ls (cap|max|inv|bt):  0| 0| 0| 0| runtime:  636.6 ms | cr: 2546.5
    1336. dt:  0.25 ms | #newton:  1 | ph:  0.0% | #CG/newton: 1153 | ls (cap|max|inv|bt):  0| 0| 0| 0| runtime:  636.6 ms | cr: 2546.3
    1337. dt:  0.25 ms | #newton:  1 | ph:  0.0% | #CG/newton: 1161 | ls (cap|max|inv|bt):  0| 0| 0| 0| runtime:  637.2 ms | cr: 2548.9
    1338. dt:  0.25 ms | #newton:  1 | ph:  0.0% | #CG/newton: 1160 | ls (cap|max|inv|bt):  0| 0| 0| 0| runtime:  642.3 ms | cr: 2569.0
    1339. dt:  0.25 ms | #newton:  1 | ph:  0.0% | #CG/newton: 1152 | ls (cap|max|inv|bt):  0| 0| 0| 0| runtime:  637.5 ms | cr: 2550.1
    1340. dt:  0.25 ms | #newton:  1 | ph:  0.0% | #CG/newton: 1160 | ls (cap|max|inv|bt):  0| 0| 0| 0| runtime:  636.8 ms | cr: 2547.1
    1341. dt:  0.25 ms | #newton:  1 | ph:  0.0% | #CG/newton: 1156 | ls (cap|max|inv|bt):  0| 0| 0| 0| runtime:  636.5 ms | cr: 2546.1
    1342. dt:  0.25 ms | #newton:  1 | ph:  0.0% | #CG/newton: 1153 | ls (cap|max|inv|bt):  0| 0| 0| 0| runtime:  635.2 ms | cr: 2540.9
    1343. dt:  0.25 ms | #newton:  1 | ph:  0.0% | #CG/newton: 1159 | ls (cap|max|inv|bt):  0| 0| 0| 0| runtime:  636.0 ms | cr: 2544.0
    1344. dt:  0.25 ms | #newton:  1 | ph:  0.0% | #CG/newton: 1159 | ls (cap|max|inv|bt):  0| 0| 0| 0| runtime:  636.5 ms | cr: 2546.0
    1345. dt:  0.25 ms | #newton:  1 | ph:  0.0% | #CG/newton: 1147 | ls (cap|max|inv|bt):  0| 0| 0| 0| runtime:  708.2 ms | cr: 2832.9
    1346. dt:  0.25 ms | #newton:  1 | ph:  0.0% | #CG/newton: 1159 | ls (cap|max|inv|bt):  0| 0| 0| 0| runtime:  672.8 ms | cr: 2691.3
    1347. dt:  0.25 ms | #newton:  1 | ph:  0.0% | #CG/newton: 1152 | ls (cap|max|inv|bt):  0| 0| 0| 0| runtime:  643.0 ms | cr: 2571.9
    1348. dt:  0.25 ms | #newton:  1 | ph:  0.0% | #CG/newton: 1150 | ls (cap|max|inv|bt):  0| 0| 0| 0| runtime:  633.7 ms | cr: 2534.9
    1349. dt:  0.25 ms | #newton:  1 | ph:  0.0% | #CG/newton: 1157 | ls (cap|max|inv|bt):  0| 0| 0| 0| runtime:  710.6 ms | cr: 2842.5
    1350. dt:  0.25 ms | #newton:  1 | ph:  0.0% | #CG/newton: 1151 | ls (cap|max|inv|bt):  0| 0| 0| 0| runtime:  684.9 ms | cr: 2739.5
    1351. dt:  0.25 ms | #newton:  1 | ph:  0.0% | #CG/newton: 1149 | ls (cap|max|inv|bt):  0| 0| 0| 0| runtime:  653.9 ms | cr: 2615.8
    1352. dt:  0.25 ms | #newton:  1 | ph:  0.0% | #CG/newton: 1153 | ls (cap|max|inv|bt):  0| 0| 0| 0| runtime:  642.1 ms | cr: 2568.2
    1353. dt:  0.25 ms | #newton:  1 | ph:  0.0% | #CG/newton: 1150 | ls (cap|max|inv|bt):  0| 0| 0| 0| runtime:  639.1 ms | cr: 2556.4
    1354. dt:  0.25 ms | #newton:  1 | ph:  0.0% | #CG/newton: 1147 | ls (cap|max|inv|bt):  0| 0| 0| 0| runtime:  633.7 ms | cr: 2534.6
    1355. dt:  0.25 ms | #newton:  1 | ph:  0.0% | #CG/newton: 1154 | ls (cap|max|inv|bt):  0| 0| 0| 0| runtime:  636.6 ms | cr: 2546.4
    1356. dt:  0.25 ms | #newton:  1 | ph:  0.0% | #CG/newton: 1154 | ls (cap|max|inv|bt):  0| 0| 0| 0| runtime:  655.0 ms | cr: 2620.1
    1357. dt:  0.25 ms | #newton:  1 | ph:  0.0% | #CG/newton: 1148 | ls (cap|max|inv|bt):  0| 0| 0| 0| runtime:  641.6 ms | cr: 2566.4
    1358. dt:  0.25 ms | #newton:  1 | ph:  0.0% | #CG/newton: 1152 | ls (cap|max|inv|bt):  0| 0| 0| 0| runtime:  628.5 ms | cr: 2513.9
    1359. dt:  0.25 ms | #newton:  1 | ph:  0.0% | #CG/newton: 1146 | ls (cap|max|inv|bt):  0| 0| 0| 0| runtime:  602.8 ms | cr: 2411.1
    1360. dt:  0.25 ms | #newton:  1 | ph:  0.0% | #CG/newton: 1152 | ls (cap|max|inv|bt):  0| 0| 0| 0| runtime:  608.5 ms | cr: 2433.8
    1361. dt:  0.25 ms | #newton:  1 | ph:  0.0% | #CG/newton: 1149 | ls (cap|max|inv|bt):  0| 0| 0| 0| runtime:  608.2 ms | cr: 2432.6
    1362. dt:  0.25 ms | #newton:  1 | ph:  0.0% | #CG/newton: 1133 | ls (cap|max|inv|bt):  0| 0| 0| 0| runtime:  640.6 ms | cr: 2562.5
    1363. dt:  0.25 ms | #newton:  1 | ph:  0.0% | #CG/newton: 1153 | ls (cap|max|inv|bt):  0| 0| 0| 0| runtime:  649.9 ms | cr: 2599.8
    1364. dt:  0.25 ms | #newton:  1 | ph:  0.0% | #CG/newton: 1151 | ls (cap|max|inv|bt):  0| 0| 0| 0| runtime:  646.1 ms | cr: 2584.3
    1365. dt:  0.25 ms | #newton:  1 | ph:  0.0% | #CG/newton: 1150 | ls (cap|max|inv|bt):  0| 0| 0| 0| runtime:  649.5 ms | cr: 2598.0
    1366. dt:  0.25 ms | #newton:  1 | ph:  0.0% | #CG/newton: 1125 | ls (cap|max|inv|bt):  0| 0| 0| 0| runtime:  633.5 ms | cr: 2533.9
    1367. dt:  0.25 ms | #newton:  1 | ph:  0.0% | #CG/newton: 1150 | ls (cap|max|inv|bt):  0| 0| 0| 0| runtime:  639.1 ms | cr: 2556.3
    1368. dt:  0.25 ms | #newton:  1 | ph:  0.0% | #CG/newton: 1151 | ls (cap|max|inv|bt):  0| 0| 0| 0| runtime:  635.3 ms | cr: 2541.1
    1369. dt:  0.25 ms | #newton:  1 | ph:  0.0% | #CG/newton: 1150 | ls (cap|max|inv|bt):  0| 0| 0| 0| runtime:  638.0 ms | cr: 2552.1
    1370. dt:  0.25 ms | #newton:  1 | ph:  0.0% | #CG/newton: 1149 | ls (cap|max|inv|bt):  0| 0| 0| 0| runtime:  630.8 ms | cr: 2523.3
    1371. dt:  0.25 ms | #newton:  1 | ph:  0.0% | #CG/newton: 1150 | ls (cap|max|inv|bt):  0| 0| 0| 0| runtime:  629.3 ms | cr: 2517.1
    1372. dt:  0.25 ms | #newton:  1 | ph:  0.0% | #CG/newton: 1151 | ls (cap|max|inv|bt):  0| 0| 0| 0| runtime:  641.9 ms | cr: 2567.8
    1373. dt:  0.25 ms | #newton:  1 | ph:  0.0% | #CG/newton: 1157 | ls (cap|max|inv|bt):  0| 0| 0| 0| runtime:  653.7 ms | cr: 2614.8
    1374. dt:  0.25 ms | #newton:  1 | ph:  0.0% | #CG/newton: 1154 | ls (cap|max|inv|bt):  0| 0| 0| 0| runtime:  636.9 ms | cr: 2547.5
    1375. dt:  0.25 ms | #newton:  1 | ph:  0.0% | #CG/newton: 1390 | ls (cap|max|inv|bt):  0| 0| 0| 0| runtime:  751.0 ms | cr: 3004.1
    1376. dt:  0.25 ms | #newton:  1 | ph:  0.0% | #CG/newton: 1151 | ls (cap|max|inv|bt):  0| 0| 0| 0| runtime:  641.7 ms | cr: 2567.0
    1377. dt:  0.25 ms | #newton:  1 | ph:  0.0% | #CG/newton: 1148 | ls (cap|max|inv|bt):  0| 0| 0| 0| runtime:  630.0 ms | cr: 2520.0
    1378. dt:  0.25 ms | #newton:  1 | ph:  0.0% | #CG/newton: 1148 | ls (cap|max|inv|bt):  0| 0| 0| 0| runtime:  637.9 ms | cr: 2551.6
    1379. dt:  0.25 ms | #newton:  1 | ph:  0.0% | #CG/newton: 1148 | ls (cap|max|inv|bt):  0| 0| 0| 0| runtime:  655.6 ms | cr: 2622.4
    1380. dt:  0.25 ms | #newton:  1 | ph:  0.0% | #CG/newton: 1145 | ls (cap|max|inv|bt):  0| 0| 0| 0| runtime:  638.2 ms | cr: 2552.6
    1381. dt:  0.25 ms | #newton:  1 | ph:  0.0% | #CG/newton: 1112 | ls (cap|max|inv|bt):  0| 0| 0| 0| runtime:  628.0 ms | cr: 2511.9
    1382. dt:  0.25 ms | #newton:  1 | ph:  0.0% | #CG/newton: 1150 | ls (cap|max|inv|bt):  0| 0| 0| 0| runtime:  650.1 ms | cr: 2600.4
    1383. dt:  0.25 ms | #newton:  1 | ph:  0.0% | #CG/newton: 1147 | ls (cap|max|inv|bt):  0| 0| 0| 0| runtime:  650.8 ms | cr: 2603.3
    1384. dt:  0.25 ms | #newton:  1 | ph:  0.0% | #CG/newton: 1148 | ls (cap|max|inv|bt):  0| 0| 0| 0| runtime:  642.4 ms | cr: 2569.6
    1385. dt:  0.25 ms | #newton:  1 | ph:  0.0% | #CG/newton: 1146 | ls (cap|max|inv|bt):  0| 0| 0| 0| runtime:  630.1 ms | cr: 2520.4
    1386. dt:  0.25 ms | #newton:  1 | ph:  0.0% | #CG/newton: 1128 | ls (cap|max|inv|bt):  0| 0| 0| 0| runtime:  625.1 ms | cr: 2500.3
    1387. dt:  0.25 ms | #newton:  1 | ph:  0.0% | #CG/newton: 1149 | ls (cap|max|inv|bt):  0| 0| 0| 0| runtime:  647.6 ms | cr: 2590.3
    1388. dt:  0.25 ms | #newton:  1 | ph:  0.0% | #CG/newton: 1149 | ls (cap|max|inv|bt):  0| 0| 0| 0| runtime:  646.1 ms | cr: 2584.4
    1389. dt:  0.25 ms | #newton:  1 | ph:  0.0% | #CG/newton: 1151 | ls (cap|max|inv|bt):  0| 0| 0| 0| runtime:  646.5 ms | cr: 2585.8
    1390. dt:  0.25 ms | #newton:  1 | ph:  0.0% | #CG/newton: 1149 | ls (cap|max|inv|bt):  0| 0| 0| 0| runtime:  642.0 ms | cr: 2567.9
    1391. dt:  0.25 ms | #newton:  1 | ph:  0.0% | #CG/newton: 1149 | ls (cap|max|inv|bt):  0| 0| 0| 0| runtime:  643.4 ms | cr: 2573.4
    1392. dt:  0.25 ms | #newton:  1 | ph:  0.0% | #CG/newton: 1148 | ls (cap|max|inv|bt):  0| 0| 0| 0| runtime:  638.2 ms | cr: 2552.9
    1393. dt:  0.25 ms | #newton:  1 | ph:  0.0% | #CG/newton: 1134 | ls (cap|max|inv|bt):  0| 0| 0| 0| runtime:  609.6 ms | cr: 2438.4
    1394. dt:  0.25 ms | #newton:  1 | ph:  0.0% | #CG/newton: 1151 | ls (cap|max|inv|bt):  0| 0| 0| 0| runtime:  635.3 ms | cr: 2541.3
    1395. dt:  0.25 ms | #newton:  1 | ph:  0.0% | #CG/newton: 1154 | ls (cap|max|inv|bt):  0| 0| 0| 0| runtime:  641.2 ms | cr: 2564.8
    1396. dt:  0.25 ms | #newton:  1 | ph:  0.0% | #CG/newton: 1152 | ls (cap|max|inv|bt):  0| 0| 0| 0| runtime:  646.3 ms | cr: 2585.1
    1397. dt:  0.25 ms | #newton:  1 | ph:  0.0% | #CG/newton: 2090 | ls (cap|max|inv|bt):  0| 0| 0| 0| runtime: 1071.5 ms | cr: 4286.0
    1398. dt:  0.25 ms | #newton:  1 | ph:  0.0% | #CG/newton: 2086 | ls (cap|max|inv|bt):  0| 0| 0| 0| runtime: 1059.2 ms | cr: 4236.8
    1399. dt:  0.25 ms | #newton:  1 | ph:  0.0% | #CG/newton: 2088 | ls (cap|max|inv|bt):  0| 0| 0| 0| runtime: 1065.7 ms | cr: 4262.7
    1400. dt:  0.25 ms | #newton:  1 | ph:  0.0% | #CG/newton: 2006 | ls (cap|max|inv|bt):  0| 0| 0| 0| runtime: 1029.0 ms | cr: 4116.1
    1401. dt:  0.25 ms | #newton:  1 | ph:  0.0% | #CG/newton: 1961 | ls (cap|max|inv|bt):  0| 0| 0| 0| runtime: 1018.7 ms | cr: 4074.9
    1402. dt:  0.25 ms | #newton:  1 | ph:  0.0% | #CG/newton: 1997 | ls (cap|max|inv|bt):  0| 0| 0| 0| runtime: 1032.3 ms | cr: 4129.2
    1403. dt:  0.25 ms | #newton:  1 | ph:  0.0% | #CG/newton: 2001 | ls (cap|max|inv|bt):  0| 0| 0| 0| runtime: 1031.0 ms | cr: 4123.9
    1404. dt:  0.25 ms | #newton:  1 | ph:  0.0% | #CG/newton: 2006 | ls (cap|max|inv|bt):  0| 0| 0| 0| runtime: 1032.0 ms | cr: 4127.8
    1405. dt:  0.25 ms | #newton:  1 | ph:  0.0% | #CG/newton: 2004 | ls (cap|max|inv|bt):  0| 0| 0| 0| runtime: 1032.5 ms | cr: 4129.8
    1406. dt:  0.25 ms | #newton:  1 | ph:  0.0% | #CG/newton: 1999 | ls (cap|max|inv|bt):  0| 0| 0| 0| runtime: 1027.3 ms | cr: 4109.1
    1407. dt:  0.25 ms | #newton:  1 | ph:  0.0% | #CG/newton: 1962 | ls (cap|max|inv|bt):  0| 0| 0| 0| runtime: 1006.5 ms | cr: 4026.0
    1408. dt:  0.25 ms | #newton:  1 | ph:  0.0% | #CG/newton: 2005 | ls (cap|max|inv|bt):  0| 0| 0| 0| runtime: 1027.2 ms | cr: 4108.6
    1409. dt:  0.25 ms | #newton:  1 | ph:  0.0% | #CG/newton: 2004 | ls (cap|max|inv|bt):  0| 0| 0| 0| runtime: 1038.6 ms | cr: 4154.2
    1410. dt:  0.25 ms | #newton:  1 | ph:  0.0% | #CG/newton: 2002 | ls (cap|max|inv|bt):  0| 0| 0| 0| runtime: 1018.9 ms | cr: 4075.8
    1411. dt:  0.25 ms | #newton:  1 | ph:  0.0% | #CG/newton: 1969 | ls (cap|max|inv|bt):  0| 0| 0| 0| runtime: 1014.9 ms | cr: 4059.5
    1412. dt:  0.25 ms | #newton:  1 | ph:  0.0% | #CG/newton: 2008 | ls (cap|max|inv|bt):  0| 0| 0| 0| runtime: 1028.1 ms | cr: 4112.6
    1413. dt:  0.25 ms | #newton:  1 | ph:  0.0% | #CG/newton: 2090 | ls (cap|max|inv|bt):  0| 0| 0| 0| runtime: 1058.8 ms | cr: 4235.4
    1414. dt:  0.25 ms | #newton:  1 | ph:  0.0% | #CG/newton: 2023 | ls (cap|max|inv|bt):  0| 0| 0| 0| runtime: 1037.1 ms | cr: 4148.4
    1415. dt:  0.25 ms | #newton:  1 | ph:  0.0% | #CG/newton: 2018 | ls (cap|max|inv|bt):  0| 0| 0| 0| runtime: 1028.8 ms | cr: 4115.0
    1416. dt:  0.25 ms | #newton:  1 | ph:  0.0% | #CG/newton: 2014 | ls (cap|max|inv|bt):  0| 0| 0| 0| runtime: 1028.6 ms | cr: 4114.3
    1417. dt:  0.25 ms | #newton:  1 | ph:  0.0% | #CG/newton: 2013 | ls (cap|max|inv|bt):  0| 0| 0| 0| runtime: 1037.0 ms | cr: 4147.9
    1418. dt:  0.25 ms | #newton:  1 | ph:  0.0% | #CG/newton: 2018 | ls (cap|max|inv|bt):  0| 0| 0| 0| runtime: 1042.4 ms | cr: 4169.5
    1419. dt:  0.25 ms | #newton:  1 | ph:  0.0% | #CG/newton: 2014 | ls (cap|max|inv|bt):  0| 0| 0| 0| runtime: 1030.7 ms | cr: 4122.7
    1420. dt:  0.25 ms | #newton:  1 | ph:  0.0% | #CG/newton: 2014 | ls (cap|max|inv|bt):  0| 0| 0| 0| runtime: 1031.0 ms | cr: 4123.9
    1421. dt:  0.25 ms | #newton:  1 | ph:  0.0% | #CG/newton: 2017 | ls (cap|max|inv|bt):  0| 0| 0| 0| runtime: 1057.5 ms | cr: 4230.0
    1422. dt:  0.25 ms | #newton:  1 | ph:  0.0% | #CG/newton: 2015 | ls (cap|max|inv|bt):  0| 0| 0| 0| runtime: 1039.9 ms | cr: 4159.6
    1423. dt:  0.25 ms | #newton:  1 | ph:  0.0% | #CG/newton: 2019 | ls (cap|max|inv|bt):  0| 0| 0| 0| runtime: 1047.9 ms | cr: 4191.7
    1424. dt:  0.25 ms | #newton:  1 | ph:  0.0% | #CG/newton: 2018 | ls (cap|max|inv|bt):  0| 0| 0| 0| runtime: 1043.5 ms | cr: 4174.0
    1425. dt:  0.25 ms | #newton:  1 | ph:  0.0% | #CG/newton: 2021 | ls (cap|max|inv|bt):  0| 0| 0| 0| runtime: 1042.8 ms | cr: 4171.3
    1426. dt:  0.25 ms | #newton:  1 | ph:  0.0% | #CG/newton: 2025 | ls (cap|max|inv|bt):  0| 0| 0| 0| runtime: 1044.4 ms | cr: 4177.7
    1427. dt:  0.25 ms | #newton:  1 | ph:  0.0% | #CG/newton: 2023 | ls (cap|max|inv|bt):  0| 0| 0| 0| runtime: 1034.6 ms | cr: 4138.4
    1428. dt:  0.25 ms | #newton:  1 | ph:  0.0% | #CG/newton: 2031 | ls (cap|max|inv|bt):  0| 0| 0| 0| runtime: 1037.9 ms | cr: 4151.6
    1429. dt:  0.25 ms | #newton:  1 | ph:  0.0% | #CG/newton: 2042 | ls (cap|max|inv|bt):  0| 0| 0| 0| runtime: 1036.4 ms | cr: 4145.7
    1430. dt:  0.25 ms | #newton:  1 | ph:  0.0% | #CG/newton: 2042 | ls (cap|max|inv|bt):  0| 0| 0| 0| runtime: 1031.4 ms | cr: 4125.6
    1431. dt:  0.25 ms | #newton:  1 | ph:  0.0% | #CG/newton: 2028 | ls (cap|max|inv|bt):  0| 0| 0| 0| runtime: 1029.5 ms | cr: 4118.0
    1432. dt:  0.25 ms | #newton:  1 | ph:  0.0% | #CG/newton: 2026 | ls (cap|max|inv|bt):  0| 0| 0| 0| runtime: 1033.5 ms | cr: 4134.0
    1433. dt:  0.25 ms | #newton:  1 | ph:  0.0% | #CG/newton: 2023 | ls (cap|max|inv|bt):  0| 0| 0| 0| runtime: 1039.1 ms | cr: 4156.4
    1434. dt:  0.25 ms | #newton:  1 | ph:  0.0% | #CG/newton: 2021 | ls (cap|max|inv|bt):  0| 0| 0| 0| runtime: 1022.3 ms | cr: 4089.3
    1435. dt:  0.25 ms | #newton:  1 | ph:  0.0% | #CG/newton: 2020 | ls (cap|max|inv|bt):  0| 0| 0| 0| runtime: 1031.9 ms | cr: 4127.6
    1436. dt:  0.25 ms | #newton:  1 | ph:  0.0% | #CG/newton: 2023 | ls (cap|max|inv|bt):  0| 0| 0| 0| runtime: 1031.4 ms | cr: 4125.6
    1437. dt:  0.25 ms | #newton:  1 | ph:  0.0% | #CG/newton: 1161 | ls (cap|max|inv|bt):  0| 0| 0| 0| runtime:  656.8 ms | cr: 2627.3
    1438. dt:  0.25 ms | #newton:  1 | ph:  0.0% | #CG/newton: 1161 | ls (cap|max|inv|bt):  0| 0| 0| 0| runtime:  644.9 ms | cr: 2579.7
    1439. dt:  0.25 ms | #newton:  1 | ph:  0.0% | #CG/newton: 1161 | ls (cap|max|inv|bt):  0| 0| 0| 0| runtime:  643.1 ms | cr: 2572.3
    1440. dt:  0.25 ms | #newton:  1 | ph:  0.0% | #CG/newton: 1160 | ls (cap|max|inv|bt):  0| 0| 0| 0| runtime:  647.6 ms | cr: 2590.2
    1441. dt:  0.25 ms | #newton:  1 | ph:  0.0% | #CG/newton: 1159 | ls (cap|max|inv|bt):  0| 0| 0| 0| runtime:  648.6 ms | cr: 2594.5
    1442. dt:  0.25 ms | #newton:  1 | ph:  0.0% | #CG/newton: 1159 | ls (cap|max|inv|bt):  0| 0| 0| 0| runtime:  646.7 ms | cr: 2586.7
    1443. dt:  0.25 ms | #newton:  1 | ph:  0.0% | #CG/newton: 1161 | ls (cap|max|inv|bt):  0| 0| 0| 0| runtime:  651.0 ms | cr: 2603.9
    1444. dt:  0.25 ms | #newton:  1 | ph:  0.0% | #CG/newton: 1163 | ls (cap|max|inv|bt):  0| 0| 0| 0| runtime:  677.8 ms | cr: 2711.3
    1445. dt:  0.25 ms | #newton:  1 | ph:  0.0% | #CG/newton: 1162 | ls (cap|max|inv|bt):  0| 0| 0| 0| runtime:  640.7 ms | cr: 2562.8
    1446. dt:  0.25 ms | #newton:  1 | ph:  0.0% | #CG/newton: 1159 | ls (cap|max|inv|bt):  0| 0| 0| 0| runtime:  642.2 ms | cr: 2568.6
    1447. dt:  0.25 ms | #newton:  1 | ph:  0.0% | #CG/newton: 1161 | ls (cap|max|inv|bt):  0| 0| 0| 0| runtime:  646.4 ms | cr: 2585.6
    1448. dt:  0.25 ms | #newton:  1 | ph:  0.0% | #CG/newton: 1163 | ls (cap|max|inv|bt):  0| 0| 0| 0| runtime:  641.1 ms | cr: 2564.2
    1449. dt:  0.25 ms | #newton:  1 | ph:  0.0% | #CG/newton: 1162 | ls (cap|max|inv|bt):  0| 0| 0| 0| runtime:  648.9 ms | cr: 2595.4
    1450. dt:  0.25 ms | #newton:  1 | ph:  0.0% | #CG/newton: 1158 | ls (cap|max|inv|bt):  0| 0| 0| 0| runtime:  645.4 ms | cr: 2581.8
    1451. dt:  0.25 ms | #newton:  1 | ph:  0.0% | #CG/newton: 1161 | ls (cap|max|inv|bt):  0| 0| 0| 0| runtime:  648.5 ms | cr: 2593.9
    1452. dt:  0.25 ms | #newton:  1 | ph:  0.0% | #CG/newton: 1161 | ls (cap|max|inv|bt):  0| 0| 0| 0| runtime:  656.1 ms | cr: 2624.5
    1453. dt:  0.25 ms | #newton:  1 | ph:  0.0% | #CG/newton: 1158 | ls (cap|max|inv|bt):  0| 0| 0| 0| runtime:  649.6 ms | cr: 2598.4
    1454. dt:  0.25 ms | #newton:  1 | ph:  0.0% | #CG/newton: 1159 | ls (cap|max|inv|bt):  0| 0| 0| 0| runtime:  643.8 ms | cr: 2575.2
    1455. dt:  0.25 ms | #newton:  1 | ph:  0.0% | #CG/newton: 1159 | ls (cap|max|inv|bt):  0| 0| 0| 0| runtime:  645.6 ms | cr: 2582.2
    1456. dt:  0.25 ms | #newton:  1 | ph:  0.0% | #CG/newton: 1161 | ls (cap|max|inv|bt):  0| 0| 0| 0| runtime:  649.7 ms | cr: 2598.6
    1457. dt:  0.25 ms | #newton:  1 | ph:  0.0% | #CG/newton: 1159 | ls (cap|max|inv|bt):  0| 0| 0| 0| runtime:  651.5 ms | cr: 2605.9
    1458. dt:  0.25 ms | #newton:  1 | ph:  0.0% | #CG/newton: 1160 | ls (cap|max|inv|bt):  0| 0| 0| 0| runtime:  641.4 ms | cr: 2565.6
    1459. dt:  0.25 ms | #newton:  1 | ph:  0.0% | #CG/newton: 1158 | ls (cap|max|inv|bt):  0| 0| 0| 0| runtime:  650.7 ms | cr: 2602.7
    1460. dt:  0.25 ms | #newton:  1 | ph:  0.0% | #CG/newton: 1158 | ls (cap|max|inv|bt):  0| 0| 0| 0| runtime:  653.5 ms | cr: 2614.0
    1461. dt:  0.25 ms | #newton:  1 | ph:  0.0% | #CG/newton: 1157 | ls (cap|max|inv|bt):  0| 0| 0| 0| runtime:  651.2 ms | cr: 2604.6
    1462. dt:  0.25 ms | #newton:  1 | ph:  0.0% | #CG/newton: 1154 | ls (cap|max|inv|bt):  0| 0| 0| 0| runtime:  650.2 ms | cr: 2601.0
    1463. dt:  0.25 ms | #newton:  1 | ph:  0.0% | #CG/newton: 1144 | ls (cap|max|inv|bt):  0| 0| 0| 0| runtime:  655.1 ms | cr: 2620.5
    1464. dt:  0.25 ms | #newton:  1 | ph:  0.0% | #CG/newton: 1160 | ls (cap|max|inv|bt):  0| 0| 0| 0| runtime:  645.6 ms | cr: 2582.4
    1465. dt:  0.25 ms | #newton:  1 | ph:  0.0% | #CG/newton: 1161 | ls (cap|max|inv|bt):  0| 0| 0| 0| runtime:  648.2 ms | cr: 2592.9
    1466. dt:  0.25 ms | #newton:  1 | ph:  0.0% | #CG/newton: 1160 | ls (cap|max|inv|bt):  0| 0| 0| 0| runtime:  640.4 ms | cr: 2561.4
[Frame: 11] Time: 0.367 s
    1467. dt:  0.25 ms | #newton:  1 | ph:  0.0% | #CG/newton: 1160 | ls (cap|max|inv|bt):  0| 0| 0| 0| runtime:  644.5 ms | cr: 2578.0
    1468. dt:  0.25 ms | #newton:  1 | ph:  0.0% | #CG/newton: 1156 | ls (cap|max|inv|bt):  0| 0| 0| 0| runtime:  650.8 ms | cr: 2603.4
    1469. dt:  0.25 ms | #newton:  1 | ph:  0.0% | #CG/newton: 1156 | ls (cap|max|inv|bt):  0| 0| 0| 0| runtime:  656.5 ms | cr: 2625.9
    1470. dt:  0.25 ms | #newton:  1 | ph:  0.0% | #CG/newton: 1146 | ls (cap|max|inv|bt):  0| 0| 0| 0| runtime:  651.4 ms | cr: 2605.7
    1471. dt:  0.25 ms | #newton:  1 | ph:  0.0% | #CG/newton: 1157 | ls (cap|max|inv|bt):  0| 0| 0| 0| runtime:  643.4 ms | cr: 2573.6
    1472. dt:  0.25 ms | #newton:  1 | ph:  0.0% | #CG/newton: 1157 | ls (cap|max|inv|bt):  0| 0| 0| 0| runtime:  647.9 ms | cr: 2591.5
    1473. dt:  0.25 ms | #newton:  1 | ph:  0.0% | #CG/newton: 1158 | ls (cap|max|inv|bt):  0| 0| 0| 0| runtime:  646.0 ms | cr: 2583.9
    1474. dt:  0.25 ms | #newton:  1 | ph:  0.0% | #CG/newton: 2021 | ls (cap|max|inv|bt):  0| 0| 0| 0| runtime: 1049.6 ms | cr: 4198.4
    1475. dt:  0.25 ms | #newton:  1 | ph:  0.0% | #CG/newton: 2003 | ls (cap|max|inv|bt):  0| 0| 0| 0| runtime: 1040.9 ms | cr: 4163.7
    1476. dt:  0.25 ms | #newton:  1 | ph:  0.0% | #CG/newton: 2021 | ls (cap|max|inv|bt):  0| 0| 0| 0| runtime: 1038.3 ms | cr: 4153.3
    1477. dt:  0.25 ms | #newton:  1 | ph:  0.0% | #CG/newton: 2025 | ls (cap|max|inv|bt):  0| 0| 0| 0| runtime: 1041.4 ms | cr: 4165.5
    1478. dt:  0.25 ms | #newton:  1 | ph:  0.0% | #CG/newton: 2013 | ls (cap|max|inv|bt):  0| 0| 0| 0| runtime: 1039.9 ms | cr: 4159.7
    1479. dt:  0.25 ms | #newton:  1 | ph:  0.0% | #CG/newton: 2029 | ls (cap|max|inv|bt):  0| 0| 0| 0| runtime: 1053.3 ms | cr: 4213.4
    1480. dt:  0.25 ms | #newton:  1 | ph:  0.0% | #CG/newton: 2013 | ls (cap|max|inv|bt):  0| 0| 0| 0| runtime: 1048.7 ms | cr: 4194.8
    1481. dt:  0.25 ms | #newton:  1 | ph:  0.0% | #CG/newton: 2023 | ls (cap|max|inv|bt):  0| 0| 0| 0| runtime: 1058.9 ms | cr: 4235.8
    1482. dt:  0.25 ms | #newton:  1 | ph:  0.0% | #CG/newton: 2019 | ls (cap|max|inv|bt):  0| 0| 0| 0| runtime: 1050.3 ms | cr: 4201.2
    1483. dt:  0.25 ms | #newton:  1 | ph:  0.0% | #CG/newton: 2013 | ls (cap|max|inv|bt):  0| 0| 0| 0| runtime: 1033.3 ms | cr: 4133.3
    1484. dt:  0.25 ms | #newton:  1 | ph:  0.0% | #CG/newton: 2016 | ls (cap|max|inv|bt):  0| 0| 0| 0| runtime: 1034.5 ms | cr: 4138.0
    1485. dt:  0.25 ms | #newton:  1 | ph:  0.0% | #CG/newton: 2001 | ls (cap|max|inv|bt):  0| 0| 0| 0| runtime: 1020.3 ms | cr: 4081.4
    1486. dt:  0.25 ms | #newton:  1 | ph:  0.0% | #CG/newton: 2023 | ls (cap|max|inv|bt):  0| 0| 0| 0| runtime: 1042.2 ms | cr: 4168.9
    1487. dt:  0.25 ms | #newton:  1 | ph:  0.0% | #CG/newton: 2021 | ls (cap|max|inv|bt):  0| 0| 0| 0| runtime: 1037.6 ms | cr: 4150.4
    1488. dt:  0.25 ms | #newton:  1 | ph:  0.0% | #CG/newton: 2018 | ls (cap|max|inv|bt):  0| 0| 0| 0| runtime: 1045.3 ms | cr: 4181.3
    1489. dt:  0.25 ms | #newton:  1 | ph:  0.0% | #CG/newton: 2015 | ls (cap|max|inv|bt):  0| 0| 0| 0| runtime: 1040.1 ms | cr: 4160.6
    1490. dt:  0.25 ms | #newton:  1 | ph:  0.0% | #CG/newton: 2021 | ls (cap|max|inv|bt):  0| 0| 0| 0| runtime: 1031.1 ms | cr: 4124.4
    1491. dt:  0.25 ms | #newton:  1 | ph:  0.0% | #CG/newton: 2016 | ls (cap|max|inv|bt):  0| 0| 0| 0| runtime: 1026.4 ms | cr: 4105.6
    1492. dt:  0.25 ms | #newton:  1 | ph:  0.0% | #CG/newton: 2019 | ls (cap|max|inv|bt):  0| 0| 0| 0| runtime: 1054.2 ms | cr: 4216.7
    1493. dt:  0.25 ms | #newton:  1 | ph:  0.0% | #CG/newton: 2009 | ls (cap|max|inv|bt):  0| 0| 0| 0| runtime: 1035.0 ms | cr: 4140.0
    1494. dt:  0.25 ms | #newton:  1 | ph:  0.0% | #CG/newton: 2004 | ls (cap|max|inv|bt):  0| 0| 0| 0| runtime: 1019.2 ms | cr: 4077.0
    1495. dt:  0.25 ms | #newton:  1 | ph:  0.0% | #CG/newton: 2004 | ls (cap|max|inv|bt):  0| 0| 0| 0| runtime: 1020.1 ms | cr: 4080.2
    1496. dt:  0.25 ms | #newton:  1 | ph:  0.0% | #CG/newton: 2015 | ls (cap|max|inv|bt):  0| 0| 0| 0| runtime: 1037.3 ms | cr: 4149.3
    1497. dt:  0.25 ms | #newton:  1 | ph:  0.0% | #CG/newton: 2013 | ls (cap|max|inv|bt):  0| 0| 0| 0| runtime: 1026.6 ms | cr: 4106.4
    1498. dt:  0.25 ms | #newton:  1 | ph:  0.0% | #CG/newton: 2013 | ls (cap|max|inv|bt):  0| 0| 0| 0| runtime: 1023.3 ms | cr: 4093.1
    1499. dt:  0.25 ms | #newton:  1 | ph:  0.0% | #CG/newton: 2011 | ls (cap|max|inv|bt):  0| 0| 0| 0| runtime: 1022.0 ms | cr: 4087.8
    1500. dt:  0.25 ms | #newton:  1 | ph:  0.0% | #CG/newton: 1987 | ls (cap|max|inv|bt):  0| 0| 0| 0| runtime: 1013.9 ms | cr: 4055.6
    1501. dt:  0.25 ms | #newton:  1 | ph:  0.0% | #CG/newton: 2015 | ls (cap|max|inv|bt):  0| 0| 0| 0| runtime: 1047.3 ms | cr: 4189.3
    1502. dt:  0.25 ms | #newton:  1 | ph:  0.0% | #CG/newton: 2015 | ls (cap|max|inv|bt):  0| 0| 0| 0| runtime: 1042.1 ms | cr: 4168.2
    1503. dt:  0.25 ms | #newton:  1 | ph:  0.0% | #CG/newton: 2026 | ls (cap|max|inv|bt):  0| 0| 0| 0| runtime: 1069.9 ms | cr: 4279.6
    1504. dt:  0.25 ms | #newton:  1 | ph:  0.0% | #CG/newton: 2023 | ls (cap|max|inv|bt):  0| 0| 0| 0| runtime: 1035.9 ms | cr: 4143.7
    1505. dt:  0.25 ms | #newton:  1 | ph:  0.0% | #CG/newton: 2018 | ls (cap|max|inv|bt):  0| 0| 0| 0| runtime: 1037.1 ms | cr: 4148.3
    1506. dt:  0.25 ms | #newton:  1 | ph:  0.0% | #CG/newton: 1969 | ls (cap|max|inv|bt):  0| 0| 0| 0| runtime: 1016.2 ms | cr: 4064.7
    1507. dt:  0.25 ms | #newton:  1 | ph:  0.0% | #CG/newton: 2024 | ls (cap|max|inv|bt):  0| 0| 0| 0| runtime: 1045.5 ms | cr: 4181.8
    1508. dt:  0.25 ms | #newton:  1 | ph:  0.0% | #CG/newton: 2020 | ls (cap|max|inv|bt):  0| 0| 0| 0| runtime: 1032.9 ms | cr: 4131.6
    1509. dt:  0.25 ms | #newton:  1 | ph:  0.0% | #CG/newton: 2018 | ls (cap|max|inv|bt):  0| 0| 0| 0| runtime: 1030.1 ms | cr: 4120.5
    1510. dt:  0.25 ms | #newton:  1 | ph:  0.0% | #CG/newton: 2014 | ls (cap|max|inv|bt):  0| 0| 0| 0| runtime: 1044.1 ms | cr: 4176.6
    1511. dt:  0.25 ms | #newton:  1 | ph:  0.0% | #CG/newton: 2017 | ls (cap|max|inv|bt):  0| 0| 0| 0| runtime: 1037.4 ms | cr: 4149.5
    1512. dt:  0.25 ms | #newton:  1 | ph:  0.0% | #CG/newton: 2013 | ls (cap|max|inv|bt):  0| 0| 0| 0| runtime: 1045.5 ms | cr: 4182.1
    1513. dt:  0.25 ms | #newton:  1 | ph:  0.0% | #CG/newton: 2020 | ls (cap|max|inv|bt):  0| 0| 0| 0| runtime: 1042.7 ms | cr: 4170.9
    1514. dt:  0.25 ms | #newton:  1 | ph:  0.0% | #CG/newton: 2012 | ls (cap|max|inv|bt):  0| 0| 0| 0| runtime: 1027.4 ms | cr: 4109.4
    1515. dt:  0.25 ms | #newton:  1 | ph:  0.0% | #CG/newton: 2106 | ls (cap|max|inv|bt):  0| 0| 0| 0| runtime: 1068.8 ms | cr: 4275.1
    1516. dt:  0.25 ms | #newton:  1 | ph:  0.0% | #CG/newton: 2108 | ls (cap|max|inv|bt):  0| 0| 0| 0| runtime: 1081.3 ms | cr: 4325.3
    1517. dt:  0.25 ms | #newton:  1 | ph:  0.0% | #CG/newton: 2118 | ls (cap|max|inv|bt):  0| 0| 0| 0| runtime: 1084.7 ms | cr: 4338.7
    1518. dt:  0.25 ms | #newton:  1 | ph:  0.0% | #CG/newton: 2014 | ls (cap|max|inv|bt):  0| 0| 0| 0| runtime: 1027.2 ms | cr: 4108.7
    1519. dt:  0.25 ms | #newton:  1 | ph:  0.0% | #CG/newton: 2012 | ls (cap|max|inv|bt):  0| 0| 0| 0| runtime: 1032.8 ms | cr: 4131.1
    1520. dt:  0.25 ms | #newton:  1 | ph:  0.0% | #CG/newton: 2107 | ls (cap|max|inv|bt):  0| 0| 0| 0| runtime: 1085.8 ms | cr: 4343.2
    1521. dt:  0.25 ms | #newton:  1 | ph:  0.0% | #CG/newton: 2106 | ls (cap|max|inv|bt):  0| 0| 0| 0| runtime: 1084.1 ms | cr: 4336.5
    1522. dt:  0.25 ms | #newton:  1 | ph:  0.0% | #CG/newton: 2108 | ls (cap|max|inv|bt):  0| 0| 0| 0| runtime: 1077.2 ms | cr: 4308.6
    1523. dt:  0.25 ms | #newton:  1 | ph:  0.0% | #CG/newton: 2108 | ls (cap|max|inv|bt):  0| 0| 0| 0| runtime: 1065.8 ms | cr: 4263.1
    1524. dt:  0.25 ms | #newton:  1 | ph:  0.0% | #CG/newton: 1148 | ls (cap|max|inv|bt):  0| 0| 0| 0| runtime:  635.2 ms | cr: 2540.8
    1525. dt:  0.25 ms | #newton:  1 | ph:  0.0% | #CG/newton: 2105 | ls (cap|max|inv|bt):  0| 0| 0| 0| runtime: 1065.1 ms | cr: 4260.4
    1526. dt:  0.25 ms | #newton:  1 | ph:  0.0% | #CG/newton: 2131 | ls (cap|max|inv|bt):  0| 0| 0| 0| runtime: 1071.5 ms | cr: 4286.1
    1527. dt:  0.25 ms | #newton:  1 | ph:  0.0% | #CG/newton: 2022 | ls (cap|max|inv|bt):  0| 0| 0| 0| runtime: 1020.8 ms | cr: 4083.2
    1528. dt:  0.25 ms | #newton:  1 | ph:  0.0% | #CG/newton: 2018 | ls (cap|max|inv|bt):  0| 0| 0| 0| runtime: 1040.9 ms | cr: 4163.4
    1529. dt:  0.25 ms | #newton:  1 | ph:  0.0% | #CG/newton: 2018 | ls (cap|max|inv|bt):  0| 0| 0| 0| runtime: 1035.6 ms | cr: 4142.3
    1530. dt:  0.25 ms | #newton:  1 | ph:  0.0% | #CG/newton: 2011 | ls (cap|max|inv|bt):  0| 0| 0| 0| runtime: 1035.1 ms | cr: 4140.3
    1531. dt:  0.25 ms | #newton:  1 | ph:  0.0% | #CG/newton: 2003 | ls (cap|max|inv|bt):  0| 0| 0| 0| runtime: 1028.5 ms | cr: 4113.9
    1532. dt:  0.25 ms | #newton:  1 | ph:  0.0% | #CG/newton: 1995 | ls (cap|max|inv|bt):  0| 0| 0| 0| runtime: 1028.2 ms | cr: 4112.8
    1533. dt:  0.25 ms | #newton:  1 | ph:  0.0% | #CG/newton: 2133 | ls (cap|max|inv|bt):  0| 0| 0| 0| runtime: 1088.0 ms | cr: 4351.9
    1534. dt:  0.25 ms | #newton:  1 | ph:  0.0% | #CG/newton: 2110 | ls (cap|max|inv|bt):  0| 0| 0| 0| runtime: 1075.0 ms | cr: 4300.0
    1535. dt:  0.25 ms | #newton:  1 | ph:  0.0% | #CG/newton: 2110 | ls (cap|max|inv|bt):  0| 0| 0| 0| runtime: 1077.0 ms | cr: 4308.1
    1536. dt:  0.25 ms | #newton:  1 | ph:  0.0% | #CG/newton: 2108 | ls (cap|max|inv|bt):  0| 0| 0| 0| runtime: 1089.4 ms | cr: 4357.5
    1537. dt:  0.25 ms | #newton:  1 | ph:  0.0% | #CG/newton: 2109 | ls (cap|max|inv|bt):  0| 0| 0| 0| runtime: 1090.2 ms | cr: 4360.6
    1538. dt:  0.25 ms | #newton:  1 | ph:  0.0% | #CG/newton: 2109 | ls (cap|max|inv|bt):  0| 0| 0| 0| runtime: 1073.4 ms | cr: 4293.7
    1539. dt:  0.25 ms | #newton:  1 | ph:  0.0% | #CG/newton: 2111 | ls (cap|max|inv|bt):  0| 0| 0| 0| runtime: 1073.4 ms | cr: 4293.6
    1540. dt:  0.25 ms | #newton:  1 | ph:  0.0% | #CG/newton: 2112 | ls (cap|max|inv|bt):  0| 0| 0| 0| runtime: 1079.1 ms | cr: 4316.3
    1541. dt:  0.25 ms | #newton:  1 | ph:  0.0% | #CG/newton: 2112 | ls (cap|max|inv|bt):  0| 0| 0| 0| runtime: 1068.3 ms | cr: 4273.3
    1542. dt:  0.25 ms | #newton:  1 | ph:  0.0% | #CG/newton: 2114 | ls (cap|max|inv|bt):  0| 0| 0| 0| runtime: 1048.4 ms | cr: 4193.4
    1543. dt:  0.25 ms | #newton:  1 | ph:  0.0% | #CG/newton: 2116 | ls (cap|max|inv|bt):  0| 0| 0| 0| runtime: 1081.2 ms | cr: 4324.9
    1544. dt:  0.25 ms | #newton:  1 | ph:  0.0% | #CG/newton: 2114 | ls (cap|max|inv|bt):  0| 0| 0| 0| runtime: 1075.1 ms | cr: 4300.3
    1545. dt:  0.25 ms | #newton:  1 | ph:  0.0% | #CG/newton: 2114 | ls (cap|max|inv|bt):  0| 0| 0| 0| runtime: 1082.0 ms | cr: 4328.2
    1546. dt:  0.25 ms | #newton:  1 | ph:  0.0% | #CG/newton: 2114 | ls (cap|max|inv|bt):  0| 0| 0| 0| runtime: 1073.9 ms | cr: 4295.7
    1547. dt:  0.25 ms | #newton:  1 | ph:  0.0% | #CG/newton: 2113 | ls (cap|max|inv|bt):  0| 0| 0| 0| runtime: 1082.8 ms | cr: 4331.3
    1548. dt:  0.25 ms | #newton:  1 | ph:  0.0% | #CG/newton: 2112 | ls (cap|max|inv|bt):  0| 0| 0| 0| runtime: 1093.5 ms | cr: 4373.9
    1549. dt:  0.25 ms | #newton:  1 | ph:  0.0% | #CG/newton: 2113 | ls (cap|max|inv|bt):  0| 0| 0| 0| runtime: 1066.7 ms | cr: 4266.7
    1550. dt:  0.25 ms | #newton:  1 | ph:  0.0% | #CG/newton: 2113 | ls (cap|max|inv|bt):  0| 0| 0| 0| runtime: 1076.8 ms | cr: 4307.1
    1551. dt:  0.25 ms | #newton:  1 | ph:  0.0% | #CG/newton: 2112 | ls (cap|max|inv|bt):  0| 0| 0| 0| runtime: 1074.6 ms | cr: 4298.2
    1552. dt:  0.25 ms | #newton:  1 | ph:  0.0% | #CG/newton: 2114 | ls (cap|max|inv|bt):  0| 0| 0| 0| runtime: 1075.6 ms | cr: 4302.5
    1553. dt:  0.25 ms | #newton:  1 | ph:  0.0% | #CG/newton: 2112 | ls (cap|max|inv|bt):  0| 0| 0| 0| runtime: 1064.3 ms | cr: 4257.3
    1554. dt:  0.25 ms | #newton:  1 | ph:  0.0% | #CG/newton: 2112 | ls (cap|max|inv|bt):  0| 0| 0| 0| runtime: 1077.8 ms | cr: 4311.1
    1555. dt:  0.25 ms | #newton:  1 | ph:  0.0% | #CG/newton: 2109 | ls (cap|max|inv|bt):  0| 0| 0| 0| runtime: 1075.3 ms | cr: 4301.3
    1556. dt:  0.25 ms | #newton:  1 | ph:  0.0% | #CG/newton: 2111 | ls (cap|max|inv|bt):  0| 0| 0| 0| runtime: 1067.9 ms | cr: 4271.4
    1557. dt:  0.25 ms | #newton:  1 | ph:  0.0% | #CG/newton: 2113 | ls (cap|max|inv|bt):  0| 0| 0| 0| runtime: 1085.1 ms | cr: 4340.2
    1558. dt:  0.25 ms | #newton:  1 | ph:  0.0% | #CG/newton: 2110 | ls (cap|max|inv|bt):  0| 0| 0| 0| runtime: 1080.5 ms | cr: 4322.0
    1559. dt:  0.25 ms | #newton:  1 | ph:  0.0% | #CG/newton: 2109 | ls (cap|max|inv|bt):  0| 0| 0| 0| runtime: 1080.4 ms | cr: 4321.6
    1560. dt:  0.25 ms | #newton:  1 | ph:  0.0% | #CG/newton: 2096 | ls (cap|max|inv|bt):  0| 0| 0| 0| runtime: 1060.2 ms | cr: 4240.9
    1561. dt:  0.25 ms | #newton:  1 | ph:  0.0% | #CG/newton: 2108 | ls (cap|max|inv|bt):  0| 0| 0| 0| runtime: 1055.2 ms | cr: 4220.8
    1562. dt:  0.25 ms | #newton:  1 | ph:  0.0% | #CG/newton: 2108 | ls (cap|max|inv|bt):  0| 0| 0| 0| runtime: 1074.5 ms | cr: 4298.1
    1563. dt:  0.25 ms | #newton:  1 | ph:  0.0% | #CG/newton: 2092 | ls (cap|max|inv|bt):  0| 0| 0| 0| runtime: 1062.0 ms | cr: 4248.1
    1564. dt:  0.25 ms | #newton:  1 | ph:  0.0% | #CG/newton: 2012 | ls (cap|max|inv|bt):  0| 0| 0| 0| runtime: 1033.9 ms | cr: 4135.6
    1565. dt:  0.25 ms | #newton:  1 | ph:  0.0% | #CG/newton: 2007 | ls (cap|max|inv|bt):  0| 0| 0| 0| runtime: 1040.0 ms | cr: 4159.8
    1566. dt:  0.25 ms | #newton:  1 | ph:  0.0% | #CG/newton: 1993 | ls (cap|max|inv|bt):  0| 0| 0| 0| runtime: 1032.4 ms | cr: 4129.5
    1567. dt:  0.25 ms | #newton:  1 | ph:  0.0% | #CG/newton: 2010 | ls (cap|max|inv|bt):  0| 0| 0| 0| runtime: 1030.6 ms | cr: 4122.2
    1568. dt:  0.25 ms | #newton:  1 | ph:  0.0% | #CG/newton: 2014 | ls (cap|max|inv|bt):  0| 0| 0| 0| runtime: 1024.8 ms | cr: 4099.2
    1569. dt:  0.25 ms | #newton:  1 | ph:  0.0% | #CG/newton: 2013 | ls (cap|max|inv|bt):  0| 0| 0| 0| runtime: 1070.7 ms | cr: 4282.6
    1570. dt:  0.25 ms | #newton:  1 | ph:  0.0% | #CG/newton: 2014 | ls (cap|max|inv|bt):  0| 0| 0| 0| runtime: 1032.1 ms | cr: 4128.4
    1571. dt:  0.25 ms | #newton:  1 | ph:  0.0% | #CG/newton: 2010 | ls (cap|max|inv|bt):  0| 0| 0| 0| runtime: 1033.0 ms | cr: 4132.2
    1572. dt:  0.25 ms | #newton:  1 | ph:  0.0% | #CG/newton: 2006 | ls (cap|max|inv|bt):  0| 0| 0| 0| runtime: 1031.5 ms | cr: 4125.9
    1573. dt:  0.25 ms | #newton:  1 | ph:  0.0% | #CG/newton: 2001 | ls (cap|max|inv|bt):  0| 0| 0| 0| runtime: 1023.9 ms | cr: 4095.7
    1574. dt:  0.25 ms | #newton:  1 | ph:  0.0% | #CG/newton: 2018 | ls (cap|max|inv|bt):  0| 0| 0| 0| runtime: 1024.6 ms | cr: 4098.5
    1575. dt:  0.25 ms | #newton:  1 | ph:  0.0% | #CG/newton: 2015 | ls (cap|max|inv|bt):  0| 0| 0| 0| runtime: 1031.3 ms | cr: 4125.2
    1576. dt:  0.25 ms | #newton:  1 | ph:  0.0% | #CG/newton: 2014 | ls (cap|max|inv|bt):  0| 0| 0| 0| runtime: 1032.9 ms | cr: 4131.8
    1577. dt:  0.25 ms | #newton:  1 | ph:  0.0% | #CG/newton: 2010 | ls (cap|max|inv|bt):  0| 0| 0| 0| runtime: 1028.8 ms | cr: 4115.4
    1578. dt:  0.25 ms | #newton:  1 | ph:  0.0% | #CG/newton: 2011 | ls (cap|max|inv|bt):  0| 0| 0| 0| runtime: 1034.6 ms | cr: 4138.5
    1579. dt:  0.25 ms | #newton:  1 | ph:  0.0% | #CG/newton: 2010 | ls (cap|max|inv|bt):  0| 0| 0| 0| runtime: 1032.2 ms | cr: 4128.6
    1580. dt:  0.25 ms | #newton:  1 | ph:  0.0% | #CG/newton: 2018 | ls (cap|max|inv|bt):  0| 0| 0| 0| runtime: 1042.1 ms | cr: 4168.3
    1581. dt:  0.25 ms | #newton:  1 | ph:  0.0% | #CG/newton: 2019 | ls (cap|max|inv|bt):  0| 0| 0| 0| runtime: 1010.8 ms | cr: 4043.4
    1582. dt:  0.25 ms | #newton:  1 | ph:  0.0% | #CG/newton: 2012 | ls (cap|max|inv|bt):  0| 0| 0| 0| runtime:  970.9 ms | cr: 3883.4
    1583. dt:  0.25 ms | #newton:  1 | ph:  0.0% | #CG/newton: 2012 | ls (cap|max|inv|bt):  0| 0| 0| 0| runtime:  975.3 ms | cr: 3901.2
    1584. dt:  0.25 ms | #newton:  1 | ph:  0.0% | #CG/newton: 2012 | ls (cap|max|inv|bt):  0| 0| 0| 0| runtime:  979.6 ms | cr: 3918.3
    1585. dt:  0.25 ms | #newton:  1 | ph:  0.0% | #CG/newton: 2022 | ls (cap|max|inv|bt):  0| 0| 0| 0| runtime:  992.1 ms | cr: 3968.6
    1586. dt:  0.25 ms | #newton:  1 | ph:  0.0% | #CG/newton: 2021 | ls (cap|max|inv|bt):  0| 0| 0| 0| runtime: 1037.9 ms | cr: 4151.7
    1587. dt:  0.25 ms | #newton:  1 | ph:  0.0% | #CG/newton: 2016 | ls (cap|max|inv|bt):  0| 0| 0| 0| runtime: 1025.6 ms | cr: 4102.6
    1588. dt:  0.25 ms | #newton:  1 | ph:  0.0% | #CG/newton: 2016 | ls (cap|max|inv|bt):  0| 0| 0| 0| runtime: 1033.4 ms | cr: 4133.6
    1589. dt:  0.25 ms | #newton:  1 | ph:  0.0% | #CG/newton: 2022 | ls (cap|max|inv|bt):  0| 0| 0| 0| runtime: 1029.6 ms | cr: 4118.4
    1590. dt:  0.25 ms | #newton:  1 | ph:  0.0% | #CG/newton: 2018 | ls (cap|max|inv|bt):  0| 0| 0| 0| runtime: 1043.4 ms | cr: 4173.6
    1591. dt:  0.25 ms | #newton:  1 | ph:  0.0% | #CG/newton: 2019 | ls (cap|max|inv|bt):  0| 0| 0| 0| runtime: 1041.4 ms | cr: 4165.5
    1592. dt:  0.25 ms | #newton:  1 | ph:  0.0% | #CG/newton: 2070 | ls (cap|max|inv|bt):  0| 0| 0| 0| runtime: 1065.9 ms | cr: 4263.7
    1593. dt:  0.25 ms | #newton:  1 | ph:  0.0% | #CG/newton: 2076 | ls (cap|max|inv|bt):  0| 0| 0| 0| runtime: 1060.4 ms | cr: 4241.6
    1594. dt:  0.25 ms | #newton:  1 | ph:  0.0% | #CG/newton: 2026 | ls (cap|max|inv|bt):  0| 0| 0| 0| runtime: 1052.8 ms | cr: 4211.3
    1595. dt:  0.25 ms | #newton:  1 | ph:  0.0% | #CG/newton: 2022 | ls (cap|max|inv|bt):  0| 0| 0| 0| runtime: 1022.5 ms | cr: 4089.8
    1596. dt:  0.25 ms | #newton:  1 | ph:  0.0% | #CG/newton: 2023 | ls (cap|max|inv|bt):  0| 0| 0| 0| runtime: 1036.4 ms | cr: 4145.7
    1597. dt:  0.25 ms | #newton:  1 | ph:  0.0% | #CG/newton: 2091 | ls (cap|max|inv|bt):  0| 0| 0| 0| runtime: 1070.8 ms | cr: 4283.3
    1598. dt:  0.25 ms | #newton:  1 | ph:  0.0% | #CG/newton: 2016 | ls (cap|max|inv|bt):  0| 0| 0| 0| runtime: 1036.4 ms | cr: 4145.7
    1599. dt:  0.25 ms | #newton:  1 | ph:  0.0% | #CG/newton: 2092 | ls (cap|max|inv|bt):  0| 0| 0| 0| runtime: 1074.4 ms | cr: 4297.7
    1600. dt:  0.25 ms | #newton:  1 | ph:  0.0% | #CG/newton: 2092 | ls (cap|max|inv|bt):  0| 0| 0| 0| runtime: 1076.2 ms | cr: 4304.8
[Frame: 12] Time: 0.400 s
    1601. dt:  0.25 ms | #newton:  1 | ph:  0.0% | #CG/newton: 2096 | ls (cap|max|inv|bt):  0| 0| 0| 0| runtime: 1068.4 ms | cr: 4273.7
    1602. dt:  0.25 ms | #newton:  1 | ph:  0.0% | #CG/newton: 2086 | ls (cap|max|inv|bt):  0| 0| 0| 0| runtime: 1071.0 ms | cr: 4283.8
    1603. dt:  0.25 ms | #newton:  1 | ph:  0.0% | #CG/newton: 2108 | ls (cap|max|inv|bt):  0| 0| 0| 0| runtime: 1072.7 ms | cr: 4290.9
    1604. dt:  0.25 ms | #newton:  1 | ph:  0.0% | #CG/newton: 2104 | ls (cap|max|inv|bt):  0| 0| 0| 0| runtime: 1072.4 ms | cr: 4289.7
    1605. dt:  0.25 ms | #newton:  1 | ph:  0.0% | #CG/newton: 2092 | ls (cap|max|inv|bt):  0| 0| 0| 0| runtime: 1070.4 ms | cr: 4281.8
    1606. dt:  0.25 ms | #newton:  1 | ph:  0.0% | #CG/newton: 2091 | ls (cap|max|inv|bt):  0| 0| 0| 0| runtime: 1068.3 ms | cr: 4273.1
    1607. dt:  0.25 ms | #newton:  1 | ph:  0.0% | #CG/newton: 2114 | ls (cap|max|inv|bt):  0| 0| 0| 0| runtime: 1076.3 ms | cr: 4305.1
    1608. dt:  0.25 ms | #newton:  1 | ph:  0.0% | #CG/newton: 2089 | ls (cap|max|inv|bt):  0| 0| 0| 0| runtime: 1068.6 ms | cr: 4274.2
    1609. dt:  0.25 ms | #newton:  1 | ph:  0.0% | #CG/newton: 2121 | ls (cap|max|inv|bt):  0| 0| 0| 0| runtime: 1075.2 ms | cr: 4300.6
    1610. dt:  0.25 ms | #newton:  1 | ph:  0.0% | #CG/newton: 2116 | ls (cap|max|inv|bt):  0| 0| 0| 0| runtime: 1082.5 ms | cr: 4329.9
    1611. dt:  0.25 ms | #newton:  1 | ph:  0.0% | #CG/newton: 2091 | ls (cap|max|inv|bt):  0| 0| 0| 0| runtime: 1070.7 ms | cr: 4282.9
    1612. dt:  0.25 ms | #newton:  1 | ph:  0.0% | #CG/newton: 2118 | ls (cap|max|inv|bt):  0| 0| 0| 0| runtime: 1079.8 ms | cr: 4319.2
    1613. dt:  0.25 ms | #newton:  1 | ph:  0.0% | #CG/newton: 2119 | ls (cap|max|inv|bt):  0| 0| 0| 0| runtime: 1086.7 ms | cr: 4346.7
    1614. dt:  0.25 ms | #newton:  1 | ph:  0.0% | #CG/newton: 2093 | ls (cap|max|inv|bt):  0| 0| 0| 0| runtime: 1075.7 ms | cr: 4302.6
    1615. dt:  0.25 ms | #newton:  1 | ph:  0.0% | #CG/newton: 2097 | ls (cap|max|inv|bt):  0| 0| 0| 0| runtime: 1093.6 ms | cr: 4374.3
    1616. dt:  0.25 ms | #newton:  1 | ph:  0.0% | #CG/newton: 2120 | ls (cap|max|inv|bt):  0| 0| 0| 0| runtime: 1083.8 ms | cr: 4335.3
    1617. dt:  0.25 ms | #newton:  1 | ph:  0.0% | #CG/newton: 2112 | ls (cap|max|inv|bt):  0| 0| 0| 0| runtime: 1080.2 ms | cr: 4321.0
    1618. dt:  0.25 ms | #newton:  1 | ph:  0.0% | #CG/newton: 2120 | ls (cap|max|inv|bt):  0| 0| 0| 0| runtime: 1074.5 ms | cr: 4297.9
    1619. dt:  0.25 ms | #newton:  1 | ph:  0.0% | #CG/newton: 2117 | ls (cap|max|inv|bt):  0| 0| 0| 0| runtime: 1077.4 ms | cr: 4309.8
    1620. dt:  0.25 ms | #newton:  1 | ph:  0.0% | #CG/newton: 2110 | ls (cap|max|inv|bt):  0| 0| 0| 0| runtime: 1135.1 ms | cr: 4540.3
    1621. dt:  0.25 ms | #newton:  1 | ph:  0.0% | #CG/newton: 2119 | ls (cap|max|inv|bt):  0| 0| 0| 0| runtime: 1079.7 ms | cr: 4318.9
    1622. dt:  0.25 ms | #newton:  1 | ph:  0.0% | #CG/newton: 2121 | ls (cap|max|inv|bt):  0| 0| 0| 0| runtime: 1072.6 ms | cr: 4290.4
    1623. dt:  0.25 ms | #newton:  1 | ph:  0.0% | #CG/newton: 2110 | ls (cap|max|inv|bt):  0| 0| 0| 0| runtime: 1074.6 ms | cr: 4298.6
    1624. dt:  0.25 ms | #newton:  1 | ph:  0.0% | #CG/newton: 2120 | ls (cap|max|inv|bt):  0| 0| 0| 0| runtime: 1091.6 ms | cr: 4366.3
    1625. dt:  0.25 ms | #newton:  1 | ph:  0.0% | #CG/newton: 2119 | ls (cap|max|inv|bt):  0| 0| 0| 0| runtime: 1064.3 ms | cr: 4257.1
    1626. dt:  0.25 ms | #newton:  1 | ph:  0.0% | #CG/newton: 2110 | ls (cap|max|inv|bt):  0| 0| 0| 0| runtime: 1037.1 ms | cr: 4148.2
    1627. dt:  0.25 ms | #newton:  1 | ph:  0.0% | #CG/newton: 2121 | ls (cap|max|inv|bt):  0| 0| 0| 0| runtime: 1044.5 ms | cr: 4177.9
    1628. dt:  0.25 ms | #newton:  1 | ph:  0.0% | #CG/newton: 2118 | ls (cap|max|inv|bt):  0| 0| 0| 0| runtime: 1082.3 ms | cr: 4329.2
    1629. dt:  0.25 ms | #newton:  1 | ph:  0.0% | #CG/newton: 2109 | ls (cap|max|inv|bt):  0| 0| 0| 0| runtime: 1081.0 ms | cr: 4324.0
    1630. dt:  0.25 ms | #newton:  1 | ph:  0.0% | #CG/newton: 2119 | ls (cap|max|inv|bt):  0| 0| 0| 0| runtime: 1082.3 ms | cr: 4329.2
    1631. dt:  0.25 ms | #newton:  1 | ph:  0.0% | #CG/newton: 2118 | ls (cap|max|inv|bt):  0| 0| 0| 0| runtime: 1071.2 ms | cr: 4284.9
    1632. dt:  0.25 ms | #newton:  1 | ph:  0.0% | #CG/newton: 2086 | ls (cap|max|inv|bt):  0| 0| 0| 0| runtime: 1064.4 ms | cr: 4257.5
    1633. dt:  0.25 ms | #newton:  1 | ph:  0.0% | #CG/newton: 2094 | ls (cap|max|inv|bt):  0| 0| 0| 0| runtime: 1062.4 ms | cr: 4249.5
    1634. dt:  0.25 ms | #newton:  1 | ph:  0.0% | #CG/newton: 2116 | ls (cap|max|inv|bt):  0| 0| 0| 0| runtime: 1076.8 ms | cr: 4307.3
    1635. dt:  0.25 ms | #newton:  1 | ph:  0.0% | #CG/newton: 2108 | ls (cap|max|inv|bt):  0| 0| 0| 0| runtime: 1074.3 ms | cr: 4297.0
    1636. dt:  0.25 ms | #newton:  1 | ph:  0.0% | #CG/newton: 2117 | ls (cap|max|inv|bt):  0| 0| 0| 0| runtime: 1076.9 ms | cr: 4307.5
    1637. dt:  0.25 ms | #newton:  1 | ph:  0.0% | #CG/newton: 2111 | ls (cap|max|inv|bt):  0| 0| 0| 0| runtime: 1054.5 ms | cr: 4218.0
    1638. dt:  0.25 ms | #newton:  1 | ph:  0.0% | #CG/newton: 2082 | ls (cap|max|inv|bt):  0| 0| 0| 0| runtime: 1055.7 ms | cr: 4222.9
    1639. dt:  0.25 ms | #newton:  1 | ph:  0.0% | #CG/newton: 2094 | ls (cap|max|inv|bt):  0| 0| 0| 0| runtime: 1058.5 ms | cr: 4234.2
    1640. dt:  0.25 ms | #newton:  1 | ph:  0.0% | #CG/newton: 2090 | ls (cap|max|inv|bt):  0| 0| 0| 0| runtime: 1067.6 ms | cr: 4270.5
    1641. dt:  0.25 ms | #newton:  1 | ph:  0.0% | #CG/newton: 2090 | ls (cap|max|inv|bt):  0| 0| 0| 0| runtime: 1066.4 ms | cr: 4265.5
    1642. dt:  0.25 ms | #newton:  1 | ph:  0.0% | #CG/newton: 2113 | ls (cap|max|inv|bt):  0| 0| 0| 0| runtime: 1078.9 ms | cr: 4315.5
    1643. dt:  0.25 ms | #newton:  1 | ph:  0.0% | #CG/newton: 2019 | ls (cap|max|inv|bt):  0| 0| 0| 0| runtime: 1037.4 ms | cr: 4149.4
    1644. dt:  0.25 ms | #newton:  1 | ph:  0.0% | #CG/newton: 2115 | ls (cap|max|inv|bt):  0| 0| 0| 0| runtime: 1081.7 ms | cr: 4326.7
    1645. dt:  0.25 ms | #newton:  1 | ph:  0.0% | #CG/newton: 2112 | ls (cap|max|inv|bt):  0| 0| 0| 0| runtime: 1074.1 ms | cr: 4296.2
    1646. dt:  0.25 ms | #newton:  1 | ph:  0.0% | #CG/newton: 2104 | ls (cap|max|inv|bt):  0| 0| 0| 0| runtime: 1068.7 ms | cr: 4274.7
    1647. dt:  0.25 ms | #newton:  1 | ph:  0.0% | #CG/newton: 2120 | ls (cap|max|inv|bt):  0| 0| 0| 0| runtime: 1082.4 ms | cr: 4329.4
    1648. dt:  0.25 ms | #newton:  1 | ph:  0.0% | #CG/newton: 2113 | ls (cap|max|inv|bt):  0| 0| 0| 0| runtime: 1087.7 ms | cr: 4350.7
    1649. dt:  0.25 ms | #newton:  1 | ph:  0.0% | #CG/newton: 2015 | ls (cap|max|inv|bt):  0| 0| 0| 0| runtime: 1039.5 ms | cr: 4158.1
    1650. dt:  0.25 ms | #newton:  1 | ph:  0.0% | #CG/newton: 2346 | ls (cap|max|inv|bt):  0| 0| 0| 0| runtime: 1175.8 ms | cr: 4703.3
    1651. dt:  0.25 ms | #newton:  1 | ph:  0.0% | #CG/newton: 2383 | ls (cap|max|inv|bt):  0| 0| 0| 0| runtime: 1196.5 ms | cr: 4785.9
    1652. dt:  0.25 ms | #newton:  1 | ph:  0.0% | #CG/newton: 2107 | ls (cap|max|inv|bt):  0| 0| 0| 0| runtime: 1073.6 ms | cr: 4294.6
    1653. dt:  0.25 ms | #newton:  1 | ph:  0.0% | #CG/newton: 2106 | ls (cap|max|inv|bt):  0| 0| 0| 0| runtime: 1069.1 ms | cr: 4276.4
    1654. dt:  0.25 ms | #newton:  1 | ph:  0.0% | #CG/newton: 2107 | ls (cap|max|inv|bt):  0| 0| 0| 0| runtime: 1074.2 ms | cr: 4296.9
    1655. dt:  0.25 ms | #newton:  1 | ph:  0.0% | #CG/newton: 2337 | ls (cap|max|inv|bt):  0| 0| 0| 0| runtime: 1167.4 ms | cr: 4669.5
    1656. dt:  0.25 ms | #newton:  1 | ph:  0.0% | #CG/newton: 2367 | ls (cap|max|inv|bt):  0| 0| 0| 0| runtime: 1183.2 ms | cr: 4732.6
    1657. dt:  0.25 ms | #newton:  1 | ph:  0.0% | #CG/newton: 2350 | ls (cap|max|inv|bt):  0| 0| 0| 0| runtime: 1179.5 ms | cr: 4718.2
    1658. dt:  0.25 ms | #newton:  1 | ph:  0.0% | #CG/newton: 2358 | ls (cap|max|inv|bt):  0| 0| 0| 0| runtime: 1184.5 ms | cr: 4738.1
    1659. dt:  0.25 ms | #newton:  1 | ph:  0.0% | #CG/newton: 2238 | ls (cap|max|inv|bt):  0| 0| 0| 0| runtime: 1106.4 ms | cr: 4425.5
    1660. dt:  0.25 ms | #newton:  1 | ph:  0.0% | #CG/newton: 2233 | ls (cap|max|inv|bt):  0| 0| 0| 0| runtime: 1127.9 ms | cr: 4511.8
    1661. dt:  0.25 ms | #newton:  1 | ph:  0.0% | #CG/newton: 2238 | ls (cap|max|inv|bt):  0| 0| 0| 0| runtime: 1129.3 ms | cr: 4517.3
    1662. dt:  0.25 ms | #newton:  1 | ph:  0.0% | #CG/newton: 2226 | ls (cap|max|inv|bt):  0| 0| 0| 0| runtime: 1133.0 ms | cr: 4531.9
    1663. dt:  0.25 ms | #newton:  1 | ph:  0.0% | #CG/newton: 2234 | ls (cap|max|inv|bt):  0| 0| 0| 0| runtime: 1121.0 ms | cr: 4484.1
    1664. dt:  0.25 ms | #newton:  1 | ph:  0.0% | #CG/newton: 2202 | ls (cap|max|inv|bt):  0| 0| 0| 0| runtime: 1124.4 ms | cr: 4497.4
    1665. dt:  0.25 ms | #newton:  1 | ph:  0.0% | #CG/newton: 2109 | ls (cap|max|inv|bt):  0| 0| 0| 0| runtime: 1086.9 ms | cr: 4347.7
    1666. dt:  0.25 ms | #newton:  1 | ph:  0.0% | #CG/newton: 2104 | ls (cap|max|inv|bt):  0| 0| 0| 0| runtime: 1079.1 ms | cr: 4316.4
    1667. dt:  0.25 ms | #newton:  1 | ph:  0.0% | #CG/newton: 2092 | ls (cap|max|inv|bt):  0| 0| 0| 0| runtime: 1068.9 ms | cr: 4275.7
    1668. dt:  0.25 ms | #newton:  1 | ph:  0.0% | #CG/newton: 2088 | ls (cap|max|inv|bt):  0| 0| 0| 0| runtime: 1050.2 ms | cr: 4200.8
    1669. dt:  0.25 ms | #newton:  1 | ph:  0.0% | #CG/newton: 2086 | ls (cap|max|inv|bt):  0| 0| 0| 0| runtime: 1065.1 ms | cr: 4260.3
    1670. dt:  0.25 ms | #newton:  1 | ph:  0.0% | #CG/newton: 2093 | ls (cap|max|inv|bt):  0| 0| 0| 0| runtime: 1062.5 ms | cr: 4249.9
    1671. dt:  0.25 ms | #newton:  1 | ph:  0.0% | #CG/newton: 2088 | ls (cap|max|inv|bt):  0| 0| 0| 0| runtime: 1056.1 ms | cr: 4224.4
    1672. dt:  0.25 ms | #newton:  1 | ph:  0.0% | #CG/newton: 2096 | ls (cap|max|inv|bt):  0| 0| 0| 0| runtime: 1068.8 ms | cr: 4275.1
    1673. dt:  0.25 ms | #newton:  1 | ph:  0.0% | #CG/newton: 2125 | ls (cap|max|inv|bt):  0| 0| 0| 0| runtime: 1083.6 ms | cr: 4334.3
    1674. dt:  0.25 ms | #newton:  1 | ph:  0.0% | #CG/newton: 2089 | ls (cap|max|inv|bt):  0| 0| 0| 0| runtime: 1059.6 ms | cr: 4238.4
    1675. dt:  0.25 ms | #newton:  1 | ph:  0.0% | #CG/newton: 2096 | ls (cap|max|inv|bt):  0| 0| 0| 0| runtime: 1074.4 ms | cr: 4297.7
    1676. dt:  0.25 ms | #newton:  1 | ph:  0.0% | #CG/newton: 2091 | ls (cap|max|inv|bt):  0| 0| 0| 0| runtime: 1068.9 ms | cr: 4275.6
    1677. dt:  0.25 ms | #newton:  1 | ph:  0.0% | #CG/newton: 2087 | ls (cap|max|inv|bt):  0| 0| 0| 0| runtime: 1052.3 ms | cr: 4209.0
    1678. dt:  0.25 ms | #newton:  1 | ph:  0.0% | #CG/newton: 2090 | ls (cap|max|inv|bt):  0| 0| 0| 0| runtime: 1078.7 ms | cr: 4314.9
    1679. dt:  0.25 ms | #newton:  1 | ph:  0.0% | #CG/newton: 2089 | ls (cap|max|inv|bt):  0| 0| 0| 0| runtime: 1076.7 ms | cr: 4307.0
    1680. dt:  0.25 ms | #newton:  1 | ph:  0.0% | #CG/newton: 2106 | ls (cap|max|inv|bt):  0| 0| 0| 0| runtime: 1085.3 ms | cr: 4341.3
    1681. dt:  0.25 ms | #newton:  1 | ph:  0.0% | #CG/newton: 2109 | ls (cap|max|inv|bt):  0| 0| 0| 0| runtime: 1114.8 ms | cr: 4459.4
    1682. dt:  0.25 ms | #newton:  1 | ph:  0.0% | #CG/newton: 2106 | ls (cap|max|inv|bt):  0| 0| 0| 0| runtime: 1091.1 ms | cr: 4364.5
    1683. dt:  0.25 ms | #newton:  1 | ph:  0.0% | #CG/newton: 2106 | ls (cap|max|inv|bt):  0| 0| 0| 0| runtime: 1085.6 ms | cr: 4342.6
    1684. dt:  0.25 ms | #newton:  1 | ph:  0.0% | #CG/newton: 1997 | ls (cap|max|inv|bt):  0| 0| 0| 0| runtime: 1035.2 ms | cr: 4140.9
    1685. dt:  0.25 ms | #newton:  1 | ph:  0.0% | #CG/newton: 1960 | ls (cap|max|inv|bt):  0| 0| 0| 0| runtime: 1004.4 ms | cr: 4017.5
    1686. dt:  0.25 ms | #newton:  1 | ph:  0.0% | #CG/newton: 1997 | ls (cap|max|inv|bt):  0| 0| 0| 0| runtime: 1029.2 ms | cr: 4116.7
    1687. dt:  0.25 ms | #newton:  1 | ph:  0.0% | #CG/newton: 2002 | ls (cap|max|inv|bt):  0| 0| 0| 0| runtime: 1014.2 ms | cr: 4056.7
    1688. dt:  0.25 ms | #newton:  1 | ph:  0.0% | #CG/newton: 1998 | ls (cap|max|inv|bt):  0| 0| 0| 0| runtime:  990.8 ms | cr: 3963.3
    1689. dt:  0.25 ms | #newton:  1 | ph:  0.0% | #CG/newton: 1964 | ls (cap|max|inv|bt):  0| 0| 0| 0| runtime: 1023.5 ms | cr: 4093.9
    1690. dt:  0.25 ms | #newton:  1 | ph:  0.0% | #CG/newton: 2006 | ls (cap|max|inv|bt):  0| 0| 0| 0| runtime: 1020.3 ms | cr: 4081.2
    1691. dt:  0.25 ms | #newton:  1 | ph:  0.0% | #CG/newton: 2005 | ls (cap|max|inv|bt):  0| 0| 0| 0| runtime: 1014.9 ms | cr: 4059.4
    1692. dt:  0.25 ms | #newton:  1 | ph:  0.0% | #CG/newton: 2004 | ls (cap|max|inv|bt):  0| 0| 0| 0| runtime: 1029.5 ms | cr: 4117.9
    1693. dt:  0.25 ms | #newton:  1 | ph:  0.0% | #CG/newton: 1973 | ls (cap|max|inv|bt):  0| 0| 0| 0| runtime: 1014.1 ms | cr: 4056.6
    1694. dt:  0.25 ms | #newton:  1 | ph:  0.0% | #CG/newton: 2004 | ls (cap|max|inv|bt):  0| 0| 0| 0| runtime: 1036.2 ms | cr: 4144.7
    1695. dt:  0.25 ms | #newton:  1 | ph:  0.0% | #CG/newton: 2010 | ls (cap|max|inv|bt):  0| 0| 0| 0| runtime: 1027.4 ms | cr: 4109.6
    1696. dt:  0.25 ms | #newton:  1 | ph:  0.0% | #CG/newton: 2011 | ls (cap|max|inv|bt):  0| 0| 0| 0| runtime: 1029.9 ms | cr: 4119.6
    1697. dt:  0.25 ms | #newton:  1 | ph:  0.0% | #CG/newton: 2006 | ls (cap|max|inv|bt):  0| 0| 0| 0| runtime: 1029.3 ms | cr: 4117.0
    1698. dt:  0.25 ms | #newton:  1 | ph:  0.0% | #CG/newton: 1982 | ls (cap|max|inv|bt):  0| 0| 0| 0| runtime: 1029.0 ms | cr: 4115.9
    1699. dt:  0.25 ms | #newton:  1 | ph:  0.0% | #CG/newton: 2005 | ls (cap|max|inv|bt):  0| 0| 0| 0| runtime: 1032.3 ms | cr: 4129.3
    1700. dt:  0.25 ms | #newton:  1 | ph:  0.0% | #CG/newton: 2015 | ls (cap|max|inv|bt):  0| 0| 0| 0| runtime: 1043.4 ms | cr: 4173.5
    1701. dt:  0.25 ms | #newton:  1 | ph:  0.0% | #CG/newton: 2016 | ls (cap|max|inv|bt):  0| 0| 0| 0| runtime: 1042.1 ms | cr: 4168.4
    1702. dt:  0.25 ms | #newton:  1 | ph:  0.0% | #CG/newton: 2011 | ls (cap|max|inv|bt):  0| 0| 0| 0| runtime: 1045.2 ms | cr: 4180.7
    1703. dt:  0.25 ms | #newton:  1 | ph:  0.0% | #CG/newton: 2010 | ls (cap|max|inv|bt):  0| 0| 0| 0| runtime: 1027.5 ms | cr: 4110.0
    1704. dt:  0.25 ms | #newton:  1 | ph:  0.0% | #CG/newton: 2018 | ls (cap|max|inv|bt):  0| 0| 0| 0| runtime: 1035.0 ms | cr: 4140.0
    1705. dt:  0.25 ms | #newton:  1 | ph:  0.0% | #CG/newton: 2024 | ls (cap|max|inv|bt):  0| 0| 0| 0| runtime: 1028.6 ms | cr: 4114.4
    1706. dt:  0.25 ms | #newton:  1 | ph:  0.0% | #CG/newton: 2019 | ls (cap|max|inv|bt):  0| 0| 0| 0| runtime: 1048.1 ms | cr: 4192.3
    1707. dt:  0.25 ms | #newton:  1 | ph:  0.0% | #CG/newton: 2017 | ls (cap|max|inv|bt):  0| 0| 0| 0| runtime: 1021.8 ms | cr: 4087.4
    1708. dt:  0.25 ms | #newton:  1 | ph:  0.0% | #CG/newton: 2026 | ls (cap|max|inv|bt):  0| 0| 0| 0| runtime: 1044.8 ms | cr: 4179.1
    1709. dt:  0.25 ms | #newton:  1 | ph:  0.0% | #CG/newton: 2023 | ls (cap|max|inv|bt):  0| 0| 0| 0| runtime: 1037.7 ms | cr: 4150.7
    1710. dt:  0.25 ms | #newton:  1 | ph:  0.0% | #CG/newton: 2018 | ls (cap|max|inv|bt):  0| 0| 0| 0| runtime: 1028.9 ms | cr: 4115.4
    1711. dt:  0.25 ms | #newton:  1 | ph:  0.0% | #CG/newton: 2027 | ls (cap|max|inv|bt):  0| 0| 0| 0| runtime: 1084.5 ms | cr: 4338.0
    1712. dt:  0.25 ms | #newton:  1 | ph:  0.0% | #CG/newton: 2087 | ls (cap|max|inv|bt):  0| 0| 0| 0| runtime: 1077.1 ms | cr: 4308.5
    1713. dt:  0.25 ms | #newton:  1 | ph:  0.0% | #CG/newton: 2019 | ls (cap|max|inv|bt):  0| 0| 0| 0| runtime: 1053.2 ms | cr: 4212.6
    1714. dt:  0.25 ms | #newton:  1 | ph:  0.0% | #CG/newton: 2030 | ls (cap|max|inv|bt):  0| 0| 0| 0| runtime: 1047.3 ms | cr: 4189.4
    1715. dt:  0.25 ms | #newton:  1 | ph:  0.0% | #CG/newton: 2027 | ls (cap|max|inv|bt):  0| 0| 0| 0| runtime: 1049.6 ms | cr: 4198.4
    1716. dt:  0.25 ms | #newton:  1 | ph:  0.0% | #CG/newton: 2021 | ls (cap|max|inv|bt):  0| 0| 0| 0| runtime: 1046.7 ms | cr: 4186.9
    1717. dt:  0.25 ms | #newton:  1 | ph:  0.0% | #CG/newton: 2090 | ls (cap|max|inv|bt):  0| 0| 0| 0| runtime: 1078.5 ms | cr: 4314.0
    1718. dt:  0.25 ms | #newton:  1 | ph:  0.0% | #CG/newton: 2020 | ls (cap|max|inv|bt):  0| 0| 0| 0| runtime: 1043.4 ms | cr: 4173.6
    1719. dt:  0.25 ms | #newton:  1 | ph:  0.0% | #CG/newton: 2016 | ls (cap|max|inv|bt):  0| 0| 0| 0| runtime: 1021.7 ms | cr: 4086.8
    1720. dt:  0.25 ms | #newton:  1 | ph:  0.0% | #CG/newton: 2020 | ls (cap|max|inv|bt):  0| 0| 0| 0| runtime: 1031.4 ms | cr: 4125.7
    1721. dt:  0.25 ms | #newton:  1 | ph:  0.0% | #CG/newton: 2026 | ls (cap|max|inv|bt):  0| 0| 0| 0| runtime: 1035.6 ms | cr: 4142.5
    1722. dt:  0.25 ms | #newton:  1 | ph:  0.0% | #CG/newton: 2026 | ls (cap|max|inv|bt):  0| 0| 0| 0| runtime: 1045.9 ms | cr: 4183.5
    1723. dt:  0.25 ms | #newton:  1 | ph:  0.0% | #CG/newton: 2023 | ls (cap|max|inv|bt):  0| 0| 0| 0| runtime: 1035.1 ms | cr: 4140.5
    1724. dt:  0.25 ms | #newton:  1 | ph:  0.0% | #CG/newton: 2044 | ls (cap|max|inv|bt):  0| 0| 0| 0| runtime: 1040.8 ms | cr: 4163.1
    1725. dt:  0.25 ms | #newton:  1 | ph:  0.0% | #CG/newton: 2080 | ls (cap|max|inv|bt):  0| 0| 0| 0| runtime: 1073.2 ms | cr: 4292.9
    1726. dt:  0.25 ms | #newton:  1 | ph:  0.0% | #CG/newton: 2033 | ls (cap|max|inv|bt):  0| 0| 0| 0| runtime: 1046.4 ms | cr: 4185.6
    1727. dt:  0.25 ms | #newton:  1 | ph:  0.0% | #CG/newton: 2018 | ls (cap|max|inv|bt):  0| 0| 0| 0| runtime: 1038.2 ms | cr: 4152.7
    1728. dt:  0.25 ms | #newton:  1 | ph:  0.0% | #CG/newton: 2091 | ls (cap|max|inv|bt):  0| 0| 0| 0| runtime: 1076.2 ms | cr: 4304.8
    1729. dt:  0.25 ms | #newton:  1 | ph:  0.0% | #CG/newton: 2023 | ls (cap|max|inv|bt):  0| 0| 0| 0| runtime: 1042.8 ms | cr: 4171.3
    1730. dt:  0.25 ms | #newton:  1 | ph:  0.0% | #CG/newton: 2090 | ls (cap|max|inv|bt):  0| 0| 0| 0| runtime: 1064.8 ms | cr: 4259.2
    1731. dt:  0.25 ms | #newton:  1 | ph:  0.0% | #CG/newton: 2029 | ls (cap|max|inv|bt):  0| 0| 0| 0| runtime: 1045.1 ms | cr: 4180.5
    1732. dt:  0.25 ms | #newton:  1 | ph:  0.0% | #CG/newton: 2080 | ls (cap|max|inv|bt):  0| 0| 0| 0| runtime: 1060.1 ms | cr: 4240.5
    1733. dt:  0.25 ms | #newton:  1 | ph:  0.0% | #CG/newton: 2026 | ls (cap|max|inv|bt):  0| 0| 0| 0| runtime: 1033.8 ms | cr: 4135.2
[Frame: 13] Time: 0.433 s
    1734. dt:  0.25 ms | #newton:  1 | ph:  0.0% | #CG/newton: 2086 | ls (cap|max|inv|bt):  0| 0| 0| 0| runtime: 1064.3 ms | cr: 4257.0
    1735. dt:  0.25 ms | #newton:  1 | ph:  0.0% | #CG/newton: 2016 | ls (cap|max|inv|bt):  0| 0| 0| 0| runtime: 1043.8 ms | cr: 4175.4
    1736. dt:  0.25 ms | #newton:  1 | ph:  0.0% | #CG/newton: 2031 | ls (cap|max|inv|bt):  0| 0| 0| 0| runtime: 1050.8 ms | cr: 4203.3
    1737. dt:  0.25 ms | #newton:  1 | ph:  0.0% | #CG/newton: 2087 | ls (cap|max|inv|bt):  0| 0| 0| 0| runtime: 1066.7 ms | cr: 4266.9
    1738. dt:  0.25 ms | #newton:  1 | ph:  0.0% | #CG/newton: 2021 | ls (cap|max|inv|bt):  0| 0| 0| 0| runtime: 1021.3 ms | cr: 4085.1
    1739. dt:  0.25 ms | #newton:  1 | ph:  0.0% | #CG/newton: 2024 | ls (cap|max|inv|bt):  0| 0| 0| 0| runtime: 1043.7 ms | cr: 4174.6
    1740. dt:  0.25 ms | #newton:  1 | ph:  0.0% | #CG/newton: 2084 | ls (cap|max|inv|bt):  0| 0| 0| 0| runtime: 1065.1 ms | cr: 4260.3
    1741. dt:  0.25 ms | #newton:  1 | ph:  0.0% | #CG/newton: 2014 | ls (cap|max|inv|bt):  0| 0| 0| 0| runtime: 1040.3 ms | cr: 4161.3
    1742. dt:  0.25 ms | #newton:  1 | ph:  0.0% | #CG/newton: 2026 | ls (cap|max|inv|bt):  0| 0| 0| 0| runtime: 1031.4 ms | cr: 4125.8
    1743. dt:  0.25 ms | #newton:  1 | ph:  0.0% | #CG/newton: 2020 | ls (cap|max|inv|bt):  0| 0| 0| 0| runtime: 1038.5 ms | cr: 4153.9
    1744. dt:  0.25 ms | #newton:  1 | ph:  0.0% | #CG/newton: 2014 | ls (cap|max|inv|bt):  0| 0| 0| 0| runtime: 1052.2 ms | cr: 4208.8
    1745. dt:  0.25 ms | #newton:  1 | ph:  0.0% | #CG/newton: 2022 | ls (cap|max|inv|bt):  0| 0| 0| 0| runtime: 1055.8 ms | cr: 4223.3
    1746. dt:  0.25 ms | #newton:  1 | ph:  0.0% | #CG/newton: 2016 | ls (cap|max|inv|bt):  0| 0| 0| 0| runtime: 1045.9 ms | cr: 4183.4
    1747. dt:  0.25 ms | #newton:  1 | ph:  0.0% | #CG/newton: 2010 | ls (cap|max|inv|bt):  0| 0| 0| 0| runtime: 1034.7 ms | cr: 4139.0
    1748. dt:  0.25 ms | #newton:  1 | ph:  0.0% | #CG/newton: 2020 | ls (cap|max|inv|bt):  0| 0| 0| 0| runtime: 1046.1 ms | cr: 4184.6
    1749. dt:  0.25 ms | #newton:  1 | ph:  0.0% | #CG/newton: 2015 | ls (cap|max|inv|bt):  0| 0| 0| 0| runtime: 1031.8 ms | cr: 4127.4
    1750. dt:  0.25 ms | #newton:  1 | ph:  0.0% | #CG/newton: 2008 | ls (cap|max|inv|bt):  0| 0| 0| 0| runtime: 1039.0 ms | cr: 4156.0
    1751. dt:  0.25 ms | #newton:  1 | ph:  0.0% | #CG/newton: 2020 | ls (cap|max|inv|bt):  0| 0| 0| 0| runtime: 1044.6 ms | cr: 4178.6
    1752. dt:  0.25 ms | #newton:  1 | ph:  0.0% | #CG/newton: 2012 | ls (cap|max|inv|bt):  0| 0| 0| 0| runtime: 1033.5 ms | cr: 4133.9
    1753. dt:  0.25 ms | #newton:  1 | ph:  0.0% | #CG/newton: 2000 | ls (cap|max|inv|bt):  0| 0| 0| 0| runtime: 1027.9 ms | cr: 4111.6
    1754. dt:  0.25 ms | #newton:  1 | ph:  0.0% | #CG/newton: 2016 | ls (cap|max|inv|bt):  0| 0| 0| 0| runtime: 1032.5 ms | cr: 4130.1
    1755. dt:  0.25 ms | #newton:  1 | ph:  0.0% | #CG/newton: 2012 | ls (cap|max|inv|bt):  0| 0| 0| 0| runtime: 1034.4 ms | cr: 4137.5
    1756. dt:  0.25 ms | #newton:  1 | ph:  0.0% | #CG/newton: 1994 | ls (cap|max|inv|bt):  0| 0| 0| 0| runtime: 1031.7 ms | cr: 4126.7
    1757. dt:  0.25 ms | #newton:  1 | ph:  0.0% | #CG/newton: 2013 | ls (cap|max|inv|bt):  0| 0| 0| 0| runtime: 1047.8 ms | cr: 4191.1
    1758. dt:  0.25 ms | #newton:  1 | ph:  0.0% | #CG/newton: 2009 | ls (cap|max|inv|bt):  0| 0| 0| 0| runtime: 1048.3 ms | cr: 4193.3
    1759. dt:  0.25 ms | #newton:  1 | ph:  0.0% | #CG/newton: 2000 | ls (cap|max|inv|bt):  0| 0| 0| 0| runtime: 1032.9 ms | cr: 4131.5
    1760. dt:  0.25 ms | #newton:  1 | ph:  0.0% | #CG/newton: 2010 | ls (cap|max|inv|bt):  0| 0| 0| 0| runtime: 1034.9 ms | cr: 4139.5
    1761. dt:  0.25 ms | #newton:  1 | ph:  0.0% | #CG/newton: 2018 | ls (cap|max|inv|bt):  0| 0| 0| 0| runtime: 1034.9 ms | cr: 4139.4
    1762. dt:  0.25 ms | #newton:  1 | ph:  0.0% | #CG/newton: 2010 | ls (cap|max|inv|bt):  0| 0| 0| 0| runtime: 1033.8 ms | cr: 4135.3
    1763. dt:  0.25 ms | #newton:  1 | ph:  0.0% | #CG/newton: 2009 | ls (cap|max|inv|bt):  0| 0| 0| 0| runtime: 1033.7 ms | cr: 4134.7
    1764. dt:  0.25 ms | #newton:  1 | ph:  0.0% | #CG/newton: 2019 | ls (cap|max|inv|bt):  0| 0| 0| 0| runtime: 1032.0 ms | cr: 4127.9
    1765. dt:  0.25 ms | #newton:  1 | ph:  0.0% | #CG/newton: 2013 | ls (cap|max|inv|bt):  0| 0| 0| 0| runtime: 1031.0 ms | cr: 4124.1
    1766. dt:  0.25 ms | #newton:  1 | ph:  0.0% | #CG/newton: 2006 | ls (cap|max|inv|bt):  0| 0| 0| 0| runtime: 1037.0 ms | cr: 4148.1
    1767. dt:  0.25 ms | #newton:  1 | ph:  0.0% | #CG/newton: 2008 | ls (cap|max|inv|bt):  0| 0| 0| 0| runtime: 1045.4 ms | cr: 4181.7
    1768. dt:  0.25 ms | #newton:  1 | ph:  0.0% | #CG/newton: 2010 | ls (cap|max|inv|bt):  0| 0| 0| 0| runtime: 1050.4 ms | cr: 4201.4
    1769. dt:  0.25 ms | #newton:  1 | ph:  0.0% | #CG/newton: 2018 | ls (cap|max|inv|bt):  0| 0| 0| 0| runtime: 1046.7 ms | cr: 4187.0
    1770. dt:  0.25 ms | #newton:  1 | ph:  0.0% | #CG/newton: 2015 | ls (cap|max|inv|bt):  0| 0| 0| 0| runtime: 1046.5 ms | cr: 4185.9
    1771. dt:  0.25 ms | #newton:  1 | ph:  0.0% | #CG/newton: 2012 | ls (cap|max|inv|bt):  0| 0| 0| 0| runtime: 1032.7 ms | cr: 4130.6
    1772. dt:  0.25 ms | #newton:  1 | ph:  0.0% | #CG/newton: 2016 | ls (cap|max|inv|bt):  0| 0| 0| 0| runtime: 1046.1 ms | cr: 4184.4
    1773. dt:  0.25 ms | #newton:  1 | ph:  0.0% | #CG/newton: 2009 | ls (cap|max|inv|bt):  0| 0| 0| 0| runtime: 1048.2 ms | cr: 4192.6
    1774. dt:  0.25 ms | #newton:  1 | ph:  0.0% | #CG/newton: 2015 | ls (cap|max|inv|bt):  0| 0| 0| 0| runtime: 1031.1 ms | cr: 4124.5
    1775. dt:  0.25 ms | #newton:  1 | ph:  0.0% | #CG/newton: 2008 | ls (cap|max|inv|bt):  0| 0| 0| 0| runtime: 1030.1 ms | cr: 4120.5
    1776. dt:  0.25 ms | #newton:  1 | ph:  0.0% | #CG/newton: 2018 | ls (cap|max|inv|bt):  0| 0| 0| 0| runtime: 1032.1 ms | cr: 4128.4
    1777. dt:  0.25 ms | #newton:  1 | ph:  0.0% | #CG/newton: 2075 | ls (cap|max|inv|bt):  0| 0| 0| 0| runtime: 1059.0 ms | cr: 4236.0
    1778. dt:  0.25 ms | #newton:  1 | ph:  0.0% | #CG/newton: 1996 | ls (cap|max|inv|bt):  0| 0| 0| 0| runtime: 1031.5 ms | cr: 4126.1
    1779. dt:  0.25 ms | #newton:  1 | ph:  0.0% | #CG/newton: 2017 | ls (cap|max|inv|bt):  0| 0| 0| 0| runtime: 1046.7 ms | cr: 4186.7
    1780. dt:  0.25 ms | #newton:  1 | ph:  0.0% | #CG/newton: 2018 | ls (cap|max|inv|bt):  0| 0| 0| 0| runtime: 1051.8 ms | cr: 4207.2
    1781. dt:  0.25 ms | #newton:  1 | ph:  0.0% | #CG/newton: 2014 | ls (cap|max|inv|bt):  0| 0| 0| 0| runtime: 1047.0 ms | cr: 4188.1
    1782. dt:  0.25 ms | #newton:  1 | ph:  0.0% | #CG/newton: 2018 | ls (cap|max|inv|bt):  0| 0| 0| 0| runtime: 1046.6 ms | cr: 4186.5
    1783. dt:  0.25 ms | #newton:  1 | ph:  0.0% | #CG/newton: 2011 | ls (cap|max|inv|bt):  0| 0| 0| 0| runtime: 1042.6 ms | cr: 4170.5
    1784. dt:  0.25 ms | #newton:  1 | ph:  0.0% | #CG/newton: 2019 | ls (cap|max|inv|bt):  0| 0| 0| 0| runtime: 1035.0 ms | cr: 4140.1
    1785. dt:  0.25 ms | #newton:  1 | ph:  0.0% | #CG/newton: 2013 | ls (cap|max|inv|bt):  0| 0| 0| 0| runtime: 1022.9 ms | cr: 4091.6
    1786. dt:  0.25 ms | #newton:  1 | ph:  0.0% | #CG/newton: 1998 | ls (cap|max|inv|bt):  0| 0| 0| 0| runtime: 1025.7 ms | cr: 4102.9
    1787. dt:  0.25 ms | #newton:  1 | ph:  0.0% | #CG/newton: 2015 | ls (cap|max|inv|bt):  0| 0| 0| 0| runtime: 1053.5 ms | cr: 4214.2
    1788. dt:  0.25 ms | #newton:  1 | ph:  0.0% | #CG/newton: 2021 | ls (cap|max|inv|bt):  0| 0| 0| 0| runtime: 1055.9 ms | cr: 4223.4
    1789. dt:  0.25 ms | #newton:  1 | ph:  0.0% | #CG/newton: 2017 | ls (cap|max|inv|bt):  0| 0| 0| 0| runtime: 1038.5 ms | cr: 4153.9
    1790. dt:  0.25 ms | #newton:  1 | ph:  0.0% | #CG/newton: 2014 | ls (cap|max|inv|bt):  0| 0| 0| 0| runtime: 1048.5 ms | cr: 4193.9
    1791. dt:  0.25 ms | #newton:  1 | ph:  0.0% | #CG/newton: 2022 | ls (cap|max|inv|bt):  0| 0| 0| 0| runtime: 1049.3 ms | cr: 4197.1
    1792. dt:  0.25 ms | #newton:  1 | ph:  0.0% | #CG/newton: 2017 | ls (cap|max|inv|bt):  0| 0| 0| 0| runtime: 1040.7 ms | cr: 4162.8
    1793. dt:  0.25 ms | #newton:  1 | ph:  0.0% | #CG/newton: 2011 | ls (cap|max|inv|bt):  0| 0| 0| 0| runtime: 1025.4 ms | cr: 4101.6
    1794. dt:  0.25 ms | #newton:  1 | ph:  0.0% | #CG/newton: 2019 | ls (cap|max|inv|bt):  0| 0| 0| 0| runtime: 1042.9 ms | cr: 4171.5
    1795. dt:  0.25 ms | #newton:  1 | ph:  0.0% | #CG/newton: 2013 | ls (cap|max|inv|bt):  0| 0| 0| 0| runtime: 1060.8 ms | cr: 4243.2
    1796. dt:  0.25 ms | #newton:  1 | ph:  0.0% | #CG/newton: 2019 | ls (cap|max|inv|bt):  0| 0| 0| 0| runtime: 1060.3 ms | cr: 4241.0
    1797. dt:  0.25 ms | #newton:  1 | ph:  0.0% | #CG/newton: 2012 | ls (cap|max|inv|bt):  0| 0| 0| 0| runtime: 1041.6 ms | cr: 4166.3
    1798. dt:  0.25 ms | #newton:  1 | ph:  0.0% | #CG/newton: 2017 | ls (cap|max|inv|bt):  0| 0| 0| 0| runtime: 1048.9 ms | cr: 4195.5
    1799. dt:  0.25 ms | #newton:  1 | ph:  0.0% | #CG/newton: 2012 | ls (cap|max|inv|bt):  0| 0| 0| 0| runtime: 1037.8 ms | cr: 4151.1
    1800. dt:  0.25 ms | #newton:  1 | ph:  0.0% | #CG/newton: 2018 | ls (cap|max|inv|bt):  0| 0| 0| 0| runtime: 1040.7 ms | cr: 4162.7
    1801. dt:  0.25 ms | #newton:  1 | ph:  0.0% | #CG/newton: 2016 | ls (cap|max|inv|bt):  0| 0| 0| 0| runtime: 1036.5 ms | cr: 4145.9
    1802. dt:  0.25 ms | #newton:  1 | ph:  0.0% | #CG/newton: 2009 | ls (cap|max|inv|bt):  0| 0| 0| 0| runtime: 1032.7 ms | cr: 4131.0
    1803. dt:  0.25 ms | #newton:  1 | ph:  0.0% | #CG/newton: 2017 | ls (cap|max|inv|bt):  0| 0| 0| 0| runtime: 1039.7 ms | cr: 4158.6
    1804. dt:  0.25 ms | #newton:  1 | ph:  0.0% | #CG/newton: 2012 | ls (cap|max|inv|bt):  0| 0| 0| 0| runtime: 1028.2 ms | cr: 4112.6
    1805. dt:  0.25 ms | #newton:  1 | ph:  0.0% | #CG/newton: 2018 | ls (cap|max|inv|bt):  0| 0| 0| 0| runtime: 1032.1 ms | cr: 4128.5
    1806. dt:  0.25 ms | #newton:  1 | ph:  0.0% | #CG/newton: 2016 | ls (cap|max|inv|bt):  0| 0| 0| 0| runtime: 1032.1 ms | cr: 4128.5
    1807. dt:  0.25 ms | #newton:  1 | ph:  0.0% | #CG/newton: 2009 | ls (cap|max|inv|bt):  0| 0| 0| 0| runtime: 1030.0 ms | cr: 4119.9
    1808. dt:  0.25 ms | #newton:  1 | ph:  0.0% | #CG/newton: 2017 | ls (cap|max|inv|bt):  0| 0| 0| 0| runtime: 1027.1 ms | cr: 4108.5
    1809. dt:  0.25 ms | #newton:  1 | ph:  0.0% | #CG/newton: 2011 | ls (cap|max|inv|bt):  0| 0| 0| 0| runtime: 1033.8 ms | cr: 4135.0
    1810. dt:  0.25 ms | #newton:  1 | ph:  0.0% | #CG/newton: 2002 | ls (cap|max|inv|bt):  0| 0| 0| 0| runtime: 1029.4 ms | cr: 4117.7
    1811. dt:  0.25 ms | #newton:  1 | ph:  0.0% | #CG/newton: 2007 | ls (cap|max|inv|bt):  0| 0| 0| 0| runtime: 1029.9 ms | cr: 4119.6
    1812. dt:  0.25 ms | #newton:  1 | ph:  0.0% | #CG/newton: 2017 | ls (cap|max|inv|bt):  0| 0| 0| 0| runtime: 1041.8 ms | cr: 4167.4
    1813. dt:  0.25 ms | #newton:  1 | ph:  0.0% | #CG/newton: 2011 | ls (cap|max|inv|bt):  0| 0| 0| 0| runtime: 1028.5 ms | cr: 4114.1
    1814. dt:  0.25 ms | #newton:  1 | ph:  0.0% | #CG/newton: 1999 | ls (cap|max|inv|bt):  0| 0| 0| 0| runtime: 1036.3 ms | cr: 4145.3
    1815. dt:  0.25 ms | #newton:  1 | ph:  0.0% | #CG/newton: 2018 | ls (cap|max|inv|bt):  0| 0| 0| 0| runtime: 1036.1 ms | cr: 4144.5
    1816. dt:  0.25 ms | #newton:  1 | ph:  0.0% | #CG/newton: 2009 | ls (cap|max|inv|bt):  0| 0| 0| 0| runtime: 1033.7 ms | cr: 4134.7
    1817. dt:  0.25 ms | #newton:  1 | ph:  0.0% | #CG/newton: 2003 | ls (cap|max|inv|bt):  0| 0| 0| 0| runtime: 1029.6 ms | cr: 4118.4
    1818. dt:  0.25 ms | #newton:  1 | ph:  0.0% | #CG/newton: 2013 | ls (cap|max|inv|bt):  0| 0| 0| 0| runtime: 1031.6 ms | cr: 4126.5
    1819. dt:  0.25 ms | #newton:  1 | ph:  0.0% | #CG/newton: 2010 | ls (cap|max|inv|bt):  0| 0| 0| 0| runtime: 1033.0 ms | cr: 4131.9
    1820. dt:  0.25 ms | #newton:  1 | ph:  0.0% | #CG/newton: 1992 | ls (cap|max|inv|bt):  0| 0| 0| 0| runtime: 1026.7 ms | cr: 4107.0
    1821. dt:  0.25 ms | #newton:  1 | ph:  0.0% | #CG/newton: 2009 | ls (cap|max|inv|bt):  0| 0| 0| 0| runtime: 1033.0 ms | cr: 4132.1
    1822. dt:  0.25 ms | #newton:  1 | ph:  0.0% | #CG/newton: 2016 | ls (cap|max|inv|bt):  0| 0| 0| 0| runtime: 1039.4 ms | cr: 4157.8
    1823. dt:  0.25 ms | #newton:  1 | ph:  0.0% | #CG/newton: 2010 | ls (cap|max|inv|bt):  0| 0| 0| 0| runtime: 1032.3 ms | cr: 4129.0
    1824. dt:  0.25 ms | #newton:  1 | ph:  0.0% | #CG/newton: 2107 | ls (cap|max|inv|bt):  0| 0| 0| 0| runtime: 1065.1 ms | cr: 4260.3
    1825. dt:  0.25 ms | #newton:  1 | ph:  0.0% | #CG/newton: 2153 | ls (cap|max|inv|bt):  0| 0| 0| 0| runtime: 1091.7 ms | cr: 4366.8
    1826. dt:  0.25 ms | #newton:  1 | ph:  0.0% | #CG/newton: 2374 | ls (cap|max|inv|bt):  0| 0| 0| 0| runtime: 1187.4 ms | cr: 4749.8
    1827. dt:  0.25 ms | #newton:  1 | ph:  0.0% | #CG/newton: 2319 | ls (cap|max|inv|bt):  0| 0| 0| 0| runtime: 1155.1 ms | cr: 4620.5
    1828. dt:  0.25 ms | #newton:  1 | ph:  0.0% | #CG/newton: 2295 | ls (cap|max|inv|bt):  0| 0| 0| 0| runtime: 1150.6 ms | cr: 4602.5
    1829. dt:  0.25 ms | #newton:  1 | ph:  0.0% | #CG/newton: 2315 | ls (cap|max|inv|bt):  0| 0| 0| 0| runtime: 1155.5 ms | cr: 4621.9
    1830. dt:  0.25 ms | #newton:  1 | ph:  0.0% | #CG/newton: 2370 | ls (cap|max|inv|bt):  0| 0| 0| 0| runtime: 1174.2 ms | cr: 4696.7
    1831. dt:  0.25 ms | #newton:  1 | ph:  0.0% | #CG/newton: 2090 | ls (cap|max|inv|bt):  0| 0| 0| 0| runtime: 1055.9 ms | cr: 4223.7
    1832. dt:  0.25 ms | #newton:  1 | ph:  0.0% | #CG/newton: 2102 | ls (cap|max|inv|bt):  0| 0| 0| 0| runtime: 1072.1 ms | cr: 4288.2
    1833. dt:  0.25 ms | #newton:  1 | ph:  0.0% | #CG/newton: 2105 | ls (cap|max|inv|bt):  0| 0| 0| 0| runtime: 1069.6 ms | cr: 4278.2
    1834. dt:  0.25 ms | #newton:  1 | ph:  0.0% | #CG/newton: 2095 | ls (cap|max|inv|bt):  0| 0| 0| 0| runtime: 1071.6 ms | cr: 4286.6
    1835. dt:  0.25 ms | #newton:  1 | ph:  0.0% | #CG/newton: 2115 | ls (cap|max|inv|bt):  0| 0| 0| 0| runtime: 1071.4 ms | cr: 4285.8
    1836. dt:  0.25 ms | #newton:  1 | ph:  0.0% | #CG/newton: 2202 | ls (cap|max|inv|bt):  0| 0| 0| 0| runtime: 1126.9 ms | cr: 4507.5
    1837. dt:  0.25 ms | #newton:  1 | ph:  0.0% | #CG/newton: 2227 | ls (cap|max|inv|bt):  0| 0| 0| 0| runtime: 1137.0 ms | cr: 4548.2
    1838. dt:  0.25 ms | #newton:  1 | ph:  0.0% | #CG/newton: 2187 | ls (cap|max|inv|bt):  0| 0| 0| 0| runtime: 1142.3 ms | cr: 4569.2
    1839. dt:  0.25 ms | #newton:  1 | ph:  0.0% | #CG/newton: 2223 | ls (cap|max|inv|bt):  0| 0| 0| 0| runtime: 1144.8 ms | cr: 4579.3
    1840. dt:  0.25 ms | #newton:  1 | ph:  0.0% | #CG/newton: 2274 | ls (cap|max|inv|bt):  0| 0| 0| 0| runtime: 1140.3 ms | cr: 4561.3
    1841. dt:  0.25 ms | #newton:  1 | ph:  0.0% | #CG/newton: 2100 | ls (cap|max|inv|bt):  0| 0| 0| 0| runtime: 1068.7 ms | cr: 4274.9
    1842. dt:  0.25 ms | #newton:  1 | ph:  0.0% | #CG/newton: 2085 | ls (cap|max|inv|bt):  0| 0| 0| 0| runtime: 1053.9 ms | cr: 4215.8
    1843. dt:  0.25 ms | #newton:  1 | ph:  0.0% | #CG/newton: 2364 | ls (cap|max|inv|bt):  0| 0| 0| 0| runtime: 1181.4 ms | cr: 4725.5
    1844. dt:  0.25 ms | #newton:  1 | ph:  0.0% | #CG/newton: 1957 | ls (cap|max|inv|bt):  0| 0| 0| 0| runtime: 1004.1 ms | cr: 4016.3
    1845. dt:  0.25 ms | #newton:  1 | ph:  0.0% | #CG/newton: 2328 | ls (cap|max|inv|bt):  0| 0| 0| 0| runtime: 1178.0 ms | cr: 4712.1
    1846. dt:  0.25 ms | #newton:  1 | ph:  0.0% | #CG/newton: 2342 | ls (cap|max|inv|bt):  0| 0| 0| 0| runtime: 1202.6 ms | cr: 4810.3
    1847. dt:  0.25 ms | #newton:  1 | ph:  0.0% | #CG/newton: 2326 | ls (cap|max|inv|bt):  0| 0| 0| 0| runtime: 1179.2 ms | cr: 4716.8
    1848. dt:  0.25 ms | #newton:  1 | ph:  0.0% | #CG/newton: 2106 | ls (cap|max|inv|bt):  0| 0| 0| 0| runtime: 1079.7 ms | cr: 4318.9
    1849. dt:  0.25 ms | #newton:  1 | ph:  0.0% | #CG/newton: 2082 | ls (cap|max|inv|bt):  0| 0| 0| 0| runtime: 1069.6 ms | cr: 4278.6
    1850. dt:  0.25 ms | #newton:  1 | ph:  0.0% | #CG/newton: 2089 | ls (cap|max|inv|bt):  0| 0| 0| 0| runtime: 1063.6 ms | cr: 4254.3
    1851. dt:  0.25 ms | #newton:  1 | ph:  0.0% | #CG/newton: 2188 | ls (cap|max|inv|bt):  0| 0| 0| 0| runtime: 1105.6 ms | cr: 4422.3
    1852. dt:  0.25 ms | #newton:  1 | ph:  0.0% | #CG/newton: 2092 | ls (cap|max|inv|bt):  0| 0| 0| 0| runtime: 1065.0 ms | cr: 4260.2
    1853. dt:  0.25 ms | #newton:  1 | ph:  0.0% | #CG/newton: 2192 | ls (cap|max|inv|bt):  0| 0| 0| 0| runtime: 1116.9 ms | cr: 4467.5
    1854. dt:  0.25 ms | #newton:  1 | ph:  0.0% | #CG/newton: 2110 | ls (cap|max|inv|bt):  0| 0| 0| 0| runtime: 1070.3 ms | cr: 4281.4
    1855. dt:  0.25 ms | #newton:  1 | ph:  0.0% | #CG/newton: 2378 | ls (cap|max|inv|bt):  0| 0| 0| 0| runtime: 1194.4 ms | cr: 4777.7
    1856. dt:  0.25 ms | #newton:  1 | ph:  0.0% | #CG/newton: 2391 | ls (cap|max|inv|bt):  0| 0| 0| 0| runtime: 1189.8 ms | cr: 4759.3
    1857. dt:  0.25 ms | #newton:  1 | ph:  0.0% | #CG/newton: 2385 | ls (cap|max|inv|bt):  0| 0| 0| 0| runtime: 1194.7 ms | cr: 4778.6
    1858. dt:  0.25 ms | #newton:  1 | ph:  0.0% | #CG/newton: 2385 | ls (cap|max|inv|bt):  0| 0| 0| 0| runtime: 1193.0 ms | cr: 4772.1
    1859. dt:  0.25 ms | #newton:  1 | ph:  0.0% | #CG/newton: 2115 | ls (cap|max|inv|bt):  0| 0| 0| 0| runtime: 1087.9 ms | cr: 4351.7
    1860. dt:  0.25 ms | #newton:  1 | ph:  0.0% | #CG/newton: 2126 | ls (cap|max|inv|bt):  0| 0| 0| 0| runtime: 1092.9 ms | cr: 4371.7
    1861. dt:  0.25 ms | #newton:  1 | ph:  0.0% | #CG/newton: 2113 | ls (cap|max|inv|bt):  0| 0| 0| 0| runtime: 1075.5 ms | cr: 4302.2
    1862. dt:  0.25 ms | #newton:  1 | ph:  0.0% | #CG/newton: 2090 | ls (cap|max|inv|bt):  0| 0| 0| 0| runtime: 1016.1 ms | cr: 4064.6
    1863. dt:  0.25 ms | #newton:  1 | ph:  0.0% | #CG/newton: 2098 | ls (cap|max|inv|bt):  0| 0| 0| 0| runtime: 1005.0 ms | cr: 4020.1
    1864. dt:  0.25 ms | #newton:  1 | ph:  0.0% | #CG/newton: 2092 | ls (cap|max|inv|bt):  0| 0| 0| 0| runtime: 1023.2 ms | cr: 4092.8
    1865. dt:  0.25 ms | #newton:  1 | ph:  0.0% | #CG/newton: 2099 | ls (cap|max|inv|bt):  0| 0| 0| 0| runtime: 1016.4 ms | cr: 4065.8
    1866. dt:  0.25 ms | #newton:  1 | ph:  0.0% | #CG/newton: 2098 | ls (cap|max|inv|bt):  0| 0| 0| 0| runtime: 1072.0 ms | cr: 4288.0
[Frame: 14] Time: 0.467 s
    1867. dt:  0.25 ms | #newton:  1 | ph:  0.0% | #CG/newton: 2095 | ls (cap|max|inv|bt):  0| 0| 0| 0| runtime: 1083.2 ms | cr: 4333.0
    1868. dt:  0.25 ms | #newton:  1 | ph:  0.0% | #CG/newton: 2100 | ls (cap|max|inv|bt):  0| 0| 0| 0| runtime: 1172.1 ms | cr: 4688.6
    1869. dt:  0.25 ms | #newton:  1 | ph:  0.0% | #CG/newton: 2013 | ls (cap|max|inv|bt):  0| 0| 0| 0| runtime: 1031.3 ms | cr: 4125.1
    1870. dt:  0.25 ms | #newton:  1 | ph:  0.0% | #CG/newton: 2009 | ls (cap|max|inv|bt):  0| 0| 0| 0| runtime: 1042.4 ms | cr: 4169.5
    1871. dt:  0.25 ms | #newton:  1 | ph:  0.0% | #CG/newton: 2010 | ls (cap|max|inv|bt):  0| 0| 0| 0| runtime: 1016.7 ms | cr: 4066.9
    1872. dt:  0.25 ms | #newton:  1 | ph:  0.0% | #CG/newton: 2016 | ls (cap|max|inv|bt):  0| 0| 0| 0| runtime: 1036.6 ms | cr: 4146.6
    1873. dt:  0.25 ms | #newton:  1 | ph:  0.0% | #CG/newton: 2116 | ls (cap|max|inv|bt):  0| 0| 0| 0| runtime: 1064.5 ms | cr: 4258.1
    1874. dt:  0.25 ms | #newton:  1 | ph:  0.0% | #CG/newton: 2112 | ls (cap|max|inv|bt):  0| 0| 0| 0| runtime: 1071.9 ms | cr: 4287.5
    1875. dt:  0.25 ms | #newton:  1 | ph:  0.0% | #CG/newton: 2096 | ls (cap|max|inv|bt):  0| 0| 0| 0| runtime: 1070.1 ms | cr: 4280.3
    1876. dt:  0.25 ms | #newton:  1 | ph:  0.0% | #CG/newton: 2017 | ls (cap|max|inv|bt):  0| 0| 0| 0| runtime: 1032.1 ms | cr: 4128.6
    1877. dt:  0.25 ms | #newton:  1 | ph:  0.0% | #CG/newton: 2010 | ls (cap|max|inv|bt):  0| 0| 0| 0| runtime: 1028.7 ms | cr: 4115.0
    1878. dt:  0.25 ms | #newton:  1 | ph:  0.0% | #CG/newton: 2009 | ls (cap|max|inv|bt):  0| 0| 0| 0| runtime: 1026.9 ms | cr: 4107.6
    1879. dt:  0.25 ms | #newton:  1 | ph:  0.0% | #CG/newton: 2006 | ls (cap|max|inv|bt):  0| 0| 0| 0| runtime: 1022.2 ms | cr: 4088.9
    1880. dt:  0.25 ms | #newton:  1 | ph:  0.0% | #CG/newton: 1979 | ls (cap|max|inv|bt):  0| 0| 0| 0| runtime: 1017.9 ms | cr: 4071.5
    1881. dt:  0.25 ms | #newton:  1 | ph:  0.0% | #CG/newton: 2014 | ls (cap|max|inv|bt):  0| 0| 0| 0| runtime: 1033.0 ms | cr: 4132.0
    1882. dt:  0.25 ms | #newton:  1 | ph:  0.0% | #CG/newton: 2013 | ls (cap|max|inv|bt):  0| 0| 0| 0| runtime: 1028.6 ms | cr: 4114.5
    1883. dt:  0.25 ms | #newton:  1 | ph:  0.0% | #CG/newton: 2007 | ls (cap|max|inv|bt):  0| 0| 0| 0| runtime: 1035.5 ms | cr: 4142.0
    1884. dt:  0.25 ms | #newton:  1 | ph:  0.0% | #CG/newton: 2013 | ls (cap|max|inv|bt):  0| 0| 0| 0| runtime: 1029.8 ms | cr: 4119.3
    1885. dt:  0.25 ms | #newton:  1 | ph:  0.0% | #CG/newton: 2009 | ls (cap|max|inv|bt):  0| 0| 0| 0| runtime: 1032.7 ms | cr: 4130.9
    1886. dt:  0.25 ms | #newton:  1 | ph:  0.0% | #CG/newton: 2017 | ls (cap|max|inv|bt):  0| 0| 0| 0| runtime: 1037.0 ms | cr: 4147.8
    1887. dt:  0.25 ms | #newton:  1 | ph:  0.0% | #CG/newton: 2016 | ls (cap|max|inv|bt):  0| 0| 0| 0| runtime: 1042.6 ms | cr: 4170.2
    1888. dt:  0.25 ms | #newton:  1 | ph:  0.0% | #CG/newton: 2010 | ls (cap|max|inv|bt):  0| 0| 0| 0| runtime: 1036.9 ms | cr: 4147.6
    1889. dt:  0.25 ms | #newton:  1 | ph:  0.0% | #CG/newton: 2014 | ls (cap|max|inv|bt):  0| 0| 0| 0| runtime: 1038.6 ms | cr: 4154.4
    1890. dt:  0.25 ms | #newton:  1 | ph:  0.0% | #CG/newton: 2011 | ls (cap|max|inv|bt):  0| 0| 0| 0| runtime: 1034.0 ms | cr: 4136.1
    1891. dt:  0.25 ms | #newton:  1 | ph:  0.0% | #CG/newton: 2017 | ls (cap|max|inv|bt):  0| 0| 0| 0| runtime: 1036.9 ms | cr: 4147.5
    1892. dt:  0.25 ms | #newton:  1 | ph:  0.0% | #CG/newton: 2016 | ls (cap|max|inv|bt):  0| 0| 0| 0| runtime: 1038.9 ms | cr: 4155.8
    1893. dt:  0.25 ms | #newton:  1 | ph:  0.0% | #CG/newton: 2010 | ls (cap|max|inv|bt):  0| 0| 0| 0| runtime: 1032.3 ms | cr: 4129.2
    1894. dt:  0.25 ms | #newton:  1 | ph:  0.0% | #CG/newton: 2018 | ls (cap|max|inv|bt):  0| 0| 0| 0| runtime: 1037.8 ms | cr: 4151.1
    1895. dt:  0.25 ms | #newton:  1 | ph:  0.0% | #CG/newton: 2013 | ls (cap|max|inv|bt):  0| 0| 0| 0| runtime: 1040.0 ms | cr: 4160.2
    1896. dt:  0.25 ms | #newton:  1 | ph:  0.0% | #CG/newton: 2010 | ls (cap|max|inv|bt):  0| 0| 0| 0| runtime: 1035.6 ms | cr: 4142.5
    1897. dt:  0.25 ms | #newton:  1 | ph:  0.0% | #CG/newton: 2021 | ls (cap|max|inv|bt):  0| 0| 0| 0| runtime: 1049.0 ms | cr: 4196.0
    1898. dt:  0.25 ms | #newton:  1 | ph:  0.0% | #CG/newton: 2015 | ls (cap|max|inv|bt):  0| 0| 0| 0| runtime: 1042.9 ms | cr: 4171.8
    1899. dt:  0.25 ms | #newton:  1 | ph:  0.0% | #CG/newton: 2007 | ls (cap|max|inv|bt):  0| 0| 0| 0| runtime: 1045.1 ms | cr: 4180.4
    1900. dt:  0.25 ms | #newton:  1 | ph:  0.0% | #CG/newton: 2018 | ls (cap|max|inv|bt):  0| 0| 0| 0| runtime: 1039.6 ms | cr: 4158.5
    1901. dt:  0.25 ms | #newton:  1 | ph:  0.0% | #CG/newton: 2012 | ls (cap|max|inv|bt):  0| 0| 0| 0| runtime: 1036.9 ms | cr: 4147.7
    1902. dt:  0.25 ms | #newton:  1 | ph:  0.0% | #CG/newton: 2012 | ls (cap|max|inv|bt):  0| 0| 0| 0| runtime: 1029.3 ms | cr: 4117.3
    1903. dt:  0.25 ms | #newton:  1 | ph:  0.0% | #CG/newton: 2017 | ls (cap|max|inv|bt):  0| 0| 0| 0| runtime: 1049.7 ms | cr: 4198.7
    1904. dt:  0.25 ms | #newton:  1 | ph:  0.0% | #CG/newton: 2015 | ls (cap|max|inv|bt):  0| 0| 0| 0| runtime: 1029.0 ms | cr: 4116.1
    1905. dt:  0.25 ms | #newton:  1 | ph:  0.0% | #CG/newton: 2007 | ls (cap|max|inv|bt):  0| 0| 0| 0| runtime:  985.7 ms | cr: 3943.0
    1906. dt:  0.25 ms | #newton:  1 | ph:  0.0% | #CG/newton: 2016 | ls (cap|max|inv|bt):  0| 0| 0| 0| runtime:  998.0 ms | cr: 3992.0
    1907. dt:  0.25 ms | #newton:  1 | ph:  0.0% | #CG/newton: 2011 | ls (cap|max|inv|bt):  0| 0| 0| 0| runtime: 1028.4 ms | cr: 4113.4
    1908. dt:  0.25 ms | #newton:  1 | ph:  0.0% | #CG/newton: 2009 | ls (cap|max|inv|bt):  0| 0| 0| 0| runtime: 1065.3 ms | cr: 4261.1
    1909. dt:  0.25 ms | #newton:  1 | ph:  0.0% | #CG/newton: 2014 | ls (cap|max|inv|bt):  0| 0| 0| 0| runtime: 1045.1 ms | cr: 4180.6
    1910. dt:  0.25 ms | #newton:  1 | ph:  0.0% | #CG/newton: 2015 | ls (cap|max|inv|bt):  0| 0| 0| 0| runtime: 1047.5 ms | cr: 4190.1
    1911. dt:  0.25 ms | #newton:  1 | ph:  0.0% | #CG/newton: 2010 | ls (cap|max|inv|bt):  0| 0| 0| 0| runtime: 1041.9 ms | cr: 4167.5
    1912. dt:  0.25 ms | #newton:  1 | ph:  0.0% | #CG/newton: 2015 | ls (cap|max|inv|bt):  0| 0| 0| 0| runtime: 1044.3 ms | cr: 4177.3
    1913. dt:  0.25 ms | #newton:  1 | ph:  0.0% | #CG/newton: 2010 | ls (cap|max|inv|bt):  0| 0| 0| 0| runtime: 1036.4 ms | cr: 4145.6
    1914. dt:  0.25 ms | #newton:  1 | ph:  0.0% | #CG/newton: 1978 | ls (cap|max|inv|bt):  0| 0| 0| 0| runtime: 1027.4 ms | cr: 4109.5
    1915. dt:  0.25 ms | #newton:  1 | ph:  0.0% | #CG/newton: 2008 | ls (cap|max|inv|bt):  0| 0| 0| 0| runtime: 1041.9 ms | cr: 4167.5
    1916. dt:  0.25 ms | #newton:  1 | ph:  0.0% | #CG/newton: 2011 | ls (cap|max|inv|bt):  0| 0| 0| 0| runtime: 1036.0 ms | cr: 4144.1
    1917. dt:  0.25 ms | #newton:  1 | ph:  0.0% | #CG/newton: 2015 | ls (cap|max|inv|bt):  0| 0| 0| 0| runtime: 1037.9 ms | cr: 4151.7
    1918. dt:  0.25 ms | #newton:  1 | ph:  0.0% | #CG/newton: 2010 | ls (cap|max|inv|bt):  0| 0| 0| 0| runtime: 1042.3 ms | cr: 4169.1
    1919. dt:  0.25 ms | #newton:  1 | ph:  0.0% | #CG/newton: 1988 | ls (cap|max|inv|bt):  0| 0| 0| 0| runtime: 1033.5 ms | cr: 4134.0
    1920. dt:  0.25 ms | #newton:  1 | ph:  0.0% | #CG/newton: 2016 | ls (cap|max|inv|bt):  0| 0| 0| 0| runtime: 1039.1 ms | cr: 4156.3
    1921. dt:  0.25 ms | #newton:  1 | ph:  0.0% | #CG/newton: 2012 | ls (cap|max|inv|bt):  0| 0| 0| 0| runtime: 1044.6 ms | cr: 4178.3
    1922. dt:  0.25 ms | #newton:  1 | ph:  0.0% | #CG/newton: 2006 | ls (cap|max|inv|bt):  0| 0| 0| 0| runtime: 1031.8 ms | cr: 4127.0
    1923. dt:  0.25 ms | #newton:  1 | ph:  0.0% | #CG/newton: 1987 | ls (cap|max|inv|bt):  0| 0| 0| 0| runtime: 1027.9 ms | cr: 4111.8
    1924. dt:  0.25 ms | #newton:  1 | ph:  0.0% | #CG/newton: 2020 | ls (cap|max|inv|bt):  0| 0| 0| 0| runtime: 1039.7 ms | cr: 4158.8
    1925. dt:  0.25 ms | #newton:  1 | ph:  0.0% | #CG/newton: 2007 | ls (cap|max|inv|bt):  0| 0| 0| 0| runtime: 1048.3 ms | cr: 4193.2
    1926. dt:  0.25 ms | #newton:  1 | ph:  0.0% | #CG/newton: 2010 | ls (cap|max|inv|bt):  0| 0| 0| 0| runtime: 1041.0 ms | cr: 4164.2
    1927. dt:  0.25 ms | #newton:  1 | ph:  0.0% | #CG/newton: 2016 | ls (cap|max|inv|bt):  0| 0| 0| 0| runtime: 1050.5 ms | cr: 4201.8
    1928. dt:  0.25 ms | #newton:  1 | ph:  0.0% | #CG/newton: 2013 | ls (cap|max|inv|bt):  0| 0| 0| 0| runtime: 1030.8 ms | cr: 4123.1
    1929. dt:  0.25 ms | #newton:  1 | ph:  0.0% | #CG/newton: 2004 | ls (cap|max|inv|bt):  0| 0| 0| 0| runtime: 1028.1 ms | cr: 4112.5
    1930. dt:  0.25 ms | #newton:  1 | ph:  0.0% | #CG/newton: 2012 | ls (cap|max|inv|bt):  0| 0| 0| 0| runtime: 1045.0 ms | cr: 4179.9
    1931. dt:  0.25 ms | #newton:  1 | ph:  0.0% | #CG/newton: 2011 | ls (cap|max|inv|bt):  0| 0| 0| 0| runtime: 1037.1 ms | cr: 4148.2
    1932. dt:  0.25 ms | #newton:  1 | ph:  0.0% | #CG/newton: 2019 | ls (cap|max|inv|bt):  0| 0| 0| 0| runtime: 1038.1 ms | cr: 4152.5
    1933. dt:  0.25 ms | #newton:  1 | ph:  0.0% | #CG/newton: 2011 | ls (cap|max|inv|bt):  0| 0| 0| 0| runtime: 1041.6 ms | cr: 4166.3
    1934. dt:  0.25 ms | #newton:  1 | ph:  0.0% | #CG/newton: 2002 | ls (cap|max|inv|bt):  0| 0| 0| 0| runtime: 1036.9 ms | cr: 4147.6
    1935. dt:  0.25 ms | #newton:  1 | ph:  0.0% | #CG/newton: 2013 | ls (cap|max|inv|bt):  0| 0| 0| 0| runtime: 1033.8 ms | cr: 4135.3
    1936. dt:  0.25 ms | #newton:  1 | ph:  0.0% | #CG/newton: 2012 | ls (cap|max|inv|bt):  0| 0| 0| 0| runtime: 1041.0 ms | cr: 4164.1
    1937. dt:  0.25 ms | #newton:  1 | ph:  0.0% | #CG/newton: 2012 | ls (cap|max|inv|bt):  0| 0| 0| 0| runtime: 1076.6 ms | cr: 4306.6
    1938. dt:  0.25 ms | #newton:  1 | ph:  0.0% | #CG/newton: 2002 | ls (cap|max|inv|bt):  0| 0| 0| 0| runtime: 1030.3 ms | cr: 4121.1
    1939. dt:  0.25 ms | #newton:  1 | ph:  0.0% | #CG/newton: 2013 | ls (cap|max|inv|bt):  0| 0| 0| 0| runtime: 1040.9 ms | cr: 4163.7
    1940. dt:  0.25 ms | #newton:  1 | ph:  0.0% | #CG/newton: 2007 | ls (cap|max|inv|bt):  0| 0| 0| 0| runtime: 1038.2 ms | cr: 4152.7
    1941. dt:  0.25 ms | #newton:  1 | ph:  0.0% | #CG/newton: 1975 | ls (cap|max|inv|bt):  0| 0| 0| 0| runtime: 1023.6 ms | cr: 4094.2
    1942. dt:  0.25 ms | #newton:  1 | ph:  0.0% | #CG/newton: 1979 | ls (cap|max|inv|bt):  0| 0| 0| 0| runtime: 1030.4 ms | cr: 4121.6
    1943. dt:  0.25 ms | #newton:  1 | ph:  0.0% | #CG/newton: 1925 | ls (cap|max|inv|bt):  0| 0| 0| 0| runtime:  997.3 ms | cr: 3989.2
    1944. dt:  0.25 ms | #newton:  1 | ph:  0.0% | #CG/newton: 2012 | ls (cap|max|inv|bt):  0| 0| 0| 0| runtime: 1039.1 ms | cr: 4156.4
    1945. dt:  0.25 ms | #newton:  1 | ph:  0.0% | #CG/newton: 2008 | ls (cap|max|inv|bt):  0| 0| 0| 0| runtime: 1040.0 ms | cr: 4160.1
    1946. dt:  0.25 ms | #newton:  1 | ph:  0.0% | #CG/newton: 2004 | ls (cap|max|inv|bt):  0| 0| 0| 0| runtime: 1019.3 ms | cr: 4077.2
    1947. dt:  0.25 ms | #newton:  1 | ph:  0.0% | #CG/newton: 2008 | ls (cap|max|inv|bt):  0| 0| 0| 0| runtime: 1037.3 ms | cr: 4149.1
    1948. dt:  0.25 ms | #newton:  1 | ph:  0.0% | #CG/newton: 2014 | ls (cap|max|inv|bt):  0| 0| 0| 0| runtime: 1037.5 ms | cr: 4150.0
    1949. dt:  0.25 ms | #newton:  1 | ph:  0.0% | #CG/newton: 2006 | ls (cap|max|inv|bt):  0| 0| 0| 0| runtime: 1042.4 ms | cr: 4169.6
    1950. dt:  0.25 ms | #newton:  1 | ph:  0.0% | #CG/newton: 2012 | ls (cap|max|inv|bt):  0| 0| 0| 0| runtime: 1039.8 ms | cr: 4159.3
    1951. dt:  0.25 ms | #newton:  1 | ph:  0.0% | #CG/newton: 2016 | ls (cap|max|inv|bt):  0| 0| 0| 0| runtime: 1037.8 ms | cr: 4151.1
    1952. dt:  0.25 ms | #newton:  1 | ph:  0.0% | #CG/newton: 2012 | ls (cap|max|inv|bt):  0| 0| 0| 0| runtime: 1044.1 ms | cr: 4176.5
    1953. dt:  0.25 ms | #newton:  1 | ph:  0.0% | #CG/newton: 2009 | ls (cap|max|inv|bt):  0| 0| 0| 0| runtime: 1042.3 ms | cr: 4169.2
    1954. dt:  0.25 ms | #newton:  1 | ph:  0.0% | #CG/newton: 2012 | ls (cap|max|inv|bt):  0| 0| 0| 0| runtime: 1034.6 ms | cr: 4138.3
    1955. dt:  0.25 ms | #newton:  1 | ph:  0.0% | #CG/newton: 2008 | ls (cap|max|inv|bt):  0| 0| 0| 0| runtime: 1039.7 ms | cr: 4158.7
    1956. dt:  0.25 ms | #newton:  1 | ph:  0.0% | #CG/newton: 2014 | ls (cap|max|inv|bt):  0| 0| 0| 0| runtime: 1040.2 ms | cr: 4160.7
    1957. dt:  0.25 ms | #newton:  1 | ph:  0.0% | #CG/newton: 2009 | ls (cap|max|inv|bt):  0| 0| 0| 0| runtime: 1033.2 ms | cr: 4132.9
    1958. dt:  0.25 ms | #newton:  1 | ph:  0.0% | #CG/newton: 2005 | ls (cap|max|inv|bt):  0| 0| 0| 0| runtime: 1034.2 ms | cr: 4136.7
    1959. dt:  0.25 ms | #newton:  1 | ph:  0.0% | #CG/newton: 2013 | ls (cap|max|inv|bt):  0| 0| 0| 0| runtime: 1041.9 ms | cr: 4167.5
    1960. dt:  0.25 ms | #newton:  1 | ph:  0.0% | #CG/newton: 2011 | ls (cap|max|inv|bt):  0| 0| 0| 0| runtime: 1031.3 ms | cr: 4125.1
    1961. dt:  0.25 ms | #newton:  1 | ph:  0.0% | #CG/newton: 2083 | ls (cap|max|inv|bt):  0| 0| 0| 0| runtime: 1067.7 ms | cr: 4270.7
    1962. dt:  0.25 ms | #newton:  1 | ph:  0.0% | #CG/newton: 2110 | ls (cap|max|inv|bt):  0| 0| 0| 0| runtime: 1070.9 ms | cr: 4283.4
    1963. dt:  0.25 ms | #newton:  1 | ph:  0.0% | #CG/newton: 2018 | ls (cap|max|inv|bt):  0| 0| 0| 0| runtime: 1031.0 ms | cr: 4124.1
    1964. dt:  0.25 ms | #newton:  1 | ph:  0.0% | #CG/newton: 2114 | ls (cap|max|inv|bt):  0| 0| 0| 0| runtime: 1072.7 ms | cr: 4290.7
    1965. dt:  0.25 ms | #newton:  1 | ph:  0.0% | #CG/newton: 2122 | ls (cap|max|inv|bt):  0| 0| 0| 0| runtime: 1082.7 ms | cr: 4330.6
    1966. dt:  0.25 ms | #newton:  1 | ph:  0.0% | #CG/newton: 2115 | ls (cap|max|inv|bt):  0| 0| 0| 0| runtime: 1075.3 ms | cr: 4301.3
    1967. dt:  0.25 ms | #newton:  1 | ph:  0.0% | #CG/newton: 2138 | ls (cap|max|inv|bt):  0| 0| 0| 0| runtime: 1087.5 ms | cr: 4349.9
    1968. dt:  0.25 ms | #newton:  1 | ph:  0.0% | #CG/newton: 2202 | ls (cap|max|inv|bt):  0| 0| 0| 0| runtime: 1115.0 ms | cr: 4460.0
    1969. dt:  0.25 ms | #newton:  1 | ph:  0.0% | #CG/newton: 2218 | ls (cap|max|inv|bt):  0| 0| 0| 0| runtime: 1123.8 ms | cr: 4495.2
    1970. dt:  0.25 ms | #newton:  1 | ph:  0.0% | #CG/newton: 2386 | ls (cap|max|inv|bt):  0| 0| 0| 0| runtime: 1187.2 ms | cr: 4748.7
    1971. dt:  0.25 ms | #newton:  1 | ph:  0.0% | #CG/newton: 2215 | ls (cap|max|inv|bt):  0| 0| 0| 0| runtime: 1111.1 ms | cr: 4444.6
    1972. dt:  0.25 ms | #newton:  1 | ph:  0.0% | #CG/newton: 2237 | ls (cap|max|inv|bt):  0| 0| 0| 0| runtime: 1128.6 ms | cr: 4514.4
    1973. dt:  0.25 ms | #newton:  1 | ph:  0.0% | #CG/newton: 2226 | ls (cap|max|inv|bt):  0| 0| 0| 0| runtime: 1118.7 ms | cr: 4474.8
    1974. dt:  0.25 ms | #newton:  1 | ph:  0.0% | #CG/newton: 2240 | ls (cap|max|inv|bt):  0| 0| 0| 0| runtime: 1118.9 ms | cr: 4475.6
    1975. dt:  0.25 ms | #newton:  1 | ph:  0.0% | #CG/newton: 2203 | ls (cap|max|inv|bt):  0| 0| 0| 0| runtime: 1115.5 ms | cr: 4462.1
    1976. dt:  0.25 ms | #newton:  1 | ph:  0.0% | #CG/newton: 2235 | ls (cap|max|inv|bt):  0| 0| 0| 0| runtime: 1128.5 ms | cr: 4513.9
    1977. dt:  0.25 ms | #newton:  1 | ph:  0.0% | #CG/newton: 2194 | ls (cap|max|inv|bt):  0| 0| 0| 0| runtime: 1109.7 ms | cr: 4439.0
    1978. dt:  0.25 ms | #newton:  1 | ph:  0.0% | #CG/newton: 2233 | ls (cap|max|inv|bt):  0| 0| 0| 0| runtime: 1124.7 ms | cr: 4498.9
    1979. dt:  0.25 ms | #newton:  1 | ph:  0.0% | #CG/newton: 2195 | ls (cap|max|inv|bt):  0| 0| 0| 0| runtime: 1102.7 ms | cr: 4410.7
    1980. dt:  0.25 ms | #newton:  1 | ph:  0.0% | #CG/newton: 2236 | ls (cap|max|inv|bt):  0| 0| 0| 0| runtime: 1138.3 ms | cr: 4553.3
    1981. dt:  0.25 ms | #newton:  1 | ph:  0.0% | #CG/newton: 2197 | ls (cap|max|inv|bt):  0| 0| 0| 0| runtime: 1114.7 ms | cr: 4458.9
    1982. dt:  0.25 ms | #newton:  1 | ph:  0.0% | #CG/newton: 2225 | ls (cap|max|inv|bt):  0| 0| 0| 0| runtime: 1135.4 ms | cr: 4541.7
    1983. dt:  0.25 ms | #newton:  1 | ph:  0.0% | #CG/newton: 2236 | ls (cap|max|inv|bt):  0| 0| 0| 0| runtime: 1124.1 ms | cr: 4496.4
    1984. dt:  0.25 ms | #newton:  1 | ph:  0.0% | #CG/newton: 2235 | ls (cap|max|inv|bt):  0| 0| 0| 0| runtime: 1123.7 ms | cr: 4494.7
    1985. dt:  0.25 ms | #newton:  1 | ph:  0.0% | #CG/newton: 2231 | ls (cap|max|inv|bt):  0| 0| 0| 0| runtime: 1133.3 ms | cr: 4533.3
    1986. dt:  0.25 ms | #newton:  1 | ph:  0.0% | #CG/newton: 2239 | ls (cap|max|inv|bt):  0| 0| 0| 0| runtime: 1121.4 ms | cr: 4485.7
    1987. dt:  0.25 ms | #newton:  1 | ph:  0.0% | #CG/newton: 2201 | ls (cap|max|inv|bt):  0| 0| 0| 0| runtime: 1109.0 ms | cr: 4435.9
    1988. dt:  0.25 ms | #newton:  1 | ph:  0.0% | #CG/newton: 2241 | ls (cap|max|inv|bt):  0| 0| 0| 0| runtime: 1136.0 ms | cr: 4544.1
    1989. dt:  0.25 ms | #newton:  1 | ph:  0.0% | #CG/newton: 2195 | ls (cap|max|inv|bt):  0| 0| 0| 0| runtime: 1114.3 ms | cr: 4457.1
    1990. dt:  0.25 ms | #newton:  1 | ph:  0.0% | #CG/newton: 2109 | ls (cap|max|inv|bt):  0| 0| 0| 0| runtime: 1074.6 ms | cr: 4298.5
    1991. dt:  0.25 ms | #newton:  1 | ph:  0.0% | #CG/newton: 2204 | ls (cap|max|inv|bt):  0| 0| 0| 0| runtime: 1112.6 ms | cr: 4450.3
    1992. dt:  0.25 ms | #newton:  1 | ph:  0.0% | #CG/newton: 2094 | ls (cap|max|inv|bt):  0| 0| 0| 0| runtime: 1083.3 ms | cr: 4333.0
    1993. dt:  0.25 ms | #newton:  1 | ph:  0.0% | #CG/newton: 2102 | ls (cap|max|inv|bt):  0| 0| 0| 0| runtime: 1075.6 ms | cr: 4302.4
    1994. dt:  0.25 ms | #newton:  1 | ph:  0.0% | #CG/newton: 2100 | ls (cap|max|inv|bt):  0| 0| 0| 0| runtime: 1065.6 ms | cr: 4262.2
    1995. dt:  0.25 ms | #newton:  1 | ph:  0.0% | #CG/newton: 2091 | ls (cap|max|inv|bt):  0| 0| 0| 0| runtime: 1062.4 ms | cr: 4249.8
    1996. dt:  0.25 ms | #newton:  1 | ph:  0.0% | #CG/newton: 2094 | ls (cap|max|inv|bt):  0| 0| 0| 0| runtime: 1063.6 ms | cr: 4254.5
    1997. dt:  0.25 ms | #newton:  1 | ph:  0.0% | #CG/newton: 2089 | ls (cap|max|inv|bt):  0| 0| 0| 0| runtime: 1067.0 ms | cr: 4267.9
    1998. dt:  0.25 ms | #newton:  1 | ph:  0.0% | #CG/newton: 2104 | ls (cap|max|inv|bt):  0| 0| 0| 0| runtime: 1081.1 ms | cr: 4324.5
    1999. dt:  0.25 ms | #newton:  1 | ph:  0.0% | #CG/newton: 2104 | ls (cap|max|inv|bt):  0| 0| 0| 0| runtime: 1080.6 ms | cr: 4322.6
    2000. dt:  0.25 ms | #newton:  1 | ph:  0.0% | #CG/newton: 2101 | ls (cap|max|inv|bt):  0| 0| 0| 0| runtime: 1074.3 ms | cr: 4297.2
[Frame: 15] Time: 0.500 s
    2001. dt:  0.25 ms | #newton:  1 | ph:  0.0% | #CG/newton: 1974 | ls (cap|max|inv|bt):  0| 0| 0| 0| runtime: 1015.1 ms | cr: 4060.5
    2002. dt:  0.25 ms | #newton:  1 | ph:  0.0% | #CG/newton: 1992 | ls (cap|max|inv|bt):  0| 0| 0| 0| runtime: 1024.0 ms | cr: 4096.2
    2003. dt:  0.25 ms | #newton:  1 | ph:  0.0% | #CG/newton: 2002 | ls (cap|max|inv|bt):  0| 0| 0| 0| runtime: 1015.7 ms | cr: 4062.7
    2004. dt:  0.25 ms | #newton:  1 | ph:  0.0% | #CG/newton: 2002 | ls (cap|max|inv|bt):  0| 0| 0| 0| runtime: 1030.9 ms | cr: 4123.5
    2005. dt:  0.25 ms | #newton:  1 | ph:  0.0% | #CG/newton: 1999 | ls (cap|max|inv|bt):  0| 0| 0| 0| runtime: 1012.6 ms | cr: 4050.4
    2006. dt:  0.25 ms | #newton:  1 | ph:  0.0% | #CG/newton: 1973 | ls (cap|max|inv|bt):  0| 0| 0| 0| runtime: 1018.7 ms | cr: 4074.8
    2007. dt:  0.25 ms | #newton:  1 | ph:  0.0% | #CG/newton: 2005 | ls (cap|max|inv|bt):  0| 0| 0| 0| runtime: 1004.4 ms | cr: 4017.5
    2008. dt:  0.25 ms | #newton:  1 | ph:  0.0% | #CG/newton: 2003 | ls (cap|max|inv|bt):  0| 0| 0| 0| runtime: 1029.4 ms | cr: 4117.7
    2009. dt:  0.25 ms | #newton:  1 | ph:  0.0% | #CG/newton: 1999 | ls (cap|max|inv|bt):  0| 0| 0| 0| runtime: 1021.7 ms | cr: 4086.7
    2010. dt:  0.25 ms | #newton:  1 | ph:  0.0% | #CG/newton: 1985 | ls (cap|max|inv|bt):  0| 0| 0| 0| runtime: 1026.5 ms | cr: 4106.1
    2011. dt:  0.25 ms | #newton:  1 | ph:  0.0% | #CG/newton: 2009 | ls (cap|max|inv|bt):  0| 0| 0| 0| runtime: 1036.6 ms | cr: 4146.6
    2012. dt:  0.25 ms | #newton:  1 | ph:  0.0% | #CG/newton: 2008 | ls (cap|max|inv|bt):  0| 0| 0| 0| runtime: 1025.8 ms | cr: 4103.4
    2013. dt:  0.25 ms | #newton:  1 | ph:  0.0% | #CG/newton: 2000 | ls (cap|max|inv|bt):  0| 0| 0| 0| runtime: 1022.4 ms | cr: 4089.5
    2014. dt:  0.25 ms | #newton:  1 | ph:  0.0% | #CG/newton: 2001 | ls (cap|max|inv|bt):  0| 0| 0| 0| runtime: 1019.7 ms | cr: 4078.7
    2015. dt:  0.25 ms | #newton:  1 | ph:  0.0% | #CG/newton: 2011 | ls (cap|max|inv|bt):  0| 0| 0| 0| runtime: 1026.3 ms | cr: 4105.4
    2016. dt:  0.25 ms | #newton:  1 | ph:  0.0% | #CG/newton: 2005 | ls (cap|max|inv|bt):  0| 0| 0| 0| runtime: 1025.1 ms | cr: 4100.2
    2017. dt:  0.25 ms | #newton:  1 | ph:  0.0% | #CG/newton: 1978 | ls (cap|max|inv|bt):  0| 0| 0| 0| runtime: 1027.7 ms | cr: 4110.9
    2018. dt:  0.25 ms | #newton:  1 | ph:  0.0% | #CG/newton: 2002 | ls (cap|max|inv|bt):  0| 0| 0| 0| runtime: 1022.9 ms | cr: 4091.7
    2019. dt:  0.25 ms | #newton:  1 | ph:  0.0% | #CG/newton: 2004 | ls (cap|max|inv|bt):  0| 0| 0| 0| runtime: 1028.6 ms | cr: 4114.4
    2020. dt:  0.25 ms | #newton:  1 | ph:  0.0% | #CG/newton: 2009 | ls (cap|max|inv|bt):  0| 0| 0| 0| runtime: 1031.0 ms | cr: 4124.0
    2021. dt:  0.25 ms | #newton:  1 | ph:  0.0% | #CG/newton: 2016 | ls (cap|max|inv|bt):  0| 0| 0| 0| runtime: 1068.6 ms | cr: 4274.5
    2022. dt:  0.25 ms | #newton:  1 | ph:  0.0% | #CG/newton: 2010 | ls (cap|max|inv|bt):  0| 0| 0| 0| runtime: 1032.5 ms | cr: 4130.1
    2023. dt:  0.25 ms | #newton:  1 | ph:  0.0% | #CG/newton: 1985 | ls (cap|max|inv|bt):  0| 0| 0| 0| runtime:  990.6 ms | cr: 3962.2
    2024. dt:  0.25 ms | #newton:  1 | ph:  0.0% | #CG/newton: 2008 | ls (cap|max|inv|bt):  0| 0| 0| 0| runtime: 1019.7 ms | cr: 4078.8
    2025. dt:  0.25 ms | #newton:  1 | ph:  0.0% | #CG/newton: 2121 | ls (cap|max|inv|bt):  0| 0| 0| 0| runtime: 1071.7 ms | cr: 4286.8
    2026. dt:  0.25 ms | #newton:  1 | ph:  0.0% | #CG/newton: 2137 | ls (cap|max|inv|bt):  0| 0| 0| 0| runtime: 1068.1 ms | cr: 4272.3
    2027. dt:  0.25 ms | #newton:  1 | ph:  0.0% | #CG/newton: 2342 | ls (cap|max|inv|bt):  0| 0| 0| 0| runtime: 1142.9 ms | cr: 4571.5
    2028. dt:  0.25 ms | #newton:  1 | ph:  0.0% | #CG/newton: 2341 | ls (cap|max|inv|bt):  0| 0| 0| 0| runtime: 1160.6 ms | cr: 4642.3
    2029. dt:  0.25 ms | #newton:  1 | ph:  0.0% | #CG/newton: 2570 | ls (cap|max|inv|bt):  0| 0| 0| 0| runtime: 1277.2 ms | cr: 5108.9
    2030. dt:  0.25 ms | #newton:  1 | ph:  0.0% | #CG/newton: 2353 | ls (cap|max|inv|bt):  0| 0| 0| 0| runtime: 1170.3 ms | cr: 4681.2
    2031. dt:  0.25 ms | #newton:  1 | ph:  0.0% | #CG/newton: 2559 | ls (cap|max|inv|bt):  0| 0| 0| 0| runtime: 1256.7 ms | cr: 5027.0
    2032. dt:  0.25 ms | #newton:  1 | ph:  0.0% | #CG/newton: 2107 | ls (cap|max|inv|bt):  0| 0| 0| 0| runtime: 1074.4 ms | cr: 4297.5
    2033. dt:  0.25 ms | #newton:  1 | ph:  0.0% | #CG/newton: 2006 | ls (cap|max|inv|bt):  0| 0| 0| 0| runtime: 1015.5 ms | cr: 4062.0
    2034. dt:  0.25 ms | #newton:  1 | ph:  0.0% | #CG/newton: 1999 | ls (cap|max|inv|bt):  0| 0| 0| 0| runtime: 1025.2 ms | cr: 4100.8
    2035. dt:  0.25 ms | #newton:  1 | ph:  0.0% | #CG/newton: 2087 | ls (cap|max|inv|bt):  0| 0| 0| 0| runtime: 1070.6 ms | cr: 4282.3
    2036. dt:  0.25 ms | #newton:  1 | ph:  0.0% | #CG/newton: 2197 | ls (cap|max|inv|bt):  0| 0| 0| 0| runtime: 1114.0 ms | cr: 4455.9
    2037. dt:  0.25 ms | #newton:  1 | ph:  0.0% | #CG/newton: 2232 | ls (cap|max|inv|bt):  0| 0| 0| 0| runtime: 1125.6 ms | cr: 4502.5
    2038. dt:  0.25 ms | #newton:  1 | ph:  0.0% | #CG/newton: 2199 | ls (cap|max|inv|bt):  0| 0| 0| 0| runtime: 1108.1 ms | cr: 4432.3
    2039. dt:  0.25 ms | #newton:  1 | ph:  0.0% | #CG/newton: 2237 | ls (cap|max|inv|bt):  0| 0| 0| 0| runtime: 1125.8 ms | cr: 4503.1
    2040. dt:  0.25 ms | #newton:  1 | ph:  0.0% | #CG/newton: 2280 | ls (cap|max|inv|bt):  0| 0| 0| 0| runtime: 1142.3 ms | cr: 4569.0
    2041. dt:  0.25 ms | #newton:  1 | ph:  0.0% | #CG/newton: 2087 | ls (cap|max|inv|bt):  0| 0| 0| 0| runtime: 1057.1 ms | cr: 4228.2
    2042. dt:  0.25 ms | #newton:  1 | ph:  0.0% | #CG/newton: 2006 | ls (cap|max|inv|bt):  0| 0| 0| 0| runtime: 1027.8 ms | cr: 4111.1
    2043. dt:  0.25 ms | #newton:  2 | ph:  0.0% | #CG/newton:  997 | ls (cap|max|inv|bt):  0| 0| 0| 0| runtime: 1095.6 ms | cr: 4382.3
    2044. dt:  0.25 ms | #newton:  1 | ph:  0.0% | #CG/newton: 1993 | ls (cap|max|inv|bt):  0| 0| 0| 0| runtime: 1016.1 ms | cr: 4064.4
    2045. dt:  0.25 ms | #newton:  2 | ph:  0.0% | #CG/newton:  994 | ls (cap|max|inv|bt):  0| 0| 0| 0| runtime: 1089.9 ms | cr: 4359.6
    2046. dt:  0.25 ms | #newton:  1 | ph:  0.0% | #CG/newton: 1897 | ls (cap|max|inv|bt):  0| 0| 0| 0| runtime:  982.5 ms | cr: 3930.2
    2047. dt:  0.25 ms | #newton:  2 | ph:  0.0% | #CG/newton: 1181 | ls (cap|max|inv|bt):  0| 0| 0| 0| runtime: 1249.6 ms | cr: 4998.5
    2048. dt:  0.25 ms | #newton:  1 | ph:  0.0% | #CG/newton: 1557 | ls (cap|max|inv|bt):  0| 0| 0| 0| runtime:  842.3 ms | cr: 3369.3
    2049. dt:  0.25 ms | #newton:  2 | ph:  0.0% | #CG/newton: 1169 | ls (cap|max|inv|bt):  0| 0| 0| 0| runtime: 1235.1 ms | cr: 4940.4
    2050. dt:  0.25 ms | #newton:  1 | ph:  0.0% | #CG/newton: 1893 | ls (cap|max|inv|bt):  0| 0| 0| 0| runtime:  972.2 ms | cr: 3888.8
    2051. dt:  0.25 ms | #newton:  2 | ph:  0.0% | #CG/newton: 1047 | ls (cap|max|inv|bt):  0| 0| 0| 0| runtime: 1132.4 ms | cr: 4529.7
    2052. dt:  0.25 ms | #newton:  1 | ph:  0.0% | #CG/newton: 1938 | ls (cap|max|inv|bt):  0| 0| 0| 0| runtime:  990.2 ms | cr: 3960.7
    2053. dt:  0.25 ms | #newton:  2 | ph:  0.0% | #CG/newton: 1073 | ls (cap|max|inv|bt):  0| 0| 0| 0| runtime: 1150.7 ms | cr: 4602.8
    2054. dt:  0.25 ms | #newton:  1 | ph:  0.0% | #CG/newton: 2185 | ls (cap|max|inv|bt):  0| 0| 0| 0| runtime: 1105.0 ms | cr: 4420.2
    2055. dt:  0.25 ms | #newton:  2 | ph:  0.0% | #CG/newton:  998 | ls (cap|max|inv|bt):  0| 0| 0| 0| runtime: 1084.9 ms | cr: 4339.5
    2056. dt:  0.25 ms | #newton:  1 | ph:  0.0% | #CG/newton: 1989 | ls (cap|max|inv|bt):  0| 0| 0| 0| runtime: 1011.9 ms | cr: 4047.6
    2057. dt:  0.25 ms | #newton:  2 | ph:  0.0% | #CG/newton: 1047 | ls (cap|max|inv|bt):  0| 0| 0| 0| runtime: 1139.6 ms | cr: 4558.2
    2058. dt:  0.25 ms | #newton:  1 | ph:  0.0% | #CG/newton: 2074 | ls (cap|max|inv|bt):  0| 0| 0| 0| runtime: 1054.3 ms | cr: 4217.3
    2059. dt:  0.25 ms | #newton:  2 | ph:  0.0% | #CG/newton: 1048 | ls (cap|max|inv|bt):  0| 0| 0| 0| runtime: 1165.6 ms | cr: 4662.3
    2060. dt:  0.25 ms | #newton:  1 | ph:  0.0% | #CG/newton: 1985 | ls (cap|max|inv|bt):  0| 0| 0| 0| runtime: 1005.9 ms | cr: 4023.6
    2061. dt:  0.25 ms | #newton:  2 | ph:  0.0% | #CG/newton: 1006 | ls (cap|max|inv|bt):  0| 0| 0| 0| runtime: 1104.6 ms | cr: 4418.3
    2062. dt:  0.25 ms | #newton:  1 | ph:  0.0% | #CG/newton: 1984 | ls (cap|max|inv|bt):  0| 0| 0| 0| runtime: 1012.4 ms | cr: 4049.7
    2063. dt:  0.25 ms | #newton:  2 | ph:  0.0% | #CG/newton: 1006 | ls (cap|max|inv|bt):  0| 0| 0| 0| runtime: 1108.4 ms | cr: 4433.5
    2064. dt:  0.25 ms | #newton:  1 | ph:  0.0% | #CG/newton: 2097 | ls (cap|max|inv|bt):  0| 0| 0| 0| runtime: 1061.1 ms | cr: 4244.5
    2065. dt:  0.25 ms | #newton:  2 | ph:  0.0% | #CG/newton: 1064 | ls (cap|max|inv|bt):  0| 0| 0| 0| runtime: 1149.4 ms | cr: 4597.6
    2066. dt:  0.25 ms | #newton:  1 | ph:  0.0% | #CG/newton: 2094 | ls (cap|max|inv|bt):  0| 0| 0| 0| runtime: 1054.8 ms | cr: 4219.2
    2067. dt:  0.25 ms | #newton:  2 | ph:  0.0% | #CG/newton: 1183 | ls (cap|max|inv|bt):  0| 0| 0| 0| runtime: 1249.8 ms | cr: 4999.2
    2068. dt:  0.25 ms | #newton:  1 | ph:  0.0% | #CG/newton: 2100 | ls (cap|max|inv|bt):  0| 0| 0| 0| runtime: 1059.4 ms | cr: 4237.6
    2069. dt:  0.25 ms | #newton:  2 | ph:  0.0% | #CG/newton: 1065 | ls (cap|max|inv|bt):  0| 0| 0| 0| runtime: 1154.8 ms | cr: 4619.3
    2070. dt:  0.25 ms | #newton:  1 | ph:  0.0% | #CG/newton: 2077 | ls (cap|max|inv|bt):  0| 0| 0| 0| runtime: 1028.5 ms | cr: 4113.9
    2071. dt:  0.25 ms | #newton:  2 | ph:  0.0% | #CG/newton: 1011 | ls (cap|max|inv|bt):  0| 0| 0| 0| runtime: 1107.1 ms | cr: 4428.5
    2072. dt:  0.25 ms | #newton:  1 | ph:  0.0% | #CG/newton: 2077 | ls (cap|max|inv|bt):  0| 0| 0| 0| runtime: 1055.6 ms | cr: 4222.6
    2073. dt:  0.25 ms | #newton:  2 | ph:  0.0% | #CG/newton: 1012 | ls (cap|max|inv|bt):  0| 0| 0| 0| runtime: 1098.4 ms | cr: 4393.7
    2074. dt:  0.25 ms | #newton:  1 | ph:  0.0% | #CG/newton: 2004 | ls (cap|max|inv|bt):  0| 0| 0| 0| runtime: 1022.3 ms | cr: 4089.1
    2075. dt:  0.25 ms | #newton:  1 | ph:  0.0% | #CG/newton: 1941 | ls (cap|max|inv|bt):  0| 0| 0| 0| runtime: 1003.6 ms | cr: 4014.3
    2076. dt:  0.25 ms | #newton:  1 | ph:  0.0% | #CG/newton: 2392 | ls (cap|max|inv|bt):  0| 0| 0| 0| runtime: 1190.7 ms | cr: 4762.6
    2077. dt:  0.25 ms | #newton:  1 | ph:  0.0% | #CG/newton: 2370 | ls (cap|max|inv|bt):  0| 0| 0| 0| runtime: 1178.5 ms | cr: 4713.9
    2078. dt:  0.25 ms | #newton:  1 | ph:  0.0% | #CG/newton: 2383 | ls (cap|max|inv|bt):  0| 0| 0| 0| runtime: 1199.9 ms | cr: 4799.7
    2079. dt:  0.25 ms | #newton:  1 | ph:  0.0% | #CG/newton: 2407 | ls (cap|max|inv|bt):  0| 0| 0| 0| runtime: 1188.7 ms | cr: 4754.7
    2080. dt:  0.25 ms | #newton:  1 | ph:  0.0% | #CG/newton: 2395 | ls (cap|max|inv|bt):  0| 0| 0| 0| runtime: 1201.2 ms | cr: 4804.8
    2081. dt:  0.25 ms | #newton:  1 | ph:  0.0% | #CG/newton: 2207 | ls (cap|max|inv|bt):  0| 0| 0| 0| runtime: 1106.6 ms | cr: 4426.2
    2082. dt:  0.25 ms | #newton:  1 | ph:  0.0% | #CG/newton: 2246 | ls (cap|max|inv|bt):  0| 0| 0| 0| runtime: 1129.3 ms | cr: 4517.1
    2083. dt:  0.25 ms | #newton:  1 | ph:  0.0% | #CG/newton: 2213 | ls (cap|max|inv|bt):  0| 0| 0| 0| runtime: 1108.4 ms | cr: 4433.7
    2084. dt:  0.25 ms | #newton:  1 | ph:  0.0% | #CG/newton: 2242 | ls (cap|max|inv|bt):  0| 0| 0| 0| runtime: 1129.5 ms | cr: 4518.1
    2085. dt:  0.25 ms | #newton:  1 | ph:  0.0% | #CG/newton: 2562 | ls (cap|max|inv|bt):  0| 0| 0| 0| runtime: 1272.2 ms | cr: 5088.6
    2086. dt:  0.25 ms | #newton:  1 | ph:  0.0% | #CG/newton: 2587 | ls (cap|max|inv|bt):  0| 0| 0| 0| runtime: 1275.2 ms | cr: 5100.9
    2087. dt:  0.25 ms | #newton:  1 | ph:  0.0% | #CG/newton: 2561 | ls (cap|max|inv|bt):  0| 0| 0| 0| runtime: 1276.9 ms | cr: 5107.7
    2088. dt:  0.25 ms | #newton:  1 | ph:  0.0% | #CG/newton: 2606 | ls (cap|max|inv|bt):  0| 0| 0| 0| runtime: 1299.8 ms | cr: 5199.3
    2089. dt:  0.25 ms | #newton:  1 | ph:  0.0% | #CG/newton: 2810 | ls (cap|max|inv|bt):  0| 0| 0| 0| runtime: 1373.3 ms | cr: 5493.1
    2090. dt:  0.25 ms | #newton:  1 | ph:  0.0% | #CG/newton: 2800 | ls (cap|max|inv|bt):  0| 0| 0| 0| runtime: 1360.9 ms | cr: 5443.5
    2091. dt:  0.25 ms | #newton:  1 | ph:  0.0% | #CG/newton: 2808 | ls (cap|max|inv|bt):  0| 0| 0| 0| runtime: 1367.7 ms | cr: 5470.9
    2092. dt:  0.25 ms | #newton:  1 | ph:  0.0% | #CG/newton: 1374 | ls (cap|max|inv|bt):  0| 0| 0| 0| runtime:  736.5 ms | cr: 2946.1
    2093. dt:  0.25 ms | #newton:  1 | ph:  0.0% | #CG/newton: 1376 | ls (cap|max|inv|bt):  0| 0| 0| 0| runtime:  733.9 ms | cr: 2935.5
    2094. dt:  0.25 ms | #newton:  1 | ph:  0.0% | #CG/newton: 1553 | ls (cap|max|inv|bt):  0| 0| 0| 0| runtime:  814.0 ms | cr: 3255.9
    2095. dt:  0.25 ms | #newton:  1 | ph:  0.0% | #CG/newton: 1549 | ls (cap|max|inv|bt):  0| 0| 0| 0| runtime:  814.0 ms | cr: 3255.8
    2096. dt:  0.25 ms | #newton:  1 | ph:  0.0% | #CG/newton: 1543 | ls (cap|max|inv|bt):  0| 0| 0| 0| runtime:  815.5 ms | cr: 3261.9
    2097. dt:  0.25 ms | #newton:  1 | ph:  0.0% | #CG/newton: 1534 | ls (cap|max|inv|bt):  0| 0| 0| 0| runtime:  801.2 ms | cr: 3204.9
    2098. dt:  0.25 ms | #newton:  1 | ph:  0.0% | #CG/newton: 1522 | ls (cap|max|inv|bt):  0| 0| 0| 0| runtime:  805.1 ms | cr: 3220.5
    2099. dt:  0.25 ms | #newton:  1 | ph:  0.0% | #CG/newton: 1517 | ls (cap|max|inv|bt):  0| 0| 0| 0| runtime:  801.0 ms | cr: 3204.1
    2100. dt:  0.25 ms | #newton:  1 | ph:  0.0% | #CG/newton: 1511 | ls (cap|max|inv|bt):  0| 0| 0| 0| runtime:  795.4 ms | cr: 3181.7
    2101. dt:  0.25 ms | #newton:  1 | ph:  0.0% | #CG/newton: 1495 | ls (cap|max|inv|bt):  0| 0| 0| 0| runtime:  789.8 ms | cr: 3159.0
    2102. dt:  0.25 ms | #newton:  1 | ph:  0.0% | #CG/newton: 1500 | ls (cap|max|inv|bt):  0| 0| 0| 0| runtime:  791.2 ms | cr: 3164.7
    2103. dt:  0.25 ms | #newton:  1 | ph:  0.0% | #CG/newton: 1317 | ls (cap|max|inv|bt):  0| 0| 0| 0| runtime:  711.0 ms | cr: 2844.2
    2104. dt:  0.25 ms | #newton:  1 | ph:  0.0% | #CG/newton: 2847 | ls (cap|max|inv|bt):  0| 0| 0| 0| runtime: 1384.1 ms | cr: 5536.4
    2105. dt:  0.25 ms | #newton:  1 | ph:  0.0% | #CG/newton: 3032 | ls (cap|max|inv|bt):  0| 0| 0| 0| runtime: 1468.4 ms | cr: 5873.7
    2106. dt:  0.25 ms | #newton:  1 | ph:  0.0% | #CG/newton: 3025 | ls (cap|max|inv|bt):  0| 0| 0| 0| runtime: 1470.7 ms | cr: 5882.8
    2107. dt:  0.25 ms | #newton:  1 | ph:  0.0% | #CG/newton: 3000 | ls (cap|max|inv|bt):  0| 0| 0| 0| runtime: 1460.5 ms | cr: 5842.1
    2108. dt:  0.25 ms | #newton:  1 | ph:  0.0% | #CG/newton: 3007 | ls (cap|max|inv|bt):  0| 0| 0| 0| runtime: 1450.2 ms | cr: 5801.0
    2109. dt:  0.25 ms | #newton:  1 | ph:  0.0% | #CG/newton: 3018 | ls (cap|max|inv|bt):  0| 0| 0| 0| runtime: 1461.6 ms | cr: 5846.2
    2110. dt:  0.25 ms | #newton:  1 | ph:  0.0% | #CG/newton: 3023 | ls (cap|max|inv|bt):  0| 0| 0| 0| runtime: 1485.4 ms | cr: 5941.7
    2111. dt:  0.25 ms | #newton:  1 | ph:  0.0% | #CG/newton: 3025 | ls (cap|max|inv|bt):  0| 0| 0| 0| runtime: 1489.8 ms | cr: 5959.4
    2112. dt:  0.25 ms | #newton:  1 | ph:  0.0% | #CG/newton: 2999 | ls (cap|max|inv|bt):  0| 0| 0| 0| runtime: 1470.1 ms | cr: 5880.4
    2113. dt:  0.25 ms | #newton:  1 | ph:  0.0% | #CG/newton: 2999 | ls (cap|max|inv|bt):  0| 0| 0| 0| runtime: 1489.5 ms | cr: 5958.1
    2114. dt:  0.25 ms | #newton:  1 | ph:  0.0% | #CG/newton: 3000 | ls (cap|max|inv|bt):  0| 0| 0| 0| runtime: 1461.2 ms | cr: 5844.9
    2115. dt:  0.25 ms | #newton:  1 | ph:  0.0% | #CG/newton: 3011 | ls (cap|max|inv|bt):  0| 0| 0| 0| runtime: 1478.5 ms | cr: 5913.8
    2116. dt:  0.25 ms | #newton:  1 | ph:  0.0% | #CG/newton: 3055 | ls (cap|max|inv|bt):  0| 0| 0| 0| runtime: 1492.3 ms | cr: 5969.4
    2117. dt:  0.25 ms | #newton:  1 | ph:  0.0% | #CG/newton: 3018 | ls (cap|max|inv|bt):  0| 0| 0| 0| runtime: 1463.7 ms | cr: 5854.8
    2118. dt:  0.25 ms | #newton:  1 | ph:  0.0% | #CG/newton: 3031 | ls (cap|max|inv|bt):  0| 0| 0| 0| runtime: 1487.1 ms | cr: 5948.6
    2119. dt:  0.25 ms | #newton:  1 | ph:  0.0% | #CG/newton: 3014 | ls (cap|max|inv|bt):  0| 0| 0| 0| runtime: 1453.9 ms | cr: 5815.5
    2120. dt:  0.25 ms | #newton:  1 | ph:  0.0% | #CG/newton: 3027 | ls (cap|max|inv|bt):  0| 0| 0| 0| runtime: 1482.6 ms | cr: 5930.4
    2121. dt:  0.25 ms | #newton:  1 | ph:  0.0% | #CG/newton: 3029 | ls (cap|max|inv|bt):  0| 0| 0| 0| runtime: 1493.4 ms | cr: 5973.5
    2122. dt:  0.25 ms | #newton:  1 | ph:  0.0% | #CG/newton: 3033 | ls (cap|max|inv|bt):  0| 0| 0| 0| runtime: 1489.1 ms | cr: 5956.4
    2123. dt:  0.25 ms | #newton:  1 | ph:  0.0% | #CG/newton: 3035 | ls (cap|max|inv|bt):  0| 0| 0| 0| runtime: 1490.8 ms | cr: 5963.1
    2124. dt:  0.25 ms | #newton:  1 | ph:  0.0% | #CG/newton: 3037 | ls (cap|max|inv|bt):  0| 0| 0| 0| runtime: 1491.2 ms | cr: 5964.9
    2125. dt:  0.25 ms | #newton:  1 | ph:  0.0% | #CG/newton: 3034 | ls (cap|max|inv|bt):  0| 0| 0| 0| runtime: 1472.1 ms | cr: 5888.3
    2126. dt:  0.25 ms | #newton:  1 | ph:  0.0% | #CG/newton: 3034 | ls (cap|max|inv|bt):  0| 0| 0| 0| runtime: 1477.8 ms | cr: 5911.2
    2127. dt:  0.25 ms | #newton:  1 | ph:  0.0% | #CG/newton: 3008 | ls (cap|max|inv|bt):  0| 0| 0| 0| runtime: 1464.2 ms | cr: 5856.7
    2128. dt:  0.25 ms | #newton:  1 | ph:  0.0% | #CG/newton: 3012 | ls (cap|max|inv|bt):  0| 0| 0| 0| runtime: 1468.0 ms | cr: 5872.1
    2129. dt:  0.25 ms | #newton:  1 | ph:  0.0% | #CG/newton: 3028 | ls (cap|max|inv|bt):  0| 0| 0| 0| runtime: 1486.6 ms | cr: 5946.5
    2130. dt:  0.25 ms | #newton:  1 | ph:  0.0% | #CG/newton: 3013 | ls (cap|max|inv|bt):  0| 0| 0| 0| runtime: 1478.0 ms | cr: 5912.1
    2131. dt:  0.25 ms | #newton:  1 | ph:  0.0% | #CG/newton: 3014 | ls (cap|max|inv|bt):  0| 0| 0| 0| runtime: 1479.4 ms | cr: 5917.8
    2132. dt:  0.25 ms | #newton:  1 | ph:  0.0% | #CG/newton: 3009 | ls (cap|max|inv|bt):  0| 0| 0| 0| runtime: 1474.5 ms | cr: 5897.8
    2133. dt:  0.25 ms | #newton:  1 | ph:  0.0% | #CG/newton: 3166 | ls (cap|max|inv|bt):  0| 0| 0| 0| runtime: 1532.1 ms | cr: 6128.3
[Frame: 16] Time: 0.533 s
    2134. dt:  0.25 ms | #newton:  1 | ph:  0.0% | #CG/newton: 3149 | ls (cap|max|inv|bt):  0| 0| 0| 0| runtime: 1553.4 ms | cr: 6213.7
    2135. dt:  0.25 ms | #newton:  1 | ph:  0.0% | #CG/newton: 2993 | ls (cap|max|inv|bt):  0| 0| 0| 0| runtime: 1469.0 ms | cr: 5876.1
    2136. dt:  0.25 ms | #newton:  1 | ph:  0.0% | #CG/newton: 2995 | ls (cap|max|inv|bt):  0| 0| 0| 0| runtime: 1479.2 ms | cr: 5916.7
    2137. dt:  0.25 ms | #newton:  1 | ph:  0.0% | #CG/newton: 3167 | ls (cap|max|inv|bt):  0| 0| 0| 0| runtime: 1596.3 ms | cr: 6385.3
    2138. dt:  0.25 ms | #newton:  1 | ph:  0.0% | #CG/newton: 3162 | ls (cap|max|inv|bt):  0| 0| 0| 0| runtime: 1544.1 ms | cr: 6176.6
    2139. dt:  0.25 ms | #newton:  1 | ph:  0.0% | #CG/newton: 2989 | ls (cap|max|inv|bt):  0| 0| 0| 0| runtime: 1449.9 ms | cr: 5799.7
    2140. dt:  0.25 ms | #newton:  1 | ph:  0.0% | #CG/newton: 2932 | ls (cap|max|inv|bt):  0| 0| 0| 0| runtime: 1447.8 ms | cr: 5791.3
    2141. dt:  0.25 ms | #newton:  1 | ph:  0.0% | #CG/newton: 3149 | ls (cap|max|inv|bt):  0| 0| 0| 0| runtime: 1544.3 ms | cr: 6177.1
    2142. dt:  0.25 ms | #newton:  1 | ph:  0.0% | #CG/newton: 3161 | ls (cap|max|inv|bt):  0| 0| 0| 0| runtime: 1539.7 ms | cr: 6158.7
    2143. dt:  0.25 ms | #newton:  1 | ph:  0.0% | #CG/newton: 3140 | ls (cap|max|inv|bt):  0| 0| 0| 0| runtime: 1525.8 ms | cr: 6103.4
    2144. dt:  0.25 ms | #newton:  1 | ph:  0.0% | #CG/newton: 3142 | ls (cap|max|inv|bt):  0| 0| 0| 0| runtime: 1544.3 ms | cr: 6177.2
    2145. dt:  0.25 ms | #newton:  1 | ph:  0.0% | #CG/newton: 3140 | ls (cap|max|inv|bt):  0| 0| 0| 0| runtime: 1536.9 ms | cr: 6147.7
    2146. dt:  0.25 ms | #newton:  1 | ph:  0.0% | #CG/newton: 3163 | ls (cap|max|inv|bt):  0| 0| 0| 0| runtime: 1542.0 ms | cr: 6168.1
    2147. dt:  0.25 ms | #newton:  1 | ph:  0.0% | #CG/newton: 3158 | ls (cap|max|inv|bt):  0| 0| 0| 0| runtime: 1542.7 ms | cr: 6170.8
    2148. dt:  0.25 ms | #newton:  1 | ph:  0.0% | #CG/newton: 3148 | ls (cap|max|inv|bt):  0| 0| 0| 0| runtime: 1542.0 ms | cr: 6168.0
    2149. dt:  0.25 ms | #newton:  1 | ph:  0.0% | #CG/newton: 3157 | ls (cap|max|inv|bt):  0| 0| 0| 0| runtime: 1536.1 ms | cr: 6144.6
    2150. dt:  0.25 ms | #newton:  1 | ph:  0.0% | #CG/newton: 3160 | ls (cap|max|inv|bt):  0| 0| 0| 0| runtime: 1543.4 ms | cr: 6173.6
    2151. dt:  0.25 ms | #newton:  1 | ph:  0.0% | #CG/newton: 3077 | ls (cap|max|inv|bt):  0| 0| 0| 0| runtime: 1539.0 ms | cr: 6156.0
    2152. dt:  0.25 ms | #newton:  1 | ph:  0.0% | #CG/newton: 3085 | ls (cap|max|inv|bt):  0| 0| 0| 0| runtime: 1499.6 ms | cr: 5998.3
    2153. dt:  0.25 ms | #newton:  1 | ph:  0.0% | #CG/newton: 3148 | ls (cap|max|inv|bt):  0| 0| 0| 0| runtime: 1519.4 ms | cr: 6077.5
    2154. dt:  0.25 ms | #newton:  1 | ph:  0.0% | #CG/newton: 3153 | ls (cap|max|inv|bt):  0| 0| 0| 0| runtime: 1529.0 ms | cr: 6116.2
    2155. dt:  0.25 ms | #newton:  1 | ph:  0.0% | #CG/newton: 3150 | ls (cap|max|inv|bt):  0| 0| 0| 0| runtime: 1523.7 ms | cr: 6094.8
    2156. dt:  0.25 ms | #newton:  1 | ph:  0.0% | #CG/newton: 3164 | ls (cap|max|inv|bt):  0| 0| 0| 0| runtime: 1540.9 ms | cr: 6163.6
    2157. dt:  0.25 ms | #newton:  1 | ph:  0.0% | #CG/newton: 3169 | ls (cap|max|inv|bt):  0| 0| 0| 0| runtime: 1551.7 ms | cr: 6206.8
    2158. dt:  0.25 ms | #newton:  1 | ph:  0.0% | #CG/newton: 3147 | ls (cap|max|inv|bt):  0| 0| 0| 0| runtime: 1531.7 ms | cr: 6126.8
    2159. dt:  0.25 ms | #newton:  1 | ph:  0.0% | #CG/newton: 3169 | ls (cap|max|inv|bt):  0| 0| 0| 0| runtime: 1549.8 ms | cr: 6199.1
    2160. dt:  0.25 ms | #newton:  1 | ph:  0.0% | #CG/newton: 3150 | ls (cap|max|inv|bt):  0| 0| 0| 0| runtime: 1524.5 ms | cr: 6098.1
    2161. dt:  0.25 ms | #newton:  1 | ph:  0.0% | #CG/newton: 3150 | ls (cap|max|inv|bt):  0| 0| 0| 0| runtime: 1481.7 ms | cr: 5927.0
    2162. dt:  0.25 ms | #newton:  1 | ph:  0.0% | #CG/newton: 3157 | ls (cap|max|inv|bt):  0| 0| 0| 0| runtime: 1453.6 ms | cr: 5814.5
    2163. dt:  0.25 ms | #newton:  1 | ph:  0.0% | #CG/newton: 3171 | ls (cap|max|inv|bt):  0| 0| 0| 0| runtime: 1482.2 ms | cr: 5928.6
    2164. dt:  0.25 ms | #newton:  1 | ph:  0.0% | #CG/newton: 3170 | ls (cap|max|inv|bt):  0| 0| 0| 0| runtime: 1546.5 ms | cr: 6186.2
    2165. dt:  0.25 ms | #newton:  1 | ph:  0.0% | #CG/newton: 3170 | ls (cap|max|inv|bt):  0| 0| 0| 0| runtime: 1547.0 ms | cr: 6187.9
    2166. dt:  0.25 ms | #newton:  1 | ph:  0.0% | #CG/newton: 3150 | ls (cap|max|inv|bt):  0| 0| 0| 0| runtime: 1531.2 ms | cr: 6124.9
    2167. dt:  0.25 ms | #newton:  1 | ph:  0.0% | #CG/newton: 3172 | ls (cap|max|inv|bt):  0| 0| 0| 0| runtime: 1546.6 ms | cr: 6186.6
    2168. dt:  0.25 ms | #newton:  1 | ph:  0.0% | #CG/newton: 3178 | ls (cap|max|inv|bt):  0| 0| 0| 0| runtime: 1544.0 ms | cr: 6176.0
    2169. dt:  0.25 ms | #newton:  1 | ph:  0.0% | #CG/newton: 3177 | ls (cap|max|inv|bt):  0| 0| 0| 0| runtime: 1556.6 ms | cr: 6226.5
    2170. dt:  0.25 ms | #newton:  1 | ph:  0.0% | #CG/newton: 3175 | ls (cap|max|inv|bt):  0| 0| 0| 0| runtime: 1545.6 ms | cr: 6182.3
    2171. dt:  0.25 ms | #newton:  1 | ph:  0.0% | #CG/newton: 3176 | ls (cap|max|inv|bt):  0| 0| 0| 0| runtime: 1548.0 ms | cr: 6192.0
    2172. dt:  0.25 ms | #newton:  1 | ph:  0.0% | #CG/newton: 3175 | ls (cap|max|inv|bt):  0| 0| 0| 0| runtime: 1548.9 ms | cr: 6195.6
    2173. dt:  0.25 ms | #newton:  1 | ph:  0.0% | #CG/newton: 3178 | ls (cap|max|inv|bt):  0| 0| 0| 0| runtime: 1549.9 ms | cr: 6199.6
    2174. dt:  0.25 ms | #newton:  1 | ph:  0.0% | #CG/newton: 3170 | ls (cap|max|inv|bt):  0| 0| 0| 0| runtime: 1545.5 ms | cr: 6182.0
    2175. dt:  0.25 ms | #newton:  1 | ph:  0.0% | #CG/newton: 3177 | ls (cap|max|inv|bt):  0| 0| 0| 0| runtime: 1532.5 ms | cr: 6130.1
    2176. dt:  0.25 ms | #newton:  1 | ph:  0.0% | #CG/newton: 3176 | ls (cap|max|inv|bt):  0| 0| 0| 0| runtime: 1546.6 ms | cr: 6186.6
    2177. dt:  0.25 ms | #newton:  1 | ph:  0.0% | #CG/newton: 3175 | ls (cap|max|inv|bt):  0| 0| 0| 0| runtime: 1555.3 ms | cr: 6221.3
    2178. dt:  0.25 ms | #newton:  1 | ph:  0.0% | #CG/newton: 3179 | ls (cap|max|inv|bt):  0| 0| 0| 0| runtime: 1561.3 ms | cr: 6245.1
    2179. dt:  0.25 ms | #newton:  1 | ph:  0.0% | #CG/newton: 3175 | ls (cap|max|inv|bt):  0| 0| 0| 0| runtime: 1559.1 ms | cr: 6236.3
    2180. dt:  0.25 ms | #newton:  1 | ph:  0.0% | #CG/newton: 3179 | ls (cap|max|inv|bt):  0| 0| 0| 0| runtime: 1539.3 ms | cr: 6157.2
    2181. dt:  0.25 ms | #newton:  1 | ph:  0.0% | #CG/newton: 3181 | ls (cap|max|inv|bt):  0| 0| 0| 0| runtime: 1545.5 ms | cr: 6182.0
    2182. dt:  0.25 ms | #newton:  1 | ph:  0.0% | #CG/newton: 3166 | ls (cap|max|inv|bt):  0| 0| 0| 0| runtime: 1543.3 ms | cr: 6173.1
    2183. dt:  0.25 ms | #newton:  1 | ph:  0.0% | #CG/newton: 3159 | ls (cap|max|inv|bt):  0| 0| 0| 0| runtime: 1529.4 ms | cr: 6117.8
    2184. dt:  0.25 ms | #newton:  1 | ph:  0.0% | #CG/newton: 3178 | ls (cap|max|inv|bt):  0| 0| 0| 0| runtime: 1557.2 ms | cr: 6228.8
    2185. dt:  0.25 ms | #newton:  1 | ph:  0.0% | #CG/newton: 3177 | ls (cap|max|inv|bt):  0| 0| 0| 0| runtime: 1532.4 ms | cr: 6129.5
    2186. dt:  0.25 ms | #newton:  1 | ph:  0.0% | #CG/newton: 3173 | ls (cap|max|inv|bt):  0| 0| 0| 0| runtime: 1535.1 ms | cr: 6140.3
    2187. dt:  0.25 ms | #newton:  1 | ph:  0.0% | #CG/newton: 3186 | ls (cap|max|inv|bt):  0| 0| 0| 0| runtime: 1549.9 ms | cr: 6199.5
    2188. dt:  0.25 ms | #newton:  1 | ph:  0.0% | #CG/newton: 3190 | ls (cap|max|inv|bt):  0| 0| 0| 0| runtime: 1541.0 ms | cr: 6164.0
    2189. dt:  0.25 ms | #newton:  1 | ph:  0.0% | #CG/newton: 3178 | ls (cap|max|inv|bt):  0| 0| 0| 0| runtime: 1543.9 ms | cr: 6175.7
    2190. dt:  0.25 ms | #newton:  1 | ph:  0.0% | #CG/newton: 3189 | ls (cap|max|inv|bt):  0| 0| 0| 0| runtime: 1541.1 ms | cr: 6164.4
    2191. dt:  0.25 ms | #newton:  1 | ph:  0.0% | #CG/newton: 3016 | ls (cap|max|inv|bt):  0| 0| 0| 0| runtime: 1470.8 ms | cr: 5883.2
    2192. dt:  0.25 ms | #newton:  1 | ph:  0.0% | #CG/newton: 2992 | ls (cap|max|inv|bt):  0| 0| 0| 0| runtime: 1463.7 ms | cr: 5854.9
    2193. dt:  0.25 ms | #newton:  1 | ph:  0.0% | #CG/newton: 3183 | ls (cap|max|inv|bt):  0| 0| 0| 0| runtime: 1547.2 ms | cr: 6189.0
    2194. dt:  0.25 ms | #newton:  1 | ph:  0.0% | #CG/newton: 3028 | ls (cap|max|inv|bt):  0| 0| 0| 0| runtime: 1474.9 ms | cr: 5899.7
    2195. dt:  0.25 ms | #newton:  1 | ph:  0.0% | #CG/newton: 2996 | ls (cap|max|inv|bt):  0| 0| 0| 0| runtime: 1463.1 ms | cr: 5852.5
    2196. dt:  0.25 ms | #newton:  1 | ph:  0.0% | #CG/newton: 3005 | ls (cap|max|inv|bt):  0| 0| 0| 0| runtime: 1468.3 ms | cr: 5873.4
    2197. dt:  0.25 ms | #newton:  1 | ph:  0.0% | #CG/newton: 3170 | ls (cap|max|inv|bt):  0| 0| 0| 0| runtime: 1547.5 ms | cr: 6190.2
    2198. dt:  0.25 ms | #newton:  1 | ph:  0.0% | #CG/newton: 3176 | ls (cap|max|inv|bt):  0| 0| 0| 0| runtime: 1546.4 ms | cr: 6185.8
    2199. dt:  0.25 ms | #newton:  1 | ph:  0.0% | #CG/newton: 3158 | ls (cap|max|inv|bt):  0| 0| 0| 0| runtime: 1541.9 ms | cr: 6167.6
    2200. dt:  0.25 ms | #newton:  1 | ph:  0.0% | #CG/newton: 2840 | ls (cap|max|inv|bt):  0| 0| 0| 0| runtime: 1392.4 ms | cr: 5569.5
    2201. dt:  0.25 ms | #newton:  1 | ph:  0.0% | #CG/newton: 3197 | ls (cap|max|inv|bt):  0| 0| 0| 0| runtime: 1538.4 ms | cr: 6153.5
    2202. dt:  0.25 ms | #newton:  1 | ph:  0.0% | #CG/newton: 3187 | ls (cap|max|inv|bt):  0| 0| 0| 0| runtime: 1539.7 ms | cr: 6159.0
    2203. dt:  0.25 ms | #newton:  1 | ph:  0.0% | #CG/newton: 3190 | ls (cap|max|inv|bt):  0| 0| 0| 0| runtime: 1568.3 ms | cr: 6273.1
    2204. dt:  0.25 ms | #newton:  1 | ph:  0.0% | #CG/newton: 3024 | ls (cap|max|inv|bt):  0| 0| 0| 0| runtime: 1490.1 ms | cr: 5960.5
    2205. dt:  0.25 ms | #newton:  1 | ph:  0.0% | #CG/newton: 3034 | ls (cap|max|inv|bt):  0| 0| 0| 0| runtime: 1478.4 ms | cr: 5913.4
    2206. dt:  0.25 ms | #newton:  1 | ph:  0.0% | #CG/newton: 2916 | ls (cap|max|inv|bt):  0| 0| 0| 0| runtime: 1429.2 ms | cr: 5716.8
    2207. dt:  0.25 ms | #newton:  1 | ph:  0.0% | #CG/newton: 3204 | ls (cap|max|inv|bt):  0| 0| 0| 0| runtime: 1558.5 ms | cr: 6234.0
    2208. dt:  0.25 ms | #newton:  1 | ph:  0.0% | #CG/newton: 3038 | ls (cap|max|inv|bt):  0| 0| 0| 0| runtime: 1483.4 ms | cr: 5933.6
    2209. dt:  0.25 ms | #newton:  1 | ph:  0.0% | #CG/newton: 3041 | ls (cap|max|inv|bt):  0| 0| 0| 0| runtime: 1486.5 ms | cr: 5946.0
    2210. dt:  0.25 ms | #newton:  1 | ph:  0.0% | #CG/newton: 3058 | ls (cap|max|inv|bt):  0| 0| 0| 0| runtime: 1496.4 ms | cr: 5985.4
    2211. dt:  0.25 ms | #newton:  1 | ph:  0.0% | #CG/newton: 3034 | ls (cap|max|inv|bt):  0| 0| 0| 0| runtime: 1482.6 ms | cr: 5930.4
    2212. dt:  0.25 ms | #newton:  1 | ph:  0.0% | #CG/newton: 3043 | ls (cap|max|inv|bt):  0| 0| 0| 0| runtime: 1486.5 ms | cr: 5946.1
    2213. dt:  0.25 ms | #newton:  1 | ph:  0.0% | #CG/newton: 3032 | ls (cap|max|inv|bt):  0| 0| 0| 0| runtime: 1490.1 ms | cr: 5960.3
    2214. dt:  0.25 ms | #newton:  1 | ph:  0.0% | #CG/newton: 3041 | ls (cap|max|inv|bt):  0| 0| 0| 0| runtime: 1494.2 ms | cr: 5976.7
    2215. dt:  0.25 ms | #newton:  1 | ph:  0.0% | #CG/newton: 3035 | ls (cap|max|inv|bt):  0| 0| 0| 0| runtime: 1480.9 ms | cr: 5923.6
    2216. dt:  0.25 ms | #newton:  1 | ph:  0.0% | #CG/newton: 3044 | ls (cap|max|inv|bt):  0| 0| 0| 0| runtime: 1485.4 ms | cr: 5941.5
    2217. dt:  0.25 ms | #newton:  1 | ph:  0.0% | #CG/newton: 3052 | ls (cap|max|inv|bt):  0| 0| 0| 0| runtime: 1492.4 ms | cr: 5969.5
    2218. dt:  0.25 ms | #newton:  1 | ph:  0.0% | #CG/newton: 3057 | ls (cap|max|inv|bt):  0| 0| 0| 0| runtime: 1477.9 ms | cr: 5911.5
    2219. dt:  0.25 ms | #newton:  1 | ph:  0.0% | #CG/newton: 3067 | ls (cap|max|inv|bt):  0| 0| 0| 0| runtime: 1501.0 ms | cr: 6004.0
    2220. dt:  0.25 ms | #newton:  1 | ph:  0.0% | #CG/newton: 3066 | ls (cap|max|inv|bt):  0| 0| 0| 0| runtime: 1495.5 ms | cr: 5982.2
    2221. dt:  0.25 ms | #newton:  1 | ph:  0.0% | #CG/newton: 2873 | ls (cap|max|inv|bt):  0| 0| 0| 0| runtime: 1419.2 ms | cr: 5676.6
    2222. dt:  0.25 ms | #newton:  1 | ph:  0.0% | #CG/newton: 3041 | ls (cap|max|inv|bt):  0| 0| 0| 0| runtime: 1474.3 ms | cr: 5897.0
    2223. dt:  0.25 ms | #newton:  1 | ph:  0.0% | #CG/newton: 2870 | ls (cap|max|inv|bt):  0| 0| 0| 0| runtime: 1417.1 ms | cr: 5668.4
    2224. dt:  0.25 ms | #newton:  1 | ph:  0.0% | #CG/newton: 3072 | ls (cap|max|inv|bt):  0| 0| 0| 0| runtime: 1490.3 ms | cr: 5961.2
    2225. dt:  0.25 ms | #newton:  1 | ph:  0.0% | #CG/newton: 3071 | ls (cap|max|inv|bt):  0| 0| 0| 0| runtime: 1500.9 ms | cr: 6003.7
    2226. dt:  0.25 ms | #newton:  1 | ph:  0.0% | #CG/newton: 3065 | ls (cap|max|inv|bt):  0| 0| 0| 0| runtime: 1493.3 ms | cr: 5973.0
    2227. dt:  0.25 ms | #newton:  1 | ph:  0.0% | #CG/newton: 2667 | ls (cap|max|inv|bt):  0| 0| 0| 0| runtime: 1336.7 ms | cr: 5346.9
    2228. dt:  0.25 ms | #newton:  1 | ph:  0.0% | #CG/newton: 3066 | ls (cap|max|inv|bt):  0| 0| 0| 0| runtime: 1489.0 ms | cr: 5956.1
    2229. dt:  0.25 ms | #newton:  1 | ph:  0.0% | #CG/newton: 3248 | ls (cap|max|inv|bt):  0| 0| 0| 0| runtime: 1587.7 ms | cr: 6350.6
    2230. dt:  0.25 ms | #newton:  2 | ph:  0.0% | #CG/newton: 1555 | ls (cap|max|inv|bt):  0| 0| 0| 0| runtime: 1594.3 ms | cr: 6377.2
    2231. dt:  0.25 ms | #newton:  1 | ph:  0.0% | #CG/newton: 2844 | ls (cap|max|inv|bt):  0| 0| 0| 0| runtime: 1385.6 ms | cr: 5542.6
    2232. dt:  0.25 ms | #newton:  2 | ph:  0.0% | #CG/newton: 1553 | ls (cap|max|inv|bt):  0| 0| 0| 0| runtime: 1570.1 ms | cr: 6280.5
    2233. dt:  0.25 ms | #newton:  1 | ph:  0.0% | #CG/newton: 3242 | ls (cap|max|inv|bt):  0| 0| 0| 0| runtime: 1575.0 ms | cr: 6299.9
    2234. dt:  0.25 ms | #newton:  1 | ph:  0.0% | #CG/newton: 3102 | ls (cap|max|inv|bt):  0| 0| 0| 0| runtime: 1498.9 ms | cr: 5995.5
    2235. dt:  0.25 ms | #newton:  2 | ph:  0.0% | #CG/newton: 1542 | ls (cap|max|inv|bt):  0| 0| 0| 0| runtime: 1558.8 ms | cr: 6235.1
    2236. dt:  0.25 ms | #newton:  1 | ph:  0.0% | #CG/newton: 2840 | ls (cap|max|inv|bt):  0| 0| 0| 0| runtime: 1387.9 ms | cr: 5551.5
    2237. dt:  0.25 ms | #newton:  1 | ph:  0.0% | #CG/newton: 3071 | ls (cap|max|inv|bt):  0| 0| 0| 0| runtime: 1497.4 ms | cr: 5989.7
    2238. dt:  0.25 ms | #newton:  1 | ph:  0.0% | #CG/newton: 3044 | ls (cap|max|inv|bt):  0| 0| 0| 0| runtime: 1483.1 ms | cr: 5932.6
    2239. dt:  0.25 ms | #newton:  1 | ph:  0.0% | #CG/newton: 3052 | ls (cap|max|inv|bt):  0| 0| 0| 0| runtime: 1487.3 ms | cr: 5949.4
    2240. dt:  0.25 ms | #newton:  1 | ph:  0.0% | #CG/newton: 3037 | ls (cap|max|inv|bt):  0| 0| 0| 0| runtime: 1487.4 ms | cr: 5949.7
    2241. dt:  0.25 ms | #newton:  1 | ph:  0.0% | #CG/newton: 3071 | ls (cap|max|inv|bt):  0| 0| 0| 0| runtime: 1495.8 ms | cr: 5983.1
    2242. dt:  0.25 ms | #newton:  1 | ph:  0.0% | #CG/newton: 3074 | ls (cap|max|inv|bt):  0| 0| 0| 0| runtime: 1503.1 ms | cr: 6012.5
    2243. dt:  0.25 ms | #newton:  1 | ph:  0.0% | #CG/newton: 3073 | ls (cap|max|inv|bt):  0| 0| 0| 0| runtime: 1488.7 ms | cr: 5954.7
    2244. dt:  0.25 ms | #newton:  1 | ph:  0.0% | #CG/newton: 3070 | ls (cap|max|inv|bt):  0| 0| 0| 0| runtime: 1473.5 ms | cr: 5894.1
    2245. dt:  0.25 ms | #newton:  1 | ph:  0.0% | #CG/newton: 3069 | ls (cap|max|inv|bt):  0| 0| 0| 0| runtime: 1496.1 ms | cr: 5984.5
    2246. dt:  0.25 ms | #newton:  1 | ph:  0.0% | #CG/newton: 3066 | ls (cap|max|inv|bt):  0| 0| 0| 0| runtime: 1492.3 ms | cr: 5969.2
    2247. dt:  0.25 ms | #newton:  1 | ph:  0.0% | #CG/newton: 3066 | ls (cap|max|inv|bt):  0| 0| 0| 0| runtime: 1518.0 ms | cr: 6071.9
    2248. dt:  0.25 ms | #newton:  1 | ph:  0.0% | #CG/newton: 3061 | ls (cap|max|inv|bt):  0| 0| 0| 0| runtime: 1495.6 ms | cr: 5982.4
    2249. dt:  0.25 ms | #newton:  1 | ph:  0.0% | #CG/newton: 3061 | ls (cap|max|inv|bt):  0| 0| 0| 0| runtime: 1495.3 ms | cr: 5981.3
    2250. dt:  0.25 ms | #newton:  1 | ph:  0.0% | #CG/newton: 3063 | ls (cap|max|inv|bt):  0| 0| 0| 0| runtime: 1493.1 ms | cr: 5972.6
    2251. dt:  0.25 ms | #newton:  1 | ph:  0.0% | #CG/newton: 3061 | ls (cap|max|inv|bt):  0| 0| 0| 0| runtime: 1497.1 ms | cr: 5988.6
    2252. dt:  0.25 ms | #newton:  1 | ph:  0.0% | #CG/newton: 3061 | ls (cap|max|inv|bt):  0| 0| 0| 0| runtime: 1500.8 ms | cr: 6003.3
    2253. dt:  0.25 ms | #newton:  1 | ph:  0.0% | #CG/newton: 3061 | ls (cap|max|inv|bt):  0| 0| 0| 0| runtime: 1505.7 ms | cr: 6022.9
    2254. dt:  0.25 ms | #newton:  1 | ph:  0.0% | #CG/newton: 3063 | ls (cap|max|inv|bt):  0| 0| 0| 0| runtime: 1495.2 ms | cr: 5980.7
    2255. dt:  0.25 ms | #newton:  1 | ph:  0.0% | #CG/newton: 3063 | ls (cap|max|inv|bt):  0| 0| 0| 0| runtime: 1495.1 ms | cr: 5980.5
    2256. dt:  0.25 ms | #newton:  1 | ph:  0.0% | #CG/newton: 3063 | ls (cap|max|inv|bt):  0| 0| 0| 0| runtime: 1510.1 ms | cr: 6040.3
    2257. dt:  0.25 ms | #newton:  1 | ph:  0.0% | #CG/newton: 3061 | ls (cap|max|inv|bt):  0| 0| 0| 0| runtime: 1511.1 ms | cr: 6044.4
    2258. dt:  0.25 ms | #newton:  1 | ph:  0.0% | #CG/newton: 3062 | ls (cap|max|inv|bt):  0| 0| 0| 0| runtime: 1492.9 ms | cr: 5971.6
    2259. dt:  0.25 ms | #newton:  1 | ph:  0.0% | #CG/newton: 3062 | ls (cap|max|inv|bt):  0| 0| 0| 0| runtime: 1495.9 ms | cr: 5983.7
    2260. dt:  0.25 ms | #newton:  1 | ph:  0.0% | #CG/newton: 3062 | ls (cap|max|inv|bt):  0| 0| 0| 0| runtime: 1491.9 ms | cr: 5967.6
    2261. dt:  0.25 ms | #newton:  1 | ph:  0.0% | #CG/newton: 3061 | ls (cap|max|inv|bt):  0| 0| 0| 0| runtime: 1506.4 ms | cr: 6025.5
    2262. dt:  0.25 ms | #newton:  1 | ph:  0.0% | #CG/newton: 3066 | ls (cap|max|inv|bt):  0| 0| 0| 0| runtime: 1487.7 ms | cr: 5950.9
    2263. dt:  0.25 ms | #newton:  1 | ph:  0.0% | #CG/newton: 3064 | ls (cap|max|inv|bt):  0| 0| 0| 0| runtime: 1488.9 ms | cr: 5955.4
    2264. dt:  0.25 ms | #newton:  1 | ph:  0.0% | #CG/newton: 3062 | ls (cap|max|inv|bt):  0| 0| 0| 0| runtime: 1479.5 ms | cr: 5918.0
    2265. dt:  0.25 ms | #newton:  1 | ph:  0.0% | #CG/newton: 3063 | ls (cap|max|inv|bt):  0| 0| 0| 0| runtime: 1484.8 ms | cr: 5939.3
    2266. dt:  0.25 ms | #newton:  1 | ph:  0.0% | #CG/newton: 3062 | ls (cap|max|inv|bt):  0| 0| 0| 0| runtime: 1497.6 ms | cr: 5990.4
[Frame: 17] Time: 0.567 s
    2267. dt:  0.25 ms | #newton:  1 | ph:  0.0% | #CG/newton: 3060 | ls (cap|max|inv|bt):  0| 0| 0| 0| runtime: 1492.7 ms | cr: 5970.9
    2268. dt:  0.25 ms | #newton:  1 | ph:  0.0% | #CG/newton: 3059 | ls (cap|max|inv|bt):  0| 0| 0| 0| runtime: 1492.2 ms | cr: 5968.9
    2269. dt:  0.25 ms | #newton:  1 | ph:  0.0% | #CG/newton: 3061 | ls (cap|max|inv|bt):  0| 0| 0| 0| runtime: 1488.5 ms | cr: 5953.9
    2270. dt:  0.25 ms | #newton:  1 | ph:  0.0% | #CG/newton: 3061 | ls (cap|max|inv|bt):  0| 0| 0| 0| runtime: 1475.7 ms | cr: 5902.9
    2271. dt:  0.25 ms | #newton:  1 | ph:  0.0% | #CG/newton: 3060 | ls (cap|max|inv|bt):  0| 0| 0| 0| runtime: 1485.0 ms | cr: 5939.9
    2272. dt:  0.25 ms | #newton:  1 | ph:  0.0% | #CG/newton: 3060 | ls (cap|max|inv|bt):  0| 0| 0| 0| runtime: 1499.4 ms | cr: 5997.8
    2273. dt:  0.25 ms | #newton:  1 | ph:  0.0% | #CG/newton: 3059 | ls (cap|max|inv|bt):  0| 0| 0| 0| runtime: 1492.1 ms | cr: 5968.2
    2274. dt:  0.25 ms | #newton:  1 | ph:  0.0% | #CG/newton: 3058 | ls (cap|max|inv|bt):  0| 0| 0| 0| runtime: 1483.0 ms | cr: 5932.1
    2275. dt:  0.25 ms | #newton:  1 | ph:  0.0% | #CG/newton: 3060 | ls (cap|max|inv|bt):  0| 0| 0| 0| runtime: 1484.6 ms | cr: 5938.2
    2276. dt:  0.25 ms | #newton:  1 | ph:  0.0% | #CG/newton: 3223 | ls (cap|max|inv|bt):  0| 0| 0| 0| runtime: 1550.2 ms | cr: 6200.7
    2277. dt:  0.25 ms | #newton:  1 | ph:  0.0% | #CG/newton: 3219 | ls (cap|max|inv|bt):  0| 0| 0| 0| runtime: 1551.2 ms | cr: 6204.9
    2278. dt:  0.25 ms | #newton:  1 | ph:  0.0% | #CG/newton: 3213 | ls (cap|max|inv|bt):  0| 0| 0| 0| runtime: 1558.1 ms | cr: 6232.3
    2279. dt:  0.25 ms | #newton:  1 | ph:  0.0% | #CG/newton: 3213 | ls (cap|max|inv|bt):  0| 0| 0| 0| runtime: 1567.0 ms | cr: 6267.9
    2280. dt:  0.25 ms | #newton:  1 | ph:  0.0% | #CG/newton: 3205 | ls (cap|max|inv|bt):  0| 0| 0| 0| runtime: 1552.9 ms | cr: 6211.7
    2281. dt:  0.25 ms | #newton:  1 | ph:  0.0% | #CG/newton: 3207 | ls (cap|max|inv|bt):  0| 0| 0| 0| runtime: 1554.6 ms | cr: 6218.5
    2282. dt:  0.25 ms | #newton:  1 | ph:  0.0% | #CG/newton: 3157 | ls (cap|max|inv|bt):  0| 0| 0| 0| runtime: 1536.5 ms | cr: 6146.0
    2283. dt:  0.25 ms | #newton:  1 | ph:  0.0% | #CG/newton: 3200 | ls (cap|max|inv|bt):  0| 0| 0| 0| runtime: 1560.9 ms | cr: 6243.5
    2284. dt:  0.25 ms | #newton:  1 | ph:  0.0% | #CG/newton: 3181 | ls (cap|max|inv|bt):  0| 0| 0| 0| runtime: 1578.6 ms | cr: 6314.5
    2285. dt:  0.25 ms | #newton:  1 | ph:  0.0% | #CG/newton: 3347 | ls (cap|max|inv|bt):  0| 0| 0| 0| runtime: 1625.6 ms | cr: 6502.3
    2286. dt:  0.25 ms | #newton:  1 | ph:  0.0% | #CG/newton: 3348 | ls (cap|max|inv|bt):  0| 0| 0| 0| runtime: 1605.8 ms | cr: 6423.4
    2287. dt:  0.25 ms | #newton:  1 | ph:  0.0% | #CG/newton: 3346 | ls (cap|max|inv|bt):  0| 0| 0| 0| runtime: 1609.2 ms | cr: 6436.8
    2288. dt:  0.25 ms | #newton:  1 | ph:  0.0% | #CG/newton: 3345 | ls (cap|max|inv|bt):  0| 0| 0| 0| runtime: 1618.8 ms | cr: 6475.1
    2289. dt:  0.25 ms | #newton:  1 | ph:  0.0% | #CG/newton: 3347 | ls (cap|max|inv|bt):  0| 0| 0| 0| runtime: 1625.2 ms | cr: 6501.0
    2290. dt:  0.25 ms | #newton:  1 | ph:  0.0% | #CG/newton: 3159 | ls (cap|max|inv|bt):  0| 0| 0| 0| runtime: 1540.6 ms | cr: 6162.4
    2291. dt:  0.25 ms | #newton:  1 | ph:  0.0% | #CG/newton: 3190 | ls (cap|max|inv|bt):  0| 0| 0| 0| runtime: 1558.0 ms | cr: 6232.1
    2292. dt:  0.25 ms | #newton:  1 | ph:  0.0% | #CG/newton: 3156 | ls (cap|max|inv|bt):  0| 0| 0| 0| runtime: 1531.3 ms | cr: 6125.1
    2293. dt:  0.25 ms | #newton:  1 | ph:  0.0% | #CG/newton: 3002 | ls (cap|max|inv|bt):  0| 0| 0| 0| runtime: 1456.0 ms | cr: 5824.1
    2294. dt:  0.25 ms | #newton:  1 | ph:  0.0% | #CG/newton: 2981 | ls (cap|max|inv|bt):  0| 0| 0| 0| runtime: 1458.0 ms | cr: 5831.9
    2295. dt:  0.25 ms | #newton:  1 | ph:  0.0% | #CG/newton: 3000 | ls (cap|max|inv|bt):  0| 0| 0| 0| runtime: 1463.7 ms | cr: 5854.8
    2296. dt:  0.25 ms | #newton:  1 | ph:  0.0% | #CG/newton: 3144 | ls (cap|max|inv|bt):  0| 0| 0| 0| runtime: 1524.3 ms | cr: 6097.0
    2297. dt:  0.25 ms | #newton:  1 | ph:  0.0% | #CG/newton: 2755 | ls (cap|max|inv|bt):  0| 0| 0| 0| runtime: 1355.8 ms | cr: 5423.4
    2298. dt:  0.25 ms | #newton:  1 | ph:  0.0% | #CG/newton: 3179 | ls (cap|max|inv|bt):  0| 0| 0| 0| runtime: 1549.8 ms | cr: 6199.3
    2299. dt:  0.25 ms | #newton:  1 | ph:  0.0% | #CG/newton: 3321 | ls (cap|max|inv|bt):  0| 0| 0| 0| runtime: 1595.6 ms | cr: 6382.5
    2300. dt:  0.25 ms | #newton:  1 | ph:  0.0% | #CG/newton: 2995 | ls (cap|max|inv|bt):  0| 0| 0| 0| runtime: 1467.3 ms | cr: 5869.1
    2301. dt:  0.25 ms | #newton:  1 | ph:  0.0% | #CG/newton: 3135 | ls (cap|max|inv|bt):  0| 0| 0| 0| runtime: 1529.7 ms | cr: 6119.0
    2302. dt:  0.25 ms | #newton:  1 | ph:  0.0% | #CG/newton: 3130 | ls (cap|max|inv|bt):  0| 0| 0| 0| runtime: 1520.4 ms | cr: 6081.6
    2303. dt:  0.25 ms | #newton:  1 | ph:  0.0% | #CG/newton: 3127 | ls (cap|max|inv|bt):  0| 0| 0| 0| runtime: 1516.1 ms | cr: 6064.5
    2304. dt:  0.25 ms | #newton:  1 | ph:  0.0% | #CG/newton: 3139 | ls (cap|max|inv|bt):  0| 0| 0| 0| runtime: 1530.1 ms | cr: 6120.5
    2305. dt:  0.25 ms | #newton:  1 | ph:  0.0% | #CG/newton: 3309 | ls (cap|max|inv|bt):  0| 0| 0| 0| runtime: 1599.0 ms | cr: 6395.9
    2306. dt:  0.25 ms | #newton:  1 | ph:  0.0% | #CG/newton: 3112 | ls (cap|max|inv|bt):  0| 0| 0| 0| runtime: 1508.3 ms | cr: 6033.1
    2307. dt:  0.25 ms | #newton:  1 | ph:  0.0% | #CG/newton: 3122 | ls (cap|max|inv|bt):  0| 0| 0| 0| runtime: 1522.7 ms | cr: 6090.9
    2308. dt:  0.25 ms | #newton:  1 | ph:  0.0% | #CG/newton: 3134 | ls (cap|max|inv|bt):  0| 0| 0| 0| runtime: 1583.8 ms | cr: 6335.2
    2309. dt:  0.25 ms | #newton:  1 | ph:  0.0% | #CG/newton: 2967 | ls (cap|max|inv|bt):  0| 0| 0| 0| runtime: 1445.5 ms | cr: 5782.2
    2310. dt:  0.25 ms | #newton:  1 | ph:  0.0% | #CG/newton: 3119 | ls (cap|max|inv|bt):  0| 0| 0| 0| runtime: 1518.3 ms | cr: 6073.2
    2311. dt:  0.25 ms | #newton:  1 | ph:  0.0% | #CG/newton: 2920 | ls (cap|max|inv|bt):  0| 0| 0| 0| runtime: 1426.0 ms | cr: 5704.0
    2312. dt:  0.25 ms | #newton:  1 | ph:  0.0% | #CG/newton: 3134 | ls (cap|max|inv|bt):  0| 0| 0| 0| runtime: 1523.8 ms | cr: 6095.0
    2313. dt:  0.25 ms | #newton:  1 | ph:  0.0% | #CG/newton: 2981 | ls (cap|max|inv|bt):  0| 0| 0| 0| runtime: 1463.0 ms | cr: 5852.2
    2314. dt:  0.25 ms | #newton:  1 | ph:  0.0% | #CG/newton: 3125 | ls (cap|max|inv|bt):  0| 0| 0| 0| runtime: 1522.8 ms | cr: 6091.3
    2315. dt:  0.25 ms | #newton:  1 | ph:  0.0% | #CG/newton: 3108 | ls (cap|max|inv|bt):  0| 0| 0| 0| runtime: 1503.6 ms | cr: 6014.2
    2316. dt:  0.25 ms | #newton:  1 | ph:  0.0% | #CG/newton: 3099 | ls (cap|max|inv|bt):  0| 0| 0| 0| runtime: 1505.1 ms | cr: 6020.3
    2317. dt:  0.25 ms | #newton:  1 | ph:  0.0% | #CG/newton: 3126 | ls (cap|max|inv|bt):  0| 0| 0| 0| runtime: 1534.1 ms | cr: 6136.5
    2318. dt:  0.25 ms | #newton:  1 | ph:  0.0% | #CG/newton: 3105 | ls (cap|max|inv|bt):  0| 0| 0| 0| runtime: 1507.1 ms | cr: 6028.5
    2319. dt:  0.25 ms | #newton:  1 | ph:  0.0% | #CG/newton: 3119 | ls (cap|max|inv|bt):  0| 0| 0| 0| runtime: 1533.2 ms | cr: 6132.6
    2320. dt:  0.25 ms | #newton:  1 | ph:  0.0% | #CG/newton: 3110 | ls (cap|max|inv|bt):  0| 0| 0| 0| runtime: 1521.6 ms | cr: 6086.4
    2321. dt:  0.25 ms | #newton:  1 | ph:  0.0% | #CG/newton: 3118 | ls (cap|max|inv|bt):  0| 0| 0| 0| runtime: 1523.4 ms | cr: 6093.7
    2322. dt:  0.25 ms | #newton:  1 | ph:  0.0% | #CG/newton: 3109 | ls (cap|max|inv|bt):  0| 0| 0| 0| runtime: 1517.2 ms | cr: 6068.8
    2323. dt:  0.25 ms | #newton:  1 | ph:  0.0% | #CG/newton: 3122 | ls (cap|max|inv|bt):  0| 0| 0| 0| runtime: 1531.7 ms | cr: 6126.8
    2324. dt:  0.25 ms | #newton:  1 | ph:  0.0% | #CG/newton: 3106 | ls (cap|max|inv|bt):  0| 0| 0| 0| runtime: 1510.6 ms | cr: 6042.4
    2325. dt:  0.25 ms | #newton:  1 | ph:  0.0% | #CG/newton: 3120 | ls (cap|max|inv|bt):  0| 0| 0| 0| runtime: 1518.7 ms | cr: 6074.8
    2326. dt:  0.25 ms | #newton:  1 | ph:  0.0% | #CG/newton: 3116 | ls (cap|max|inv|bt):  0| 0| 0| 0| runtime: 1522.4 ms | cr: 6089.4
    2327. dt:  0.25 ms | #newton:  1 | ph:  0.0% | #CG/newton: 3106 | ls (cap|max|inv|bt):  0| 0| 0| 0| runtime: 1511.6 ms | cr: 6046.6
    2328. dt:  0.25 ms | #newton:  1 | ph:  0.0% | #CG/newton: 3120 | ls (cap|max|inv|bt):  0| 0| 0| 0| runtime: 1518.4 ms | cr: 6073.6
    2329. dt:  0.25 ms | #newton:  1 | ph:  0.0% | #CG/newton: 3104 | ls (cap|max|inv|bt):  0| 0| 0| 0| runtime: 1520.8 ms | cr: 6083.4
    2330. dt:  0.25 ms | #newton:  1 | ph:  0.0% | #CG/newton: 3111 | ls (cap|max|inv|bt):  0| 0| 0| 0| runtime: 1532.4 ms | cr: 6129.4
    2331. dt:  0.25 ms | #newton:  1 | ph:  0.0% | #CG/newton: 3115 | ls (cap|max|inv|bt):  0| 0| 0| 0| runtime: 1519.5 ms | cr: 6078.1
    2332. dt:  0.25 ms | #newton:  1 | ph:  0.0% | #CG/newton: 3115 | ls (cap|max|inv|bt):  0| 0| 0| 0| runtime: 1517.1 ms | cr: 6068.4
    2333. dt:  0.25 ms | #newton:  1 | ph:  0.0% | #CG/newton: 3119 | ls (cap|max|inv|bt):  0| 0| 0| 0| runtime: 1523.0 ms | cr: 6092.2
    2334. dt:  0.25 ms | #newton:  1 | ph:  0.0% | #CG/newton: 3105 | ls (cap|max|inv|bt):  0| 0| 0| 0| runtime: 1487.1 ms | cr: 5948.4
    2335. dt:  0.25 ms | #newton:  1 | ph:  0.0% | #CG/newton: 3116 | ls (cap|max|inv|bt):  0| 0| 0| 0| runtime: 1526.8 ms | cr: 6107.3
    2336. dt:  0.25 ms | #newton:  1 | ph:  0.0% | #CG/newton: 3105 | ls (cap|max|inv|bt):  0| 0| 0| 0| runtime: 1511.4 ms | cr: 6045.8
    2337. dt:  0.25 ms | #newton:  1 | ph:  0.0% | #CG/newton: 3123 | ls (cap|max|inv|bt):  0| 0| 0| 0| runtime: 1524.6 ms | cr: 6098.6
    2338. dt:  0.25 ms | #newton:  1 | ph:  0.0% | #CG/newton: 3113 | ls (cap|max|inv|bt):  0| 0| 0| 0| runtime: 1517.0 ms | cr: 6067.9
    2339. dt:  0.25 ms | #newton:  1 | ph:  0.0% | #CG/newton: 3116 | ls (cap|max|inv|bt):  0| 0| 0| 0| runtime: 1522.9 ms | cr: 6091.5
    2340. dt:  0.25 ms | #newton:  1 | ph:  0.0% | #CG/newton: 3116 | ls (cap|max|inv|bt):  0| 0| 0| 0| runtime: 1533.7 ms | cr: 6134.6
    2341. dt:  0.25 ms | #newton:  1 | ph:  0.0% | #CG/newton: 3113 | ls (cap|max|inv|bt):  0| 0| 0| 0| runtime: 1531.1 ms | cr: 6124.3
    2342. dt:  0.25 ms | #newton:  1 | ph:  0.0% | #CG/newton: 3115 | ls (cap|max|inv|bt):  0| 0| 0| 0| runtime: 1514.2 ms | cr: 6056.7
    2343. dt:  0.25 ms | #newton:  1 | ph:  0.0% | #CG/newton: 3119 | ls (cap|max|inv|bt):  0| 0| 0| 0| runtime: 1521.6 ms | cr: 6086.6
    2344. dt:  0.25 ms | #newton:  1 | ph:  0.0% | #CG/newton: 3108 | ls (cap|max|inv|bt):  0| 0| 0| 0| runtime: 1520.1 ms | cr: 6080.5
    2345. dt:  0.25 ms | #newton:  1 | ph:  0.0% | #CG/newton: 3130 | ls (cap|max|inv|bt):  0| 0| 0| 0| runtime: 1524.3 ms | cr: 6097.3
    2346. dt:  0.25 ms | #newton:  1 | ph:  0.0% | #CG/newton: 3115 | ls (cap|max|inv|bt):  0| 0| 0| 0| runtime: 1520.0 ms | cr: 6080.2
    2347. dt:  0.25 ms | #newton:  1 | ph:  0.0% | #CG/newton: 3113 | ls (cap|max|inv|bt):  0| 0| 0| 0| runtime: 1510.2 ms | cr: 6040.8
    2348. dt:  0.25 ms | #newton:  1 | ph:  0.0% | #CG/newton: 3126 | ls (cap|max|inv|bt):  0| 0| 0| 0| runtime: 1513.8 ms | cr: 6055.2
    2349. dt:  0.25 ms | #newton:  1 | ph:  0.0% | #CG/newton: 3121 | ls (cap|max|inv|bt):  0| 0| 0| 0| runtime: 1525.8 ms | cr: 6103.3
    2350. dt:  0.25 ms | #newton:  1 | ph:  0.0% | #CG/newton: 3130 | ls (cap|max|inv|bt):  0| 0| 0| 0| runtime: 1519.6 ms | cr: 6078.5
    2351. dt:  0.25 ms | #newton:  1 | ph:  0.0% | #CG/newton: 3120 | ls (cap|max|inv|bt):  0| 0| 0| 0| runtime: 1524.8 ms | cr: 6099.1
    2352. dt:  0.25 ms | #newton:  1 | ph:  0.0% | #CG/newton: 3125 | ls (cap|max|inv|bt):  0| 0| 0| 0| runtime: 1515.9 ms | cr: 6063.7
    2353. dt:  0.25 ms | #newton:  1 | ph:  0.0% | #CG/newton: 3131 | ls (cap|max|inv|bt):  0| 0| 0| 0| runtime: 1509.5 ms | cr: 6038.1
    2354. dt:  0.25 ms | #newton:  1 | ph:  0.0% | #CG/newton: 3121 | ls (cap|max|inv|bt):  0| 0| 0| 0| runtime: 1522.1 ms | cr: 6088.6
    2355. dt:  0.25 ms | #newton:  1 | ph:  0.0% | #CG/newton: 3116 | ls (cap|max|inv|bt):  0| 0| 0| 0| runtime: 1525.3 ms | cr: 6101.2
    2356. dt:  0.25 ms | #newton:  1 | ph:  0.0% | #CG/newton: 3143 | ls (cap|max|inv|bt):  0| 0| 0| 0| runtime: 1525.0 ms | cr: 6099.8
    2357. dt:  0.25 ms | #newton:  1 | ph:  0.0% | #CG/newton: 3120 | ls (cap|max|inv|bt):  0| 0| 0| 0| runtime: 1522.3 ms | cr: 6089.0
    2358. dt:  0.25 ms | #newton:  1 | ph:  0.0% | #CG/newton: 3123 | ls (cap|max|inv|bt):  0| 0| 0| 0| runtime: 1515.8 ms | cr: 6063.3
    2359. dt:  0.25 ms | #newton:  1 | ph:  0.0% | #CG/newton: 3145 | ls (cap|max|inv|bt):  0| 0| 0| 0| runtime: 1531.3 ms | cr: 6125.2
    2360. dt:  0.25 ms | #newton:  1 | ph:  0.0% | #CG/newton: 3131 | ls (cap|max|inv|bt):  0| 0| 0| 0| runtime: 1543.7 ms | cr: 6174.7
    2361. dt:  0.25 ms | #newton:  1 | ph:  0.0% | #CG/newton: 3134 | ls (cap|max|inv|bt):  0| 0| 0| 0| runtime: 1531.9 ms | cr: 6127.5
    2362. dt:  0.25 ms | #newton:  1 | ph:  0.0% | #CG/newton: 3135 | ls (cap|max|inv|bt):  0| 0| 0| 0| runtime: 1529.9 ms | cr: 6119.5
    2363. dt:  0.25 ms | #newton:  1 | ph:  0.0% | #CG/newton: 3141 | ls (cap|max|inv|bt):  0| 0| 0| 0| runtime: 1571.0 ms | cr: 6283.9
    2364. dt:  0.25 ms | #newton:  1 | ph:  0.0% | #CG/newton: 3135 | ls (cap|max|inv|bt):  0| 0| 0| 0| runtime: 1520.3 ms | cr: 6081.1
    2365. dt:  0.25 ms | #newton:  1 | ph:  0.0% | #CG/newton: 3323 | ls (cap|max|inv|bt):  0| 0| 0| 0| runtime: 1659.4 ms | cr: 6637.8
    2366. dt:  0.25 ms | #newton:  1 | ph:  0.0% | #CG/newton: 3144 | ls (cap|max|inv|bt):  0| 0| 0| 0| runtime: 1531.2 ms | cr: 6125.0
    2367. dt:  0.25 ms | #newton:  1 | ph:  0.0% | #CG/newton: 3323 | ls (cap|max|inv|bt):  0| 0| 0| 0| runtime: 1614.9 ms | cr: 6459.4
    2368. dt:  0.25 ms | #newton:  1 | ph:  0.0% | #CG/newton: 3324 | ls (cap|max|inv|bt):  0| 0| 0| 0| runtime: 1617.3 ms | cr: 6469.3
    2369. dt:  0.25 ms | #newton:  1 | ph:  0.0% | #CG/newton: 3142 | ls (cap|max|inv|bt):  0| 0| 0| 0| runtime: 1529.9 ms | cr: 6119.4
    2370. dt:  0.25 ms | #newton:  1 | ph:  0.0% | #CG/newton: 3326 | ls (cap|max|inv|bt):  0| 0| 0| 0| runtime: 1610.7 ms | cr: 6442.6
    2371. dt:  0.25 ms | #newton:  1 | ph:  0.0% | #CG/newton: 3331 | ls (cap|max|inv|bt):  0| 0| 0| 0| runtime: 1605.2 ms | cr: 6420.6
    2372. dt:  0.25 ms | #newton:  1 | ph:  0.0% | #CG/newton: 3156 | ls (cap|max|inv|bt):  0| 0| 0| 0| runtime: 1540.2 ms | cr: 6160.9
    2373. dt:  0.25 ms | #newton:  1 | ph:  0.0% | #CG/newton: 3140 | ls (cap|max|inv|bt):  0| 0| 0| 0| runtime: 1523.1 ms | cr: 6092.5
    2374. dt:  0.25 ms | #newton:  1 | ph:  0.0% | #CG/newton: 3162 | ls (cap|max|inv|bt):  0| 0| 0| 0| runtime: 1534.6 ms | cr: 6138.5
    2375. dt:  0.25 ms | #newton:  1 | ph:  0.0% | #CG/newton: 3170 | ls (cap|max|inv|bt):  0| 0| 0| 0| runtime: 1540.1 ms | cr: 6160.2
    2376. dt:  0.25 ms | #newton:  1 | ph:  0.0% | #CG/newton: 2984 | ls (cap|max|inv|bt):  0| 0| 0| 0| runtime: 1454.7 ms | cr: 5818.7
    2377. dt:  0.25 ms | #newton:  1 | ph:  0.0% | #CG/newton: 2991 | ls (cap|max|inv|bt):  0| 0| 0| 0| runtime: 1447.4 ms | cr: 5789.5
    2378. dt:  0.25 ms | #newton:  1 | ph:  0.0% | #CG/newton: 3152 | ls (cap|max|inv|bt):  0| 0| 0| 0| runtime: 1533.9 ms | cr: 6135.6
    2379. dt:  0.25 ms | #newton:  1 | ph:  0.0% | #CG/newton: 2984 | ls (cap|max|inv|bt):  0| 0| 0| 0| runtime: 1458.0 ms | cr: 5831.9
    2380. dt:  0.25 ms | #newton:  1 | ph:  0.0% | #CG/newton: 2980 | ls (cap|max|inv|bt):  0| 0| 0| 0| runtime: 1469.8 ms | cr: 5879.2
    2381. dt:  0.25 ms | #newton:  1 | ph:  0.0% | #CG/newton: 3150 | ls (cap|max|inv|bt):  0| 0| 0| 0| runtime: 1522.2 ms | cr: 6088.7
    2382. dt:  0.25 ms | #newton:  1 | ph:  0.0% | #CG/newton: 3140 | ls (cap|max|inv|bt):  0| 0| 0| 0| runtime: 1523.0 ms | cr: 6092.0
    2383. dt:  0.25 ms | #newton:  1 | ph:  0.0% | #CG/newton: 2972 | ls (cap|max|inv|bt):  0| 0| 0| 0| runtime: 1450.2 ms | cr: 5800.9
    2384. dt:  0.25 ms | #newton:  1 | ph:  0.0% | #CG/newton: 3128 | ls (cap|max|inv|bt):  0| 0| 0| 0| runtime: 1518.5 ms | cr: 6074.1
    2385. dt:  0.25 ms | #newton:  1 | ph:  0.0% | #CG/newton: 3120 | ls (cap|max|inv|bt):  0| 0| 0| 0| runtime: 1522.9 ms | cr: 6091.4
    2386. dt:  0.25 ms | #newton:  1 | ph:  0.0% | #CG/newton: 3120 | ls (cap|max|inv|bt):  0| 0| 0| 0| runtime: 1512.8 ms | cr: 6051.1
    2387. dt:  0.25 ms | #newton:  1 | ph:  0.0% | #CG/newton: 3114 | ls (cap|max|inv|bt):  0| 0| 0| 0| runtime: 1506.6 ms | cr: 6026.4
    2388. dt:  0.25 ms | #newton:  1 | ph:  0.0% | #CG/newton: 3116 | ls (cap|max|inv|bt):  0| 0| 0| 0| runtime: 1511.4 ms | cr: 6045.7
    2389. dt:  0.25 ms | #newton:  1 | ph:  0.0% | #CG/newton: 3118 | ls (cap|max|inv|bt):  0| 0| 0| 0| runtime: 1516.1 ms | cr: 6064.6
    2390. dt:  0.25 ms | #newton:  1 | ph:  0.0% | #CG/newton: 3120 | ls (cap|max|inv|bt):  0| 0| 0| 0| runtime: 1511.6 ms | cr: 6046.2
    2391. dt:  0.25 ms | #newton:  1 | ph:  0.0% | #CG/newton: 3121 | ls (cap|max|inv|bt):  0| 0| 0| 0| runtime: 1520.2 ms | cr: 6080.9
    2392. dt:  0.25 ms | #newton:  1 | ph:  0.0% | #CG/newton: 2976 | ls (cap|max|inv|bt):  0| 0| 0| 0| runtime: 1454.4 ms | cr: 5817.5
    2393. dt:  0.25 ms | #newton:  1 | ph:  0.0% | #CG/newton: 3121 | ls (cap|max|inv|bt):  0| 0| 0| 0| runtime: 1514.5 ms | cr: 6057.9
    2394. dt:  0.25 ms | #newton:  1 | ph:  0.0% | #CG/newton: 3131 | ls (cap|max|inv|bt):  0| 0| 0| 0| runtime: 1528.1 ms | cr: 6112.4
    2395. dt:  0.25 ms | #newton:  1 | ph:  0.0% | #CG/newton: 3125 | ls (cap|max|inv|bt):  0| 0| 0| 0| runtime: 1518.2 ms | cr: 6072.7
    2396. dt:  0.25 ms | #newton:  1 | ph:  0.0% | #CG/newton: 3120 | ls (cap|max|inv|bt):  0| 0| 0| 0| runtime: 1446.2 ms | cr: 5784.8
    2397. dt:  0.25 ms | #newton:  1 | ph:  0.0% | #CG/newton: 3133 | ls (cap|max|inv|bt):  0| 0| 0| 0| runtime: 1513.8 ms | cr: 6055.3
    2398. dt:  0.25 ms | #newton:  1 | ph:  0.0% | #CG/newton: 2981 | ls (cap|max|inv|bt):  0| 0| 0| 0| runtime: 1455.7 ms | cr: 5822.8
    2399. dt:  0.25 ms | #newton:  1 | ph:  0.0% | #CG/newton: 2985 | ls (cap|max|inv|bt):  0| 0| 0| 0| runtime: 1470.2 ms | cr: 5881.0
    2400. dt:  0.25 ms | #newton:  1 | ph:  0.0% | #CG/newton: 3138 | ls (cap|max|inv|bt):  0| 0| 0| 0| runtime: 1518.6 ms | cr: 6074.3
[Frame: 18] Time: 0.600 s
    2401. dt:  0.25 ms | #newton:  1 | ph:  0.0% | #CG/newton: 3140 | ls (cap|max|inv|bt):  0| 0| 0| 0| runtime: 1524.7 ms | cr: 6098.6
    2402. dt:  0.25 ms | #newton:  1 | ph:  0.0% | #CG/newton: 3137 | ls (cap|max|inv|bt):  0| 0| 0| 0| runtime: 1517.1 ms | cr: 6068.6
    2403. dt:  0.25 ms | #newton:  1 | ph:  0.0% | #CG/newton: 3140 | ls (cap|max|inv|bt):  0| 0| 0| 0| runtime: 1514.4 ms | cr: 6057.5
    2404. dt:  0.25 ms | #newton:  1 | ph:  0.0% | #CG/newton: 3148 | ls (cap|max|inv|bt):  0| 0| 0| 0| runtime: 1537.4 ms | cr: 6149.5
    2405. dt:  0.25 ms | #newton:  1 | ph:  0.0% | #CG/newton: 3149 | ls (cap|max|inv|bt):  0| 0| 0| 0| runtime: 1537.0 ms | cr: 6147.8
    2406. dt:  0.25 ms | #newton:  1 | ph:  0.0% | #CG/newton: 3148 | ls (cap|max|inv|bt):  0| 0| 0| 0| runtime: 1536.3 ms | cr: 6145.2
    2407. dt:  0.25 ms | #newton:  1 | ph:  0.0% | #CG/newton: 3152 | ls (cap|max|inv|bt):  0| 0| 0| 0| runtime: 1526.7 ms | cr: 6106.7
    2408. dt:  0.25 ms | #newton:  1 | ph:  0.0% | #CG/newton: 3154 | ls (cap|max|inv|bt):  0| 0| 0| 0| runtime: 1532.2 ms | cr: 6128.9
    2409. dt:  0.25 ms | #newton:  1 | ph:  0.0% | #CG/newton: 3146 | ls (cap|max|inv|bt):  0| 0| 0| 0| runtime: 1469.7 ms | cr: 5878.7
    2410. dt:  0.25 ms | #newton:  1 | ph:  0.0% | #CG/newton: 3152 | ls (cap|max|inv|bt):  0| 0| 0| 0| runtime: 1527.1 ms | cr: 6108.3
    2411. dt:  0.25 ms | #newton:  1 | ph:  0.0% | #CG/newton: 3151 | ls (cap|max|inv|bt):  0| 0| 0| 0| runtime: 1537.3 ms | cr: 6149.3
    2412. dt:  0.25 ms | #newton:  1 | ph:  0.0% | #CG/newton: 3146 | ls (cap|max|inv|bt):  0| 0| 0| 0| runtime: 1530.4 ms | cr: 6121.6
    2413. dt:  0.25 ms | #newton:  1 | ph:  0.0% | #CG/newton: 3157 | ls (cap|max|inv|bt):  0| 0| 0| 0| runtime: 1542.9 ms | cr: 6171.7
    2414. dt:  0.25 ms | #newton:  1 | ph:  0.0% | #CG/newton: 3145 | ls (cap|max|inv|bt):  0| 0| 0| 0| runtime: 1528.4 ms | cr: 6113.5
    2415. dt:  0.25 ms | #newton:  1 | ph:  0.0% | #CG/newton: 3172 | ls (cap|max|inv|bt):  0| 0| 0| 0| runtime: 1549.8 ms | cr: 6199.4
    2416. dt:  0.25 ms | #newton:  1 | ph:  0.0% | #CG/newton: 3150 | ls (cap|max|inv|bt):  0| 0| 0| 0| runtime: 1532.4 ms | cr: 6129.7
    2417. dt:  0.25 ms | #newton:  1 | ph:  0.0% | #CG/newton: 3146 | ls (cap|max|inv|bt):  0| 0| 0| 0| runtime: 1459.0 ms | cr: 5836.2
    2418. dt:  0.25 ms | #newton:  1 | ph:  0.0% | #CG/newton: 3148 | ls (cap|max|inv|bt):  0| 0| 0| 0| runtime: 1535.1 ms | cr: 6140.6
    2419. dt:  0.25 ms | #newton:  1 | ph:  0.0% | #CG/newton: 3160 | ls (cap|max|inv|bt):  0| 0| 0| 0| runtime: 1541.4 ms | cr: 6165.4
    2420. dt:  0.25 ms | #newton:  1 | ph:  0.0% | #CG/newton: 3146 | ls (cap|max|inv|bt):  0| 0| 0| 0| runtime: 1509.6 ms | cr: 6038.3
    2421. dt:  0.25 ms | #newton:  1 | ph:  0.0% | #CG/newton: 3155 | ls (cap|max|inv|bt):  0| 0| 0| 0| runtime: 1493.2 ms | cr: 5972.8
    2422. dt:  0.25 ms | #newton:  1 | ph:  0.0% | #CG/newton: 3143 | ls (cap|max|inv|bt):  0| 0| 0| 0| runtime: 1537.9 ms | cr: 6151.6
    2423. dt:  0.25 ms | #newton:  1 | ph:  0.0% | #CG/newton: 3140 | ls (cap|max|inv|bt):  0| 0| 0| 0| runtime: 1467.2 ms | cr: 5868.7
    2424. dt:  0.25 ms | #newton:  1 | ph:  0.0% | #CG/newton: 3144 | ls (cap|max|inv|bt):  0| 0| 0| 0| runtime: 1464.0 ms | cr: 5856.1
    2425. dt:  0.25 ms | #newton:  1 | ph:  0.0% | #CG/newton: 3142 | ls (cap|max|inv|bt):  0| 0| 0| 0| runtime: 1452.4 ms | cr: 5809.8
    2426. dt:  0.25 ms | #newton:  1 | ph:  0.0% | #CG/newton: 3139 | ls (cap|max|inv|bt):  0| 0| 0| 0| runtime: 1447.1 ms | cr: 5788.6
    2427. dt:  0.25 ms | #newton:  1 | ph:  0.0% | #CG/newton: 3140 | ls (cap|max|inv|bt):  0| 0| 0| 0| runtime: 1458.5 ms | cr: 5833.8
    2428. dt:  0.25 ms | #newton:  1 | ph:  0.0% | #CG/newton: 3135 | ls (cap|max|inv|bt):  0| 0| 0| 0| runtime: 1511.8 ms | cr: 6047.1
    2429. dt:  0.25 ms | #newton:  1 | ph:  0.0% | #CG/newton: 3135 | ls (cap|max|inv|bt):  0| 0| 0| 0| runtime: 1537.3 ms | cr: 6149.2
    2430. dt:  0.25 ms | #newton:  1 | ph:  0.0% | #CG/newton: 3133 | ls (cap|max|inv|bt):  0| 0| 0| 0| runtime: 1539.5 ms | cr: 6158.2
    2431. dt:  0.25 ms | #newton:  1 | ph:  0.0% | #CG/newton: 3130 | ls (cap|max|inv|bt):  0| 0| 0| 0| runtime: 1525.2 ms | cr: 6100.9
    2432. dt:  0.25 ms | #newton:  1 | ph:  0.0% | #CG/newton: 3125 | ls (cap|max|inv|bt):  0| 0| 0| 0| runtime: 1525.3 ms | cr: 6101.2
    2433. dt:  0.25 ms | #newton:  1 | ph:  0.0% | #CG/newton: 3131 | ls (cap|max|inv|bt):  0| 0| 0| 0| runtime: 1521.6 ms | cr: 6086.4
    2434. dt:  0.25 ms | #newton:  1 | ph:  0.0% | #CG/newton: 3128 | ls (cap|max|inv|bt):  0| 0| 0| 0| runtime: 1524.8 ms | cr: 6099.2
    2435. dt:  0.25 ms | #newton:  1 | ph:  0.0% | #CG/newton: 3128 | ls (cap|max|inv|bt):  0| 0| 0| 0| runtime: 1524.7 ms | cr: 6098.9
    2436. dt:  0.25 ms | #newton:  1 | ph:  0.0% | #CG/newton: 3125 | ls (cap|max|inv|bt):  0| 0| 0| 0| runtime: 1526.8 ms | cr: 6107.1
    2437. dt:  0.25 ms | #newton:  1 | ph:  0.0% | #CG/newton: 3129 | ls (cap|max|inv|bt):  0| 0| 0| 0| runtime: 1530.6 ms | cr: 6122.5
    2438. dt:  0.25 ms | #newton:  1 | ph:  0.0% | #CG/newton: 3125 | ls (cap|max|inv|bt):  0| 0| 0| 0| runtime: 1466.4 ms | cr: 5865.6
    2439. dt:  0.25 ms | #newton:  1 | ph:  0.0% | #CG/newton: 3121 | ls (cap|max|inv|bt):  0| 0| 0| 0| runtime: 1458.8 ms | cr: 5835.1
    2440. dt:  0.25 ms | #newton:  1 | ph:  0.0% | #CG/newton: 3124 | ls (cap|max|inv|bt):  0| 0| 0| 0| runtime: 1505.5 ms | cr: 6021.9
    2441. dt:  0.25 ms | #newton:  1 | ph:  0.0% | #CG/newton: 3124 | ls (cap|max|inv|bt):  0| 0| 0| 0| runtime: 1536.6 ms | cr: 6146.3
    2442. dt:  0.25 ms | #newton:  1 | ph:  0.0% | #CG/newton: 3121 | ls (cap|max|inv|bt):  0| 0| 0| 0| runtime: 1518.9 ms | cr: 6075.6
    2443. dt:  0.25 ms | #newton:  1 | ph:  0.0% | #CG/newton: 3116 | ls (cap|max|inv|bt):  0| 0| 0| 0| runtime: 1545.9 ms | cr: 6183.5
    2444. dt:  0.25 ms | #newton:  1 | ph:  0.0% | #CG/newton: 3122 | ls (cap|max|inv|bt):  0| 0| 0| 0| runtime: 1523.2 ms | cr: 6092.6
    2445. dt:  0.25 ms | #newton:  1 | ph:  0.0% | #CG/newton: 3120 | ls (cap|max|inv|bt):  0| 0| 0| 0| runtime: 1521.4 ms | cr: 6085.5
    2446. dt:  0.25 ms | #newton:  1 | ph:  0.0% | #CG/newton: 3112 | ls (cap|max|inv|bt):  0| 0| 0| 0| runtime: 1514.7 ms | cr: 6058.8
    2447. dt:  0.25 ms | #newton:  1 | ph:  0.0% | #CG/newton: 3129 | ls (cap|max|inv|bt):  0| 0| 0| 0| runtime: 1611.2 ms | cr: 6445.0
    2448. dt:  0.25 ms | #newton:  1 | ph:  0.0% | #CG/newton: 3117 | ls (cap|max|inv|bt):  0| 0| 0| 0| runtime: 1518.6 ms | cr: 6074.5
    2449. dt:  0.25 ms | #newton:  1 | ph:  0.0% | #CG/newton: 3117 | ls (cap|max|inv|bt):  0| 0| 0| 0| runtime: 1513.6 ms | cr: 6054.3
    2450. dt:  0.25 ms | #newton:  1 | ph:  0.0% | #CG/newton: 3117 | ls (cap|max|inv|bt):  0| 0| 0| 0| runtime: 1533.3 ms | cr: 6133.3
    2451. dt:  0.25 ms | #newton:  1 | ph:  0.0% | #CG/newton: 3115 | ls (cap|max|inv|bt):  0| 0| 0| 0| runtime: 1526.4 ms | cr: 6105.6
    2452. dt:  0.25 ms | #newton:  1 | ph:  0.0% | #CG/newton: 3118 | ls (cap|max|inv|bt):  0| 0| 0| 0| runtime: 1480.4 ms | cr: 5921.4
    2453. dt:  0.25 ms | #newton:  1 | ph:  0.0% | #CG/newton: 3114 | ls (cap|max|inv|bt):  0| 0| 0| 0| runtime: 1492.8 ms | cr: 5971.3
    2454. dt:  0.25 ms | #newton:  1 | ph:  0.0% | #CG/newton: 3119 | ls (cap|max|inv|bt):  0| 0| 0| 0| runtime: 1517.0 ms | cr: 6068.1
    2455. dt:  0.25 ms | #newton:  1 | ph:  0.0% | #CG/newton: 3110 | ls (cap|max|inv|bt):  0| 0| 0| 0| runtime: 1527.2 ms | cr: 6108.7
    2456. dt:  0.25 ms | #newton:  1 | ph:  0.0% | #CG/newton: 3108 | ls (cap|max|inv|bt):  0| 0| 0| 0| runtime: 1526.0 ms | cr: 6103.9
    2457. dt:  0.25 ms | #newton:  1 | ph:  0.0% | #CG/newton: 3122 | ls (cap|max|inv|bt):  0| 0| 0| 0| runtime: 1527.1 ms | cr: 6108.3
    2458. dt:  0.25 ms | #newton:  1 | ph:  0.0% | #CG/newton: 3108 | ls (cap|max|inv|bt):  0| 0| 0| 0| runtime: 1516.0 ms | cr: 6063.9
    2459. dt:  0.25 ms | #newton:  1 | ph:  0.0% | #CG/newton: 3103 | ls (cap|max|inv|bt):  0| 0| 0| 0| runtime: 1503.2 ms | cr: 6012.7
    2460. dt:  0.25 ms | #newton:  1 | ph:  0.0% | #CG/newton: 3111 | ls (cap|max|inv|bt):  0| 0| 0| 0| runtime: 1493.1 ms | cr: 5972.5
    2461. dt:  0.25 ms | #newton:  1 | ph:  0.0% | #CG/newton: 3107 | ls (cap|max|inv|bt):  0| 0| 0| 0| runtime: 1456.5 ms | cr: 5825.9
    2462. dt:  0.25 ms | #newton:  1 | ph:  0.0% | #CG/newton: 3107 | ls (cap|max|inv|bt):  0| 0| 0| 0| runtime: 1514.4 ms | cr: 6057.6
    2463. dt:  0.25 ms | #newton:  1 | ph:  0.0% | #CG/newton: 3107 | ls (cap|max|inv|bt):  0| 0| 0| 0| runtime: 1497.4 ms | cr: 5989.7
    2464. dt:  0.25 ms | #newton:  1 | ph:  0.0% | #CG/newton: 3100 | ls (cap|max|inv|bt):  0| 0| 0| 0| runtime: 1511.0 ms | cr: 6043.9
    2465. dt:  0.25 ms | #newton:  1 | ph:  0.0% | #CG/newton: 3094 | ls (cap|max|inv|bt):  0| 0| 0| 0| runtime: 1497.2 ms | cr: 5988.9
    2466. dt:  0.25 ms | #newton:  1 | ph:  0.0% | #CG/newton: 3104 | ls (cap|max|inv|bt):  0| 0| 0| 0| runtime: 1502.0 ms | cr: 6008.0
    2467. dt:  0.25 ms | #newton:  1 | ph:  0.0% | #CG/newton: 3057 | ls (cap|max|inv|bt):  0| 0| 0| 0| runtime: 1491.6 ms | cr: 5966.4
    2468. dt:  0.25 ms | #newton:  1 | ph:  0.0% | #CG/newton: 3076 | ls (cap|max|inv|bt):  0| 0| 0| 0| runtime: 1508.9 ms | cr: 6035.4
    2469. dt:  0.25 ms | #newton:  1 | ph:  0.0% | #CG/newton: 3089 | ls (cap|max|inv|bt):  0| 0| 0| 0| runtime: 1500.6 ms | cr: 6002.4
    2470. dt:  0.25 ms | #newton:  1 | ph:  0.0% | #CG/newton: 3096 | ls (cap|max|inv|bt):  0| 0| 0| 0| runtime: 1518.1 ms | cr: 6072.4
    2471. dt:  0.25 ms | #newton:  1 | ph:  0.0% | #CG/newton: 3086 | ls (cap|max|inv|bt):  0| 0| 0| 0| runtime: 1519.6 ms | cr: 6078.4
    2472. dt:  0.25 ms | #newton:  1 | ph:  0.0% | #CG/newton: 3095 | ls (cap|max|inv|bt):  0| 0| 0| 0| runtime: 1477.6 ms | cr: 5910.2
    2473. dt:  0.25 ms | #newton:  1 | ph:  0.0% | #CG/newton: 3095 | ls (cap|max|inv|bt):  0| 0| 0| 0| runtime: 1413.5 ms | cr: 5653.8
    2474. dt:  0.25 ms | #newton:  1 | ph:  0.0% | #CG/newton: 3080 | ls (cap|max|inv|bt):  0| 0| 0| 0| runtime: 1397.4 ms | cr: 5589.5
    2475. dt:  0.25 ms | #newton:  1 | ph:  0.0% | #CG/newton: 3091 | ls (cap|max|inv|bt):  0| 0| 0| 0| runtime: 1405.0 ms | cr: 5620.0
    2476. dt:  0.25 ms | #newton:  1 | ph:  0.0% | #CG/newton: 3096 | ls (cap|max|inv|bt):  0| 0| 0| 0| runtime: 1411.0 ms | cr: 5644.1
    2477. dt:  0.25 ms | #newton:  1 | ph:  0.0% | #CG/newton: 3095 | ls (cap|max|inv|bt):  0| 0| 0| 0| runtime: 1401.9 ms | cr: 5607.6
    2478. dt:  0.25 ms | #newton:  1 | ph:  0.0% | #CG/newton: 3085 | ls (cap|max|inv|bt):  0| 0| 0| 0| runtime: 1419.0 ms | cr: 5676.1
    2479. dt:  0.25 ms | #newton:  1 | ph:  0.0% | #CG/newton: 3099 | ls (cap|max|inv|bt):  0| 0| 0| 0| runtime: 1407.4 ms | cr: 5629.5
    2480. dt:  0.25 ms | #newton:  1 | ph:  0.0% | #CG/newton: 3095 | ls (cap|max|inv|bt):  0| 0| 0| 0| runtime: 1404.6 ms | cr: 5618.5
    2481. dt:  0.25 ms | #newton:  1 | ph:  0.0% | #CG/newton: 3091 | ls (cap|max|inv|bt):  0| 0| 0| 0| runtime: 1401.6 ms | cr: 5606.2
    2482. dt:  0.25 ms | #newton:  1 | ph:  0.0% | #CG/newton: 3091 | ls (cap|max|inv|bt):  0| 0| 0| 0| runtime: 1397.3 ms | cr: 5589.2
    2483. dt:  0.25 ms | #newton:  1 | ph:  0.0% | #CG/newton: 3089 | ls (cap|max|inv|bt):  0| 0| 0| 0| runtime: 1406.4 ms | cr: 5625.7
    2484. dt:  0.25 ms | #newton:  1 | ph:  0.0% | #CG/newton: 3092 | ls (cap|max|inv|bt):  0| 0| 0| 0| runtime: 1399.1 ms | cr: 5596.3
    2485. dt:  0.25 ms | #newton:  1 | ph:  0.0% | #CG/newton: 3095 | ls (cap|max|inv|bt):  0| 0| 0| 0| runtime: 1395.7 ms | cr: 5582.7
    2486. dt:  0.25 ms | #newton:  1 | ph:  0.0% | #CG/newton: 3101 | ls (cap|max|inv|bt):  0| 0| 0| 0| runtime: 1436.3 ms | cr: 5745.1
    2487. dt:  0.25 ms | #newton:  1 | ph:  0.0% | #CG/newton: 3097 | ls (cap|max|inv|bt):  0| 0| 0| 0| runtime: 1422.6 ms | cr: 5690.4
    2488. dt:  0.25 ms | #newton:  1 | ph:  0.0% | #CG/newton: 3097 | ls (cap|max|inv|bt):  0| 0| 0| 0| runtime: 1409.5 ms | cr: 5638.2
    2489. dt:  0.25 ms | #newton:  1 | ph:  0.0% | #CG/newton: 3092 | ls (cap|max|inv|bt):  0| 0| 0| 0| runtime: 1403.1 ms | cr: 5612.4
    2490. dt:  0.25 ms | #newton:  1 | ph:  0.0% | #CG/newton: 3094 | ls (cap|max|inv|bt):  0| 0| 0| 0| runtime: 1406.4 ms | cr: 5625.6
    2491. dt:  0.25 ms | #newton:  1 | ph:  0.0% | #CG/newton: 3057 | ls (cap|max|inv|bt):  0| 0| 0| 0| runtime: 1436.9 ms | cr: 5747.4
    2492. dt:  0.25 ms | #newton:  1 | ph:  0.0% | #CG/newton: 3098 | ls (cap|max|inv|bt):  0| 0| 0| 0| runtime: 1437.7 ms | cr: 5750.8
    2493. dt:  0.25 ms | #newton:  1 | ph:  0.0% | #CG/newton: 3098 | ls (cap|max|inv|bt):  0| 0| 0| 0| runtime: 1414.1 ms | cr: 5656.2
    2494. dt:  0.25 ms | #newton:  1 | ph:  0.0% | #CG/newton: 3105 | ls (cap|max|inv|bt):  0| 0| 0| 0| runtime: 1405.6 ms | cr: 5622.3
    2495. dt:  0.25 ms | #newton:  1 | ph:  0.0% | #CG/newton: 3279 | ls (cap|max|inv|bt):  0| 0| 0| 0| runtime: 1463.0 ms | cr: 5852.1
    2496. dt:  0.25 ms | #newton:  1 | ph:  0.0% | #CG/newton: 3105 | ls (cap|max|inv|bt):  0| 0| 0| 0| runtime: 1463.0 ms | cr: 5852.1
    2497. dt:  0.25 ms | #newton:  1 | ph:  0.0% | #CG/newton: 3105 | ls (cap|max|inv|bt):  0| 0| 0| 0| runtime: 1431.4 ms | cr: 5725.5
    2498. dt:  0.25 ms | #newton:  1 | ph:  0.0% | #CG/newton: 3113 | ls (cap|max|inv|bt):  0| 0| 0| 0| runtime: 1413.3 ms | cr: 5653.1
    2499. dt:  0.25 ms | #newton:  1 | ph:  0.0% | #CG/newton: 3111 | ls (cap|max|inv|bt):  0| 0| 0| 0| runtime: 1411.5 ms | cr: 5646.1
    2500. dt:  0.25 ms | #newton:  1 | ph:  0.0% | #CG/newton: 3114 | ls (cap|max|inv|bt):  0| 0| 0| 0| runtime: 1490.9 ms | cr: 5963.7
    2501. dt:  0.25 ms | #newton:  1 | ph:  0.0% | #CG/newton: 3118 | ls (cap|max|inv|bt):  0| 0| 0| 0| runtime: 1466.5 ms | cr: 5866.1
    2502. dt:  0.25 ms | #newton:  1 | ph:  0.0% | #CG/newton: 3108 | ls (cap|max|inv|bt):  0| 0| 0| 0| runtime: 1412.8 ms | cr: 5651.4
    2503. dt:  0.25 ms | #newton:  1 | ph:  0.0% | #CG/newton: 3126 | ls (cap|max|inv|bt):  0| 0| 0| 0| runtime: 1462.3 ms | cr: 5849.3
    2504. dt:  0.25 ms | #newton:  1 | ph:  0.0% | #CG/newton: 3135 | ls (cap|max|inv|bt):  0| 0| 0| 0| runtime: 1486.0 ms | cr: 5943.8
    2505. dt:  0.25 ms | #newton:  1 | ph:  0.0% | #CG/newton: 3128 | ls (cap|max|inv|bt):  0| 0| 0| 0| runtime: 1509.6 ms | cr: 6038.4
    2506. dt:  0.25 ms | #newton:  1 | ph:  0.0% | #CG/newton: 3312 | ls (cap|max|inv|bt):  0| 0| 0| 0| runtime: 1595.5 ms | cr: 6382.1
    2507. dt:  0.25 ms | #newton:  1 | ph:  0.0% | #CG/newton: 3308 | ls (cap|max|inv|bt):  0| 0| 0| 0| runtime: 1598.3 ms | cr: 6393.0
    2508. dt:  0.25 ms | #newton:  1 | ph:  0.0% | #CG/newton: 3128 | ls (cap|max|inv|bt):  0| 0| 0| 0| runtime: 1534.4 ms | cr: 6137.4
    2509. dt:  0.25 ms | #newton:  1 | ph:  0.0% | #CG/newton: 3111 | ls (cap|max|inv|bt):  0| 0| 0| 0| runtime: 1518.9 ms | cr: 6075.6
    2510. dt:  0.25 ms | #newton:  1 | ph:  0.0% | #CG/newton: 3107 | ls (cap|max|inv|bt):  0| 0| 0| 0| runtime: 1508.8 ms | cr: 6035.0
    2511. dt:  0.25 ms | #newton:  1 | ph:  0.0% | #CG/newton: 3119 | ls (cap|max|inv|bt):  0| 0| 0| 0| runtime: 1520.4 ms | cr: 6081.6
    2512. dt:  0.25 ms | #newton:  1 | ph:  0.0% | #CG/newton: 3114 | ls (cap|max|inv|bt):  0| 0| 0| 0| runtime: 1520.8 ms | cr: 6083.4
    2513. dt:  0.25 ms | #newton:  1 | ph:  0.0% | #CG/newton: 3109 | ls (cap|max|inv|bt):  0| 0| 0| 0| runtime: 1514.9 ms | cr: 6059.5
    2514. dt:  0.25 ms | #newton:  1 | ph:  0.0% | #CG/newton: 3114 | ls (cap|max|inv|bt):  0| 0| 0| 0| runtime: 1519.5 ms | cr: 6078.0
    2515. dt:  0.25 ms | #newton:  1 | ph:  0.0% | #CG/newton: 3107 | ls (cap|max|inv|bt):  0| 0| 0| 0| runtime: 1516.5 ms | cr: 6066.1
    2516. dt:  0.25 ms | #newton:  1 | ph:  0.0% | #CG/newton: 3120 | ls (cap|max|inv|bt):  0| 0| 0| 0| runtime: 1481.7 ms | cr: 5927.0
    2517. dt:  0.25 ms | #newton:  1 | ph:  0.0% | #CG/newton: 3122 | ls (cap|max|inv|bt):  0| 0| 0| 0| runtime: 1518.3 ms | cr: 6073.0
    2518. dt:  0.25 ms | #newton:  1 | ph:  0.0% | #CG/newton: 3114 | ls (cap|max|inv|bt):  0| 0| 0| 0| runtime: 1512.5 ms | cr: 6050.0
    2519. dt:  0.25 ms | #newton:  1 | ph:  0.0% | #CG/newton: 3116 | ls (cap|max|inv|bt):  0| 0| 0| 0| runtime: 1517.0 ms | cr: 6068.1
    2520. dt:  0.25 ms | #newton:  1 | ph:  0.0% | #CG/newton: 3111 | ls (cap|max|inv|bt):  0| 0| 0| 0| runtime: 1520.3 ms | cr: 6081.0
    2521. dt:  0.25 ms | #newton:  1 | ph:  0.0% | #CG/newton: 3118 | ls (cap|max|inv|bt):  0| 0| 0| 0| runtime: 1520.7 ms | cr: 6082.7
    2522. dt:  0.25 ms | #newton:  1 | ph:  0.0% | #CG/newton: 3112 | ls (cap|max|inv|bt):  0| 0| 0| 0| runtime: 1504.2 ms | cr: 6016.7
    2523. dt:  0.25 ms | #newton:  1 | ph:  0.0% | #CG/newton: 3320 | ls (cap|max|inv|bt):  0| 0| 0| 0| runtime: 1598.9 ms | cr: 6395.4
    2524. dt:  0.25 ms | #newton:  1 | ph:  0.0% | #CG/newton: 3115 | ls (cap|max|inv|bt):  0| 0| 0| 0| runtime: 1546.6 ms | cr: 6186.2
    2525. dt:  0.25 ms | #newton:  1 | ph:  0.0% | #CG/newton: 3110 | ls (cap|max|inv|bt):  0| 0| 0| 0| runtime: 1513.7 ms | cr: 6055.0
    2526. dt:  0.25 ms | #newton:  1 | ph:  0.0% | #CG/newton: 3109 | ls (cap|max|inv|bt):  0| 0| 0| 0| runtime: 1519.3 ms | cr: 6077.2
    2527. dt:  0.25 ms | #newton:  1 | ph:  0.0% | #CG/newton: 3103 | ls (cap|max|inv|bt):  0| 0| 0| 0| runtime: 1519.0 ms | cr: 6076.1
    2528. dt:  0.25 ms | #newton:  1 | ph:  0.0% | #CG/newton: 3108 | ls (cap|max|inv|bt):  0| 0| 0| 0| runtime: 1506.2 ms | cr: 6025.0
    2529. dt:  0.25 ms | #newton:  1 | ph:  0.0% | #CG/newton: 3103 | ls (cap|max|inv|bt):  0| 0| 0| 0| runtime: 1491.5 ms | cr: 5966.0
    2530. dt:  0.25 ms | #newton:  1 | ph:  0.0% | #CG/newton: 3110 | ls (cap|max|inv|bt):  0| 0| 0| 0| runtime: 1508.8 ms | cr: 6035.3
    2531. dt:  0.25 ms | #newton:  1 | ph:  0.0% | #CG/newton: 3111 | ls (cap|max|inv|bt):  0| 0| 0| 0| runtime: 1492.0 ms | cr: 5968.1
    2532. dt:  0.25 ms | #newton:  1 | ph:  0.0% | #CG/newton: 3108 | ls (cap|max|inv|bt):  0| 0| 0| 0| runtime: 1503.7 ms | cr: 6014.9
    2533. dt:  0.25 ms | #newton:  1 | ph:  0.0% | #CG/newton: 3060 | ls (cap|max|inv|bt):  0| 0| 0| 0| runtime: 1439.4 ms | cr: 5757.7
[Frame: 19] Time: 0.633 s
    2534. dt:  0.25 ms | #newton:  1 | ph:  0.0% | #CG/newton: 3072 | ls (cap|max|inv|bt):  0| 0| 0| 0| runtime: 1434.5 ms | cr: 5737.9
    2535. dt:  0.25 ms | #newton:  1 | ph:  0.0% | #CG/newton: 3112 | ls (cap|max|inv|bt):  0| 0| 0| 0| runtime: 1444.8 ms | cr: 5779.3
    2536. dt:  0.25 ms | #newton:  1 | ph:  0.0% | #CG/newton: 3118 | ls (cap|max|inv|bt):  0| 0| 0| 0| runtime: 1450.8 ms | cr: 5803.1
    2537. dt:  0.25 ms | #newton:  1 | ph:  0.0% | #CG/newton: 3066 | ls (cap|max|inv|bt):  0| 0| 0| 0| runtime: 1420.1 ms | cr: 5680.2
    2538. dt:  0.25 ms | #newton:  1 | ph:  0.0% | #CG/newton: 3117 | ls (cap|max|inv|bt):  0| 0| 0| 0| runtime: 1444.2 ms | cr: 5776.7
    2539. dt:  0.25 ms | #newton:  1 | ph:  0.0% | #CG/newton: 3107 | ls (cap|max|inv|bt):  0| 0| 0| 0| runtime: 1425.4 ms | cr: 5701.4
    2540. dt:  0.25 ms | #newton:  1 | ph:  0.0% | #CG/newton: 3114 | ls (cap|max|inv|bt):  0| 0| 0| 0| runtime: 1461.2 ms | cr: 5844.8
    2541. dt:  0.25 ms | #newton:  1 | ph:  0.0% | #CG/newton: 3106 | ls (cap|max|inv|bt):  0| 0| 0| 0| runtime: 1432.3 ms | cr: 5729.3
    2542. dt:  0.25 ms | #newton:  1 | ph:  0.0% | #CG/newton: 3108 | ls (cap|max|inv|bt):  0| 0| 0| 0| runtime: 1446.4 ms | cr: 5785.6
    2543. dt:  0.25 ms | #newton:  1 | ph:  0.0% | #CG/newton: 3107 | ls (cap|max|inv|bt):  0| 0| 0| 0| runtime: 1424.8 ms | cr: 5699.0
    2544. dt:  0.25 ms | #newton:  1 | ph:  0.0% | #CG/newton: 3120 | ls (cap|max|inv|bt):  0| 0| 0| 0| runtime: 1433.0 ms | cr: 5732.0
    2545. dt:  0.25 ms | #newton:  1 | ph:  0.0% | #CG/newton: 3119 | ls (cap|max|inv|bt):  0| 0| 0| 0| runtime: 1482.4 ms | cr: 5929.8
    2546. dt:  0.25 ms | #newton:  1 | ph:  0.0% | #CG/newton: 3115 | ls (cap|max|inv|bt):  0| 0| 0| 0| runtime: 1448.0 ms | cr: 5792.0
    2547. dt:  0.25 ms | #newton:  1 | ph:  0.0% | #CG/newton: 3114 | ls (cap|max|inv|bt):  0| 0| 0| 0| runtime: 1436.7 ms | cr: 5747.0
    2548. dt:  0.25 ms | #newton:  1 | ph:  0.0% | #CG/newton: 3082 | ls (cap|max|inv|bt):  0| 0| 0| 0| runtime: 1421.4 ms | cr: 5685.6
    2549. dt:  0.25 ms | #newton:  1 | ph:  0.0% | #CG/newton: 3081 | ls (cap|max|inv|bt):  0| 0| 0| 0| runtime: 1503.3 ms | cr: 6013.4
    2550. dt:  0.25 ms | #newton:  1 | ph:  0.0% | #CG/newton: 3064 | ls (cap|max|inv|bt):  0| 0| 0| 0| runtime: 1423.4 ms | cr: 5693.5
    2551. dt:  0.25 ms | #newton:  1 | ph:  0.0% | #CG/newton: 3053 | ls (cap|max|inv|bt):  0| 0| 0| 0| runtime: 1410.4 ms | cr: 5641.5
    2552. dt:  0.25 ms | #newton:  1 | ph:  0.0% | #CG/newton: 3094 | ls (cap|max|inv|bt):  0| 0| 0| 0| runtime: 1431.6 ms | cr: 5726.4
    2553. dt:  0.25 ms | #newton:  1 | ph:  0.0% | #CG/newton: 3092 | ls (cap|max|inv|bt):  0| 0| 0| 0| runtime: 1449.3 ms | cr: 5797.2
    2554. dt:  0.25 ms | #newton:  1 | ph:  0.0% | #CG/newton: 3089 | ls (cap|max|inv|bt):  0| 0| 0| 0| runtime: 1481.7 ms | cr: 5926.7
    2555. dt:  0.25 ms | #newton:  1 | ph:  0.0% | #CG/newton: 3093 | ls (cap|max|inv|bt):  0| 0| 0| 0| runtime: 1436.8 ms | cr: 5747.1
    2556. dt:  0.25 ms | #newton:  1 | ph:  0.0% | #CG/newton: 3100 | ls (cap|max|inv|bt):  0| 0| 0| 0| runtime: 1448.7 ms | cr: 5794.6
    2557. dt:  0.25 ms | #newton:  1 | ph:  0.0% | #CG/newton: 3076 | ls (cap|max|inv|bt):  0| 0| 0| 0| runtime: 1438.1 ms | cr: 5752.4
    2558. dt:  0.25 ms | #newton:  1 | ph:  0.0% | #CG/newton: 3054 | ls (cap|max|inv|bt):  0| 0| 0| 0| runtime: 1421.2 ms | cr: 5684.7
    2559. dt:  0.25 ms | #newton:  1 | ph:  0.0% | #CG/newton: 3269 | ls (cap|max|inv|bt):  0| 0| 0| 0| runtime: 1508.5 ms | cr: 6033.9
    2560. dt:  0.25 ms | #newton:  1 | ph:  0.0% | #CG/newton: 3079 | ls (cap|max|inv|bt):  0| 0| 0| 0| runtime: 1487.1 ms | cr: 5948.5
    2561. dt:  0.25 ms | #newton:  1 | ph:  0.0% | #CG/newton: 3113 | ls (cap|max|inv|bt):  0| 0| 0| 0| runtime: 1447.0 ms | cr: 5788.0
    2562. dt:  0.25 ms | #newton:  1 | ph:  0.0% | #CG/newton: 3279 | ls (cap|max|inv|bt):  0| 0| 0| 0| runtime: 1511.5 ms | cr: 6046.1
    2563. dt:  0.25 ms | #newton:  1 | ph:  0.0% | #CG/newton: 3284 | ls (cap|max|inv|bt):  0| 0| 0| 0| runtime: 1518.5 ms | cr: 6073.8
    2564. dt:  0.25 ms | #newton:  1 | ph:  0.0% | #CG/newton: 3281 | ls (cap|max|inv|bt):  0| 0| 0| 0| runtime: 1510.0 ms | cr: 6040.0
    2565. dt:  0.25 ms | #newton:  1 | ph:  0.0% | #CG/newton: 3279 | ls (cap|max|inv|bt):  0| 0| 0| 0| runtime: 1508.6 ms | cr: 6034.5
    2566. dt:  0.25 ms | #newton:  1 | ph:  0.0% | #CG/newton: 3060 | ls (cap|max|inv|bt):  0| 0| 0| 0| runtime: 1416.0 ms | cr: 5664.0
    2567. dt:  0.25 ms | #newton:  1 | ph:  0.0% | #CG/newton: 3063 | ls (cap|max|inv|bt):  0| 0| 0| 0| runtime: 1447.1 ms | cr: 5788.3
    2568. dt:  0.25 ms | #newton:  1 | ph:  0.0% | #CG/newton: 3063 | ls (cap|max|inv|bt):  0| 0| 0| 0| runtime: 1420.6 ms | cr: 5682.5
    2569. dt:  0.25 ms | #newton:  1 | ph:  0.0% | #CG/newton: 3116 | ls (cap|max|inv|bt):  0| 0| 0| 0| runtime: 1451.5 ms | cr: 5805.8
    2570. dt:  0.25 ms | #newton:  1 | ph:  0.0% | #CG/newton: 3279 | ls (cap|max|inv|bt):  0| 0| 0| 0| runtime: 1522.7 ms | cr: 6090.6
    2571. dt:  0.25 ms | #newton:  1 | ph:  0.0% | #CG/newton: 3284 | ls (cap|max|inv|bt):  0| 0| 0| 0| runtime: 1507.4 ms | cr: 6029.4
    2572. dt:  0.25 ms | #newton:  1 | ph:  0.0% | #CG/newton: 3284 | ls (cap|max|inv|bt):  0| 0| 0| 0| runtime: 1508.8 ms | cr: 6035.0
    2573. dt:  0.25 ms | #newton:  1 | ph:  0.0% | #CG/newton: 3115 | ls (cap|max|inv|bt):  0| 0| 0| 0| runtime: 1443.0 ms | cr: 5771.9
    2574. dt:  0.25 ms | #newton:  1 | ph:  0.0% | #CG/newton: 3108 | ls (cap|max|inv|bt):  0| 0| 0| 0| runtime: 1483.5 ms | cr: 5934.0
    2575. dt:  0.25 ms | #newton:  1 | ph:  0.0% | #CG/newton: 3127 | ls (cap|max|inv|bt):  0| 0| 0| 0| runtime: 1521.0 ms | cr: 6083.8
    2576. dt:  0.25 ms | #newton:  1 | ph:  0.0% | #CG/newton: 3126 | ls (cap|max|inv|bt):  0| 0| 0| 0| runtime: 1508.2 ms | cr: 6032.8
    2577. dt:  0.25 ms | #newton:  1 | ph:  0.0% | #CG/newton: 3110 | ls (cap|max|inv|bt):  0| 0| 0| 0| runtime: 1508.7 ms | cr: 6034.9
    2578. dt:  0.25 ms | #newton:  1 | ph:  0.0% | #CG/newton: 3114 | ls (cap|max|inv|bt):  0| 0| 0| 0| runtime: 1517.7 ms | cr: 6070.6
    2579. dt:  0.25 ms | #newton:  1 | ph:  0.0% | #CG/newton: 3137 | ls (cap|max|inv|bt):  0| 0| 0| 0| runtime: 1523.7 ms | cr: 6094.7
    2580. dt:  0.25 ms | #newton:  1 | ph:  0.0% | #CG/newton: 3276 | ls (cap|max|inv|bt):  0| 0| 0| 0| runtime: 1585.9 ms | cr: 6343.6
    2581. dt:  0.25 ms | #newton:  1 | ph:  0.0% | #CG/newton: 3440 | ls (cap|max|inv|bt):  0| 0| 0| 0| runtime: 1650.9 ms | cr: 6603.7
    2582. dt:  0.25 ms | #newton:  1 | ph:  0.0% | #CG/newton: 3273 | ls (cap|max|inv|bt):  0| 0| 0| 0| runtime: 1580.2 ms | cr: 6320.7
    2583. dt:  0.25 ms | #newton:  1 | ph:  0.0% | #CG/newton: 3265 | ls (cap|max|inv|bt):  0| 0| 0| 0| runtime: 1582.3 ms | cr: 6329.2
    2584. dt:  0.25 ms | #newton:  1 | ph:  0.0% | #CG/newton: 3270 | ls (cap|max|inv|bt):  0| 0| 0| 0| runtime: 1590.3 ms | cr: 6361.4
    2585. dt:  0.25 ms | #newton:  1 | ph:  0.0% | #CG/newton: 3286 | ls (cap|max|inv|bt):  0| 0| 0| 0| runtime: 1542.2 ms | cr: 6168.9
    2586. dt:  0.25 ms | #newton:  1 | ph:  0.0% | #CG/newton: 3458 | ls (cap|max|inv|bt):  0| 0| 0| 0| runtime: 1585.9 ms | cr: 6343.7
    2587. dt:  0.25 ms | #newton:  1 | ph:  0.0% | #CG/newton: 3458 | ls (cap|max|inv|bt):  0| 0| 0| 0| runtime: 1624.2 ms | cr: 6497.0
    2588. dt:  0.25 ms | #newton:  2 | ph:  0.0% | #CG/newton: 1730 | ls (cap|max|inv|bt):  0| 0| 0| 0| runtime: 1739.7 ms | cr: 6958.8
    2589. dt:  0.25 ms | #newton:  2 | ph:  0.0% | #CG/newton: 1548 | ls (cap|max|inv|bt):  0| 0| 0| 0| runtime: 1574.7 ms | cr: 6298.7
    2590. dt:  0.25 ms | #newton:  1 | ph:  0.0% | #CG/newton: 3447 | ls (cap|max|inv|bt):  0| 0| 0| 0| runtime: 1650.0 ms | cr: 6600.0
    2591. dt:  0.25 ms | #newton:  2 | ph:  0.0% | #CG/newton: 1629 | ls (cap|max|inv|bt):  0| 0| 0| 0| runtime: 1640.2 ms | cr: 6560.9
    2592. dt:  0.25 ms | #newton:  2 | ph:  0.0% | #CG/newton: 1618 | ls (cap|max|inv|bt):  0| 0| 0| 0| runtime: 1622.8 ms | cr: 6491.3
    2593. dt:  0.25 ms | #newton:  1 | ph:  0.0% | #CG/newton: 3435 | ls (cap|max|inv|bt):  0| 0| 0| 0| runtime: 1655.7 ms | cr: 6622.8
    2594. dt:  0.25 ms | #newton:  2 | ph:  0.0% | #CG/newton: 1702 | ls (cap|max|inv|bt):  0| 0| 0| 0| runtime: 1708.7 ms | cr: 6834.6
    2595. dt:  0.25 ms | #newton:  1 | ph:  0.0% | #CG/newton: 3242 | ls (cap|max|inv|bt):  0| 0| 0| 0| runtime: 1573.5 ms | cr: 6294.0
    2596. dt:  0.25 ms | #newton:  1 | ph:  0.0% | #CG/newton: 3242 | ls (cap|max|inv|bt):  0| 0| 0| 0| runtime: 1566.3 ms | cr: 6265.2
    2597. dt:  0.25 ms | #newton:  1 | ph:  0.0% | #CG/newton: 3451 | ls (cap|max|inv|bt):  0| 0| 0| 0| runtime: 1669.2 ms | cr: 6676.8
    2598. dt:  0.25 ms | #newton:  1 | ph:  0.0% | #CG/newton: 3264 | ls (cap|max|inv|bt):  0| 0| 0| 0| runtime: 1580.9 ms | cr: 6323.6
    2599. dt:  0.25 ms | #newton:  1 | ph:  0.0% | #CG/newton: 3266 | ls (cap|max|inv|bt):  0| 0| 0| 0| runtime: 1586.0 ms | cr: 6343.9
    2600. dt:  0.25 ms | #newton:  1 | ph:  0.0% | #CG/newton: 3233 | ls (cap|max|inv|bt):  0| 0| 0| 0| runtime: 1570.7 ms | cr: 6282.8
    2601. dt:  0.25 ms | #newton:  1 | ph:  0.0% | #CG/newton: 3453 | ls (cap|max|inv|bt):  0| 0| 0| 0| runtime: 1674.2 ms | cr: 6697.0
    2602. dt:  0.25 ms | #newton:  1 | ph:  0.0% | #CG/newton: 3250 | ls (cap|max|inv|bt):  0| 0| 0| 0| runtime: 1585.1 ms | cr: 6340.6
    2603. dt:  0.25 ms | #newton:  1 | ph:  0.0% | #CG/newton: 3249 | ls (cap|max|inv|bt):  0| 0| 0| 0| runtime: 1605.8 ms | cr: 6423.3
    2604. dt:  0.25 ms | #newton:  1 | ph:  0.0% | #CG/newton: 3224 | ls (cap|max|inv|bt):  0| 0| 0| 0| runtime: 1577.3 ms | cr: 6309.1
    2605. dt:  0.25 ms | #newton:  1 | ph:  0.0% | #CG/newton: 3089 | ls (cap|max|inv|bt):  0| 0| 0| 0| runtime: 1518.9 ms | cr: 6075.4
    2606. dt:  0.25 ms | #newton:  1 | ph:  0.0% | #CG/newton: 3247 | ls (cap|max|inv|bt):  0| 0| 0| 0| runtime: 1578.9 ms | cr: 6315.6
    2607. dt:  0.25 ms | #newton:  1 | ph:  0.0% | #CG/newton: 3039 | ls (cap|max|inv|bt):  0| 0| 0| 0| runtime: 1493.8 ms | cr: 5975.1
    2608. dt:  0.25 ms | #newton:  1 | ph:  0.0% | #CG/newton: 3244 | ls (cap|max|inv|bt):  0| 0| 0| 0| runtime: 1574.2 ms | cr: 6296.9
    2609. dt:  0.25 ms | #newton:  1 | ph:  0.0% | #CG/newton: 3208 | ls (cap|max|inv|bt):  0| 0| 0| 0| runtime: 1561.1 ms | cr: 6244.6
    2610. dt:  0.25 ms | #newton:  1 | ph:  0.0% | #CG/newton: 3258 | ls (cap|max|inv|bt):  0| 0| 0| 0| runtime: 1587.1 ms | cr: 6348.4
    2611. dt:  0.25 ms | #newton:  1 | ph:  0.0% | #CG/newton: 3250 | ls (cap|max|inv|bt):  0| 0| 0| 0| runtime: 1583.4 ms | cr: 6333.5
    2612. dt:  0.25 ms | #newton:  1 | ph:  0.0% | #CG/newton: 3252 | ls (cap|max|inv|bt):  0| 0| 0| 0| runtime: 1579.9 ms | cr: 6319.5
    2613. dt:  0.25 ms | #newton:  1 | ph:  0.0% | #CG/newton: 3251 | ls (cap|max|inv|bt):  0| 0| 0| 0| runtime: 1578.6 ms | cr: 6314.2
    2614. dt:  0.25 ms | #newton:  1 | ph:  0.0% | #CG/newton: 3252 | ls (cap|max|inv|bt):  0| 0| 0| 0| runtime: 1586.0 ms | cr: 6343.9
    2615. dt:  0.25 ms | #newton:  1 | ph:  0.0% | #CG/newton: 3250 | ls (cap|max|inv|bt):  0| 0| 0| 0| runtime: 1588.2 ms | cr: 6352.8
    2616. dt:  0.25 ms | #newton:  1 | ph:  0.0% | #CG/newton: 3248 | ls (cap|max|inv|bt):  0| 0| 0| 0| runtime: 1577.4 ms | cr: 6309.5
    2617. dt:  0.25 ms | #newton:  1 | ph:  0.0% | #CG/newton: 3250 | ls (cap|max|inv|bt):  0| 0| 0| 0| runtime: 1565.0 ms | cr: 6260.0
    2618. dt:  0.25 ms | #newton:  1 | ph:  0.0% | #CG/newton: 3252 | ls (cap|max|inv|bt):  0| 0| 0| 0| runtime: 1569.0 ms | cr: 6276.1
    2619. dt:  0.25 ms | #newton:  1 | ph:  0.0% | #CG/newton: 3253 | ls (cap|max|inv|bt):  0| 0| 0| 0| runtime: 1577.8 ms | cr: 6311.2
    2620. dt:  0.25 ms | #newton:  1 | ph:  0.0% | #CG/newton: 3254 | ls (cap|max|inv|bt):  0| 0| 0| 0| runtime: 1586.0 ms | cr: 6344.1
    2621. dt:  0.25 ms | #newton:  1 | ph:  0.0% | #CG/newton: 3254 | ls (cap|max|inv|bt):  0| 0| 0| 0| runtime: 1575.5 ms | cr: 6302.0
    2622. dt:  0.25 ms | #newton:  1 | ph:  0.0% | #CG/newton: 3258 | ls (cap|max|inv|bt):  0| 0| 0| 0| runtime: 1582.7 ms | cr: 6330.6
    2623. dt:  0.25 ms | #newton:  1 | ph:  0.0% | #CG/newton: 3255 | ls (cap|max|inv|bt):  0| 0| 0| 0| runtime: 1576.9 ms | cr: 6307.8
    2624. dt:  0.25 ms | #newton:  1 | ph:  0.0% | #CG/newton: 3256 | ls (cap|max|inv|bt):  0| 0| 0| 0| runtime: 1585.6 ms | cr: 6342.2
    2625. dt:  0.25 ms | #newton:  1 | ph:  0.0% | #CG/newton: 3259 | ls (cap|max|inv|bt):  0| 0| 0| 0| runtime: 1592.5 ms | cr: 6370.2
    2626. dt:  0.25 ms | #newton:  1 | ph:  0.0% | #CG/newton: 3259 | ls (cap|max|inv|bt):  0| 0| 0| 0| runtime: 1584.7 ms | cr: 6338.8
    2627. dt:  0.25 ms | #newton:  1 | ph:  0.0% | #CG/newton: 3256 | ls (cap|max|inv|bt):  0| 0| 0| 0| runtime: 1584.1 ms | cr: 6336.4
    2628. dt:  0.25 ms | #newton:  1 | ph:  0.0% | #CG/newton: 3261 | ls (cap|max|inv|bt):  0| 0| 0| 0| runtime: 1591.4 ms | cr: 6365.7
    2629. dt:  0.25 ms | #newton:  1 | ph:  0.0% | #CG/newton: 3260 | ls (cap|max|inv|bt):  0| 0| 0| 0| runtime: 1578.1 ms | cr: 6312.4
    2630. dt:  0.25 ms | #newton:  1 | ph:  0.0% | #CG/newton: 3254 | ls (cap|max|inv|bt):  0| 0| 0| 0| runtime: 1587.8 ms | cr: 6351.3
    2631. dt:  0.25 ms | #newton:  1 | ph:  0.0% | #CG/newton: 3239 | ls (cap|max|inv|bt):  0| 0| 0| 0| runtime: 1573.3 ms | cr: 6293.1
    2632. dt:  0.25 ms | #newton:  1 | ph:  0.0% | #CG/newton: 3257 | ls (cap|max|inv|bt):  0| 0| 0| 0| runtime: 1580.6 ms | cr: 6322.3
    2633. dt:  0.25 ms | #newton:  1 | ph:  0.0% | #CG/newton: 3238 | ls (cap|max|inv|bt):  0| 0| 0| 0| runtime: 1571.6 ms | cr: 6286.4
    2634. dt:  0.25 ms | #newton:  1 | ph:  0.0% | #CG/newton: 3258 | ls (cap|max|inv|bt):  0| 0| 0| 0| runtime: 1580.0 ms | cr: 6319.9
    2635. dt:  0.25 ms | #newton:  1 | ph:  0.0% | #CG/newton: 3249 | ls (cap|max|inv|bt):  0| 0| 0| 0| runtime: 1574.6 ms | cr: 6298.3
    2636. dt:  0.25 ms | #newton:  1 | ph:  0.0% | #CG/newton: 3259 | ls (cap|max|inv|bt):  0| 0| 0| 0| runtime: 1579.6 ms | cr: 6318.5
    2637. dt:  0.25 ms | #newton:  1 | ph:  0.0% | #CG/newton: 3262 | ls (cap|max|inv|bt):  0| 0| 0| 0| runtime: 1583.0 ms | cr: 6332.0
    2638. dt:  0.25 ms | #newton:  1 | ph:  0.0% | #CG/newton: 3238 | ls (cap|max|inv|bt):  0| 0| 0| 0| runtime: 1570.7 ms | cr: 6282.8
    2639. dt:  0.25 ms | #newton:  1 | ph:  0.0% | #CG/newton: 3260 | ls (cap|max|inv|bt):  0| 0| 0| 0| runtime: 1582.9 ms | cr: 6331.4
    2640. dt:  0.25 ms | #newton:  1 | ph:  0.0% | #CG/newton: 3260 | ls (cap|max|inv|bt):  0| 0| 0| 0| runtime: 1592.6 ms | cr: 6370.6
    2641. dt:  0.25 ms | #newton:  1 | ph:  0.0% | #CG/newton: 3254 | ls (cap|max|inv|bt):  0| 0| 0| 0| runtime: 1583.7 ms | cr: 6334.8
    2642. dt:  0.25 ms | #newton:  1 | ph:  0.0% | #CG/newton: 3258 | ls (cap|max|inv|bt):  0| 0| 0| 0| runtime: 1616.7 ms | cr: 6466.9
    2643. dt:  0.25 ms | #newton:  1 | ph:  0.0% | #CG/newton: 3258 | ls (cap|max|inv|bt):  0| 0| 0| 0| runtime: 1581.7 ms | cr: 6326.7
    2644. dt:  0.25 ms | #newton:  1 | ph:  0.0% | #CG/newton: 3250 | ls (cap|max|inv|bt):  0| 0| 0| 0| runtime: 1571.6 ms | cr: 6286.5
    2645. dt:  0.25 ms | #newton:  1 | ph:  0.0% | #CG/newton: 3258 | ls (cap|max|inv|bt):  0| 0| 0| 0| runtime: 1583.9 ms | cr: 6335.7
    2646. dt:  0.25 ms | #newton:  1 | ph:  0.0% | #CG/newton: 3256 | ls (cap|max|inv|bt):  0| 0| 0| 0| runtime: 1591.4 ms | cr: 6365.6
    2647. dt:  0.25 ms | #newton:  1 | ph:  0.0% | #CG/newton: 3214 | ls (cap|max|inv|bt):  0| 0| 0| 0| runtime: 1563.2 ms | cr: 6253.0
    2648. dt:  0.25 ms | #newton:  1 | ph:  0.0% | #CG/newton: 3253 | ls (cap|max|inv|bt):  0| 0| 0| 0| runtime: 1586.6 ms | cr: 6346.6
    2649. dt:  0.25 ms | #newton:  1 | ph:  0.0% | #CG/newton: 3259 | ls (cap|max|inv|bt):  0| 0| 0| 0| runtime: 1588.4 ms | cr: 6353.6
    2650. dt:  0.25 ms | #newton:  1 | ph:  0.0% | #CG/newton: 3264 | ls (cap|max|inv|bt):  0| 0| 0| 0| runtime: 1591.7 ms | cr: 6367.0
    2651. dt:  0.25 ms | #newton:  1 | ph:  0.0% | #CG/newton: 3268 | ls (cap|max|inv|bt):  0| 0| 0| 0| runtime: 1592.4 ms | cr: 6369.5
    2652. dt:  0.25 ms | #newton:  1 | ph:  0.0% | #CG/newton: 3264 | ls (cap|max|inv|bt):  0| 0| 0| 0| runtime: 1584.2 ms | cr: 6336.9
    2653. dt:  0.25 ms | #newton:  1 | ph:  0.0% | #CG/newton: 3257 | ls (cap|max|inv|bt):  0| 0| 0| 0| runtime: 1582.9 ms | cr: 6331.7
    2654. dt:  0.25 ms | #newton:  1 | ph:  0.0% | #CG/newton: 3253 | ls (cap|max|inv|bt):  0| 0| 0| 0| runtime: 1573.2 ms | cr: 6292.8
    2655. dt:  0.25 ms | #newton:  1 | ph:  0.0% | #CG/newton: 3254 | ls (cap|max|inv|bt):  0| 0| 0| 0| runtime: 1586.8 ms | cr: 6347.3
    2656. dt:  0.25 ms | #newton:  1 | ph:  0.0% | #CG/newton: 3261 | ls (cap|max|inv|bt):  0| 0| 0| 0| runtime: 1583.7 ms | cr: 6334.6
    2657. dt:  0.25 ms | #newton:  1 | ph:  0.0% | #CG/newton: 3255 | ls (cap|max|inv|bt):  0| 0| 0| 0| runtime: 1581.9 ms | cr: 6327.5
    2658. dt:  0.25 ms | #newton:  1 | ph:  0.0% | #CG/newton: 3244 | ls (cap|max|inv|bt):  0| 0| 0| 0| runtime: 1577.8 ms | cr: 6311.3
    2659. dt:  0.25 ms | #newton:  1 | ph:  0.0% | #CG/newton: 3055 | ls (cap|max|inv|bt):  0| 0| 0| 0| runtime: 1494.3 ms | cr: 5977.0
    2660. dt:  0.25 ms | #newton:  1 | ph:  0.0% | #CG/newton: 3229 | ls (cap|max|inv|bt):  0| 0| 0| 0| runtime: 1571.1 ms | cr: 6284.4
    2661. dt:  0.25 ms | #newton:  1 | ph:  0.0% | #CG/newton: 3042 | ls (cap|max|inv|bt):  0| 0| 0| 0| runtime: 1467.0 ms | cr: 5867.9
    2662. dt:  0.25 ms | #newton:  1 | ph:  0.0% | #CG/newton: 3244 | ls (cap|max|inv|bt):  0| 0| 0| 0| runtime: 1588.7 ms | cr: 6354.7
    2663. dt:  0.25 ms | #newton:  1 | ph:  0.0% | #CG/newton: 3248 | ls (cap|max|inv|bt):  0| 0| 0| 0| runtime: 1577.6 ms | cr: 6310.4
    2664. dt:  0.25 ms | #newton:  1 | ph:  0.0% | #CG/newton: 3246 | ls (cap|max|inv|bt):  0| 0| 0| 0| runtime: 1576.6 ms | cr: 6306.4
    2665. dt:  0.25 ms | #newton:  1 | ph:  0.0% | #CG/newton: 3225 | ls (cap|max|inv|bt):  0| 0| 0| 0| runtime: 1568.3 ms | cr: 6273.4
    2666. dt:  0.25 ms | #newton:  1 | ph:  0.0% | #CG/newton: 3248 | ls (cap|max|inv|bt):  0| 0| 0| 0| runtime: 1576.7 ms | cr: 6306.7
[Frame: 20] Time: 0.667 s
    2667. dt:  0.25 ms | #newton:  1 | ph:  0.0% | #CG/newton: 3242 | ls (cap|max|inv|bt):  0| 0| 0| 0| runtime: 1577.3 ms | cr: 6309.0
    2668. dt:  0.25 ms | #newton:  1 | ph:  0.0% | #CG/newton: 3196 | ls (cap|max|inv|bt):  0| 0| 0| 0| runtime: 1541.4 ms | cr: 6165.4
    2669. dt:  0.25 ms | #newton:  1 | ph:  0.0% | #CG/newton: 3260 | ls (cap|max|inv|bt):  0| 0| 0| 0| runtime: 1583.1 ms | cr: 6332.3
    2670. dt:  0.25 ms | #newton:  1 | ph:  0.0% | #CG/newton: 3060 | ls (cap|max|inv|bt):  0| 0| 0| 0| runtime: 1498.7 ms | cr: 5994.8
    2671. dt:  0.25 ms | #newton:  1 | ph:  0.0% | #CG/newton: 3264 | ls (cap|max|inv|bt):  0| 0| 0| 0| runtime: 1588.9 ms | cr: 6355.8
    2672. dt:  0.25 ms | #newton:  1 | ph:  0.0% | #CG/newton: 3072 | ls (cap|max|inv|bt):  0| 0| 0| 0| runtime: 1503.7 ms | cr: 6014.6
    2673. dt:  0.25 ms | #newton:  1 | ph:  0.0% | #CG/newton: 3262 | ls (cap|max|inv|bt):  0| 0| 0| 0| runtime: 1588.0 ms | cr: 6352.0
    2674. dt:  0.25 ms | #newton:  1 | ph:  0.0% | #CG/newton: 3110 | ls (cap|max|inv|bt):  0| 0| 0| 0| runtime: 1517.5 ms | cr: 6069.8
    2675. dt:  0.25 ms | #newton:  1 | ph:  0.0% | #CG/newton: 3266 | ls (cap|max|inv|bt):  0| 0| 0| 0| runtime: 1600.1 ms | cr: 6400.6
    2676. dt:  0.25 ms | #newton:  1 | ph:  0.0% | #CG/newton: 3277 | ls (cap|max|inv|bt):  0| 0| 0| 0| runtime: 1588.7 ms | cr: 6354.9
    2677. dt:  0.25 ms | #newton:  1 | ph:  0.0% | #CG/newton: 3277 | ls (cap|max|inv|bt):  0| 0| 0| 0| runtime: 1600.3 ms | cr: 6401.3
    2678. dt:  0.25 ms | #newton:  1 | ph:  0.0% | #CG/newton: 3275 | ls (cap|max|inv|bt):  0| 0| 0| 0| runtime: 1596.7 ms | cr: 6386.8
    2679. dt:  0.25 ms | #newton:  1 | ph:  0.0% | #CG/newton: 3270 | ls (cap|max|inv|bt):  0| 0| 0| 0| runtime: 1582.3 ms | cr: 6329.3
    2680. dt:  0.25 ms | #newton:  1 | ph:  0.0% | #CG/newton: 3269 | ls (cap|max|inv|bt):  0| 0| 0| 0| runtime: 1643.4 ms | cr: 6573.5
    2681. dt:  0.25 ms | #newton:  1 | ph:  0.0% | #CG/newton: 3269 | ls (cap|max|inv|bt):  0| 0| 0| 0| runtime: 1585.4 ms | cr: 6341.7
    2682. dt:  0.25 ms | #newton:  1 | ph:  0.0% | #CG/newton: 3277 | ls (cap|max|inv|bt):  0| 0| 0| 0| runtime: 1595.9 ms | cr: 6383.6
    2683. dt:  0.25 ms | #newton:  1 | ph:  0.0% | #CG/newton: 3269 | ls (cap|max|inv|bt):  0| 0| 0| 0| runtime: 1598.4 ms | cr: 6393.5
    2684. dt:  0.25 ms | #newton:  1 | ph:  0.0% | #CG/newton: 3237 | ls (cap|max|inv|bt):  0| 0| 0| 0| runtime: 1578.8 ms | cr: 6315.1
    2685. dt:  0.25 ms | #newton:  1 | ph:  0.0% | #CG/newton: 3277 | ls (cap|max|inv|bt):  0| 0| 0| 0| runtime: 1583.9 ms | cr: 6335.7
    2686. dt:  0.25 ms | #newton:  1 | ph:  0.0% | #CG/newton: 3271 | ls (cap|max|inv|bt):  0| 0| 0| 0| runtime: 1590.6 ms | cr: 6362.4
    2687. dt:  0.25 ms | #newton:  1 | ph:  0.0% | #CG/newton: 3273 | ls (cap|max|inv|bt):  0| 0| 0| 0| runtime: 1596.2 ms | cr: 6384.9
    2688. dt:  0.25 ms | #newton:  1 | ph:  0.0% | #CG/newton: 3270 | ls (cap|max|inv|bt):  0| 0| 0| 0| runtime: 1600.8 ms | cr: 6403.0
    2689. dt:  0.25 ms | #newton:  1 | ph:  0.0% | #CG/newton: 3271 | ls (cap|max|inv|bt):  0| 0| 0| 0| runtime: 1603.0 ms | cr: 6412.1
    2690. dt:  0.25 ms | #newton:  1 | ph:  0.0% | #CG/newton: 3268 | ls (cap|max|inv|bt):  0| 0| 0| 0| runtime: 1602.5 ms | cr: 6409.9
    2691. dt:  0.25 ms | #newton:  1 | ph:  0.0% | #CG/newton: 3271 | ls (cap|max|inv|bt):  0| 0| 0| 0| runtime: 1594.1 ms | cr: 6376.2
    2692. dt:  0.25 ms | #newton:  1 | ph:  0.0% | #CG/newton: 3271 | ls (cap|max|inv|bt):  0| 0| 0| 0| runtime: 1584.9 ms | cr: 6339.7
    2693. dt:  0.25 ms | #newton:  1 | ph:  0.0% | #CG/newton: 3267 | ls (cap|max|inv|bt):  0| 0| 0| 0| runtime: 1596.4 ms | cr: 6385.5
    2694. dt:  0.25 ms | #newton:  1 | ph:  0.0% | #CG/newton: 3268 | ls (cap|max|inv|bt):  0| 0| 0| 0| runtime: 1587.3 ms | cr: 6349.1
    2695. dt:  0.25 ms | #newton:  1 | ph:  0.0% | #CG/newton: 3270 | ls (cap|max|inv|bt):  0| 0| 0| 0| runtime: 1598.7 ms | cr: 6394.8
    2696. dt:  0.25 ms | #newton:  1 | ph:  0.0% | #CG/newton: 3269 | ls (cap|max|inv|bt):  0| 0| 0| 0| runtime: 1612.6 ms | cr: 6450.3
    2697. dt:  0.25 ms | #newton:  1 | ph:  0.0% | #CG/newton: 3272 | ls (cap|max|inv|bt):  0| 0| 0| 0| runtime: 1579.6 ms | cr: 6318.2
    2698. dt:  0.25 ms | #newton:  1 | ph:  0.0% | #CG/newton: 3269 | ls (cap|max|inv|bt):  0| 0| 0| 0| runtime: 1598.7 ms | cr: 6395.0
    2699. dt:  0.25 ms | #newton:  1 | ph:  0.0% | #CG/newton: 3270 | ls (cap|max|inv|bt):  0| 0| 0| 0| runtime: 1599.1 ms | cr: 6396.5
    2700. dt:  0.25 ms | #newton:  1 | ph:  0.0% | #CG/newton: 3266 | ls (cap|max|inv|bt):  0| 0| 0| 0| runtime: 1601.5 ms | cr: 6405.9
    2701. dt:  0.25 ms | #newton:  1 | ph:  0.0% | #CG/newton: 3270 | ls (cap|max|inv|bt):  0| 0| 0| 0| runtime: 1568.9 ms | cr: 6275.7
    2702. dt:  0.25 ms | #newton:  1 | ph:  0.0% | #CG/newton: 3267 | ls (cap|max|inv|bt):  0| 0| 0| 0| runtime: 1595.4 ms | cr: 6381.6
    2703. dt:  0.25 ms | #newton:  1 | ph:  0.0% | #CG/newton: 3268 | ls (cap|max|inv|bt):  0| 0| 0| 0| runtime: 1589.7 ms | cr: 6358.8
    2704. dt:  0.25 ms | #newton:  1 | ph:  0.0% | #CG/newton: 3264 | ls (cap|max|inv|bt):  0| 0| 0| 0| runtime: 1590.7 ms | cr: 6362.9
    2705. dt:  0.25 ms | #newton:  1 | ph:  0.0% | #CG/newton: 3269 | ls (cap|max|inv|bt):  0| 0| 0| 0| runtime: 1593.0 ms | cr: 6372.1
    2706. dt:  0.25 ms | #newton:  1 | ph:  0.0% | #CG/newton: 3266 | ls (cap|max|inv|bt):  0| 0| 0| 0| runtime: 1591.6 ms | cr: 6366.5
    2707. dt:  0.25 ms | #newton:  1 | ph:  0.0% | #CG/newton: 3264 | ls (cap|max|inv|bt):  0| 0| 0| 0| runtime: 1595.2 ms | cr: 6380.9
    2708. dt:  0.25 ms | #newton:  1 | ph:  0.0% | #CG/newton: 3269 | ls (cap|max|inv|bt):  0| 0| 0| 0| runtime: 1599.0 ms | cr: 6396.1
    2709. dt:  0.25 ms | #newton:  1 | ph:  0.0% | #CG/newton: 3269 | ls (cap|max|inv|bt):  0| 0| 0| 0| runtime: 1588.7 ms | cr: 6354.7
    2710. dt:  0.25 ms | #newton:  1 | ph:  0.0% | #CG/newton: 3266 | ls (cap|max|inv|bt):  0| 0| 0| 0| runtime: 1583.2 ms | cr: 6332.7
    2711. dt:  0.25 ms | #newton:  1 | ph:  0.0% | #CG/newton: 3263 | ls (cap|max|inv|bt):  0| 0| 0| 0| runtime: 1595.5 ms | cr: 6381.8
    2712. dt:  0.25 ms | #newton:  1 | ph:  0.0% | #CG/newton: 3267 | ls (cap|max|inv|bt):  0| 0| 0| 0| runtime: 1550.8 ms | cr: 6203.3
    2713. dt:  0.25 ms | #newton:  1 | ph:  0.0% | #CG/newton: 3265 | ls (cap|max|inv|bt):  0| 0| 0| 0| runtime: 1541.3 ms | cr: 6165.0
    2714. dt:  0.25 ms | #newton:  1 | ph:  0.0% | #CG/newton: 3264 | ls (cap|max|inv|bt):  0| 0| 0| 0| runtime: 1487.6 ms | cr: 5950.3
    2715. dt:  0.25 ms | #newton:  1 | ph:  0.0% | #CG/newton: 3264 | ls (cap|max|inv|bt):  0| 0| 0| 0| runtime: 1497.2 ms | cr: 5988.8
    2716. dt:  0.25 ms | #newton:  1 | ph:  0.0% | #CG/newton: 3261 | ls (cap|max|inv|bt):  0| 0| 0| 0| runtime: 1579.7 ms | cr: 6318.9
    2717. dt:  0.25 ms | #newton:  1 | ph:  0.0% | #CG/newton: 3264 | ls (cap|max|inv|bt):  0| 0| 0| 0| runtime: 1608.1 ms | cr: 6432.6
    2718. dt:  0.25 ms | #newton:  1 | ph:  0.0% | #CG/newton: 3261 | ls (cap|max|inv|bt):  0| 0| 0| 0| runtime: 1633.8 ms | cr: 6535.2
    2719. dt:  0.25 ms | #newton:  1 | ph:  0.0% | #CG/newton: 3261 | ls (cap|max|inv|bt):  0| 0| 0| 0| runtime: 1588.2 ms | cr: 6352.8
    2720. dt:  0.25 ms | #newton:  1 | ph:  0.0% | #CG/newton: 3262 | ls (cap|max|inv|bt):  0| 0| 0| 0| runtime: 1587.3 ms | cr: 6349.3
    2721. dt:  0.25 ms | #newton:  1 | ph:  0.0% | #CG/newton: 3261 | ls (cap|max|inv|bt):  0| 0| 0| 0| runtime: 1598.3 ms | cr: 6393.3
    2722. dt:  0.25 ms | #newton:  1 | ph:  0.0% | #CG/newton: 3260 | ls (cap|max|inv|bt):  0| 0| 0| 0| runtime: 1601.1 ms | cr: 6404.5
    2723. dt:  0.25 ms | #newton:  1 | ph:  0.0% | #CG/newton: 3264 | ls (cap|max|inv|bt):  0| 0| 0| 0| runtime: 1513.7 ms | cr: 6054.9
    2724. dt:  0.25 ms | #newton:  1 | ph:  0.0% | #CG/newton: 3259 | ls (cap|max|inv|bt):  0| 0| 0| 0| runtime: 1552.0 ms | cr: 6208.0
    2725. dt:  0.25 ms | #newton:  1 | ph:  0.0% | #CG/newton: 3263 | ls (cap|max|inv|bt):  0| 0| 0| 0| runtime: 1582.9 ms | cr: 6331.6
    2726. dt:  0.25 ms | #newton:  1 | ph:  0.0% | #CG/newton: 3260 | ls (cap|max|inv|bt):  0| 0| 0| 0| runtime: 1572.8 ms | cr: 6291.2
    2727. dt:  0.25 ms | #newton:  1 | ph:  0.0% | #CG/newton: 3259 | ls (cap|max|inv|bt):  0| 0| 0| 0| runtime: 1582.7 ms | cr: 6330.6
    2728. dt:  0.25 ms | #newton:  1 | ph:  0.0% | #CG/newton: 3259 | ls (cap|max|inv|bt):  0| 0| 0| 0| runtime: 1595.8 ms | cr: 6383.0
    2729. dt:  0.25 ms | #newton:  1 | ph:  0.0% | #CG/newton: 3262 | ls (cap|max|inv|bt):  0| 0| 0| 0| runtime: 1568.2 ms | cr: 6272.7
    2730. dt:  0.25 ms | #newton:  1 | ph:  0.0% | #CG/newton: 3105 | ls (cap|max|inv|bt):  0| 0| 0| 0| runtime: 1527.1 ms | cr: 6108.4
    2731. dt:  0.25 ms | #newton:  1 | ph:  0.0% | #CG/newton: 3252 | ls (cap|max|inv|bt):  0| 0| 0| 0| runtime: 1595.0 ms | cr: 6380.1
    2732. dt:  0.25 ms | #newton:  1 | ph:  0.0% | #CG/newton: 3251 | ls (cap|max|inv|bt):  0| 0| 0| 0| runtime: 1584.6 ms | cr: 6338.6
    2733. dt:  0.25 ms | #newton:  1 | ph:  0.0% | #CG/newton: 3078 | ls (cap|max|inv|bt):  0| 0| 0| 0| runtime: 1505.2 ms | cr: 6020.6
    2734. dt:  0.25 ms | #newton:  1 | ph:  0.0% | #CG/newton: 3086 | ls (cap|max|inv|bt):  0| 0| 0| 0| runtime: 1520.9 ms | cr: 6083.7
    2735. dt:  0.25 ms | #newton:  1 | ph:  0.0% | #CG/newton: 3100 | ls (cap|max|inv|bt):  0| 0| 0| 0| runtime: 1520.1 ms | cr: 6080.3
    2736. dt:  0.25 ms | #newton:  1 | ph:  0.0% | #CG/newton: 3087 | ls (cap|max|inv|bt):  0| 0| 0| 0| runtime: 1513.2 ms | cr: 6052.9
    2737. dt:  0.25 ms | #newton:  1 | ph:  0.0% | #CG/newton: 3061 | ls (cap|max|inv|bt):  0| 0| 0| 0| runtime: 1502.6 ms | cr: 6010.2
    2738. dt:  0.25 ms | #newton:  1 | ph:  0.0% | #CG/newton: 2871 | ls (cap|max|inv|bt):  0| 0| 0| 0| runtime: 1458.4 ms | cr: 5833.6
    2739. dt:  0.25 ms | #newton:  1 | ph:  0.0% | #CG/newton: 3059 | ls (cap|max|inv|bt):  0| 0| 0| 0| runtime: 1491.3 ms | cr: 5965.3
    2740. dt:  0.25 ms | #newton:  1 | ph:  0.0% | #CG/newton: 3070 | ls (cap|max|inv|bt):  0| 0| 0| 0| runtime: 1494.3 ms | cr: 5977.3
    2741. dt:  0.25 ms | #newton:  1 | ph:  0.0% | #CG/newton: 3083 | ls (cap|max|inv|bt):  0| 0| 0| 0| runtime: 1508.4 ms | cr: 6033.4
    2742. dt:  0.25 ms | #newton:  1 | ph:  0.0% | #CG/newton: 3075 | ls (cap|max|inv|bt):  0| 0| 0| 0| runtime: 1499.3 ms | cr: 5997.3
    2743. dt:  0.25 ms | #newton:  1 | ph:  0.0% | #CG/newton: 3089 | ls (cap|max|inv|bt):  0| 0| 0| 0| runtime: 1503.0 ms | cr: 6012.0
    2744. dt:  0.25 ms | #newton:  1 | ph:  0.0% | #CG/newton: 3092 | ls (cap|max|inv|bt):  0| 0| 0| 0| runtime: 1511.5 ms | cr: 6045.8
    2745. dt:  0.25 ms | #newton:  1 | ph:  0.0% | #CG/newton: 3086 | ls (cap|max|inv|bt):  0| 0| 0| 0| runtime: 1510.5 ms | cr: 6041.8
    2746. dt:  0.25 ms | #newton:  1 | ph:  0.0% | #CG/newton: 3086 | ls (cap|max|inv|bt):  0| 0| 0| 0| runtime: 1514.3 ms | cr: 6057.2
    2747. dt:  0.25 ms | #newton:  1 | ph:  0.0% | #CG/newton: 3081 | ls (cap|max|inv|bt):  0| 0| 0| 0| runtime: 1483.2 ms | cr: 5932.8
    2748. dt:  0.25 ms | #newton:  1 | ph:  0.0% | #CG/newton: 3087 | ls (cap|max|inv|bt):  0| 0| 0| 0| runtime: 1481.3 ms | cr: 5925.4
    2749. dt:  0.25 ms | #newton:  1 | ph:  0.0% | #CG/newton: 2868 | ls (cap|max|inv|bt):  0| 0| 0| 0| runtime: 1792.0 ms | cr: 7168.1
    2750. dt:  0.25 ms | #newton:  1 | ph:  0.0% | #CG/newton: 3088 | ls (cap|max|inv|bt):  0| 0| 0| 0| runtime: 1884.3 ms | cr: 7537.1
    2751. dt:  0.25 ms | #newton:  1 | ph:  0.0% | #CG/newton: 3093 | ls (cap|max|inv|bt):  0| 0| 0| 0| runtime: 1637.1 ms | cr: 6548.5
    2752. dt:  0.25 ms | #newton:  1 | ph:  0.0% | #CG/newton: 3234 | ls (cap|max|inv|bt):  0| 0| 0| 0| runtime: 1632.1 ms | cr: 6528.6
    2753. dt:  0.25 ms | #newton:  1 | ph:  0.0% | #CG/newton: 3078 | ls (cap|max|inv|bt):  0| 0| 0| 0| runtime: 1453.1 ms | cr: 5812.2
    2754. dt:  0.25 ms | #newton:  1 | ph:  0.0% | #CG/newton: 3083 | ls (cap|max|inv|bt):  0| 0| 0| 0| runtime: 1493.2 ms | cr: 5972.7
    2755. dt:  0.25 ms | #newton:  1 | ph:  0.0% | #CG/newton: 3075 | ls (cap|max|inv|bt):  0| 0| 0| 0| runtime: 1495.5 ms | cr: 5982.0
    2756. dt:  0.25 ms | #newton:  1 | ph:  0.0% | #CG/newton: 3227 | ls (cap|max|inv|bt):  0| 0| 0| 0| runtime: 1510.0 ms | cr: 6040.2
    2757. dt:  0.25 ms | #newton:  1 | ph:  0.0% | #CG/newton: 3225 | ls (cap|max|inv|bt):  0| 0| 0| 0| runtime: 1593.6 ms | cr: 6374.5
    2758. dt:  0.25 ms | #newton:  1 | ph:  0.0% | #CG/newton: 3088 | ls (cap|max|inv|bt):  0| 0| 0| 0| runtime: 1460.9 ms | cr: 5843.5
    2759. dt:  0.25 ms | #newton:  1 | ph:  0.0% | #CG/newton: 3081 | ls (cap|max|inv|bt):  0| 0| 0| 0| runtime: 1454.1 ms | cr: 5816.6
    2760. dt:  0.25 ms | #newton:  1 | ph:  0.0% | #CG/newton: 3240 | ls (cap|max|inv|bt):  0| 0| 0| 0| runtime: 1528.4 ms | cr: 6113.5
    2761. dt:  0.25 ms | #newton:  1 | ph:  0.0% | #CG/newton: 3239 | ls (cap|max|inv|bt):  0| 0| 0| 0| runtime: 1543.5 ms | cr: 6174.2
    2762. dt:  0.25 ms | #newton:  1 | ph:  0.0% | #CG/newton: 3242 | ls (cap|max|inv|bt):  0| 0| 0| 0| runtime: 1513.6 ms | cr: 6054.5
    2763. dt:  0.25 ms | #newton:  1 | ph:  0.0% | #CG/newton: 3243 | ls (cap|max|inv|bt):  0| 0| 0| 0| runtime: 1553.5 ms | cr: 6214.1
    2764. dt:  0.25 ms | #newton:  1 | ph:  0.0% | #CG/newton: 3198 | ls (cap|max|inv|bt):  0| 0| 0| 0| runtime: 1574.2 ms | cr: 6296.6
    2765. dt:  0.25 ms | #newton:  1 | ph:  0.0% | #CG/newton: 3274 | ls (cap|max|inv|bt):  0| 0| 0| 0| runtime: 1607.1 ms | cr: 6428.2
    2766. dt:  0.25 ms | #newton:  1 | ph:  0.0% | #CG/newton: 3264 | ls (cap|max|inv|bt):  0| 0| 0| 0| runtime: 1543.8 ms | cr: 6175.1
    2767. dt:  0.25 ms | #newton:  1 | ph:  0.0% | #CG/newton: 3422 | ls (cap|max|inv|bt):  0| 0| 0| 0| runtime: 1595.9 ms | cr: 6383.5
    2768. dt:  0.25 ms | #newton:  1 | ph:  0.0% | #CG/newton: 3421 | ls (cap|max|inv|bt):  0| 0| 0| 0| runtime: 1611.6 ms | cr: 6446.4
    2769. dt:  0.25 ms | #newton:  1 | ph:  0.0% | #CG/newton: 3422 | ls (cap|max|inv|bt):  0| 0| 0| 0| runtime: 1620.1 ms | cr: 6480.3
    2770. dt:  0.25 ms | #newton:  1 | ph:  0.0% | #CG/newton: 3421 | ls (cap|max|inv|bt):  0| 0| 0| 0| runtime: 1618.3 ms | cr: 6473.4
    2771. dt:  0.25 ms | #newton:  1 | ph:  0.0% | #CG/newton: 3419 | ls (cap|max|inv|bt):  0| 0| 0| 0| runtime: 1666.0 ms | cr: 6664.1
    2772. dt:  0.25 ms | #newton:  1 | ph:  0.0% | #CG/newton: 3420 | ls (cap|max|inv|bt):  0| 0| 0| 0| runtime: 1652.2 ms | cr: 6609.0
    2773. dt:  0.25 ms | #newton:  1 | ph:  0.0% | #CG/newton: 3420 | ls (cap|max|inv|bt):  0| 0| 0| 0| runtime: 1662.8 ms | cr: 6651.1
    2774. dt:  0.25 ms | #newton:  1 | ph:  0.0% | #CG/newton: 3419 | ls (cap|max|inv|bt):  0| 0| 0| 0| runtime: 1672.1 ms | cr: 6688.2
    2775. dt:  0.25 ms | #newton:  1 | ph:  0.0% | #CG/newton: 3420 | ls (cap|max|inv|bt):  0| 0| 0| 0| runtime: 1665.8 ms | cr: 6663.0
    2776. dt:  0.25 ms | #newton:  1 | ph:  0.0% | #CG/newton: 3420 | ls (cap|max|inv|bt):  0| 0| 0| 0| runtime: 1679.8 ms | cr: 6719.2
    2777. dt:  0.25 ms | #newton:  1 | ph:  0.0% | #CG/newton: 3420 | ls (cap|max|inv|bt):  0| 0| 0| 0| runtime: 1580.6 ms | cr: 6322.3
    2778. dt:  0.25 ms | #newton:  1 | ph:  0.0% | #CG/newton: 3420 | ls (cap|max|inv|bt):  0| 0| 0| 0| runtime: 1593.3 ms | cr: 6373.3
    2779. dt:  0.25 ms | #newton:  1 | ph:  0.0% | #CG/newton: 3415 | ls (cap|max|inv|bt):  0| 0| 0| 0| runtime: 1597.6 ms | cr: 6390.4
    2780. dt:  0.25 ms | #newton:  1 | ph:  0.0% | #CG/newton: 3419 | ls (cap|max|inv|bt):  0| 0| 0| 0| runtime: 1605.9 ms | cr: 6423.7
    2781. dt:  0.25 ms | #newton:  1 | ph:  0.0% | #CG/newton: 3421 | ls (cap|max|inv|bt):  0| 0| 0| 0| runtime: 1626.5 ms | cr: 6505.9
    2782. dt:  0.25 ms | #newton:  1 | ph:  0.0% | #CG/newton: 3416 | ls (cap|max|inv|bt):  0| 0| 0| 0| runtime: 1651.7 ms | cr: 6606.7
    2783. dt:  0.25 ms | #newton:  1 | ph:  0.0% | #CG/newton: 3422 | ls (cap|max|inv|bt):  0| 0| 0| 0| runtime: 1664.4 ms | cr: 6657.6
    2784. dt:  0.25 ms | #newton:  1 | ph:  0.0% | #CG/newton: 3418 | ls (cap|max|inv|bt):  0| 0| 0| 0| runtime: 1674.5 ms | cr: 6698.0
    2785. dt:  0.25 ms | #newton:  1 | ph:  0.0% | #CG/newton: 3415 | ls (cap|max|inv|bt):  0| 0| 0| 0| runtime: 1672.9 ms | cr: 6691.5
    2786. dt:  0.25 ms | #newton:  1 | ph:  0.0% | #CG/newton: 3417 | ls (cap|max|inv|bt):  0| 0| 0| 0| runtime: 1610.0 ms | cr: 6440.2
    2787. dt:  0.25 ms | #newton:  1 | ph:  0.0% | #CG/newton: 3416 | ls (cap|max|inv|bt):  0| 0| 0| 0| runtime: 1607.6 ms | cr: 6430.4
    2788. dt:  0.25 ms | #newton:  1 | ph:  0.0% | #CG/newton: 3252 | ls (cap|max|inv|bt):  0| 0| 0| 0| runtime: 1532.6 ms | cr: 6130.5
    2789. dt:  0.25 ms | #newton:  1 | ph:  0.0% | #CG/newton: 3414 | ls (cap|max|inv|bt):  0| 0| 0| 0| runtime: 1630.7 ms | cr: 6522.7
    2790. dt:  0.25 ms | #newton:  1 | ph:  0.0% | #CG/newton: 3418 | ls (cap|max|inv|bt):  0| 0| 0| 0| runtime: 1639.0 ms | cr: 6556.0
    2791. dt:  0.25 ms | #newton:  1 | ph:  0.0% | #CG/newton: 3256 | ls (cap|max|inv|bt):  0| 0| 0| 0| runtime: 1612.2 ms | cr: 6448.9
    2792. dt:  0.25 ms | #newton:  1 | ph:  0.0% | #CG/newton: 3261 | ls (cap|max|inv|bt):  0| 0| 0| 0| runtime: 1622.4 ms | cr: 6489.5
    2793. dt:  0.25 ms | #newton:  1 | ph:  0.0% | #CG/newton: 3418 | ls (cap|max|inv|bt):  0| 0| 0| 0| runtime: 1677.3 ms | cr: 6709.1
    2794. dt:  0.25 ms | #newton:  1 | ph:  0.0% | #CG/newton: 3255 | ls (cap|max|inv|bt):  0| 0| 0| 0| runtime: 1599.5 ms | cr: 6398.0
    2795. dt:  0.25 ms | #newton:  1 | ph:  0.0% | #CG/newton: 3389 | ls (cap|max|inv|bt):  0| 0| 0| 0| runtime: 1664.2 ms | cr: 6656.9
    2796. dt:  0.25 ms | #newton:  1 | ph:  0.0% | #CG/newton: 3255 | ls (cap|max|inv|bt):  0| 0| 0| 0| runtime: 1625.9 ms | cr: 6503.7
    2797. dt:  0.25 ms | #newton:  1 | ph:  0.0% | #CG/newton: 3250 | ls (cap|max|inv|bt):  0| 0| 0| 0| runtime: 1619.9 ms | cr: 6479.5
    2798. dt:  0.25 ms | #newton:  1 | ph:  0.0% | #CG/newton: 3252 | ls (cap|max|inv|bt):  0| 0| 0| 0| runtime: 1617.7 ms | cr: 6470.8
    2799. dt:  0.25 ms | #newton:  1 | ph:  0.0% | #CG/newton: 3251 | ls (cap|max|inv|bt):  0| 0| 0| 0| runtime: 1582.4 ms | cr: 6329.7
    2800. dt:  0.25 ms | #newton:  1 | ph:  0.0% | #CG/newton: 3257 | ls (cap|max|inv|bt):  0| 0| 0| 0| runtime: 1554.6 ms | cr: 6218.4
[Frame: 21] Time: 0.700 s
    2801. dt:  0.25 ms | #newton:  1 | ph:  0.0% | #CG/newton: 3254 | ls (cap|max|inv|bt):  0| 0| 0| 0| runtime: 1609.1 ms | cr: 6436.5
    2802. dt:  0.25 ms | #newton:  1 | ph:  0.0% | #CG/newton: 3258 | ls (cap|max|inv|bt):  0| 0| 0| 0| runtime: 1605.3 ms | cr: 6421.2
    2803. dt:  0.25 ms | #newton:  1 | ph:  0.0% | #CG/newton: 3253 | ls (cap|max|inv|bt):  0| 0| 0| 0| runtime: 1596.2 ms | cr: 6384.7
    2804. dt:  0.25 ms | #newton:  1 | ph:  0.0% | #CG/newton: 3423 | ls (cap|max|inv|bt):  0| 0| 0| 0| runtime: 1673.8 ms | cr: 6695.1
    2805. dt:  0.25 ms | #newton:  1 | ph:  0.0% | #CG/newton: 3255 | ls (cap|max|inv|bt):  0| 0| 0| 0| runtime: 1627.5 ms | cr: 6509.9
    2806. dt:  0.25 ms | #newton:  1 | ph:  0.0% | #CG/newton: 3259 | ls (cap|max|inv|bt):  0| 0| 0| 0| runtime: 1588.5 ms | cr: 6354.0
    2807. dt:  0.25 ms | #newton:  1 | ph:  0.0% | #CG/newton: 3256 | ls (cap|max|inv|bt):  0| 0| 0| 0| runtime: 1603.6 ms | cr: 6414.6
    2808. dt:  0.25 ms | #newton:  1 | ph:  0.0% | #CG/newton: 3255 | ls (cap|max|inv|bt):  0| 0| 0| 0| runtime: 1601.1 ms | cr: 6404.5
    2809. dt:  0.25 ms | #newton:  1 | ph:  0.0% | #CG/newton: 3261 | ls (cap|max|inv|bt):  0| 0| 0| 0| runtime: 1627.7 ms | cr: 6510.8
    2810. dt:  0.25 ms | #newton:  1 | ph:  0.0% | #CG/newton: 3264 | ls (cap|max|inv|bt):  0| 0| 0| 0| runtime: 1618.5 ms | cr: 6474.1
    2811. dt:  0.25 ms | #newton:  1 | ph:  0.0% | #CG/newton: 3263 | ls (cap|max|inv|bt):  0| 0| 0| 0| runtime: 1603.9 ms | cr: 6415.6
    2812. dt:  0.25 ms | #newton:  1 | ph:  0.0% | #CG/newton: 3261 | ls (cap|max|inv|bt):  0| 0| 0| 0| runtime: 1578.7 ms | cr: 6314.9
    2813. dt:  0.25 ms | #newton:  1 | ph:  0.0% | #CG/newton: 3261 | ls (cap|max|inv|bt):  0| 0| 0| 0| runtime: 1602.7 ms | cr: 6410.8
    2814. dt:  0.25 ms | #newton:  1 | ph:  0.0% | #CG/newton: 3262 | ls (cap|max|inv|bt):  0| 0| 0| 0| runtime: 1561.5 ms | cr: 6245.9
    2815. dt:  0.25 ms | #newton:  1 | ph:  0.0% | #CG/newton: 3246 | ls (cap|max|inv|bt):  0| 0| 0| 0| runtime: 1524.4 ms | cr: 6097.7
    2816. dt:  0.25 ms | #newton:  1 | ph:  0.0% | #CG/newton: 3096 | ls (cap|max|inv|bt):  0| 0| 0| 0| runtime: 1455.7 ms | cr: 5822.7
    2817. dt:  0.25 ms | #newton:  1 | ph:  0.0% | #CG/newton: 3102 | ls (cap|max|inv|bt):  0| 0| 0| 0| runtime: 1447.4 ms | cr: 5789.4
    2818. dt:  0.25 ms | #newton:  1 | ph:  0.0% | #CG/newton: 3093 | ls (cap|max|inv|bt):  0| 0| 0| 0| runtime: 1427.8 ms | cr: 5711.1
    2819. dt:  0.25 ms | #newton:  1 | ph:  0.0% | #CG/newton: 3098 | ls (cap|max|inv|bt):  0| 0| 0| 0| runtime: 1441.2 ms | cr: 5764.7
    2820. dt:  0.25 ms | #newton:  1 | ph:  0.0% | #CG/newton: 3252 | ls (cap|max|inv|bt):  0| 0| 0| 0| runtime: 1504.2 ms | cr: 6016.7
    2821. dt:  0.25 ms | #newton:  1 | ph:  0.0% | #CG/newton: 3248 | ls (cap|max|inv|bt):  0| 0| 0| 0| runtime: 1453.5 ms | cr: 5814.0
    2822. dt:  0.25 ms | #newton:  1 | ph:  0.0% | #CG/newton: 3248 | ls (cap|max|inv|bt):  0| 0| 0| 0| runtime: 1437.9 ms | cr: 5751.5
    2823. dt:  0.25 ms | #newton:  1 | ph:  0.0% | #CG/newton: 3245 | ls (cap|max|inv|bt):  0| 0| 0| 0| runtime: 1462.4 ms | cr: 5849.8
    2824. dt:  0.25 ms | #newton:  1 | ph:  0.0% | #CG/newton: 3247 | ls (cap|max|inv|bt):  0| 0| 0| 0| runtime: 1608.8 ms | cr: 6435.3
    2825. dt:  0.25 ms | #newton:  1 | ph:  0.0% | #CG/newton: 3243 | ls (cap|max|inv|bt):  0| 0| 0| 0| runtime: 1519.7 ms | cr: 6078.8
    2826. dt:  0.25 ms | #newton:  1 | ph:  0.0% | #CG/newton: 3250 | ls (cap|max|inv|bt):  0| 0| 0| 0| runtime: 1515.3 ms | cr: 6061.1
    2827. dt:  0.25 ms | #newton:  1 | ph:  0.0% | #CG/newton: 3210 | ls (cap|max|inv|bt):  0| 0| 0| 0| runtime: 1511.5 ms | cr: 6045.9
    2828. dt:  0.25 ms | #newton:  1 | ph:  0.0% | #CG/newton: 3207 | ls (cap|max|inv|bt):  0| 0| 0| 0| runtime: 1512.9 ms | cr: 6051.5
    2829. dt:  0.25 ms | #newton:  1 | ph:  0.0% | #CG/newton: 3245 | ls (cap|max|inv|bt):  0| 0| 0| 0| runtime: 1532.5 ms | cr: 6130.1
    2830. dt:  0.25 ms | #newton:  1 | ph:  0.0% | #CG/newton: 3234 | ls (cap|max|inv|bt):  0| 0| 0| 0| runtime: 1556.2 ms | cr: 6225.0
    2831. dt:  0.25 ms | #newton:  1 | ph:  0.0% | #CG/newton: 3237 | ls (cap|max|inv|bt):  0| 0| 0| 0| runtime: 1603.4 ms | cr: 6413.4
    2832. dt:  0.25 ms | #newton:  1 | ph:  0.0% | #CG/newton: 3243 | ls (cap|max|inv|bt):  0| 0| 0| 0| runtime: 1594.8 ms | cr: 6379.1
    2833. dt:  0.25 ms | #newton:  1 | ph:  0.0% | #CG/newton: 3211 | ls (cap|max|inv|bt):  0| 0| 0| 0| runtime: 1604.2 ms | cr: 6416.7
    2834. dt:  0.25 ms | #newton:  1 | ph:  0.0% | #CG/newton: 3236 | ls (cap|max|inv|bt):  0| 0| 0| 0| runtime: 1598.6 ms | cr: 6394.4
    2835. dt:  0.25 ms | #newton:  1 | ph:  0.0% | #CG/newton: 3241 | ls (cap|max|inv|bt):  0| 0| 0| 0| runtime: 1508.8 ms | cr: 6035.3
    2836. dt:  0.25 ms | #newton:  1 | ph:  0.0% | #CG/newton: 3242 | ls (cap|max|inv|bt):  0| 0| 0| 0| runtime: 1554.3 ms | cr: 6217.3
    2837. dt:  0.25 ms | #newton:  1 | ph:  0.0% | #CG/newton: 3238 | ls (cap|max|inv|bt):  0| 0| 0| 0| runtime: 1514.4 ms | cr: 6057.5
    2838. dt:  0.25 ms | #newton:  1 | ph:  0.0% | #CG/newton: 3254 | ls (cap|max|inv|bt):  0| 0| 0| 0| runtime: 1564.4 ms | cr: 6257.7
    2839. dt:  0.25 ms | #newton:  1 | ph:  0.0% | #CG/newton: 3242 | ls (cap|max|inv|bt):  0| 0| 0| 0| runtime: 1566.1 ms | cr: 6264.3
    2840. dt:  0.25 ms | #newton:  1 | ph:  0.0% | #CG/newton: 3240 | ls (cap|max|inv|bt):  0| 0| 0| 0| runtime: 1623.6 ms | cr: 6494.2
    2841. dt:  0.25 ms | #newton:  1 | ph:  0.0% | #CG/newton: 3239 | ls (cap|max|inv|bt):  0| 0| 0| 0| runtime: 1664.9 ms | cr: 6659.7
    2842. dt:  0.25 ms | #newton:  1 | ph:  0.0% | #CG/newton: 3240 | ls (cap|max|inv|bt):  0| 0| 0| 0| runtime: 1581.6 ms | cr: 6326.5
    2843. dt:  0.25 ms | #newton:  1 | ph:  0.0% | #CG/newton: 3239 | ls (cap|max|inv|bt):  0| 0| 0| 0| runtime: 1611.9 ms | cr: 6447.8
    2844. dt:  0.25 ms | #newton:  1 | ph:  0.0% | #CG/newton: 3241 | ls (cap|max|inv|bt):  0| 0| 0| 0| runtime: 1616.4 ms | cr: 6465.8
    2845. dt:  0.25 ms | #newton:  1 | ph:  0.0% | #CG/newton: 3238 | ls (cap|max|inv|bt):  0| 0| 0| 0| runtime: 1596.1 ms | cr: 6384.6
    2846. dt:  0.25 ms | #newton:  1 | ph:  0.0% | #CG/newton: 3248 | ls (cap|max|inv|bt):  0| 0| 0| 0| runtime: 1581.3 ms | cr: 6325.3
    2847. dt:  0.25 ms | #newton:  1 | ph:  0.0% | #CG/newton: 3241 | ls (cap|max|inv|bt):  0| 0| 0| 0| runtime: 1631.2 ms | cr: 6524.7
    2848. dt:  0.25 ms | #newton:  1 | ph:  0.0% | #CG/newton: 3254 | ls (cap|max|inv|bt):  0| 0| 0| 0| runtime: 1529.6 ms | cr: 6118.4
    2849. dt:  0.25 ms | #newton:  1 | ph:  0.0% | #CG/newton: 3244 | ls (cap|max|inv|bt):  0| 0| 0| 0| runtime: 1526.0 ms | cr: 6104.1
    2850. dt:  0.25 ms | #newton:  1 | ph:  0.0% | #CG/newton: 3254 | ls (cap|max|inv|bt):  0| 0| 0| 0| runtime: 1531.6 ms | cr: 6126.6
    2851. dt:  0.25 ms | #newton:  1 | ph:  0.0% | #CG/newton: 3247 | ls (cap|max|inv|bt):  0| 0| 0| 0| runtime: 1540.0 ms | cr: 6160.0
    2852. dt:  0.25 ms | #newton:  1 | ph:  0.0% | #CG/newton: 3263 | ls (cap|max|inv|bt):  0| 0| 0| 0| runtime: 1535.7 ms | cr: 6142.6
    2853. dt:  0.25 ms | #newton:  1 | ph:  0.0% | #CG/newton: 3244 | ls (cap|max|inv|bt):  0| 0| 0| 0| runtime: 1559.6 ms | cr: 6238.2
    2854. dt:  0.25 ms | #newton:  1 | ph:  0.0% | #CG/newton: 3254 | ls (cap|max|inv|bt):  0| 0| 0| 0| runtime: 1593.4 ms | cr: 6373.6
    2855. dt:  0.25 ms | #newton:  1 | ph:  0.0% | #CG/newton: 3245 | ls (cap|max|inv|bt):  0| 0| 0| 0| runtime: 1610.6 ms | cr: 6442.4
    2856. dt:  0.25 ms | #newton:  1 | ph:  0.0% | #CG/newton: 3258 | ls (cap|max|inv|bt):  0| 0| 0| 0| runtime: 1603.8 ms | cr: 6415.3
    2857. dt:  0.25 ms | #newton:  1 | ph:  0.0% | #CG/newton: 3255 | ls (cap|max|inv|bt):  0| 0| 0| 0| runtime: 1603.2 ms | cr: 6412.7
    2858. dt:  0.25 ms | #newton:  1 | ph:  0.0% | #CG/newton: 3227 | ls (cap|max|inv|bt):  0| 0| 0| 0| runtime: 1585.2 ms | cr: 6340.9
    2859. dt:  0.25 ms | #newton:  1 | ph:  0.0% | #CG/newton: 3258 | ls (cap|max|inv|bt):  0| 0| 0| 0| runtime: 1603.4 ms | cr: 6413.6
    2860. dt:  0.25 ms | #newton:  1 | ph:  0.0% | #CG/newton: 3259 | ls (cap|max|inv|bt):  0| 0| 0| 0| runtime: 1609.9 ms | cr: 6439.5
    2861. dt:  0.25 ms | #newton:  1 | ph:  0.0% | #CG/newton: 3221 | ls (cap|max|inv|bt):  0| 0| 0| 0| runtime: 1581.6 ms | cr: 6326.4
    2862. dt:  0.25 ms | #newton:  1 | ph:  0.0% | #CG/newton: 3255 | ls (cap|max|inv|bt):  0| 0| 0| 0| runtime: 1588.6 ms | cr: 6354.6
    2863. dt:  0.25 ms | #newton:  1 | ph:  0.0% | #CG/newton: 3249 | ls (cap|max|inv|bt):  0| 0| 0| 0| runtime: 1523.4 ms | cr: 6093.5
    2864. dt:  0.25 ms | #newton:  1 | ph:  0.0% | #CG/newton: 3265 | ls (cap|max|inv|bt):  0| 0| 0| 0| runtime: 1531.7 ms | cr: 6127.0
    2865. dt:  0.25 ms | #newton:  1 | ph:  0.0% | #CG/newton: 3258 | ls (cap|max|inv|bt):  0| 0| 0| 0| runtime: 1537.8 ms | cr: 6151.0
    2866. dt:  0.25 ms | #newton:  1 | ph:  0.0% | #CG/newton: 3229 | ls (cap|max|inv|bt):  0| 0| 0| 0| runtime: 1500.9 ms | cr: 6003.8
    2867. dt:  0.25 ms | #newton:  1 | ph:  0.0% | #CG/newton: 3261 | ls (cap|max|inv|bt):  0| 0| 0| 0| runtime: 1563.8 ms | cr: 6255.3
    2868. dt:  0.25 ms | #newton:  1 | ph:  0.0% | #CG/newton: 3267 | ls (cap|max|inv|bt):  0| 0| 0| 0| runtime: 1618.6 ms | cr: 6474.3
    2869. dt:  0.25 ms | #newton:  1 | ph:  0.0% | #CG/newton: 3258 | ls (cap|max|inv|bt):  0| 0| 0| 0| runtime: 1624.2 ms | cr: 6496.7
    2870. dt:  0.25 ms | #newton:  1 | ph:  0.0% | #CG/newton: 3268 | ls (cap|max|inv|bt):  0| 0| 0| 0| runtime: 1606.5 ms | cr: 6425.9
    2871. dt:  0.25 ms | #newton:  1 | ph:  0.0% | #CG/newton: 3256 | ls (cap|max|inv|bt):  0| 0| 0| 0| runtime: 1620.3 ms | cr: 6481.2
    2872. dt:  0.25 ms | #newton:  1 | ph:  0.0% | #CG/newton: 3265 | ls (cap|max|inv|bt):  0| 0| 0| 0| runtime: 1561.0 ms | cr: 6244.0
    2873. dt:  0.25 ms | #newton:  1 | ph:  0.0% | #CG/newton: 3258 | ls (cap|max|inv|bt):  0| 0| 0| 0| runtime: 1517.7 ms | cr: 6070.8
    2874. dt:  0.25 ms | #newton:  1 | ph:  0.0% | #CG/newton: 3263 | ls (cap|max|inv|bt):  0| 0| 0| 0| runtime: 1570.1 ms | cr: 6280.5
    2875. dt:  0.25 ms | #newton:  1 | ph:  0.0% | #CG/newton: 3255 | ls (cap|max|inv|bt):  0| 0| 0| 0| runtime: 1521.6 ms | cr: 6086.4
    2876. dt:  0.25 ms | #newton:  1 | ph:  0.0% | #CG/newton: 3257 | ls (cap|max|inv|bt):  0| 0| 0| 0| runtime: 1569.0 ms | cr: 6276.0
    2877. dt:  0.25 ms | #newton:  1 | ph:  0.0% | #CG/newton: 3204 | ls (cap|max|inv|bt):  0| 0| 0| 0| runtime: 1563.8 ms | cr: 6255.0
    2878. dt:  0.25 ms | #newton:  1 | ph:  0.0% | #CG/newton: 3254 | ls (cap|max|inv|bt):  0| 0| 0| 0| runtime: 1606.6 ms | cr: 6426.3
    2879. dt:  0.25 ms | #newton:  1 | ph:  0.0% | #CG/newton: 3403 | ls (cap|max|inv|bt):  0| 0| 0| 0| runtime: 1666.7 ms | cr: 6666.8
    2880. dt:  0.25 ms | #newton:  1 | ph:  0.0% | #CG/newton: 3205 | ls (cap|max|inv|bt):  0| 0| 0| 0| runtime: 1498.2 ms | cr: 5993.0
    2881. dt:  0.25 ms | #newton:  1 | ph:  0.0% | #CG/newton: 3202 | ls (cap|max|inv|bt):  0| 0| 0| 0| runtime: 1514.2 ms | cr: 6056.9
    2882. dt:  0.25 ms | #newton:  1 | ph:  0.0% | #CG/newton: 3405 | ls (cap|max|inv|bt):  0| 0| 0| 0| runtime: 1650.2 ms | cr: 6600.8
    2883. dt:  0.25 ms | #newton:  1 | ph:  0.0% | #CG/newton: 3265 | ls (cap|max|inv|bt):  0| 0| 0| 0| runtime: 1646.0 ms | cr: 6584.0
    2884. dt:  0.25 ms | #newton:  1 | ph:  0.0% | #CG/newton: 3252 | ls (cap|max|inv|bt):  0| 0| 0| 0| runtime: 1602.9 ms | cr: 6411.4
    2885. dt:  0.25 ms | #newton:  1 | ph:  0.0% | #CG/newton: 3252 | ls (cap|max|inv|bt):  0| 0| 0| 0| runtime: 1626.2 ms | cr: 6504.7
    2886. dt:  0.25 ms | #newton:  1 | ph:  0.0% | #CG/newton: 3251 | ls (cap|max|inv|bt):  0| 0| 0| 0| runtime: 1616.3 ms | cr: 6465.2
    2887. dt:  0.25 ms | #newton:  1 | ph:  0.0% | #CG/newton: 3083 | ls (cap|max|inv|bt):  0| 0| 0| 0| runtime: 1521.3 ms | cr: 6085.4
    2888. dt:  0.25 ms | #newton:  1 | ph:  0.0% | #CG/newton: 3254 | ls (cap|max|inv|bt):  0| 0| 0| 0| runtime: 1616.8 ms | cr: 6467.2
    2889. dt:  0.25 ms | #newton:  1 | ph:  0.0% | #CG/newton: 3254 | ls (cap|max|inv|bt):  0| 0| 0| 0| runtime: 1592.2 ms | cr: 6368.8
    2890. dt:  0.25 ms | #newton:  1 | ph:  0.0% | #CG/newton: 3255 | ls (cap|max|inv|bt):  0| 0| 0| 0| runtime: 1734.0 ms | cr: 6936.0
    2891. dt:  0.25 ms | #newton:  1 | ph:  0.0% | #CG/newton: 3080 | ls (cap|max|inv|bt):  0| 0| 0| 0| runtime: 1649.1 ms | cr: 6596.4
    2892. dt:  0.25 ms | #newton:  1 | ph:  0.0% | #CG/newton: 3254 | ls (cap|max|inv|bt):  0| 0| 0| 0| runtime: 1605.2 ms | cr: 6420.8
    2893. dt:  0.25 ms | #newton:  1 | ph:  0.0% | #CG/newton: 3256 | ls (cap|max|inv|bt):  0| 0| 0| 0| runtime: 1602.4 ms | cr: 6409.8
    2894. dt:  0.25 ms | #newton:  1 | ph:  0.0% | #CG/newton: 3087 | ls (cap|max|inv|bt):  0| 0| 0| 0| runtime: 1533.5 ms | cr: 6134.0
    2895. dt:  0.25 ms | #newton:  1 | ph:  0.0% | #CG/newton: 3074 | ls (cap|max|inv|bt):  0| 0| 0| 0| runtime: 1526.2 ms | cr: 6104.9
    2896. dt:  0.25 ms | #newton:  1 | ph:  0.0% | #CG/newton: 3070 | ls (cap|max|inv|bt):  0| 0| 0| 0| runtime: 1501.6 ms | cr: 6006.5
    2897. dt:  0.25 ms | #newton:  1 | ph:  0.0% | #CG/newton: 3026 | ls (cap|max|inv|bt):  0| 0| 0| 0| runtime: 1494.9 ms | cr: 5979.7
    2898. dt:  0.25 ms | #newton:  1 | ph:  0.0% | #CG/newton: 3079 | ls (cap|max|inv|bt):  0| 0| 0| 0| runtime: 1527.1 ms | cr: 6108.4
    2899. dt:  0.25 ms | #newton:  1 | ph:  0.0% | #CG/newton: 3251 | ls (cap|max|inv|bt):  0| 0| 0| 0| runtime: 1623.3 ms | cr: 6493.3
    2900. dt:  0.25 ms | #newton:  1 | ph:  0.0% | #CG/newton: 3242 | ls (cap|max|inv|bt):  0| 0| 0| 0| runtime: 1604.3 ms | cr: 6417.0
    2901. dt:  0.25 ms | #newton:  1 | ph:  0.0% | #CG/newton: 3238 | ls (cap|max|inv|bt):  0| 0| 0| 0| runtime: 1591.8 ms | cr: 6367.1
    2902. dt:  0.25 ms | #newton:  1 | ph:  0.0% | #CG/newton: 3235 | ls (cap|max|inv|bt):  0| 0| 0| 0| runtime: 1582.3 ms | cr: 6329.1
    2903. dt:  0.25 ms | #newton:  1 | ph:  0.0% | #CG/newton: 3234 | ls (cap|max|inv|bt):  0| 0| 0| 0| runtime: 1607.8 ms | cr: 6431.0
    2904. dt:  0.25 ms | #newton:  1 | ph:  0.0% | #CG/newton: 3230 | ls (cap|max|inv|bt):  0| 0| 0| 0| runtime: 1576.9 ms | cr: 6307.4
    2905. dt:  0.25 ms | #newton:  1 | ph:  0.0% | #CG/newton: 3233 | ls (cap|max|inv|bt):  0| 0| 0| 0| runtime: 1587.8 ms | cr: 6351.2
    2906. dt:  0.25 ms | #newton:  1 | ph:  0.0% | #CG/newton: 3241 | ls (cap|max|inv|bt):  0| 0| 0| 0| runtime: 1581.5 ms | cr: 6326.2
    2907. dt:  0.25 ms | #newton:  1 | ph:  0.0% | #CG/newton: 3245 | ls (cap|max|inv|bt):  0| 0| 0| 0| runtime: 1573.2 ms | cr: 6292.7
    2908. dt:  0.25 ms | #newton:  1 | ph:  0.0% | #CG/newton: 3222 | ls (cap|max|inv|bt):  0| 0| 0| 0| runtime: 1586.3 ms | cr: 6345.2
    2909. dt:  0.25 ms | #newton:  1 | ph:  0.0% | #CG/newton: 3225 | ls (cap|max|inv|bt):  0| 0| 0| 0| runtime: 1582.4 ms | cr: 6329.5
    2910. dt:  0.25 ms | #newton:  1 | ph:  0.0% | #CG/newton: 3221 | ls (cap|max|inv|bt):  0| 0| 0| 0| runtime: 1571.7 ms | cr: 6286.8
    2911. dt:  0.25 ms | #newton:  1 | ph:  0.0% | #CG/newton: 3069 | ls (cap|max|inv|bt):  0| 0| 0| 0| runtime: 1513.3 ms | cr: 6053.2
    2912. dt:  0.25 ms | #newton:  1 | ph:  0.0% | #CG/newton: 3238 | ls (cap|max|inv|bt):  0| 0| 0| 0| runtime: 1589.6 ms | cr: 6358.5
    2913. dt:  0.25 ms | #newton:  1 | ph:  0.0% | #CG/newton: 3234 | ls (cap|max|inv|bt):  0| 0| 0| 0| runtime: 1586.4 ms | cr: 6345.8
    2914. dt:  0.25 ms | #newton:  1 | ph:  0.0% | #CG/newton: 3232 | ls (cap|max|inv|bt):  0| 0| 0| 0| runtime: 1487.0 ms | cr: 5947.8
    2915. dt:  0.25 ms | #newton:  1 | ph:  0.0% | #CG/newton: 3235 | ls (cap|max|inv|bt):  0| 0| 0| 0| runtime: 1436.3 ms | cr: 5745.4
    2916. dt:  0.25 ms | #newton:  1 | ph:  0.0% | #CG/newton: 3205 | ls (cap|max|inv|bt):  0| 0| 0| 0| runtime: 1556.5 ms | cr: 6226.0
    2917. dt:  0.25 ms | #newton:  1 | ph:  0.0% | #CG/newton: 3235 | ls (cap|max|inv|bt):  0| 0| 0| 0| runtime: 1580.8 ms | cr: 6323.3
    2918. dt:  0.25 ms | #newton:  1 | ph:  0.0% | #CG/newton: 3233 | ls (cap|max|inv|bt):  0| 0| 0| 0| runtime: 1578.8 ms | cr: 6315.4
    2919. dt:  0.25 ms | #newton:  1 | ph:  0.0% | #CG/newton: 3217 | ls (cap|max|inv|bt):  0| 0| 0| 0| runtime: 1584.7 ms | cr: 6338.7
    2920. dt:  0.25 ms | #newton:  1 | ph:  0.0% | #CG/newton: 3234 | ls (cap|max|inv|bt):  0| 0| 0| 0| runtime: 1568.2 ms | cr: 6273.0
    2921. dt:  0.25 ms | #newton:  1 | ph:  0.0% | #CG/newton: 3234 | ls (cap|max|inv|bt):  0| 0| 0| 0| runtime: 1580.4 ms | cr: 6321.6
    2922. dt:  0.25 ms | #newton:  1 | ph:  0.0% | #CG/newton: 3195 | ls (cap|max|inv|bt):  0| 0| 0| 0| runtime: 1572.3 ms | cr: 6289.1
    2923. dt:  0.25 ms | #newton:  1 | ph:  0.0% | #CG/newton: 3062 | ls (cap|max|inv|bt):  0| 0| 0| 0| runtime: 1509.9 ms | cr: 6039.7
    2924. dt:  0.25 ms | #newton:  1 | ph:  0.0% | #CG/newton: 3204 | ls (cap|max|inv|bt):  0| 0| 0| 0| runtime: 1576.4 ms | cr: 6305.5
    2925. dt:  0.25 ms | #newton:  1 | ph:  0.0% | #CG/newton: 3221 | ls (cap|max|inv|bt):  0| 0| 0| 0| runtime: 1591.3 ms | cr: 6365.2
    2926. dt:  0.25 ms | #newton:  1 | ph:  0.0% | #CG/newton: 3058 | ls (cap|max|inv|bt):  0| 0| 0| 0| runtime: 1511.4 ms | cr: 6045.8
    2927. dt:  0.25 ms | #newton:  1 | ph:  0.0% | #CG/newton: 3221 | ls (cap|max|inv|bt):  0| 0| 0| 0| runtime: 1585.5 ms | cr: 6342.2
    2928. dt:  0.25 ms | #newton:  1 | ph:  0.0% | #CG/newton: 3220 | ls (cap|max|inv|bt):  0| 0| 0| 0| runtime: 1591.3 ms | cr: 6365.3
    2929. dt:  0.25 ms | #newton:  1 | ph:  0.0% | #CG/newton: 3190 | ls (cap|max|inv|bt):  0| 0| 0| 0| runtime: 1570.3 ms | cr: 6281.3
    2930. dt:  0.25 ms | #newton:  1 | ph:  0.0% | #CG/newton: 3222 | ls (cap|max|inv|bt):  0| 0| 0| 0| runtime: 1557.9 ms | cr: 6231.6
    2931. dt:  0.25 ms | #newton:  1 | ph:  0.0% | #CG/newton: 3221 | ls (cap|max|inv|bt):  0| 0| 0| 0| runtime: 1523.3 ms | cr: 6093.3
    2932. dt:  0.25 ms | #newton:  1 | ph:  0.0% | #CG/newton: 3221 | ls (cap|max|inv|bt):  0| 0| 0| 0| runtime: 1532.5 ms | cr: 6130.2
    2933. dt:  0.25 ms | #newton:  1 | ph:  0.0% | #CG/newton: 3225 | ls (cap|max|inv|bt):  0| 0| 0| 0| runtime: 1540.1 ms | cr: 6160.3
[Frame: 22] Time: 0.733 s
    2934. dt:  0.25 ms | #newton:  1 | ph:  0.0% | #CG/newton: 3231 | ls (cap|max|inv|bt):  0| 0| 0| 0| runtime: 1553.7 ms | cr: 6214.9
    2935. dt:  0.25 ms | #newton:  1 | ph:  0.0% | #CG/newton: 3078 | ls (cap|max|inv|bt):  0| 0| 0| 0| runtime: 1429.6 ms | cr: 5718.6
    2936. dt:  0.25 ms | #newton:  1 | ph:  0.0% | #CG/newton: 3182 | ls (cap|max|inv|bt):  0| 0| 0| 0| runtime: 1541.4 ms | cr: 6165.7
    2937. dt:  0.25 ms | #newton:  1 | ph:  0.0% | #CG/newton: 3236 | ls (cap|max|inv|bt):  0| 0| 0| 0| runtime: 1564.4 ms | cr: 6257.7
    2938. dt:  0.25 ms | #newton:  1 | ph:  0.0% | #CG/newton: 3394 | ls (cap|max|inv|bt):  0| 0| 0| 0| runtime: 1655.8 ms | cr: 6623.0
    2939. dt:  0.25 ms | #newton:  1 | ph:  0.0% | #CG/newton: 3260 | ls (cap|max|inv|bt):  0| 0| 0| 0| runtime: 1599.5 ms | cr: 6397.9
    2940. dt:  0.25 ms | #newton:  1 | ph:  0.0% | #CG/newton: 3398 | ls (cap|max|inv|bt):  0| 0| 0| 0| runtime: 1659.4 ms | cr: 6637.6
    2941. dt:  0.25 ms | #newton:  1 | ph:  0.0% | #CG/newton: 3234 | ls (cap|max|inv|bt):  0| 0| 0| 0| runtime: 1594.1 ms | cr: 6376.3
    2942. dt:  0.25 ms | #newton:  1 | ph:  0.0% | #CG/newton: 3414 | ls (cap|max|inv|bt):  0| 0| 0| 0| runtime: 1658.8 ms | cr: 6635.3
    2943. dt:  0.25 ms | #newton:  1 | ph:  0.0% | #CG/newton: 3398 | ls (cap|max|inv|bt):  0| 0| 0| 0| runtime: 1761.9 ms | cr: 7047.5
    2944. dt:  0.25 ms | #newton:  1 | ph:  0.0% | #CG/newton: 3216 | ls (cap|max|inv|bt):  0| 0| 0| 0| runtime: 1558.3 ms | cr: 6233.3
    2945. dt:  0.25 ms | #newton:  1 | ph:  0.0% | #CG/newton: 3386 | ls (cap|max|inv|bt):  0| 0| 0| 0| runtime: 1656.2 ms | cr: 6624.9
    2946. dt:  0.25 ms | #newton:  1 | ph:  0.0% | #CG/newton: 3386 | ls (cap|max|inv|bt):  0| 0| 0| 0| runtime: 1659.7 ms | cr: 6638.8
    2947. dt:  0.25 ms | #newton:  1 | ph:  0.0% | #CG/newton: 3395 | ls (cap|max|inv|bt):  0| 0| 0| 0| runtime: 1649.2 ms | cr: 6596.8
    2948. dt:  0.25 ms | #newton:  1 | ph:  0.0% | #CG/newton: 3397 | ls (cap|max|inv|bt):  0| 0| 0| 0| runtime: 1655.7 ms | cr: 6622.7
    2949. dt:  0.25 ms | #newton:  1 | ph:  0.0% | #CG/newton: 3570 | ls (cap|max|inv|bt):  0| 0| 0| 0| runtime: 1742.6 ms | cr: 6970.5
    2950. dt:  0.25 ms | #newton:  2 | ph:  0.0% | #CG/newton: 1857 | ls (cap|max|inv|bt):  0| 0| 0| 0| runtime: 1858.1 ms | cr: 7432.6
    2951. dt:  0.25 ms | #newton:  2 | ph:  0.0% | #CG/newton: 1698 | ls (cap|max|inv|bt):  0| 0| 0| 0| runtime: 1712.0 ms | cr: 6848.1
    2952. dt:  0.25 ms | #newton:  2 | ph:  0.0% | #CG/newton: 1709 | ls (cap|max|inv|bt):  0| 0| 0| 0| runtime: 1716.2 ms | cr: 6865.0
    2953. dt:  0.25 ms | #newton:  2 | ph:  0.0% | #CG/newton: 1771 | ls (cap|max|inv|bt):  0| 0| 0| 0| runtime: 1766.4 ms | cr: 7065.5
    2954. dt:  0.25 ms | #newton:  2 | ph:  0.0% | #CG/newton: 1697 | ls (cap|max|inv|bt):  0| 0| 0| 0| runtime: 1677.3 ms | cr: 6709.2
    2955. dt:  0.25 ms | #newton:  1 | ph:  0.0% | #CG/newton: 3274 | ls (cap|max|inv|bt):  0| 0| 0| 0| runtime: 1560.3 ms | cr: 6241.3
    2956. dt:  0.25 ms | #newton:  2 | ph:  0.0% | #CG/newton: 1788 | ls (cap|max|inv|bt):  0| 0| 0| 0| runtime: 1763.2 ms | cr: 7052.8
    2957. dt:  0.25 ms | #newton:  1 | ph:  0.0% | #CG/newton: 3554 | ls (cap|max|inv|bt):  0| 0| 0| 0| runtime: 1689.5 ms | cr: 6758.2
    2958. dt:  0.25 ms | #newton:  1 | ph:  0.0% | #CG/newton: 3562 | ls (cap|max|inv|bt):  0| 0| 0| 0| runtime: 1712.2 ms | cr: 6849.0
    2959. dt:  0.25 ms | #newton:  1 | ph:  0.0% | #CG/newton: 3562 | ls (cap|max|inv|bt):  0| 0| 0| 0| runtime: 1694.2 ms | cr: 6776.8
    2960. dt:  0.25 ms | #newton:  1 | ph:  0.0% | #CG/newton: 3397 | ls (cap|max|inv|bt):  0| 0| 0| 0| runtime: 1628.3 ms | cr: 6513.2
    2961. dt:  0.25 ms | #newton:  1 | ph:  0.0% | #CG/newton: 3396 | ls (cap|max|inv|bt):  0| 0| 0| 0| runtime: 1627.3 ms | cr: 6509.2
    2962. dt:  0.25 ms | #newton:  1 | ph:  0.0% | #CG/newton: 3386 | ls (cap|max|inv|bt):  0| 0| 0| 0| runtime: 1644.4 ms | cr: 6577.7
    2963. dt:  0.25 ms | #newton:  1 | ph:  0.0% | #CG/newton: 3386 | ls (cap|max|inv|bt):  0| 0| 0| 0| runtime: 1616.7 ms | cr: 6466.9
    2964. dt:  0.25 ms | #newton:  1 | ph:  0.0% | #CG/newton: 3385 | ls (cap|max|inv|bt):  0| 0| 0| 0| runtime: 1629.2 ms | cr: 6516.9
    2965. dt:  0.25 ms | #newton:  1 | ph:  0.0% | #CG/newton: 3372 | ls (cap|max|inv|bt):  0| 0| 0| 0| runtime: 1633.8 ms | cr: 6535.1
    2966. dt:  0.25 ms | #newton:  1 | ph:  0.0% | #CG/newton: 3386 | ls (cap|max|inv|bt):  0| 0| 0| 0| runtime: 1632.3 ms | cr: 6529.1
    2967. dt:  0.25 ms | #newton:  1 | ph:  0.0% | #CG/newton: 3228 | ls (cap|max|inv|bt):  0| 0| 0| 0| runtime: 1553.1 ms | cr: 6212.4
    2968. dt:  0.25 ms | #newton:  1 | ph:  0.0% | #CG/newton: 3376 | ls (cap|max|inv|bt):  0| 0| 0| 0| runtime: 1642.0 ms | cr: 6568.2
    2969. dt:  0.25 ms | #newton:  1 | ph:  0.0% | #CG/newton: 3230 | ls (cap|max|inv|bt):  0| 0| 0| 0| runtime: 1549.4 ms | cr: 6197.4
    2970. dt:  0.25 ms | #newton:  1 | ph:  0.0% | #CG/newton: 3230 | ls (cap|max|inv|bt):  0| 0| 0| 0| runtime: 1574.6 ms | cr: 6298.5
    2971. dt:  0.25 ms | #newton:  1 | ph:  0.0% | #CG/newton: 3386 | ls (cap|max|inv|bt):  0| 0| 0| 0| runtime: 1633.7 ms | cr: 6535.0
    2972. dt:  0.25 ms | #newton:  1 | ph:  0.0% | #CG/newton: 3407 | ls (cap|max|inv|bt):  0| 0| 0| 0| runtime: 1650.2 ms | cr: 6600.7
    2973. dt:  0.25 ms | #newton:  1 | ph:  0.0% | #CG/newton: 3392 | ls (cap|max|inv|bt):  0| 0| 0| 0| runtime: 1644.0 ms | cr: 6576.1
    2974. dt:  0.25 ms | #newton:  1 | ph:  0.0% | #CG/newton: 3405 | ls (cap|max|inv|bt):  0| 0| 0| 0| runtime: 1581.1 ms | cr: 6324.4
    2975. dt:  0.25 ms | #newton:  1 | ph:  0.0% | #CG/newton: 3553 | ls (cap|max|inv|bt):  0| 0| 0| 0| runtime: 1686.7 ms | cr: 6746.7
    2976. dt:  0.25 ms | #newton:  1 | ph:  0.0% | #CG/newton: 3345 | ls (cap|max|inv|bt):  0| 0| 0| 0| runtime: 1533.8 ms | cr: 6135.2
    2977. dt:  0.25 ms | #newton:  1 | ph:  0.0% | #CG/newton: 3535 | ls (cap|max|inv|bt):  0| 0| 0| 0| runtime: 1587.5 ms | cr: 6350.1
    2978. dt:  0.25 ms | #newton:  1 | ph:  0.0% | #CG/newton: 3522 | ls (cap|max|inv|bt):  0| 0| 0| 0| runtime: 1578.5 ms | cr: 6314.0
    2979. dt:  0.25 ms | #newton:  1 | ph:  0.0% | #CG/newton: 3349 | ls (cap|max|inv|bt):  0| 0| 0| 0| runtime: 1496.8 ms | cr: 5987.2
    2980. dt:  0.25 ms | #newton:  1 | ph:  0.0% | #CG/newton: 3346 | ls (cap|max|inv|bt):  0| 0| 0| 0| runtime: 1509.0 ms | cr: 6036.1
    2981. dt:  0.25 ms | #newton:  1 | ph:  0.0% | #CG/newton: 3527 | ls (cap|max|inv|bt):  0| 0| 0| 0| runtime: 1598.4 ms | cr: 6393.4
    2982. dt:  0.25 ms | #newton:  1 | ph:  0.0% | #CG/newton: 3540 | ls (cap|max|inv|bt):  0| 0| 0| 0| runtime: 1692.1 ms | cr: 6768.4
    2983. dt:  0.25 ms | #newton:  1 | ph:  0.0% | #CG/newton: 3349 | ls (cap|max|inv|bt):  0| 0| 0| 0| runtime: 1595.6 ms | cr: 6382.5
    2984. dt:  0.25 ms | #newton:  1 | ph:  0.0% | #CG/newton: 3543 | ls (cap|max|inv|bt):  0| 0| 0| 0| runtime: 1697.3 ms | cr: 6789.3
    2985. dt:  0.25 ms | #newton:  1 | ph:  0.0% | #CG/newton: 3542 | ls (cap|max|inv|bt):  0| 0| 0| 0| runtime: 1715.1 ms | cr: 6860.2
    2986. dt:  0.25 ms | #newton:  1 | ph:  0.0% | #CG/newton: 3545 | ls (cap|max|inv|bt):  0| 0| 0| 0| runtime: 1708.8 ms | cr: 6835.2
    2987. dt:  0.25 ms | #newton:  1 | ph:  0.0% | #CG/newton: 3543 | ls (cap|max|inv|bt):  0| 0| 0| 0| runtime: 1697.1 ms | cr: 6788.4
    2988. dt:  0.25 ms | #newton:  1 | ph:  0.0% | #CG/newton: 3214 | ls (cap|max|inv|bt):  0| 0| 0| 0| runtime: 1565.8 ms | cr: 6263.2
    2989. dt:  0.25 ms | #newton:  1 | ph:  0.0% | #CG/newton: 3209 | ls (cap|max|inv|bt):  0| 0| 0| 0| runtime: 1566.4 ms | cr: 6265.5
    2990. dt:  0.25 ms | #newton:  1 | ph:  0.0% | #CG/newton: 3217 | ls (cap|max|inv|bt):  0| 0| 0| 0| runtime: 1554.4 ms | cr: 6217.7
    2991. dt:  0.25 ms | #newton:  1 | ph:  0.0% | #CG/newton: 3213 | ls (cap|max|inv|bt):  0| 0| 0| 0| runtime: 1663.3 ms | cr: 6653.2
    2992. dt:  0.25 ms | #newton:  1 | ph:  0.0% | #CG/newton: 3209 | ls (cap|max|inv|bt):  0| 0| 0| 0| runtime: 1473.6 ms | cr: 5894.2
    2993. dt:  0.25 ms | #newton:  1 | ph:  0.0% | #CG/newton: 3221 | ls (cap|max|inv|bt):  0| 0| 0| 0| runtime: 1570.5 ms | cr: 6281.8
    2994. dt:  0.25 ms | #newton:  1 | ph:  0.0% | #CG/newton: 3214 | ls (cap|max|inv|bt):  0| 0| 0| 0| runtime: 1567.1 ms | cr: 6268.4
    2995. dt:  0.25 ms | #newton:  1 | ph:  0.0% | #CG/newton: 3177 | ls (cap|max|inv|bt):  0| 0| 0| 0| runtime: 1529.6 ms | cr: 6118.2
    2996. dt:  0.25 ms | #newton:  1 | ph:  0.0% | #CG/newton: 3220 | ls (cap|max|inv|bt):  0| 0| 0| 0| runtime: 1591.5 ms | cr: 6365.9
    2997. dt:  0.25 ms | #newton:  1 | ph:  0.0% | #CG/newton: 3207 | ls (cap|max|inv|bt):  0| 0| 0| 0| runtime: 1567.6 ms | cr: 6270.3
    2998. dt:  0.25 ms | #newton:  1 | ph:  0.0% | #CG/newton: 3189 | ls (cap|max|inv|bt):  0| 0| 0| 0| runtime: 1558.0 ms | cr: 6232.0
    2999. dt:  0.25 ms | #newton:  1 | ph:  0.0% | #CG/newton: 3218 | ls (cap|max|inv|bt):  0| 0| 0| 0| runtime: 1566.2 ms | cr: 6265.0
    3000. dt:  0.25 ms | #newton:  1 | ph:  0.0% | #CG/newton: 3212 | ls (cap|max|inv|bt):  0| 0| 0| 0| runtime: 1551.5 ms | cr: 6206.2
    3001. dt:  0.25 ms | #newton:  1 | ph:  0.0% | #CG/newton: 3214 | ls (cap|max|inv|bt):  0| 0| 0| 0| runtime: 1563.6 ms | cr: 6254.2
    3002. dt:  0.25 ms | #newton:  1 | ph:  0.0% | #CG/newton: 3214 | ls (cap|max|inv|bt):  0| 0| 0| 0| runtime: 1555.7 ms | cr: 6222.7
    3003. dt:  0.25 ms | #newton:  1 | ph:  0.0% | #CG/newton: 3209 | ls (cap|max|inv|bt):  0| 0| 0| 0| runtime: 1562.8 ms | cr: 6251.4
    3004. dt:  0.25 ms | #newton:  1 | ph:  0.0% | #CG/newton: 3220 | ls (cap|max|inv|bt):  0| 0| 0| 0| runtime: 1566.9 ms | cr: 6267.4
    3005. dt:  0.25 ms | #newton:  1 | ph:  0.0% | #CG/newton: 3214 | ls (cap|max|inv|bt):  0| 0| 0| 0| runtime: 1562.0 ms | cr: 6247.9
    3006. dt:  0.25 ms | #newton:  1 | ph:  0.0% | #CG/newton: 3216 | ls (cap|max|inv|bt):  0| 0| 0| 0| runtime: 1568.4 ms | cr: 6273.7
    3007. dt:  0.25 ms | #newton:  1 | ph:  0.0% | #CG/newton: 3183 | ls (cap|max|inv|bt):  0| 0| 0| 0| runtime: 1571.8 ms | cr: 6287.2
    3008. dt:  0.25 ms | #newton:  1 | ph:  0.0% | #CG/newton: 3225 | ls (cap|max|inv|bt):  0| 0| 0| 0| runtime: 1572.0 ms | cr: 6287.8
    3009. dt:  0.25 ms | #newton:  1 | ph:  0.0% | #CG/newton: 3217 | ls (cap|max|inv|bt):  0| 0| 0| 0| runtime: 1548.7 ms | cr: 6194.8
    3010. dt:  0.25 ms | #newton:  1 | ph:  0.0% | #CG/newton: 3214 | ls (cap|max|inv|bt):  0| 0| 0| 0| runtime: 1552.1 ms | cr: 6208.3
    3011. dt:  0.25 ms | #newton:  1 | ph:  0.0% | #CG/newton: 3216 | ls (cap|max|inv|bt):  0| 0| 0| 0| runtime: 1556.3 ms | cr: 6225.1
    3012. dt:  0.25 ms | #newton:  1 | ph:  0.0% | #CG/newton: 3213 | ls (cap|max|inv|bt):  0| 0| 0| 0| runtime: 1553.5 ms | cr: 6214.0
    3013. dt:  0.25 ms | #newton:  1 | ph:  0.0% | #CG/newton: 3215 | ls (cap|max|inv|bt):  0| 0| 0| 0| runtime: 1550.9 ms | cr: 6203.8
    3014. dt:  0.25 ms | #newton:  1 | ph:  0.0% | #CG/newton: 3215 | ls (cap|max|inv|bt):  0| 0| 0| 0| runtime: 1551.8 ms | cr: 6207.4
    3015. dt:  0.25 ms | #newton:  1 | ph:  0.0% | #CG/newton: 3389 | ls (cap|max|inv|bt):  0| 0| 0| 0| runtime: 1657.9 ms | cr: 6631.7
    3016. dt:  0.25 ms | #newton:  1 | ph:  0.0% | #CG/newton: 3368 | ls (cap|max|inv|bt):  0| 0| 0| 0| runtime: 1639.5 ms | cr: 6558.1
    3017. dt:  0.25 ms | #newton:  1 | ph:  0.0% | #CG/newton: 3399 | ls (cap|max|inv|bt):  0| 0| 0| 0| runtime: 1662.5 ms | cr: 6650.0
    3018. dt:  0.25 ms | #newton:  1 | ph:  0.0% | #CG/newton: 3397 | ls (cap|max|inv|bt):  0| 0| 0| 0| runtime: 1624.4 ms | cr: 6497.7
    3019. dt:  0.25 ms | #newton:  1 | ph:  0.0% | #CG/newton: 3230 | ls (cap|max|inv|bt):  0| 0| 0| 0| runtime: 1551.2 ms | cr: 6204.9
    3020. dt:  0.25 ms | #newton:  1 | ph:  0.0% | #CG/newton: 3181 | ls (cap|max|inv|bt):  0| 0| 0| 0| runtime: 1531.7 ms | cr: 6126.7
    3021. dt:  0.25 ms | #newton:  1 | ph:  0.0% | #CG/newton: 3224 | ls (cap|max|inv|bt):  0| 0| 0| 0| runtime: 1574.6 ms | cr: 6298.3
    3022. dt:  0.25 ms | #newton:  1 | ph:  0.0% | #CG/newton: 3194 | ls (cap|max|inv|bt):  0| 0| 0| 0| runtime: 1544.4 ms | cr: 6177.5
    3023. dt:  0.25 ms | #newton:  1 | ph:  0.0% | #CG/newton: 3218 | ls (cap|max|inv|bt):  0| 0| 0| 0| runtime: 1547.8 ms | cr: 6191.0
    3024. dt:  0.25 ms | #newton:  1 | ph:  0.0% | #CG/newton: 3033 | ls (cap|max|inv|bt):  0| 0| 0| 0| runtime: 1500.4 ms | cr: 6001.6
    3025. dt:  0.25 ms | #newton:  1 | ph:  0.0% | #CG/newton: 3216 | ls (cap|max|inv|bt):  0| 0| 0| 0| runtime: 1546.3 ms | cr: 6185.4
    3026. dt:  0.25 ms | #newton:  1 | ph:  0.0% | #CG/newton: 3196 | ls (cap|max|inv|bt):  0| 0| 0| 0| runtime: 1536.4 ms | cr: 6145.7
    3027. dt:  0.25 ms | #newton:  1 | ph:  0.0% | #CG/newton: 3216 | ls (cap|max|inv|bt):  0| 0| 0| 0| runtime: 1556.1 ms | cr: 6224.5
    3028. dt:  0.25 ms | #newton:  1 | ph:  0.0% | #CG/newton: 3222 | ls (cap|max|inv|bt):  0| 0| 0| 0| runtime: 1564.8 ms | cr: 6259.2
    3029. dt:  0.25 ms | #newton:  1 | ph:  0.0% | #CG/newton: 3214 | ls (cap|max|inv|bt):  0| 0| 0| 0| runtime: 1484.6 ms | cr: 5938.3
    3030. dt:  0.25 ms | #newton:  1 | ph:  0.0% | #CG/newton: 3217 | ls (cap|max|inv|bt):  0| 0| 0| 0| runtime: 1571.5 ms | cr: 6286.0
    3031. dt:  0.25 ms | #newton:  1 | ph:  0.0% | #CG/newton: 3056 | ls (cap|max|inv|bt):  0| 0| 0| 0| runtime: 1525.8 ms | cr: 6103.2
    3032. dt:  0.25 ms | #newton:  1 | ph:  0.0% | #CG/newton: 3219 | ls (cap|max|inv|bt):  0| 0| 0| 0| runtime: 1599.5 ms | cr: 6397.8
    3033. dt:  0.25 ms | #newton:  1 | ph:  0.0% | #CG/newton: 3218 | ls (cap|max|inv|bt):  0| 0| 0| 0| runtime: 1594.9 ms | cr: 6379.6
    3034. dt:  0.25 ms | #newton:  1 | ph:  0.0% | #CG/newton: 3214 | ls (cap|max|inv|bt):  0| 0| 0| 0| runtime: 1560.4 ms | cr: 6241.6
    3035. dt:  0.25 ms | #newton:  1 | ph:  0.0% | #CG/newton: 3212 | ls (cap|max|inv|bt):  0| 0| 0| 0| runtime: 1558.2 ms | cr: 6233.0
    3036. dt:  0.25 ms | #newton:  1 | ph:  0.0% | #CG/newton: 3215 | ls (cap|max|inv|bt):  0| 0| 0| 0| runtime: 1589.7 ms | cr: 6359.0
    3037. dt:  0.25 ms | #newton:  1 | ph:  0.0% | #CG/newton: 3214 | ls (cap|max|inv|bt):  0| 0| 0| 0| runtime: 1570.6 ms | cr: 6282.3
    3038. dt:  0.25 ms | #newton:  1 | ph:  0.0% | #CG/newton: 3213 | ls (cap|max|inv|bt):  0| 0| 0| 0| runtime: 1563.3 ms | cr: 6253.0
    3039. dt:  0.25 ms | #newton:  1 | ph:  0.0% | #CG/newton: 3216 | ls (cap|max|inv|bt):  0| 0| 0| 0| runtime: 1564.3 ms | cr: 6257.0
    3040. dt:  0.25 ms | #newton:  1 | ph:  0.0% | #CG/newton: 3357 | ls (cap|max|inv|bt):  0| 0| 0| 0| runtime: 1626.5 ms | cr: 6506.2
    3041. dt:  0.25 ms | #newton:  1 | ph:  0.0% | #CG/newton: 3384 | ls (cap|max|inv|bt):  0| 0| 0| 0| runtime: 1646.9 ms | cr: 6587.7
    3042. dt:  0.25 ms | #newton:  1 | ph:  0.0% | #CG/newton: 3352 | ls (cap|max|inv|bt):  0| 0| 0| 0| runtime: 1595.4 ms | cr: 6381.6
    3043. dt:  0.25 ms | #newton:  1 | ph:  0.0% | #CG/newton: 3398 | ls (cap|max|inv|bt):  0| 0| 0| 0| runtime: 1648.9 ms | cr: 6595.8
    3044. dt:  0.25 ms | #newton:  1 | ph:  0.0% | #CG/newton: 3404 | ls (cap|max|inv|bt):  0| 0| 0| 0| runtime: 1648.2 ms | cr: 6592.7
    3045. dt:  0.25 ms | 
    Penetration couldn't be avoided. Contact stiffness hardened from 1.0e+08 to 2.0e+08.
