
================================== Settings ==============================
Stark Settings
     Output
         simulation_name: "mechanical_eval"
         output_directory: "/Users/wikios/.codex/worktrees/2c13/sim/examples/rotary_transmission/runs/candidate_024_contract_1_9_0/vtk"
         codegen_directory: "/Users/wikios/.codex/worktrees/2c13/sim/examples/rotary_transmission/runs/candidate_024_contract_1_9_0/codegen"
         time_stamp: "2026-08-17__21-51-48"
         fps: 30
         console_verbosity: Summary
         file_verbosity: Full
         enable_frame_writes: true
         enable_output: true
     Simulation
         gravity: (0.000000, 0.000000, -9.810000)
         init_frictional_contact: true
         max_time_step_size: 2.5000e-04
         use_adaptive_time_step: false
         time_step_size_success_multiplier: 1.05
         time_step_size_lower_bound: 1.0e-06
     Newton's Method
         Iteration limits
             max_iterations: 2147483647
             min_iterations: 0
         Convergence
             residual_tolerance_abs: 1.0e-06
             residual_tolerance_rel: 0.0e+00
             step_tolerance: 1.0e-03
             max_iterations_as_success: false
         Line search
             step_cap: inf
             enable_armijo_backtracking: true
             armijo_beta: 1.0e-04
             max_armijo_iterations: 20
             max_invalid_state_iterations: 8
             print_line_search_upon_failure: false
         Hessian projection
             projection_mode: Progressive
             projection_eps: 1.0e-10
             use_mirroring: false
             on_demand_countdown: 4
             ppn_tightening_factor: 0.50
             ppn_release_factor: 2.00
         Linear solver
             solver: BDPCG
             cg_max_iterations: 10000
             cg_abs_tolerance: 1.0e-12
             cg_rel_tolerance: 1.0e-04
             cg_stop_on_indefiniteness: true
             bailout_residual: 1.0e-10
     Execution
         allowed_execution_time: 1.8e+308
         end_simulation_time: 1.8e+308
         end_frame: 2147483647
         n_threads: 5

==================================== SymX ================================
Second Order Potentials:
    EnergyLumpedInertia.............................queued for compilation
    EnergyPrescribedPositions.......................queued for compilation
    EnergyAttachments_d_d_e_e.......................queued for compilation
    friction_d_d_pt_C0..............................queued for compilation
    EnergySegmentStrain.............................queued for compilation
    EnergySegmentStrain_Elasticity_Only.............queued for compilation
    rb_constraint_global_directions.................queued for compilation
    EnergyAttachments_rb_d..........................queued for compilation
    contact_d_d_pt_pp_cubic.........................queued for compilation
    friction_d_d_ee_C0..............................queued for compilation
    contact_d_d_pt_pe_cubic.........................queued for compilation
    contact_d_d_pt_pt_cubic.........................queued for compilation
    EnergyTriangleStrain............................queued for compilation
    contact_rb_rb_ee_ee_cubic.......................queued for compilation
    friction_rb_rb_pp_C0............................queued for compilation
    rb_constraint_points............................queued for compilation
    EnergyTriangleStrain_Elasticity_Only............queued for compilation
    contact_rb_d_pt_pp_cubic........................queued for compilation
    contact_d_d_ee_pp_cubic.........................queued for compilation
    contact_rb_d_pt_pe_cubic........................queued for compilation
    contact_d_d_ee_pe_cubic.........................queued for compilation
    friction_rb_rb_pe_C0............................queued for compilation
    rb_constraint_point_on_axis.....................queued for compilation
    contact_d_d_ee_ee_cubic.........................queued for compilation
    EnergyDiscreteShells............................queued for compilation
    contact_rb_d_pt_pt_cubic........................queued for compilation
    rb_constraint_distances.........................queued for compilation
    friction_rb_rb_pt_C0............................queued for compilation
    contact_rb_d_pt_ep_cubic........................queued for compilation
    contact_rb_rb_pt_pp_cubic.......................queued for compilation
    EnergyBendingFlat...............................queued for compilation
    rb_constraint_distance_limits...................queued for compilation
    contact_rb_d_pt_tp_cubic........................queued for compilation
    rb_constraint_directions........................queued for compilation
    contact_rb_rb_pt_pe_cubic.......................queued for compilation
    friction_rb_rb_ee_C0............................queued for compilation
    rb_constraint_angle_limits......................queued for compilation
    friction_rb_d_pp_C0.............................queued for compilation
    friction_rb_d_pe_C0.............................queued for compilation
    contact_rb_rb_pt_pt_cubic.......................queued for compilation
    contact_rb_d_ee_pp_cubic........................queued for compilation
    rb_constraint_damped_spring.....................queued for compilation
    rb_constraint_linear_velocity...................queued for compilation
    friction_rb_d_pt_C0.............................queued for compilation
    rb_constraint_angular_velocity..................queued for compilation
    EnergyAttachments_d_d_p_p.......................queued for compilation
    EnergyAttachments_d_d_p_e.......................queued for compilation
    EnergyAttachments_d_d_p_t.......................queued for compilation
    friction_rb_d_ee_C0.............................queued for compilation
    contact_rb_d_ee_pe_cubic........................queued for compilation
    friction_rb_d_ep_C0.............................queued for compilation
    friction_rb_d_tp_C0.............................queued for compilation
    EnergyTetStrain.................................queued for compilation
    contact_rb_d_ee_ee_cubic........................queued for compilation
    rb_constraint_global_points.....................queued for compilation
    EnergyRigidBodyInertia_Angular..................queued for compilation
    EnergyRigidBodyInertia_Linear...................queued for compilation
    contact_rb_rb_ee_pp_cubic.......................queued for compilation
    friction_d_d_pp_C0..............................queued for compilation
    friction_d_d_pe_C0..............................queued for compilation
    contact_rb_rb_ee_pe_cubic.......................queued for compilation
    EnergyTetStrain_Elasticity_Only.................queued for compilation
    contact_rb_d_ee_ep_cubic........................queued for compilation
Compiling... done.
Total time: 22.815678 s

Degrees of freedom:
soft.v1: 72369
rigid.v1: 21
rigid.w1: 21
Total: 72411

==================================== STARK ===============================
[Frame: 0] Time: 0.000 s
    0. dt:  0.25 ms | #newton:  0 | ph:  0.0% | #CG/newton:    0 | ls (cap|max|inv|bt):  0| 0| 0| 0| runtime:  135.1 ms | cr:  540.3
    1. dt:  0.25 ms | #newton:  0 | ph:  0.0% | #CG/newton:    0 | ls (cap|max|inv|bt):  0| 0| 0| 0| runtime:  116.9 ms | cr:  467.6
    2. dt:  0.25 ms | #newton:  0 | ph:  0.0% | #CG/newton:    0 | ls (cap|max|inv|bt):  0| 0| 0| 0| runtime:  114.0 ms | cr:  455.9
    3. dt:  0.25 ms | #newton:  0 | ph:  0.0% | #CG/newton:    0 | ls (cap|max|inv|bt):  0| 0| 0| 0| runtime:  115.4 ms | cr:  461.5
    4. dt:  0.25 ms | #newton:  0 | ph:  0.0% | #CG/newton:    0 | ls (cap|max|inv|bt):  0| 0| 0| 0| runtime:  118.5 ms | cr:  474.1
    5. dt:  0.25 ms | #newton:  0 | ph:  0.0% | #CG/newton:    0 | ls (cap|max|inv|bt):  0| 0| 0| 0| runtime:  118.3 ms | cr:  473.1
    6. dt:  0.25 ms | #newton:  0 | ph:  0.0% | #CG/newton:    0 | ls (cap|max|inv|bt):  0| 0| 0| 0| runtime:  116.6 ms | cr:  466.3
    7. dt:  0.25 ms | #newton:  0 | ph:  0.0% | #CG/newton:    0 | ls (cap|max|inv|bt):  0| 0| 0| 0| runtime:  115.2 ms | cr:  460.7
    8. dt:  0.25 ms | #newton:  0 | ph:  0.0% | #CG/newton:    0 | ls (cap|max|inv|bt):  0| 0| 0| 0| runtime:  118.4 ms | cr:  473.4
    9. dt:  0.25 ms | #newton:  0 | ph:  0.0% | #CG/newton:    0 | ls (cap|max|inv|bt):  0| 0| 0| 0| runtime:  114.7 ms | cr:  458.6
    10. dt:  0.25 ms | #newton:  0 | ph:  0.0% | #CG/newton:    0 | ls (cap|max|inv|bt):  0| 0| 0| 0| runtime:  117.6 ms | cr:  470.5
    11. dt:  0.25 ms | #newton:  0 | ph:  0.0% | #CG/newton:    0 | ls (cap|max|inv|bt):  0| 0| 0| 0| runtime:  115.2 ms | cr:  461.0
    12. dt:  0.25 ms | #newton:  0 | ph:  0.0% | #CG/newton:    0 | ls (cap|max|inv|bt):  0| 0| 0| 0| runtime:  113.9 ms | cr:  455.6
    13. dt:  0.25 ms | #newton:  0 | ph:  0.0% | #CG/newton:    0 | ls (cap|max|inv|bt):  0| 0| 0| 0| runtime:  117.1 ms | cr:  468.6
    14. dt:  0.25 ms | #newton:  0 | ph:  0.0% | #CG/newton:    0 | ls (cap|max|inv|bt):  0| 0| 0| 0| runtime:  115.8 ms | cr:  463.4
    15. dt:  0.25 ms | #newton:  0 | ph:  0.0% | #CG/newton:    0 | ls (cap|max|inv|bt):  0| 0| 0| 0| runtime:  116.1 ms | cr:  464.2
    16. dt:  0.25 ms | #newton:  0 | ph:  0.0% | #CG/newton:    0 | ls (cap|max|inv|bt):  0| 0| 0| 0| runtime:  117.4 ms | cr:  469.6
    17. dt:  0.25 ms | #newton:  0 | ph:  0.0% | #CG/newton:    0 | ls (cap|max|inv|bt):  0| 0| 0| 0| runtime:  115.7 ms | cr:  462.8
    18. dt:  0.25 ms | #newton:  0 | ph:  0.0% | #CG/newton:    0 | ls (cap|max|inv|bt):  0| 0| 0| 0| runtime:  115.1 ms | cr:  460.4
    19. dt:  0.25 ms | #newton:  0 | ph:  0.0% | #CG/newton:    0 | ls (cap|max|inv|bt):  0| 0| 0| 0| runtime:  113.9 ms | cr:  455.5
    20. dt:  0.25 ms | #newton:  0 | ph:  0.0% | #CG/newton:    0 | ls (cap|max|inv|bt):  0| 0| 0| 0| runtime:  116.3 ms | cr:  465.2
    21. dt:  0.25 ms | #newton:  0 | ph:  0.0% | #CG/newton:    0 | ls (cap|max|inv|bt):  0| 0| 0| 0| runtime:  113.9 ms | cr:  455.6
    22. dt:  0.25 ms | #newton:  0 | ph:  0.0% | #CG/newton:    0 | ls (cap|max|inv|bt):  0| 0| 0| 0| runtime:  114.5 ms | cr:  457.8
    23. dt:  0.25 ms | #newton:  0 | ph:  0.0% | #CG/newton:    0 | ls (cap|max|inv|bt):  0| 0| 0| 0| runtime:  115.9 ms | cr:  463.7
    24. dt:  0.25 ms | #newton:  0 | ph:  0.0% | #CG/newton:    0 | ls (cap|max|inv|bt):  0| 0| 0| 0| runtime:  113.3 ms | cr:  453.2
    25. dt:  0.25 ms | #newton:  0 | ph:  0.0% | #CG/newton:    0 | ls (cap|max|inv|bt):  0| 0| 0| 0| runtime:  113.9 ms | cr:  455.6
    26. dt:  0.25 ms | #newton:  0 | ph:  0.0% | #CG/newton:    0 | ls (cap|max|inv|bt):  0| 0| 0| 0| runtime:  113.2 ms | cr:  452.9
    27. dt:  0.25 ms | #newton:  0 | ph:  0.0% | #CG/newton:    0 | ls (cap|max|inv|bt):  0| 0| 0| 0| runtime:  114.4 ms | cr:  457.7
    28. dt:  0.25 ms | #newton:  0 | ph:  0.0% | #CG/newton:    0 | ls (cap|max|inv|bt):  0| 0| 0| 0| runtime:  113.9 ms | cr:  455.8
    29. dt:  0.25 ms | #newton:  0 | ph:  0.0% | #CG/newton:    0 | ls (cap|max|inv|bt):  0| 0| 0| 0| runtime:  114.9 ms | cr:  459.7
    30. dt:  0.25 ms | #newton:  0 | ph:  0.0% | #CG/newton:    0 | ls (cap|max|inv|bt):  0| 0| 0| 0| runtime:  114.8 ms | cr:  459.3
    31. dt:  0.25 ms | #newton:  0 | ph:  0.0% | #CG/newton:    0 | ls (cap|max|inv|bt):  0| 0| 0| 0| runtime:  116.4 ms | cr:  465.5
    32. dt:  0.25 ms | #newton:  0 | ph:  0.0% | #CG/newton:    0 | ls (cap|max|inv|bt):  0| 0| 0| 0| runtime:  117.6 ms | cr:  470.3
    33. dt:  0.25 ms | #newton:  0 | ph:  0.0% | #CG/newton:    0 | ls (cap|max|inv|bt):  0| 0| 0| 0| runtime:  114.0 ms | cr:  456.0
    34. dt:  0.25 ms | #newton:  0 | ph:  0.0% | #CG/newton:    0 | ls (cap|max|inv|bt):  0| 0| 0| 0| runtime:  114.0 ms | cr:  455.8
    35. dt:  0.25 ms | #newton:  0 | ph:  0.0% | #CG/newton:    0 | ls (cap|max|inv|bt):  0| 0| 0| 0| runtime:  115.2 ms | cr:  460.9
    36. dt:  0.25 ms | #newton:  0 | ph:  0.0% | #CG/newton:    0 | ls (cap|max|inv|bt):  0| 0| 0| 0| runtime:  115.1 ms | cr:  460.4
    37. dt:  0.25 ms | #newton:  0 | ph:  0.0% | #CG/newton:    0 | ls (cap|max|inv|bt):  0| 0| 0| 0| runtime:  113.3 ms | cr:  453.2
    38. dt:  0.25 ms | #newton:  0 | ph:  0.0% | #CG/newton:    0 | ls (cap|max|inv|bt):  0| 0| 0| 0| runtime:  113.8 ms | cr:  455.3
    39. dt:  0.25 ms | #newton:  0 | ph:  0.0% | #CG/newton:    0 | ls (cap|max|inv|bt):  0| 0| 0| 0| runtime:  115.3 ms | cr:  461.1
    40. dt:  0.25 ms | #newton:  0 | ph:  0.0% | #CG/newton:    0 | ls (cap|max|inv|bt):  0| 0| 0| 0| runtime:  115.7 ms | cr:  462.6
    41. dt:  0.25 ms | #newton:  0 | ph:  0.0% | #CG/newton:    0 | ls (cap|max|inv|bt):  0| 0| 0| 0| runtime:  113.8 ms | cr:  455.1
    42. dt:  0.25 ms | #newton:  0 | ph:  0.0% | #CG/newton:    0 | ls (cap|max|inv|bt):  0| 0| 0| 0| runtime:  116.3 ms | cr:  465.3
    43. dt:  0.25 ms | #newton:  0 | ph:  0.0% | #CG/newton:    0 | ls (cap|max|inv|bt):  0| 0| 0| 0| runtime:  114.7 ms | cr:  458.8
    44. dt:  0.25 ms | #newton:  0 | ph:  0.0% | #CG/newton:    0 | ls (cap|max|inv|bt):  0| 0| 0| 0| runtime:  114.9 ms | cr:  459.7
    45. dt:  0.25 ms | #newton:  0 | ph:  0.0% | #CG/newton:    0 | ls (cap|max|inv|bt):  0| 0| 0| 0| runtime:  115.5 ms | cr:  462.2
    46. dt:  0.25 ms | #newton:  1 | ph:  0.0% | #CG/newton:  101 | ls (cap|max|inv|bt):  0| 0| 0| 0| runtime:  179.4 ms | cr:  717.5
    47. dt:  0.25 ms | #newton:  0 | ph:  0.0% | #CG/newton:    0 | ls (cap|max|inv|bt):  0| 0| 0| 0| runtime:   56.9 ms | cr:  227.6
    48. dt:  0.25 ms | #newton:  0 | ph:  0.0% | #CG/newton:    0 | ls (cap|max|inv|bt):  0| 0| 0| 0| runtime:   59.0 ms | cr:  235.9
    49. dt:  0.25 ms | #newton:  0 | ph:  0.0% | #CG/newton:    0 | ls (cap|max|inv|bt):  0| 0| 0| 0| runtime:   58.7 ms | cr:  234.7
    50. dt:  0.25 ms | #newton:  0 | ph:  0.0% | #CG/newton:    0 | ls (cap|max|inv|bt):  0| 0| 0| 0| runtime:   60.9 ms | cr:  243.8
    51. dt:  0.25 ms | #newton:  0 | ph:  0.0% | #CG/newton:    0 | ls (cap|max|inv|bt):  0| 0| 0| 0| runtime:   59.1 ms | cr:  236.6
    52. dt:  0.25 ms | #newton:  0 | ph:  0.0% | #CG/newton:    0 | ls (cap|max|inv|bt):  0| 0| 0| 0| runtime:   61.6 ms | cr:  246.3
    53. dt:  0.25 ms | #newton:  0 | ph:  0.0% | #CG/newton:    0 | ls (cap|max|inv|bt):  0| 0| 0| 0| runtime:   59.5 ms | cr:  238.0
    54. dt:  0.25 ms | #newton:  0 | ph:  0.0% | #CG/newton:    0 | ls (cap|max|inv|bt):  0| 0| 0| 0| runtime:   62.2 ms | cr:  248.8
    55. dt:  0.25 ms | #newton:  0 | ph:  0.0% | #CG/newton:    0 | ls (cap|max|inv|bt):  0| 0| 0| 0| runtime:   57.4 ms | cr:  229.7
    56. dt:  0.25 ms | #newton:  0 | ph:  0.0% | #CG/newton:    0 | ls (cap|max|inv|bt):  0| 0| 0| 0| runtime:   63.4 ms | cr:  253.7
    57. dt:  0.25 ms | #newton:  0 | ph:  0.0% | #CG/newton:    0 | ls (cap|max|inv|bt):  0| 0| 0| 0| runtime:   65.0 ms | cr:  260.0
    58. dt:  0.25 ms | #newton:  0 | ph:  0.0% | #CG/newton:    0 | ls (cap|max|inv|bt):  0| 0| 0| 0| runtime:   59.3 ms | cr:  237.2
    59. dt:  0.25 ms | #newton:  0 | ph:  0.0% | #CG/newton:    0 | ls (cap|max|inv|bt):  0| 0| 0| 0| runtime:   60.5 ms | cr:  241.8
    60. dt:  0.25 ms | #newton:  0 | ph:  0.0% | #CG/newton:    0 | ls (cap|max|inv|bt):  0| 0| 0| 0| runtime:   62.7 ms | cr:  250.6
    61. dt:  0.25 ms | #newton:  0 | ph:  0.0% | #CG/newton:    0 | ls (cap|max|inv|bt):  0| 0| 0| 0| runtime:   59.4 ms | cr:  237.7
    62. dt:  0.25 ms | #newton:  0 | ph:  0.0% | #CG/newton:    0 | ls (cap|max|inv|bt):  0| 0| 0| 0| runtime:   57.6 ms | cr:  230.6
    63. dt:  0.25 ms | #newton:  0 | ph:  0.0% | #CG/newton:    0 | ls (cap|max|inv|bt):  0| 0| 0| 0| runtime:   62.6 ms | cr:  250.2
    64. dt:  0.25 ms | #newton:  0 | ph:  0.0% | #CG/newton:    0 | ls (cap|max|inv|bt):  0| 0| 0| 0| runtime:   62.8 ms | cr:  251.2
    65. dt:  0.25 ms | #newton:  0 | ph:  0.0% | #CG/newton:    0 | ls (cap|max|inv|bt):  0| 0| 0| 0| runtime:   61.0 ms | cr:  244.1
    66. dt:  0.25 ms | #newton:  0 | ph:  0.0% | #CG/newton:    0 | ls (cap|max|inv|bt):  0| 0| 0| 0| runtime:   58.2 ms | cr:  232.8
    67. dt:  0.25 ms | #newton:  1 | ph:  0.0% | #CG/newton:  390 | ls (cap|max|inv|bt):  0| 0| 0| 0| runtime:  300.3 ms | cr: 1201.4
    68. dt:  0.25 ms | #newton:  1 | ph:  0.0% | #CG/newton:    1 | ls (cap|max|inv|bt):  0| 0| 0| 0| runtime:  142.2 ms | cr:  568.7
    69. dt:  0.25 ms | #newton:  1 | ph:  0.0% | #CG/newton:    1 | ls (cap|max|inv|bt):  0| 0| 0| 0| runtime:  137.5 ms | cr:  549.9
    70. dt:  0.25 ms | #newton:  1 | ph:  0.0% | #CG/newton:    1 | ls (cap|max|inv|bt):  0| 0| 0| 0| runtime:  162.6 ms | cr:  650.3
    71. dt:  0.25 ms | #newton:  1 | ph:  0.0% | #CG/newton:    2 | ls (cap|max|inv|bt):  0| 0| 0| 0| runtime:  150.0 ms | cr:  600.0
    72. dt:  0.25 ms | #newton:  1 | ph:  0.0% | #CG/newton:    1 | ls (cap|max|inv|bt):  0| 0| 0| 0| runtime:  139.2 ms | cr:  556.8
    73. dt:  0.25 ms | #newton:  1 | ph:  0.0% | #CG/newton:    1 | ls (cap|max|inv|bt):  0| 0| 0| 0| runtime:  139.2 ms | cr:  556.8
    74. dt:  0.25 ms | #newton:  1 | ph:  0.0% | #CG/newton:    1 | ls (cap|max|inv|bt):  0| 0| 0| 0| runtime:  141.4 ms | cr:  565.5
    75. dt:  0.25 ms | #newton:  1 | ph:  0.0% | #CG/newton:    1 | ls (cap|max|inv|bt):  0| 0| 0| 0| runtime:  135.8 ms | cr:  543.3
    76. dt:  0.25 ms | #newton:  1 | ph:  0.0% | #CG/newton:    1 | ls (cap|max|inv|bt):  0| 0| 0| 0| runtime:  134.8 ms | cr:  539.1
    77. dt:  0.25 ms | #newton:  1 | ph:  0.0% | #CG/newton:    1 | ls (cap|max|inv|bt):  0| 0| 0| 0| runtime:  136.7 ms | cr:  546.7
    78. dt:  0.25 ms | #newton:  1 | ph:  0.0% | #CG/newton:    2 | ls (cap|max|inv|bt):  0| 0| 0| 0| runtime:  133.3 ms | cr:  533.1
    79. dt:  0.25 ms | #newton:  1 | ph:  0.0% | #CG/newton:    1 | ls (cap|max|inv|bt):  0| 0| 0| 0| runtime:  137.0 ms | cr:  548.1
    80. dt:  0.25 ms | #newton:  1 | ph:  0.0% | #CG/newton:    1 | ls (cap|max|inv|bt):  0| 0| 0| 0| runtime:  136.9 ms | cr:  547.7
    81. dt:  0.25 ms | #newton:  1 | ph:  0.0% | #CG/newton:    1 | ls (cap|max|inv|bt):  0| 0| 0| 0| runtime:  135.3 ms | cr:  541.3
    82. dt:  0.25 ms | #newton:  1 | ph:  0.0% | #CG/newton:    1 | ls (cap|max|inv|bt):  0| 0| 0| 0| runtime:  133.0 ms | cr:  531.9
    83. dt:  0.25 ms | #newton:  1 | ph:  0.0% | #CG/newton:    1 | ls (cap|max|inv|bt):  0| 0| 0| 0| runtime:  133.6 ms | cr:  534.3
    84. dt:  0.25 ms | #newton:  1 | ph:  0.0% | #CG/newton:    1 | ls (cap|max|inv|bt):  0| 0| 0| 0| runtime:  137.3 ms | cr:  549.3
    85. dt:  0.25 ms | #newton:  1 | ph:  0.0% | #CG/newton:    1 | ls (cap|max|inv|bt):  0| 0| 0| 0| runtime:  140.8 ms | cr:  563.2
    86. dt:  0.25 ms | #newton:  1 | ph:  0.0% | #CG/newton:    2 | ls (cap|max|inv|bt):  0| 0| 0| 0| runtime:  134.7 ms | cr:  538.8
    87. dt:  0.25 ms | #newton:  1 | ph:  0.0% | #CG/newton:    1 | ls (cap|max|inv|bt):  0| 0| 0| 0| runtime:  137.0 ms | cr:  547.8
    88. dt:  0.25 ms | #newton:  1 | ph:  0.0% | #CG/newton:    1 | ls (cap|max|inv|bt):  0| 0| 0| 0| runtime:  135.4 ms | cr:  541.7
    89. dt:  0.25 ms | #newton:  1 | ph:  0.0% | #CG/newton:    1 | ls (cap|max|inv|bt):  0| 0| 0| 0| runtime:  132.4 ms | cr:  529.7
    90. dt:  0.25 ms | #newton:  1 | ph:  0.0% | #CG/newton:    1 | ls (cap|max|inv|bt):  0| 0| 0| 0| runtime:  132.0 ms | cr:  527.9
    91. dt:  0.25 ms | #newton:  1 | ph:  0.0% | #CG/newton:    1 | ls (cap|max|inv|bt):  0| 0| 0| 0| runtime:  139.9 ms | cr:  559.5
    92. dt:  0.25 ms | #newton:  1 | ph:  0.0% | #CG/newton:    2 | ls (cap|max|inv|bt):  0| 0| 0| 0| runtime:  138.2 ms | cr:  552.7
    93. dt:  0.25 ms | #newton:  1 | ph:  0.0% | #CG/newton:    1 | ls (cap|max|inv|bt):  0| 0| 0| 0| runtime:  135.1 ms | cr:  540.3
    94. dt:  0.25 ms | #newton:  1 | ph:  0.0% | #CG/newton:    1 | ls (cap|max|inv|bt):  0| 0| 0| 0| runtime:  138.9 ms | cr:  555.8
    95. dt:  0.25 ms | #newton:  1 | ph:  0.0% | #CG/newton:    1 | ls (cap|max|inv|bt):  0| 0| 0| 0| runtime:  135.4 ms | cr:  541.7
    96. dt:  0.25 ms | #newton:  1 | ph:  0.0% | #CG/newton:    1 | ls (cap|max|inv|bt):  0| 0| 0| 0| runtime:  137.6 ms | cr:  550.2
    97. dt:  0.25 ms | #newton:  1 | ph:  0.0% | #CG/newton:    1 | ls (cap|max|inv|bt):  0| 0| 0| 0| runtime:  134.6 ms | cr:  538.2
    98. dt:  0.25 ms | #newton:  1 | ph:  0.0% | #CG/newton:    2 | ls (cap|max|inv|bt):  0| 0| 0| 0| runtime:  135.2 ms | cr:  540.7
    99. dt:  0.25 ms | #newton:  1 | ph:  0.0% | #CG/newton:    1 | ls (cap|max|inv|bt):  0| 0| 0| 0| runtime:  132.5 ms | cr:  530.1
    100. dt:  0.25 ms | #newton:  1 | ph:  0.0% | #CG/newton:    1 | ls (cap|max|inv|bt):  0| 0| 0| 0| runtime:  135.7 ms | cr:  542.7
    101. dt:  0.25 ms | #newton:  1 | ph:  0.0% | #CG/newton:    1 | ls (cap|max|inv|bt):  0| 0| 0| 0| runtime:  136.1 ms | cr:  544.5
    102. dt:  0.25 ms | #newton:  1 | ph:  0.0% | #CG/newton:    1 | ls (cap|max|inv|bt):  0| 0| 0| 0| runtime:  136.8 ms | cr:  547.1
    103. dt:  0.25 ms | #newton:  1 | ph:  0.0% | #CG/newton:    2 | ls (cap|max|inv|bt):  0| 0| 0| 0| runtime:  135.8 ms | cr:  543.1
    104. dt:  0.25 ms | #newton:  1 | ph:  0.0% | #CG/newton:    1 | ls (cap|max|inv|bt):  0| 0| 0| 0| runtime:  138.6 ms | cr:  554.5
    105. dt:  0.25 ms | #newton:  1 | ph:  0.0% | #CG/newton:    1 | ls (cap|max|inv|bt):  0| 0| 0| 0| runtime:  131.9 ms | cr:  527.6
    106. dt:  0.25 ms | #newton:  1 | ph:  0.0% | #CG/newton:    1 | ls (cap|max|inv|bt):  0| 0| 0| 0| runtime:  133.5 ms | cr:  533.9
    107. dt:  0.25 ms | #newton:  1 | ph:  0.0% | #CG/newton:    1 | ls (cap|max|inv|bt):  0| 0| 0| 0| runtime:  136.0 ms | cr:  544.0
    108. dt:  0.25 ms | #newton:  1 | ph:  0.0% | #CG/newton:    1 | ls (cap|max|inv|bt):  0| 0| 0| 0| runtime:  136.3 ms | cr:  545.1
    109. dt:  0.25 ms | #newton:  1 | ph:  0.0% | #CG/newton:    2 | ls (cap|max|inv|bt):  0| 0| 0| 0| runtime:  134.5 ms | cr:  538.1
    110. dt:  0.25 ms | #newton:  1 | ph:  0.0% | #CG/newton:    1 | ls (cap|max|inv|bt):  0| 0| 0| 0| runtime:  137.2 ms | cr:  548.9
    111. dt:  0.25 ms | #newton:  1 | ph:  0.0% | #CG/newton:    1 | ls (cap|max|inv|bt):  0| 0| 0| 0| runtime:  135.8 ms | cr:  543.4
    112. dt:  0.25 ms | #newton:  1 | ph:  0.0% | #CG/newton:    1 | ls (cap|max|inv|bt):  0| 0| 0| 0| runtime:  140.9 ms | cr:  563.6
    113. dt:  0.25 ms | #newton:  1 | ph:  0.0% | #CG/newton:    1 | ls (cap|max|inv|bt):  0| 0| 0| 0| runtime:  140.6 ms | cr:  562.4
    114. dt:  0.25 ms | #newton:  1 | ph:  0.0% | #CG/newton:    1 | ls (cap|max|inv|bt):  0| 0| 0| 0| runtime:  133.7 ms | cr:  534.9
    115. dt:  0.25 ms | #newton:  1 | ph:  0.0% | #CG/newton:    2 | ls (cap|max|inv|bt):  0| 0| 0| 0| runtime:  136.0 ms | cr:  544.1
    116. dt:  0.25 ms | #newton:  1 | ph:  0.0% | #CG/newton:    1 | ls (cap|max|inv|bt):  0| 0| 0| 0| runtime:  138.4 ms | cr:  553.7
    117. dt:  0.25 ms | #newton:  1 | ph:  0.0% | #CG/newton:    1 | ls (cap|max|inv|bt):  0| 0| 0| 0| runtime:  136.9 ms | cr:  547.6
    118. dt:  0.25 ms | #newton:  1 | ph:  0.0% | #CG/newton:    1 | ls (cap|max|inv|bt):  0| 0| 0| 0| runtime:  137.0 ms | cr:  547.8
    119. dt:  0.25 ms | #newton:  1 | ph:  0.0% | #CG/newton:    1 | ls (cap|max|inv|bt):  0| 0| 0| 0| runtime:  135.9 ms | cr:  543.6
    120. dt:  0.25 ms | #newton:  1 | ph:  0.0% | #CG/newton:    2 | ls (cap|max|inv|bt):  0| 0| 0| 0| runtime:  138.2 ms | cr:  552.7
    121. dt:  0.25 ms | #newton:  1 | ph:  0.0% | #CG/newton:    1 | ls (cap|max|inv|bt):  0| 0| 0| 0| runtime:  135.4 ms | cr:  541.6
    122. dt:  0.25 ms | #newton:  1 | ph:  0.0% | #CG/newton:    1 | ls (cap|max|inv|bt):  0| 0| 0| 0| runtime:  137.3 ms | cr:  549.3
    123. dt:  0.25 ms | #newton:  1 | ph:  0.0% | #CG/newton:    1 | ls (cap|max|inv|bt):  0| 0| 0| 0| runtime:  135.6 ms | cr:  542.3
    124. dt:  0.25 ms | #newton:  1 | ph:  0.0% | #CG/newton:    1 | ls (cap|max|inv|bt):  0| 0| 0| 0| runtime:  136.5 ms | cr:  545.9
    125. dt:  0.25 ms | #newton:  1 | ph:  0.0% | #CG/newton:    2 | ls (cap|max|inv|bt):  0| 0| 0| 0| runtime:  134.4 ms | cr:  537.5
    126. dt:  0.25 ms | #newton:  1 | ph:  0.0% | #CG/newton:    1 | ls (cap|max|inv|bt):  0| 0| 0| 0| runtime:  138.7 ms | cr:  554.8
    127. dt:  0.25 ms | #newton:  1 | ph:  0.0% | #CG/newton:    1 | ls (cap|max|inv|bt):  0| 0| 0| 0| runtime:  142.7 ms | cr:  570.8
    128. dt:  0.25 ms | #newton:  1 | ph:  0.0% | #CG/newton:    1 | ls (cap|max|inv|bt):  0| 0| 0| 0| runtime:  145.8 ms | cr:  583.4
    129. dt:  0.25 ms | #newton:  1 | ph:  0.0% | #CG/newton:    1 | ls (cap|max|inv|bt):  0| 0| 0| 0| runtime:  136.9 ms | cr:  547.5
    130. dt:  0.25 ms | #newton:  1 | ph:  0.0% | #CG/newton:    2 | ls (cap|max|inv|bt):  0| 0| 0| 0| runtime:  144.9 ms | cr:  579.4
    131. dt:  0.25 ms | #newton:  1 | ph:  0.0% | #CG/newton:    1 | ls (cap|max|inv|bt):  0| 0| 0| 0| runtime:  145.8 ms | cr:  583.1
    132. dt:  0.25 ms | #newton:  1 | ph:  0.0% | #CG/newton:    1 | ls (cap|max|inv|bt):  0| 0| 0| 0| runtime:  143.2 ms | cr:  572.6
    133. dt:  0.25 ms | #newton:  1 | ph:  0.0% | #CG/newton:    1 | ls (cap|max|inv|bt):  0| 0| 0| 0| runtime:  142.0 ms | cr:  567.8
[Frame: 1] Time: 0.034 s
    134. dt:  0.25 ms | #newton:  1 | ph:  0.0% | #CG/newton:    1 | ls (cap|max|inv|bt):  0| 0| 0| 0| runtime:  137.8 ms | cr:  551.1
    135. dt:  0.25 ms | #newton:  1 | ph:  0.0% | #CG/newton:    2 | ls (cap|max|inv|bt):  0| 0| 0| 0| runtime:  158.9 ms | cr:  635.7
    136. dt:  0.25 ms | #newton:  1 | ph:  0.0% | #CG/newton:    1 | ls (cap|max|inv|bt):  0| 0| 0| 0| runtime:  149.9 ms | cr:  599.5
    137. dt:  0.25 ms | #newton:  1 | ph:  0.0% | #CG/newton:    1 | ls (cap|max|inv|bt):  0| 0| 0| 0| runtime:  146.4 ms | cr:  585.5
    138. dt:  0.25 ms | #newton:  1 | ph:  0.0% | #CG/newton:    1 | ls (cap|max|inv|bt):  0| 0| 0| 0| runtime:  135.2 ms | cr:  540.8
    139. dt:  0.25 ms | #newton:  1 | ph:  0.0% | #CG/newton:    1 | ls (cap|max|inv|bt):  0| 0| 0| 0| runtime:  145.1 ms | cr:  580.4
    140. dt:  0.25 ms | #newton:  1 | ph:  0.0% | #CG/newton:    2 | ls (cap|max|inv|bt):  0| 0| 0| 0| runtime:  140.9 ms | cr:  563.5
    141. dt:  0.25 ms | #newton:  1 | ph:  0.0% | #CG/newton:    1 | ls (cap|max|inv|bt):  0| 0| 0| 0| runtime:  141.1 ms | cr:  564.5
    142. dt:  0.25 ms | #newton:  1 | ph:  0.0% | #CG/newton:    1 | ls (cap|max|inv|bt):  0| 0| 0| 0| runtime:  153.8 ms | cr:  615.2
    143. dt:  0.25 ms | #newton:  1 | ph:  0.0% | #CG/newton:    1 | ls (cap|max|inv|bt):  0| 0| 0| 0| runtime:  139.9 ms | cr:  559.7
    144. dt:  0.25 ms | #newton:  1 | ph:  0.0% | #CG/newton:    1 | ls (cap|max|inv|bt):  0| 0| 0| 0| runtime:  136.3 ms | cr:  545.3
    145. dt:  0.25 ms | #newton:  1 | ph:  0.0% | #CG/newton:    2 | ls (cap|max|inv|bt):  0| 0| 0| 0| runtime:  140.1 ms | cr:  560.4
    146. dt:  0.25 ms | #newton:  1 | ph:  0.0% | #CG/newton:    1 | ls (cap|max|inv|bt):  0| 0| 0| 0| runtime:  136.4 ms | cr:  545.5
    147. dt:  0.25 ms | #newton:  1 | ph:  0.0% | #CG/newton:    1 | ls (cap|max|inv|bt):  0| 0| 0| 0| runtime:  137.9 ms | cr:  551.8
    148. dt:  0.25 ms | #newton:  1 | ph:  0.0% | #CG/newton:    1 | ls (cap|max|inv|bt):  0| 0| 0| 0| runtime:  133.7 ms | cr:  534.9
    149. dt:  0.25 ms | #newton:  1 | ph:  0.0% | #CG/newton:    1 | ls (cap|max|inv|bt):  0| 0| 0| 0| runtime:  138.7 ms | cr:  554.7
    150. dt:  0.25 ms | #newton:  1 | ph:  0.0% | #CG/newton:    2 | ls (cap|max|inv|bt):  0| 0| 0| 0| runtime:  145.2 ms | cr:  580.9
    151. dt:  0.25 ms | #newton:  1 | ph:  0.0% | #CG/newton:    1 | ls (cap|max|inv|bt):  0| 0| 0| 0| runtime:  142.1 ms | cr:  568.6
    152. dt:  0.25 ms | #newton:  1 | ph:  0.0% | #CG/newton:    1 | ls (cap|max|inv|bt):  0| 0| 0| 0| runtime:  135.1 ms | cr:  540.3
    153. dt:  0.25 ms | #newton:  1 | ph:  0.0% | #CG/newton:    1 | ls (cap|max|inv|bt):  0| 0| 0| 0| runtime:  146.7 ms | cr:  586.7
    154. dt:  0.25 ms | #newton:  1 | ph:  0.0% | #CG/newton:    1 | ls (cap|max|inv|bt):  0| 0| 0| 0| runtime:  140.0 ms | cr:  560.1
    155. dt:  0.25 ms | #newton:  1 | ph:  0.0% | #CG/newton:    2 | ls (cap|max|inv|bt):  0| 0| 0| 0| runtime:  143.4 ms | cr:  573.7
    156. dt:  0.25 ms | #newton:  1 | ph:  0.0% | #CG/newton:    1 | ls (cap|max|inv|bt):  0| 0| 0| 0| runtime:  140.9 ms | cr:  563.5
    157. dt:  0.25 ms | #newton:  1 | ph:  0.0% | #CG/newton:    1 | ls (cap|max|inv|bt):  0| 0| 0| 0| runtime:  141.7 ms | cr:  566.7
    158. dt:  0.25 ms | #newton:  1 | ph:  0.0% | #CG/newton:    1 | ls (cap|max|inv|bt):  0| 0| 0| 0| runtime:  157.8 ms | cr:  631.1
    159. dt:  0.25 ms | #newton:  1 | ph:  0.0% | #CG/newton:    1 | ls (cap|max|inv|bt):  0| 0| 0| 0| runtime:  173.1 ms | cr:  692.4
    160. dt:  0.25 ms | #newton:  1 | ph:  0.0% | #CG/newton:    1 | ls (cap|max|inv|bt):  0| 0| 0| 0| runtime:  138.2 ms | cr:  552.8
    161. dt:  0.25 ms | #newton:  1 | ph:  0.0% | #CG/newton:    2 | ls (cap|max|inv|bt):  0| 0| 0| 0| runtime:  134.9 ms | cr:  539.7
    162. dt:  0.25 ms | #newton:  1 | ph:  0.0% | #CG/newton:    1 | ls (cap|max|inv|bt):  0| 0| 0| 0| runtime:  141.7 ms | cr:  566.7
    163. dt:  0.25 ms | #newton:  1 | ph:  0.0% | #CG/newton:    1 | ls (cap|max|inv|bt):  0| 0| 0| 0| runtime:  134.7 ms | cr:  538.9
    164. dt:  0.25 ms | #newton:  1 | ph:  0.0% | #CG/newton:    1 | ls (cap|max|inv|bt):  0| 0| 0| 0| runtime:  139.2 ms | cr:  556.7
    165. dt:  0.25 ms | #newton:  1 | ph:  0.0% | #CG/newton:    1 | ls (cap|max|inv|bt):  0| 0| 0| 0| runtime:  139.1 ms | cr:  556.4
    166. dt:  0.25 ms | #newton:  1 | ph:  0.0% | #CG/newton:    2 | ls (cap|max|inv|bt):  0| 0| 0| 0| runtime:  136.8 ms | cr:  547.2
    167. dt:  0.25 ms | #newton:  1 | ph:  0.0% | #CG/newton:    1 | ls (cap|max|inv|bt):  0| 0| 0| 0| runtime:  138.8 ms | cr:  555.2
    168. dt:  0.25 ms | #newton:  1 | ph:  0.0% | #CG/newton:    1 | ls (cap|max|inv|bt):  0| 0| 0| 0| runtime:  137.3 ms | cr:  549.4
    169. dt:  0.25 ms | #newton:  1 | ph:  0.0% | #CG/newton:    1 | ls (cap|max|inv|bt):  0| 0| 0| 0| runtime:  137.6 ms | cr:  550.4
    170. dt:  0.25 ms | #newton:  1 | ph:  0.0% | #CG/newton:    1 | ls (cap|max|inv|bt):  0| 0| 0| 0| runtime:  140.0 ms | cr:  559.9
    171. dt:  0.25 ms | #newton:  1 | ph:  0.0% | #CG/newton:    2 | ls (cap|max|inv|bt):  0| 0| 0| 0| runtime:  136.3 ms | cr:  545.2
    172. dt:  0.25 ms | #newton:  1 | ph:  0.0% | #CG/newton:    1 | ls (cap|max|inv|bt):  0| 0| 0| 0| runtime:  141.0 ms | cr:  564.1
    173. dt:  0.25 ms | #newton:  1 | ph:  0.0% | #CG/newton:    1 | ls (cap|max|inv|bt):  0| 0| 0| 0| runtime:  135.6 ms | cr:  542.2
    174. dt:  0.25 ms | #newton:  1 | ph:  0.0% | #CG/newton:    1 | ls (cap|max|inv|bt):  0| 0| 0| 0| runtime:  137.9 ms | cr:  551.7
    175. dt:  0.25 ms | #newton:  1 | ph:  0.0% | #CG/newton:    1 | ls (cap|max|inv|bt):  0| 0| 0| 0| runtime:  139.1 ms | cr:  556.4
    176. dt:  0.25 ms | #newton:  1 | ph:  0.0% | #CG/newton:    2 | ls (cap|max|inv|bt):  0| 0| 0| 0| runtime:  135.5 ms | cr:  542.0
    177. dt:  0.25 ms | #newton:  1 | ph:  0.0% | #CG/newton:    1 | ls (cap|max|inv|bt):  0| 0| 0| 0| runtime:  136.9 ms | cr:  547.5
    178. dt:  0.25 ms | #newton:  1 | ph:  0.0% | #CG/newton:    1 | ls (cap|max|inv|bt):  0| 0| 0| 0| runtime:  140.5 ms | cr:  562.0
    179. dt:  0.25 ms | #newton:  1 | ph:  0.0% | #CG/newton:    1 | ls (cap|max|inv|bt):  0| 0| 0| 0| runtime:  137.1 ms | cr:  548.4
    180. dt:  0.25 ms | #newton:  1 | ph:  0.0% | #CG/newton:    1 | ls (cap|max|inv|bt):  0| 0| 0| 0| runtime:  141.9 ms | cr:  567.5
    181. dt:  0.25 ms | #newton:  1 | ph:  0.0% | #CG/newton:    2 | ls (cap|max|inv|bt):  0| 0| 0| 0| runtime:  140.5 ms | cr:  562.1
    182. dt:  0.25 ms | #newton:  1 | ph:  0.0% | #CG/newton:    1 | ls (cap|max|inv|bt):  0| 0| 0| 0| runtime:  137.1 ms | cr:  548.4
    183. dt:  0.25 ms | #newton:  1 | ph:  0.0% | #CG/newton:    1 | ls (cap|max|inv|bt):  0| 0| 0| 0| runtime:  135.8 ms | cr:  543.2
    184. dt:  0.25 ms | #newton:  1 | ph:  0.0% | #CG/newton:    1 | ls (cap|max|inv|bt):  0| 0| 0| 0| runtime:  137.6 ms | cr:  550.6
    185. dt:  0.25 ms | #newton:  1 | ph:  0.0% | #CG/newton:    1 | ls (cap|max|inv|bt):  0| 0| 0| 0| runtime:  140.9 ms | cr:  563.6
    186. dt:  0.25 ms | #newton:  1 | ph:  0.0% | #CG/newton:    2 | ls (cap|max|inv|bt):  0| 0| 0| 0| runtime:  137.5 ms | cr:  550.2
    187. dt:  0.25 ms | #newton:  1 | ph:  0.0% | #CG/newton:    1 | ls (cap|max|inv|bt):  0| 0| 0| 0| runtime:  136.4 ms | cr:  545.6
    188. dt:  0.25 ms | #newton:  1 | ph:  0.0% | #CG/newton:    1 | ls (cap|max|inv|bt):  0| 0| 0| 0| runtime:  139.9 ms | cr:  559.5
    189. dt:  0.25 ms | #newton:  1 | ph:  0.0% | #CG/newton:    1 | ls (cap|max|inv|bt):  0| 0| 0| 0| runtime:  139.6 ms | cr:  558.3
    190. dt:  0.25 ms | #newton:  1 | ph:  0.0% | #CG/newton:    1 | ls (cap|max|inv|bt):  0| 0| 0| 0| runtime:  138.5 ms | cr:  553.8
    191. dt:  0.25 ms | #newton:  1 | ph:  0.0% | #CG/newton:    2 | ls (cap|max|inv|bt):  0| 0| 0| 0| runtime:  137.6 ms | cr:  550.2
    192. dt:  0.25 ms | #newton:  1 | ph:  0.0% | #CG/newton:    1 | ls (cap|max|inv|bt):  0| 0| 0| 0| runtime:  137.8 ms | cr:  551.3
    193. dt:  0.25 ms | #newton:  1 | ph:  0.0% | #CG/newton:    1 | ls (cap|max|inv|bt):  0| 0| 0| 0| runtime:  137.5 ms | cr:  549.8
    194. dt:  0.25 ms | #newton:  1 | ph:  0.0% | #CG/newton:    1 | ls (cap|max|inv|bt):  0| 0| 0| 0| runtime:  136.4 ms | cr:  545.7
    195. dt:  0.25 ms | #newton:  1 | ph:  0.0% | #CG/newton:    1 | ls (cap|max|inv|bt):  0| 0| 0| 0| runtime:  135.9 ms | cr:  543.7
    196. dt:  0.25 ms | #newton:  1 | ph:  0.0% | #CG/newton:    2 | ls (cap|max|inv|bt):  0| 0| 0| 0| runtime:  137.5 ms | cr:  550.0
    197. dt:  0.25 ms | #newton:  1 | ph:  0.0% | #CG/newton:    1 | ls (cap|max|inv|bt):  0| 0| 0| 0| runtime:  137.3 ms | cr:  549.2
    198. dt:  0.25 ms | #newton:  1 | ph:  0.0% | #CG/newton:    1 | ls (cap|max|inv|bt):  0| 0| 0| 0| runtime:  138.3 ms | cr:  553.3
    199. dt:  0.25 ms | #newton:  1 | ph:  0.0% | #CG/newton:    1 | ls (cap|max|inv|bt):  0| 0| 0| 0| runtime:  138.1 ms | cr:  552.6
    200. dt:  0.25 ms | #newton:  1 | ph:  0.0% | #CG/newton:    1 | ls (cap|max|inv|bt):  0| 0| 0| 0| runtime:  136.4 ms | cr:  545.6
    201. dt:  0.25 ms | #newton:  1 | ph:  0.0% | #CG/newton:    2 | ls (cap|max|inv|bt):  0| 0| 0| 0| runtime:  142.4 ms | cr:  569.7
    202. dt:  0.25 ms | #newton:  1 | ph:  0.0% | #CG/newton:    1 | ls (cap|max|inv|bt):  0| 0| 0| 0| runtime:  137.4 ms | cr:  549.6
    203. dt:  0.25 ms | #newton:  1 | ph:  0.0% | #CG/newton:    1 | ls (cap|max|inv|bt):  0| 0| 0| 0| runtime:  138.4 ms | cr:  553.7
    204. dt:  0.25 ms | #newton:  1 | ph:  0.0% | #CG/newton:    1 | ls (cap|max|inv|bt):  0| 0| 0| 0| runtime:  140.3 ms | cr:  561.2
    205. dt:  0.25 ms | #newton:  1 | ph:  0.0% | #CG/newton:    1 | ls (cap|max|inv|bt):  0| 0| 0| 0| runtime:  140.1 ms | cr:  560.4
    206. dt:  0.25 ms | #newton:  1 | ph:  0.0% | #CG/newton:    2 | ls (cap|max|inv|bt):  0| 0| 0| 0| runtime:  140.3 ms | cr:  561.4
    207. dt:  0.25 ms | #newton:  1 | ph:  0.0% | #CG/newton:    1 | ls (cap|max|inv|bt):  0| 0| 0| 0| runtime:  136.1 ms | cr:  544.5
    208. dt:  0.25 ms | #newton:  1 | ph:  0.0% | #CG/newton:    1 | ls (cap|max|inv|bt):  0| 0| 0| 0| runtime:  137.4 ms | cr:  549.5
    209. dt:  0.25 ms | #newton:  1 | ph:  0.0% | #CG/newton:    1 | ls (cap|max|inv|bt):  0| 0| 0| 0| runtime:  138.2 ms | cr:  552.6
    210. dt:  0.25 ms | #newton:  1 | ph:  0.0% | #CG/newton:    1 | ls (cap|max|inv|bt):  0| 0| 0| 0| runtime:  141.2 ms | cr:  564.7
    211. dt:  0.25 ms | #newton:  1 | ph:  0.0% | #CG/newton:    2 | ls (cap|max|inv|bt):  0| 0| 0| 0| runtime:  139.2 ms | cr:  556.7
    212. dt:  0.25 ms | #newton:  1 | ph:  0.0% | #CG/newton:    1 | ls (cap|max|inv|bt):  0| 0| 0| 0| runtime:  137.0 ms | cr:  548.0
    213. dt:  0.25 ms | #newton:  1 | ph:  0.0% | #CG/newton:    1 | ls (cap|max|inv|bt):  0| 0| 0| 0| runtime:  140.3 ms | cr:  561.4
    214. dt:  0.25 ms | #newton:  1 | ph:  0.0% | #CG/newton:    1 | ls (cap|max|inv|bt):  0| 0| 0| 0| runtime:  144.5 ms | cr:  577.9
    215. dt:  0.25 ms | #newton:  1 | ph:  0.0% | #CG/newton:    1 | ls (cap|max|inv|bt):  0| 0| 0| 0| runtime:  144.6 ms | cr:  578.4
    216. dt:  0.25 ms | #newton:  1 | ph:  0.0% | #CG/newton:    2 | ls (cap|max|inv|bt):  0| 0| 0| 0| runtime:  144.7 ms | cr:  578.6
    217. dt:  0.25 ms | #newton:  1 | ph:  0.0% | #CG/newton:    1 | ls (cap|max|inv|bt):  0| 0| 0| 0| runtime:  135.8 ms | cr:  543.3
    218. dt:  0.25 ms | #newton:  1 | ph:  0.0% | #CG/newton:    1 | ls (cap|max|inv|bt):  0| 0| 0| 0| runtime:  139.0 ms | cr:  556.0
    219. dt:  0.25 ms | #newton:  1 | ph:  0.0% | #CG/newton:    1 | ls (cap|max|inv|bt):  0| 0| 0| 0| runtime:  141.7 ms | cr:  566.6
    220. dt:  0.25 ms | #newton:  1 | ph:  0.0% | #CG/newton:    1 | ls (cap|max|inv|bt):  0| 0| 0| 0| runtime:  141.6 ms | cr:  566.3
    221. dt:  0.25 ms | #newton:  1 | ph:  0.0% | #CG/newton:    2 | ls (cap|max|inv|bt):  0| 0| 0| 0| runtime:  136.3 ms | cr:  545.1
    222. dt:  0.25 ms | #newton:  1 | ph:  0.0% | #CG/newton:    1 | ls (cap|max|inv|bt):  0| 0| 0| 0| runtime:  140.8 ms | cr:  563.1
    223. dt:  0.25 ms | #newton:  1 | ph:  0.0% | #CG/newton:    1 | ls (cap|max|inv|bt):  0| 0| 0| 0| runtime:  136.9 ms | cr:  547.5
    224. dt:  0.25 ms | #newton:  1 | ph:  0.0% | #CG/newton:    1 | ls (cap|max|inv|bt):  0| 0| 0| 0| runtime:  140.4 ms | cr:  561.6
    225. dt:  0.25 ms | #newton:  1 | ph:  0.0% | #CG/newton:    1 | ls (cap|max|inv|bt):  0| 0| 0| 0| runtime:  137.7 ms | cr:  551.0
    226. dt:  0.25 ms | #newton:  1 | ph:  0.0% | #CG/newton:    2 | ls (cap|max|inv|bt):  0| 0| 0| 0| runtime:  143.2 ms | cr:  573.0
    227. dt:  0.25 ms | #newton:  1 | ph:  0.0% | #CG/newton:    1 | ls (cap|max|inv|bt):  0| 0| 0| 0| runtime:  149.8 ms | cr:  599.3
    228. dt:  0.25 ms | #newton:  1 | ph:  0.0% | #CG/newton:    1 | ls (cap|max|inv|bt):  0| 0| 0| 0| runtime:  143.8 ms | cr:  575.2
    229. dt:  0.25 ms | #newton:  1 | ph:  0.0% | #CG/newton:    1 | ls (cap|max|inv|bt):  0| 0| 0| 0| runtime:  139.2 ms | cr:  556.9
    230. dt:  0.25 ms | #newton:  1 | ph:  0.0% | #CG/newton:    1 | ls (cap|max|inv|bt):  0| 0| 0| 0| runtime:  143.0 ms | cr:  571.9
    231. dt:  0.25 ms | #newton:  1 | ph:  0.0% | #CG/newton:    2 | ls (cap|max|inv|bt):  0| 0| 0| 0| runtime:  139.6 ms | cr:  558.4
    232. dt:  0.25 ms | #newton:  1 | ph:  0.0% | #CG/newton:    1 | ls (cap|max|inv|bt):  0| 0| 0| 0| runtime:  137.4 ms | cr:  549.6
    233. dt:  0.25 ms | #newton:  1 | ph:  0.0% | #CG/newton:    1 | ls (cap|max|inv|bt):  0| 0| 0| 0| runtime:  136.9 ms | cr:  547.8
    234. dt:  0.25 ms | #newton:  1 | ph:  0.0% | #CG/newton:    1 | ls (cap|max|inv|bt):  0| 0| 0| 0| runtime:  140.3 ms | cr:  561.2
    235. dt:  0.25 ms | #newton:  1 | ph:  0.0% | #CG/newton:    1 | ls (cap|max|inv|bt):  0| 0| 0| 0| runtime:  139.5 ms | cr:  557.9
    236. dt:  0.25 ms | #newton:  1 | ph:  0.0% | #CG/newton:    2 | ls (cap|max|inv|bt):  0| 0| 0| 0| runtime:  138.1 ms | cr:  552.3
    237. dt:  0.25 ms | #newton:  1 | ph:  0.0% | #CG/newton:    1 | ls (cap|max|inv|bt):  0| 0| 0| 0| runtime:  138.6 ms | cr:  554.4
    238. dt:  0.25 ms | #newton:  1 | ph:  0.0% | #CG/newton:    1 | ls (cap|max|inv|bt):  0| 0| 0| 0| runtime:  139.1 ms | cr:  556.3
    239. dt:  0.25 ms | #newton:  1 | ph:  0.0% | #CG/newton:    1 | ls (cap|max|inv|bt):  0| 0| 0| 0| runtime:  137.3 ms | cr:  549.4
    240. dt:  0.25 ms | #newton:  1 | ph:  0.0% | #CG/newton:    1 | ls (cap|max|inv|bt):  0| 0| 0| 0| runtime:  139.9 ms | cr:  559.8
    241. dt:  0.25 ms | #newton:  1 | ph:  0.0% | #CG/newton:    2 | ls (cap|max|inv|bt):  0| 0| 0| 0| runtime:  139.4 ms | cr:  557.6
    242. dt:  0.25 ms | #newton:  1 | ph:  0.0% | #CG/newton:    1 | ls (cap|max|inv|bt):  0| 0| 0| 0| runtime:  141.4 ms | cr:  565.8
    243. dt:  0.25 ms | #newton:  1 | ph:  0.0% | #CG/newton:    1 | ls (cap|max|inv|bt):  0| 0| 0| 0| runtime:  143.0 ms | cr:  571.8
    244. dt:  0.25 ms | #newton:  1 | ph:  0.0% | #CG/newton:    1 | ls (cap|max|inv|bt):  0| 0| 0| 0| runtime:  139.3 ms | cr:  557.1
    245. dt:  0.25 ms | #newton:  1 | ph:  0.0% | #CG/newton:    1 | ls (cap|max|inv|bt):  0| 0| 0| 0| runtime:  137.7 ms | cr:  550.7
    246. dt:  0.25 ms | #newton:  1 | ph:  0.0% | #CG/newton:    2 | ls (cap|max|inv|bt):  0| 0| 0| 0| runtime:  137.3 ms | cr:  549.1
    247. dt:  0.25 ms | #newton:  1 | ph:  0.0% | #CG/newton:    1 | ls (cap|max|inv|bt):  0| 0| 0| 0| runtime:  139.9 ms | cr:  559.5
    248. dt:  0.25 ms | #newton:  1 | ph:  0.0% | #CG/newton:    1 | ls (cap|max|inv|bt):  0| 0| 0| 0| runtime:  137.7 ms | cr:  550.6
    249. dt:  0.25 ms | #newton:  1 | ph:  0.0% | #CG/newton:    1 | ls (cap|max|inv|bt):  0| 0| 0| 0| runtime:  137.8 ms | cr:  551.2
    250. dt:  0.25 ms | #newton:  1 | ph:  0.0% | #CG/newton:    1 | ls (cap|max|inv|bt):  0| 0| 0| 0| runtime:  139.9 ms | cr:  559.4
    251. dt:  0.25 ms | #newton:  1 | ph:  0.0% | #CG/newton:    2 | ls (cap|max|inv|bt):  0| 0| 0| 0| runtime:  137.3 ms | cr:  549.3
    252. dt:  0.25 ms | #newton:  1 | ph:  0.0% | #CG/newton:    1 | ls (cap|max|inv|bt):  0| 0| 0| 0| runtime:  145.9 ms | cr:  583.4
    253. dt:  0.25 ms | #newton:  1 | ph:  0.0% | #CG/newton:    1 | ls (cap|max|inv|bt):  0| 0| 0| 0| runtime:  140.1 ms | cr:  560.5
    254. dt:  0.25 ms | #newton:  1 | ph:  0.0% | #CG/newton:    1 | ls (cap|max|inv|bt):  0| 0| 0| 0| runtime:  140.5 ms | cr:  561.9
    255. dt:  0.25 ms | #newton:  1 | ph:  0.0% | #CG/newton:    1 | ls (cap|max|inv|bt):  0| 0| 0| 0| runtime:  140.0 ms | cr:  560.2
    256. dt:  0.25 ms | #newton:  1 | ph:  0.0% | #CG/newton:    2 | ls (cap|max|inv|bt):  0| 0| 0| 0| runtime:  140.9 ms | cr:  563.7
    257. dt:  0.25 ms | #newton:  1 | ph:  0.0% | #CG/newton:    1 | ls (cap|max|inv|bt):  0| 0| 0| 0| runtime:  138.0 ms | cr:  551.9
    258. dt:  0.25 ms | #newton:  1 | ph:  0.0% | #CG/newton:    1 | ls (cap|max|inv|bt):  0| 0| 0| 0| runtime:  138.9 ms | cr:  555.4
    259. dt:  0.25 ms | #newton:  1 | ph:  0.0% | #CG/newton:    1 | ls (cap|max|inv|bt):  0| 0| 0| 0| runtime:  135.0 ms | cr:  540.2
    260. dt:  0.25 ms | #newton:  1 | ph:  0.0% | #CG/newton:    1 | ls (cap|max|inv|bt):  0| 0| 0| 0| runtime:  140.9 ms | cr:  563.6
    261. dt:  0.25 ms | #newton:  1 | ph:  0.0% | #CG/newton:    2 | ls (cap|max|inv|bt):  0| 0| 0| 0| runtime:  141.5 ms | cr:  566.0
    262. dt:  0.25 ms | #newton:  1 | ph:  0.0% | #CG/newton:    1 | ls (cap|max|inv|bt):  0| 0| 0| 0| runtime:  140.2 ms | cr:  560.7
    263. dt:  0.25 ms | #newton:  1 | ph:  0.0% | #CG/newton:    1 | ls (cap|max|inv|bt):  0| 0| 0| 0| runtime:  136.9 ms | cr:  547.7
    264. dt:  0.25 ms | #newton:  1 | ph:  0.0% | #CG/newton:    1 | ls (cap|max|inv|bt):  0| 0| 0| 0| runtime:  137.8 ms | cr:  551.0
    265. dt:  0.25 ms | #newton:  1 | ph:  0.0% | #CG/newton:    1 | ls (cap|max|inv|bt):  0| 0| 0| 0| runtime:  139.0 ms | cr:  555.8
    266. dt:  0.25 ms | #newton:  1 | ph:  0.0% | #CG/newton:    2 | ls (cap|max|inv|bt):  0| 0| 0| 0| runtime:  140.4 ms | cr:  561.7
[Frame: 2] Time: 0.067 s
    267. dt:  0.25 ms | #newton:  1 | ph:  0.0% | #CG/newton:    1 | ls (cap|max|inv|bt):  0| 0| 0| 0| runtime:  141.4 ms | cr:  565.5
    268. dt:  0.25 ms | #newton:  1 | ph:  0.0% | #CG/newton:    1 | ls (cap|max|inv|bt):  0| 0| 0| 0| runtime:  142.7 ms | cr:  570.8
    269. dt:  0.25 ms | #newton:  1 | ph:  0.0% | #CG/newton:    1 | ls (cap|max|inv|bt):  0| 0| 0| 0| runtime:  140.6 ms | cr:  562.5
    270. dt:  0.25 ms | #newton:  1 | ph:  0.0% | #CG/newton:    1 | ls (cap|max|inv|bt):  0| 0| 0| 0| runtime:  137.9 ms | cr:  551.6
    271. dt:  0.25 ms | #newton:  1 | ph:  0.0% | #CG/newton:    2 | ls (cap|max|inv|bt):  0| 0| 0| 0| runtime:  140.7 ms | cr:  562.8
    272. dt:  0.25 ms | #newton:  1 | ph:  0.0% | #CG/newton:    1 | ls (cap|max|inv|bt):  0| 0| 0| 0| runtime:  138.1 ms | cr:  552.2
    273. dt:  0.25 ms | #newton:  1 | ph:  0.0% | #CG/newton:    1 | ls (cap|max|inv|bt):  0| 0| 0| 0| runtime:  144.4 ms | cr:  577.4
    274. dt:  0.25 ms | #newton:  1 | ph:  0.0% | #CG/newton:    1 | ls (cap|max|inv|bt):  0| 0| 0| 0| runtime:  143.6 ms | cr:  574.5
    275. dt:  0.25 ms | #newton:  1 | ph:  0.0% | #CG/newton:    1 | ls (cap|max|inv|bt):  0| 0| 0| 0| runtime:  140.0 ms | cr:  560.1
    276. dt:  0.25 ms | #newton:  1 | ph:  0.0% | #CG/newton:    2 | ls (cap|max|inv|bt):  0| 0| 0| 0| runtime:  140.5 ms | cr:  562.0
    277. dt:  0.25 ms | #newton:  1 | ph:  0.0% | #CG/newton:    1 | ls (cap|max|inv|bt):  0| 0| 0| 0| runtime:  139.3 ms | cr:  557.0
    278. dt:  0.25 ms | #newton:  1 | ph:  0.0% | #CG/newton:    1 | ls (cap|max|inv|bt):  0| 0| 0| 0| runtime:  141.6 ms | cr:  566.4
    279. dt:  0.25 ms | #newton:  1 | ph:  0.0% | #CG/newton:    1 | ls (cap|max|inv|bt):  0| 0| 0| 0| runtime:  137.4 ms | cr:  549.4
    280. dt:  0.25 ms | #newton:  1 | ph:  0.0% | #CG/newton:    1 | ls (cap|max|inv|bt):  0| 0| 0| 0| runtime:  138.4 ms | cr:  553.7
    281. dt:  0.25 ms | #newton:  1 | ph:  0.0% | #CG/newton:    2 | ls (cap|max|inv|bt):  0| 0| 0| 0| runtime:  138.7 ms | cr:  554.9
    282. dt:  0.25 ms | #newton:  1 | ph:  0.0% | #CG/newton:    1 | ls (cap|max|inv|bt):  0| 0| 0| 0| runtime:  141.4 ms | cr:  565.6
    283. dt:  0.25 ms | #newton:  1 | ph:  0.0% | #CG/newton:    1 | ls (cap|max|inv|bt):  0| 0| 0| 0| runtime:  142.6 ms | cr:  570.2
    284. dt:  0.25 ms | #newton:  1 | ph:  0.0% | #CG/newton:    1 | ls (cap|max|inv|bt):  0| 0| 0| 0| runtime:  140.2 ms | cr:  560.8
    285. dt:  0.25 ms | #newton:  1 | ph:  0.0% | #CG/newton:    1 | ls (cap|max|inv|bt):  0| 0| 0| 0| runtime:  140.8 ms | cr:  563.4
    286. dt:  0.25 ms | #newton:  1 | ph:  0.0% | #CG/newton:    2 | ls (cap|max|inv|bt):  0| 0| 0| 0| runtime:  141.5 ms | cr:  566.1
    287. dt:  0.25 ms | #newton:  1 | ph:  0.0% | #CG/newton:    1 | ls (cap|max|inv|bt):  0| 0| 0| 0| runtime:  135.8 ms | cr:  543.2
    288. dt:  0.25 ms | #newton:  1 | ph:  0.0% | #CG/newton:    1 | ls (cap|max|inv|bt):  0| 0| 0| 0| runtime:  139.3 ms | cr:  557.2
    289. dt:  0.25 ms | #newton:  1 | ph:  0.0% | #CG/newton:    1 | ls (cap|max|inv|bt):  0| 0| 0| 0| runtime:  144.1 ms | cr:  576.4
    290. dt:  0.25 ms | #newton:  1 | ph:  0.0% | #CG/newton:    1 | ls (cap|max|inv|bt):  0| 0| 0| 0| runtime:  143.4 ms | cr:  573.4
    291. dt:  0.25 ms | #newton:  1 | ph:  0.0% | #CG/newton:    2 | ls (cap|max|inv|bt):  0| 0| 0| 0| runtime:  141.7 ms | cr:  566.8
    292. dt:  0.25 ms | #newton:  1 | ph:  0.0% | #CG/newton:    1 | ls (cap|max|inv|bt):  0| 0| 0| 0| runtime:  139.4 ms | cr:  557.6
    293. dt:  0.25 ms | #newton:  1 | ph:  0.0% | #CG/newton:    1 | ls (cap|max|inv|bt):  0| 0| 0| 0| runtime:  139.7 ms | cr:  558.9
    294. dt:  0.25 ms | #newton:  1 | ph:  0.0% | #CG/newton:    1 | ls (cap|max|inv|bt):  0| 0| 0| 0| runtime:  139.5 ms | cr:  558.1
    295. dt:  0.25 ms | #newton:  1 | ph:  0.0% | #CG/newton:    1 | ls (cap|max|inv|bt):  0| 0| 0| 0| runtime:  138.8 ms | cr:  555.4
    296. dt:  0.25 ms | #newton:  1 | ph:  0.0% | #CG/newton:    2 | ls (cap|max|inv|bt):  0| 0| 0| 0| runtime:  138.6 ms | cr:  554.5
    297. dt:  0.25 ms | #newton:  1 | ph:  0.0% | #CG/newton:    1 | ls (cap|max|inv|bt):  0| 0| 0| 0| runtime:  138.5 ms | cr:  553.8
    298. dt:  0.25 ms | #newton:  1 | ph:  0.0% | #CG/newton:    1 | ls (cap|max|inv|bt):  0| 0| 0| 0| runtime:  137.7 ms | cr:  550.8
    299. dt:  0.25 ms | #newton:  1 | ph:  0.0% | #CG/newton:    1 | ls (cap|max|inv|bt):  0| 0| 0| 0| runtime:  139.6 ms | cr:  558.3
    300. dt:  0.25 ms | #newton:  1 | ph:  0.0% | #CG/newton:    1 | ls (cap|max|inv|bt):  0| 0| 0| 0| runtime:  140.9 ms | cr:  563.5
    301. dt:  0.25 ms | #newton:  1 | ph:  0.0% | #CG/newton:    2 | ls (cap|max|inv|bt):  0| 0| 0| 0| runtime:  138.4 ms | cr:  553.5
    302. dt:  0.25 ms | #newton:  1 | ph:  0.0% | #CG/newton:    1 | ls (cap|max|inv|bt):  0| 0| 0| 0| runtime:  143.0 ms | cr:  572.2
    303. dt:  0.25 ms | #newton:  1 | ph:  0.0% | #CG/newton:    1 | ls (cap|max|inv|bt):  0| 0| 0| 0| runtime:  156.4 ms | cr:  625.5
    304. dt:  0.25 ms | #newton:  1 | ph:  0.0% | #CG/newton:    1 | ls (cap|max|inv|bt):  0| 0| 0| 0| runtime:  153.7 ms | cr:  614.9
    305. dt:  0.25 ms | #newton:  1 | ph:  0.0% | #CG/newton:    1 | ls (cap|max|inv|bt):  0| 0| 0| 0| runtime:  152.9 ms | cr:  611.5
    306. dt:  0.25 ms | #newton:  1 | ph:  0.0% | #CG/newton:    2 | ls (cap|max|inv|bt):  0| 0| 0| 0| runtime:  157.9 ms | cr:  631.4
    307. dt:  0.25 ms | #newton:  1 | ph:  0.0% | #CG/newton:    1 | ls (cap|max|inv|bt):  0| 0| 0| 0| runtime:  161.6 ms | cr:  646.5
    308. dt:  0.25 ms | #newton:  1 | ph:  0.0% | #CG/newton:    1 | ls (cap|max|inv|bt):  0| 0| 0| 0| runtime:  152.4 ms | cr:  609.5
    309. dt:  0.25 ms | #newton:  1 | ph:  0.0% | #CG/newton:    1 | ls (cap|max|inv|bt):  0| 0| 0| 0| runtime:  152.4 ms | cr:  609.7
    310. dt:  0.25 ms | #newton:  1 | ph:  0.0% | #CG/newton:    1 | ls (cap|max|inv|bt):  0| 0| 0| 0| runtime:  149.6 ms | cr:  598.3
    311. dt:  0.25 ms | #newton:  1 | ph:  0.0% | #CG/newton:    2 | ls (cap|max|inv|bt):  0| 0| 0| 0| runtime:  154.9 ms | cr:  619.5
    312. dt:  0.25 ms | #newton:  1 | ph:  0.0% | #CG/newton:    1 | ls (cap|max|inv|bt):  0| 0| 0| 0| runtime:  151.2 ms | cr:  604.9
    313. dt:  0.25 ms | #newton:  1 | ph:  0.0% | #CG/newton:    1 | ls (cap|max|inv|bt):  0| 0| 0| 0| runtime:  153.8 ms | cr:  615.1
    314. dt:  0.25 ms | #newton:  1 | ph:  0.0% | #CG/newton:    1 | ls (cap|max|inv|bt):  0| 0| 0| 0| runtime:  154.6 ms | cr:  618.3
    315. dt:  0.25 ms | #newton:  1 | ph:  0.0% | #CG/newton:    1 | ls (cap|max|inv|bt):  0| 0| 0| 0| runtime:  152.4 ms | cr:  609.5
    316. dt:  0.25 ms | #newton:  1 | ph:  0.0% | #CG/newton:    2 | ls (cap|max|inv|bt):  0| 0| 0| 0| runtime:  157.2 ms | cr:  628.8
    317. dt:  0.25 ms | #newton:  1 | ph:  0.0% | #CG/newton:    1 | ls (cap|max|inv|bt):  0| 0| 0| 0| runtime:  154.1 ms | cr:  616.3
    318. dt:  0.25 ms | #newton:  1 | ph:  0.0% | #CG/newton:  261 | ls (cap|max|inv|bt):  0| 0| 0| 0| runtime:  255.0 ms | cr: 1020.1
    319. dt:  0.25 ms | #newton:  1 | ph:  0.0% | #CG/newton:  457 | ls (cap|max|inv|bt):  0| 0| 0| 0| runtime:  332.5 ms | cr: 1329.9
    320. dt:  0.25 ms | #newton:  1 | ph:  0.0% | #CG/newton:  443 | ls (cap|max|inv|bt):  0| 0| 0| 0| runtime:  327.2 ms | cr: 1308.9
    321. dt:  0.25 ms | #newton:  1 | ph:  0.0% | #CG/newton:  505 | ls (cap|max|inv|bt):  0| 0| 0| 0| runtime:  345.4 ms | cr: 1381.7
    322. dt:  0.25 ms | #newton:  1 | ph:  0.0% | #CG/newton:  751 | ls (cap|max|inv|bt):  0| 0| 0| 0| runtime:  449.5 ms | cr: 1798.2
    323. dt:  0.25 ms | #newton:  1 | ph:  0.0% | #CG/newton:  886 | ls (cap|max|inv|bt):  0| 0| 0| 0| runtime:  507.2 ms | cr: 2028.9
    324. dt:  0.25 ms | #newton:  1 | ph:  0.0% | #CG/newton:  798 | ls (cap|max|inv|bt):  0| 0| 0| 0| runtime:  464.8 ms | cr: 1859.2
    325. dt:  0.25 ms | #newton:  1 | ph:  0.0% | #CG/newton:  828 | ls (cap|max|inv|bt):  0| 0| 0| 0| runtime:  470.7 ms | cr: 1882.7
    326. dt:  0.25 ms | #newton:  1 | ph:  0.0% | #CG/newton:  800 | ls (cap|max|inv|bt):  0| 0| 0| 0| runtime:  466.2 ms | cr: 1864.8
    327. dt:  0.25 ms | #newton:  1 | ph:  0.0% | #CG/newton:  831 | ls (cap|max|inv|bt):  0| 0| 0| 0| runtime:  480.5 ms | cr: 1922.1
    328. dt:  0.25 ms | #newton:  1 | ph:  0.0% | #CG/newton:  797 | ls (cap|max|inv|bt):  0| 0| 0| 0| runtime:  486.7 ms | cr: 1946.8
    329. dt:  0.25 ms | #newton:  1 | ph:  0.0% | #CG/newton:  875 | ls (cap|max|inv|bt):  0| 0| 0| 0| runtime:  500.9 ms | cr: 2003.6
    330. dt:  0.25 ms | #newton:  1 | ph:  0.0% | #CG/newton:  790 | ls (cap|max|inv|bt):  0| 0| 0| 0| runtime:  457.7 ms | cr: 1830.9
    331. dt:  0.25 ms | #newton:  1 | ph:  0.0% | #CG/newton:  728 | ls (cap|max|inv|bt):  0| 0| 0| 0| runtime:  442.4 ms | cr: 1769.7
    332. dt:  0.25 ms | #newton:  1 | ph:  0.0% | #CG/newton:  795 | ls (cap|max|inv|bt):  0| 0| 0| 0| runtime:  462.6 ms | cr: 1850.5
    333. dt:  0.25 ms | #newton:  1 | ph:  0.0% | #CG/newton:  725 | ls (cap|max|inv|bt):  0| 0| 0| 0| runtime:  441.6 ms | cr: 1766.5
    334. dt:  0.25 ms | #newton:  1 | ph:  0.0% | #CG/newton:  874 | ls (cap|max|inv|bt):  0| 0| 0| 0| runtime:  511.4 ms | cr: 2045.8
    335. dt:  0.25 ms | #newton:  1 | ph:  0.0% | #CG/newton:  795 | ls (cap|max|inv|bt):  0| 0| 0| 0| runtime:  476.6 ms | cr: 1906.5
    336. dt:  0.25 ms | #newton:  1 | ph:  0.0% | #CG/newton:  798 | ls (cap|max|inv|bt):  0| 0| 0| 0| runtime:  475.0 ms | cr: 1900.2
    337. dt:  0.25 ms | #newton:  1 | ph:  0.0% | #CG/newton:  800 | ls (cap|max|inv|bt):  0| 0| 0| 0| runtime:  480.3 ms | cr: 1921.4
    338. dt:  0.25 ms | #newton:  1 | ph:  0.0% | #CG/newton:  801 | ls (cap|max|inv|bt):  0| 0| 0| 0| runtime:  487.1 ms | cr: 1948.5
    339. dt:  0.25 ms | #newton:  1 | ph:  0.0% | #CG/newton:  853 | ls (cap|max|inv|bt):  0| 0| 0| 0| runtime:  484.7 ms | cr: 1938.7
    340. dt:  0.25 ms | #newton:  1 | ph:  0.0% | #CG/newton:  779 | ls (cap|max|inv|bt):  0| 0| 0| 0| runtime:  454.8 ms | cr: 1819.1
    341. dt:  0.25 ms | #newton:  1 | ph:  0.0% | #CG/newton:  875 | ls (cap|max|inv|bt):  0| 0| 0| 0| runtime:  487.0 ms | cr: 1948.0
    342. dt:  0.25 ms | #newton:  1 | ph:  0.0% | #CG/newton:  790 | ls (cap|max|inv|bt):  0| 0| 0| 0| runtime:  467.5 ms | cr: 1870.0
    343. dt:  0.25 ms | #newton:  1 | ph:  0.0% | #CG/newton:  879 | ls (cap|max|inv|bt):  0| 0| 0| 0| runtime:  501.3 ms | cr: 2005.1
    344. dt:  0.25 ms | #newton:  1 | ph:  0.0% | #CG/newton:  795 | ls (cap|max|inv|bt):  0| 0| 0| 0| runtime:  478.2 ms | cr: 1912.9
    345. dt:  0.25 ms | #newton:  1 | ph:  0.0% | #CG/newton:  819 | ls (cap|max|inv|bt):  0| 0| 0| 0| runtime:  472.3 ms | cr: 1889.2
    346. dt:  0.25 ms | #newton:  1 | ph:  0.0% | #CG/newton:  794 | ls (cap|max|inv|bt):  0| 0| 0| 0| runtime:  488.9 ms | cr: 1955.8
    347. dt:  0.25 ms | #newton:  1 | ph:  0.0% | #CG/newton:  826 | ls (cap|max|inv|bt):  0| 0| 0| 0| runtime:  505.6 ms | cr: 2022.5
    348. dt:  0.25 ms | #newton:  1 | ph:  0.0% | #CG/newton:  795 | ls (cap|max|inv|bt):  0| 0| 0| 0| runtime:  489.1 ms | cr: 1956.5
    349. dt:  0.25 ms | #newton:  1 | ph:  0.0% | #CG/newton:  872 | ls (cap|max|inv|bt):  0| 0| 0| 0| runtime:  507.6 ms | cr: 2030.4
    350. dt:  0.25 ms | #newton:  1 | ph:  0.0% | #CG/newton:  813 | ls (cap|max|inv|bt):  0| 0| 0| 0| runtime:  478.4 ms | cr: 1913.8
    351. dt:  0.25 ms | #newton:  1 | ph:  0.0% | #CG/newton:  869 | ls (cap|max|inv|bt):  0| 0| 0| 0| runtime:  496.5 ms | cr: 1985.9
    352. dt:  0.25 ms | #newton:  1 | ph:  0.0% | #CG/newton:  786 | ls (cap|max|inv|bt):  0| 0| 0| 0| runtime:  464.6 ms | cr: 1858.5
    353. dt:  0.25 ms | #newton:  1 | ph:  0.0% | #CG/newton:  794 | ls (cap|max|inv|bt):  0| 0| 0| 0| runtime:  464.3 ms | cr: 1857.3
    354. dt:  0.25 ms | #newton:  1 | ph:  0.0% | #CG/newton:  795 | ls (cap|max|inv|bt):  0| 0| 0| 0| runtime:  467.5 ms | cr: 1869.9
    355. dt:  0.25 ms | #newton:  1 | ph:  0.0% | #CG/newton:  796 | ls (cap|max|inv|bt):  0| 0| 0| 0| runtime:  469.6 ms | cr: 1878.5
    356. dt:  0.25 ms | #newton:  1 | ph:  0.0% | #CG/newton:  808 | ls (cap|max|inv|bt):  0| 0| 0| 0| runtime:  471.3 ms | cr: 1885.1
    357. dt:  0.25 ms | #newton:  1 | ph:  0.0% | #CG/newton:  818 | ls (cap|max|inv|bt):  0| 0| 0| 0| runtime:  482.1 ms | cr: 1928.3
    358. dt:  0.25 ms | #newton:  1 | ph:  0.0% | #CG/newton:  873 | ls (cap|max|inv|bt):  0| 0| 0| 0| runtime:  502.0 ms | cr: 2008.0
    359. dt:  0.25 ms | #newton:  1 | ph:  0.0% | #CG/newton:  788 | ls (cap|max|inv|bt):  0| 0| 0| 0| runtime:  464.4 ms | cr: 1857.6
    360. dt:  0.25 ms | #newton:  1 | ph:  0.0% | #CG/newton:  875 | ls (cap|max|inv|bt):  0| 0| 0| 0| runtime:  504.8 ms | cr: 2019.4
    361. dt:  0.25 ms | #newton:  1 | ph:  0.0% | #CG/newton:  792 | ls (cap|max|inv|bt):  0| 0| 0| 0| runtime:  479.8 ms | cr: 1919.1
    362. dt:  0.25 ms | #newton:  1 | ph:  0.0% | #CG/newton:  823 | ls (cap|max|inv|bt):  0| 0| 0| 0| runtime:  481.8 ms | cr: 1927.1
    363. dt:  0.25 ms | #newton:  1 | ph:  0.0% | #CG/newton:  795 | ls (cap|max|inv|bt):  0| 0| 0| 0| runtime:  461.6 ms | cr: 1846.4
    364. dt:  0.25 ms | #newton:  1 | ph:  0.0% | #CG/newton:  892 | ls (cap|max|inv|bt):  0| 0| 0| 0| runtime:  508.3 ms | cr: 2033.0
    365. dt:  0.25 ms | #newton:  1 | ph:  0.0% | #CG/newton:  795 | ls (cap|max|inv|bt):  0| 0| 0| 0| runtime:  462.4 ms | cr: 1849.5
    366. dt:  0.25 ms | #newton:  1 | ph:  0.0% | #CG/newton:  796 | ls (cap|max|inv|bt):  0| 0| 0| 0| runtime:  460.9 ms | cr: 1843.6
    367. dt:  0.25 ms | #newton:  1 | ph:  0.0% | #CG/newton:  797 | ls (cap|max|inv|bt):  0| 0| 0| 0| runtime:  468.4 ms | cr: 1873.7
    368. dt:  0.25 ms | #newton:  1 | ph:  0.0% | #CG/newton:  878 | ls (cap|max|inv|bt):  0| 0| 0| 0| runtime:  500.9 ms | cr: 2003.5
    369. dt:  0.25 ms | #newton:  1 | ph:  0.0% | #CG/newton:  792 | ls (cap|max|inv|bt):  0| 0| 0| 0| runtime:  459.4 ms | cr: 1837.6
    370. dt:  0.25 ms | #newton:  1 | ph:  0.0% | #CG/newton:  789 | ls (cap|max|inv|bt):  0| 0| 0| 0| runtime:  455.7 ms | cr: 1822.9
    371. dt:  0.25 ms | #newton:  1 | ph:  0.0% | #CG/newton:  782 | ls (cap|max|inv|bt):  0| 0| 0| 0| runtime:  455.4 ms | cr: 1821.5
    372. dt:  0.25 ms | #newton:  1 | ph:  0.0% | #CG/newton:  782 | ls (cap|max|inv|bt):  0| 0| 0| 0| runtime:  459.2 ms | cr: 1836.8
    373. dt:  0.25 ms | #newton:  1 | ph:  0.0% | #CG/newton:  776 | ls (cap|max|inv|bt):  0| 0| 0| 0| runtime:  461.1 ms | cr: 1844.3
    374. dt:  0.25 ms | #newton:  1 | ph:  0.0% | #CG/newton:  789 | ls (cap|max|inv|bt):  0| 0| 0| 0| runtime:  462.1 ms | cr: 1848.4
    375. dt:  0.25 ms | #newton:  1 | ph:  0.0% | #CG/newton:  820 | ls (cap|max|inv|bt):  0| 0| 0| 0| runtime:  468.7 ms | cr: 1875.0
    376. dt:  0.25 ms | #newton:  1 | ph:  0.0% | #CG/newton:  793 | ls (cap|max|inv|bt):  0| 0| 0| 0| runtime:  462.6 ms | cr: 1850.6
    377. dt:  0.25 ms | #newton:  1 | ph:  0.0% | #CG/newton:  880 | ls (cap|max|inv|bt):  0| 0| 0| 0| runtime:  491.7 ms | cr: 1966.8
    378. dt:  0.25 ms | #newton:  1 | ph:  0.0% | #CG/newton:  789 | ls (cap|max|inv|bt):  0| 0| 0| 0| runtime:  460.4 ms | cr: 1841.6
    379. dt:  0.25 ms | #newton:  1 | ph:  0.0% | #CG/newton:  803 | ls (cap|max|inv|bt):  0| 0| 0| 0| runtime:  464.7 ms | cr: 1858.9
    380. dt:  0.25 ms | #newton:  1 | ph:  0.0% | #CG/newton:  871 | ls (cap|max|inv|bt):  0| 0| 0| 0| runtime:  487.4 ms | cr: 1949.5
    381. dt:  0.25 ms | #newton:  1 | ph:  0.0% | #CG/newton:  756 | ls (cap|max|inv|bt):  0| 0| 0| 0| runtime:  443.0 ms | cr: 1772.1
    382. dt:  0.25 ms | #newton:  1 | ph:  0.0% | #CG/newton:  810 | ls (cap|max|inv|bt):  0| 0| 0| 0| runtime:  472.7 ms | cr: 1890.8
    383. dt:  0.25 ms | #newton:  1 | ph:  0.0% | #CG/newton:  746 | ls (cap|max|inv|bt):  0| 0| 0| 0| runtime:  437.7 ms | cr: 1750.9
    384. dt:  0.25 ms | #newton:  1 | ph:  0.0% | #CG/newton:  772 | ls (cap|max|inv|bt):  0| 0| 0| 0| runtime:  464.0 ms | cr: 1856.1
    385. dt:  0.25 ms | #newton:  1 | ph:  0.0% | #CG/newton:  746 | ls (cap|max|inv|bt):  0| 0| 0| 0| runtime:  446.8 ms | cr: 1787.3
    386. dt:  0.25 ms | #newton:  1 | ph:  0.0% | #CG/newton:  814 | ls (cap|max|inv|bt):  0| 0| 0| 0| runtime:  472.5 ms | cr: 1890.1
    387. dt:  0.25 ms | #newton:  1 | ph:  0.0% | #CG/newton:  815 | ls (cap|max|inv|bt):  0| 0| 0| 0| runtime:  484.5 ms | cr: 1937.8
    388. dt:  0.25 ms | #newton:  1 | ph:  0.0% | #CG/newton:  829 | ls (cap|max|inv|bt):  0| 0| 0| 0| runtime:  477.8 ms | cr: 1911.2
    389. dt:  0.25 ms | #newton:  1 | ph:  0.0% | #CG/newton:  801 | ls (cap|max|inv|bt):  0| 0| 0| 0| runtime:  463.7 ms | cr: 1854.8
    390. dt:  0.25 ms | #newton:  1 | ph:  0.0% | #CG/newton:  892 | ls (cap|max|inv|bt):  0| 0| 0| 0| runtime:  500.8 ms | cr: 2003.3
    391. dt:  0.25 ms | #newton:  1 | ph:  0.0% | #CG/newton:  788 | ls (cap|max|inv|bt):  0| 0| 0| 0| runtime:  464.9 ms | cr: 1859.8
    392. dt:  0.25 ms | #newton:  1 | ph:  0.0% | #CG/newton:  812 | ls (cap|max|inv|bt):  0| 0| 0| 0| runtime:  470.9 ms | cr: 1883.7
    393. dt:  0.25 ms | #newton:  1 | ph:  0.0% | #CG/newton:  822 | ls (cap|max|inv|bt):  0| 0| 0| 0| runtime:  468.6 ms | cr: 1874.4
    394. dt:  0.25 ms | #newton:  1 | ph:  0.0% | #CG/newton:  819 | ls (cap|max|inv|bt):  0| 0| 0| 0| runtime:  470.4 ms | cr: 1881.7
    395. dt:  0.25 ms | #newton:  1 | ph:  0.0% | #CG/newton:  926 | ls (cap|max|inv|bt):  0| 0| 0| 0| runtime:  522.2 ms | cr: 2088.7
    396. dt:  0.25 ms | #newton:  1 | ph:  0.0% | #CG/newton: 1149 | ls (cap|max|inv|bt):  0| 0| 0| 0| runtime:  600.2 ms | cr: 2400.7
    397. dt:  0.25 ms | #newton:  1 | ph:  0.0% | #CG/newton:  758 | ls (cap|max|inv|bt):  0| 0| 0| 0| runtime:  443.6 ms | cr: 1774.4
    398. dt:  0.25 ms | #newton:  1 | ph:  0.0% | #CG/newton: 1168 | ls (cap|max|inv|bt):  0| 0| 0| 0| runtime:  616.9 ms | cr: 2467.6
    399. dt:  0.25 ms | #newton:  1 | ph:  0.0% | #CG/newton: 1149 | ls (cap|max|inv|bt):  0| 0| 0| 0| runtime:  603.2 ms | cr: 2412.8
    400. dt:  0.25 ms | #newton:  1 | ph:  0.0% | #CG/newton: 1188 | ls (cap|max|inv|bt):  0| 0| 0| 0| runtime:  627.6 ms | cr: 2510.3
[Frame: 3] Time: 0.100 s
    401. dt:  0.25 ms | #newton:  1 | ph:  0.0% | #CG/newton: 1049 | ls (cap|max|inv|bt):  0| 0| 0| 0| runtime:  559.9 ms | cr: 2239.6
    402. dt:  0.25 ms | #newton:  1 | ph:  0.0% | #CG/newton:  809 | ls (cap|max|inv|bt):  0| 0| 0| 0| runtime:  473.0 ms | cr: 1892.0
    403. dt:  0.25 ms | #newton:  1 | ph:  0.0% | #CG/newton:  815 | ls (cap|max|inv|bt):  0| 0| 0| 0| runtime:  477.4 ms | cr: 1909.7
    404. dt:  0.25 ms | #newton:  1 | ph:  0.0% | #CG/newton:  820 | ls (cap|max|inv|bt):  0| 0| 0| 0| runtime:  473.7 ms | cr: 1894.9
    405. dt:  0.25 ms | #newton:  1 | ph:  0.0% | #CG/newton:  824 | ls (cap|max|inv|bt):  0| 0| 0| 0| runtime:  469.0 ms | cr: 1876.0
    406. dt:  0.25 ms | #newton:  1 | ph:  0.0% | #CG/newton: 1033 | ls (cap|max|inv|bt):  0| 0| 0| 0| runtime:  563.4 ms | cr: 2253.5
    407. dt:  0.25 ms | #newton:  1 | ph:  0.0% | #CG/newton: 1126 | ls (cap|max|inv|bt):  0| 0| 0| 0| runtime:  606.8 ms | cr: 2427.4
    408. dt:  0.25 ms | #newton:  1 | ph:  0.0% | #CG/newton:  823 | ls (cap|max|inv|bt):  0| 0| 0| 0| runtime:  474.5 ms | cr: 1898.1
    409. dt:  0.25 ms | #newton:  1 | ph:  0.0% | #CG/newton: 1143 | ls (cap|max|inv|bt):  0| 0| 0| 0| runtime:  616.6 ms | cr: 2466.2
    410. dt:  0.25 ms | #newton:  1 | ph:  0.0% | #CG/newton: 1047 | ls (cap|max|inv|bt):  0| 0| 0| 0| runtime:  560.3 ms | cr: 2241.3
    411. dt:  0.25 ms | #newton:  1 | ph:  0.0% | #CG/newton: 1182 | ls (cap|max|inv|bt):  0| 0| 0| 0| runtime:  611.2 ms | cr: 2444.8
    412. dt:  0.25 ms | #newton:  1 | ph:  0.0% | #CG/newton:  770 | ls (cap|max|inv|bt):  0| 0| 0| 0| runtime:  452.4 ms | cr: 1809.4
    413. dt:  0.25 ms | #newton:  1 | ph:  0.0% | #CG/newton:  830 | ls (cap|max|inv|bt):  0| 0| 0| 0| runtime:  479.5 ms | cr: 1917.9
    414. dt:  0.25 ms | #newton:  1 | ph:  0.0% | #CG/newton:  827 | ls (cap|max|inv|bt):  0| 0| 0| 0| runtime:  473.1 ms | cr: 1892.5
    415. dt:  0.25 ms | #newton:  1 | ph:  0.0% | #CG/newton:  808 | ls (cap|max|inv|bt):  0| 0| 0| 0| runtime:  464.8 ms | cr: 1859.4
    416. dt:  0.25 ms | #newton:  1 | ph:  0.0% | #CG/newton:  772 | ls (cap|max|inv|bt):  0| 0| 0| 0| runtime:  456.1 ms | cr: 1824.4
    417. dt:  0.25 ms | #newton:  1 | ph:  0.0% | #CG/newton:  829 | ls (cap|max|inv|bt):  0| 0| 0| 0| runtime:  477.6 ms | cr: 1910.3
    418. dt:  0.25 ms | #newton:  1 | ph:  0.0% | #CG/newton:  799 | ls (cap|max|inv|bt):  0| 0| 0| 0| runtime:  461.6 ms | cr: 1846.6
    419. dt:  0.25 ms | #newton:  1 | ph:  0.0% | #CG/newton:  774 | ls (cap|max|inv|bt):  0| 0| 0| 0| runtime:  463.0 ms | cr: 1852.0
    420. dt:  0.25 ms | #newton:  1 | ph:  0.0% | #CG/newton:  831 | ls (cap|max|inv|bt):  0| 0| 0| 0| runtime:  483.7 ms | cr: 1934.7
    421. dt:  0.25 ms | #newton:  1 | ph:  0.0% | #CG/newton:  805 | ls (cap|max|inv|bt):  0| 0| 0| 0| runtime:  476.0 ms | cr: 1904.0
    422. dt:  0.25 ms | #newton:  1 | ph:  0.0% | #CG/newton:  833 | ls (cap|max|inv|bt):  0| 0| 0| 0| runtime:  487.3 ms | cr: 1949.0
    423. dt:  0.25 ms | #newton:  1 | ph:  0.0% | #CG/newton:  848 | ls (cap|max|inv|bt):  0| 0| 0| 0| runtime:  482.8 ms | cr: 1931.2
    424. dt:  0.25 ms | #newton:  1 | ph:  0.0% | #CG/newton:  934 | ls (cap|max|inv|bt):  0| 0| 0| 0| runtime:  533.3 ms | cr: 2133.2
    425. dt:  0.25 ms | #newton:  1 | ph:  0.0% | #CG/newton:  805 | ls (cap|max|inv|bt):  0| 0| 0| 0| runtime:  470.3 ms | cr: 1881.2
    426. dt:  0.25 ms | #newton:  1 | ph:  0.0% | #CG/newton:  935 | ls (cap|max|inv|bt):  0| 0| 0| 0| runtime:  532.4 ms | cr: 2129.6
    427. dt:  0.25 ms | #newton:  1 | ph:  0.0% | #CG/newton:  833 | ls (cap|max|inv|bt):  0| 0| 0| 0| runtime:  498.7 ms | cr: 1994.9
    428. dt:  0.25 ms | #newton:  1 | ph:  0.0% | #CG/newton:  834 | ls (cap|max|inv|bt):  0| 0| 0| 0| runtime:  487.7 ms | cr: 1951.0
    429. dt:  0.25 ms | #newton:  1 | ph:  0.0% | #CG/newton:  838 | ls (cap|max|inv|bt):  0| 0| 0| 0| runtime:  486.4 ms | cr: 1945.5
    430. dt:  0.25 ms | #newton:  1 | ph:  0.0% | #CG/newton:  918 | ls (cap|max|inv|bt):  0| 0| 0| 0| runtime:  514.7 ms | cr: 2058.8
    431. dt:  0.25 ms | #newton:  1 | ph:  0.0% | #CG/newton:  836 | ls (cap|max|inv|bt):  0| 0| 0| 0| runtime:  483.4 ms | cr: 1933.7
    432. dt:  0.25 ms | #newton:  1 | ph:  0.0% | #CG/newton:  836 | ls (cap|max|inv|bt):  0| 0| 0| 0| runtime:  477.8 ms | cr: 1911.1
    433. dt:  0.25 ms | #newton:  1 | ph:  0.0% | #CG/newton:  914 | ls (cap|max|inv|bt):  0| 0| 0| 0| runtime:  515.7 ms | cr: 2062.8
    434. dt:  0.25 ms | #newton:  1 | ph:  0.0% | #CG/newton:  837 | ls (cap|max|inv|bt):  0| 0| 0| 0| runtime:  487.0 ms | cr: 1947.9
    435. dt:  0.25 ms | #newton:  1 | ph:  0.0% | #CG/newton:  908 | ls (cap|max|inv|bt):  0| 0| 0| 0| runtime:  519.6 ms | cr: 2078.3
    436. dt:  0.25 ms | #newton:  1 | ph:  0.0% | #CG/newton:  834 | ls (cap|max|inv|bt):  0| 0| 0| 0| runtime:  482.6 ms | cr: 1930.3
    437. dt:  0.25 ms | #newton:  1 | ph:  0.0% | #CG/newton:  921 | ls (cap|max|inv|bt):  0| 0| 0| 0| runtime:  516.0 ms | cr: 2063.9
    438. dt:  0.25 ms | #newton:  1 | ph:  0.0% | #CG/newton:  838 | ls (cap|max|inv|bt):  0| 0| 0| 0| runtime:  483.9 ms | cr: 1935.7
    439. dt:  0.25 ms | #newton:  1 | ph:  0.0% | #CG/newton:  921 | ls (cap|max|inv|bt):  0| 0| 0| 0| runtime:  518.3 ms | cr: 2073.3
    440. dt:  0.25 ms | #newton:  1 | ph:  0.0% | #CG/newton:  836 | ls (cap|max|inv|bt):  0| 0| 0| 0| runtime:  491.3 ms | cr: 1965.0
    441. dt:  0.25 ms | #newton:  1 | ph:  0.0% | #CG/newton:  862 | ls (cap|max|inv|bt):  0| 0| 0| 0| runtime:  504.1 ms | cr: 2016.6
    442. dt:  0.25 ms | #newton:  1 | ph:  0.0% | #CG/newton:  931 | ls (cap|max|inv|bt):  0| 0| 0| 0| runtime:  526.1 ms | cr: 2104.2
    443. dt:  0.25 ms | #newton:  1 | ph:  0.0% | #CG/newton:  834 | ls (cap|max|inv|bt):  0| 0| 0| 0| runtime:  489.9 ms | cr: 1959.6
    444. dt:  0.25 ms | #newton:  1 | ph:  0.0% | #CG/newton:  843 | ls (cap|max|inv|bt):  0| 0| 0| 0| runtime:  495.0 ms | cr: 1980.0
    445. dt:  0.25 ms | #newton:  1 | ph:  0.0% | #CG/newton:  927 | ls (cap|max|inv|bt):  0| 0| 0| 0| runtime:  524.7 ms | cr: 2098.7
    446. dt:  0.25 ms | #newton:  1 | ph:  0.0% | #CG/newton:  834 | ls (cap|max|inv|bt):  0| 0| 0| 0| runtime:  495.4 ms | cr: 1981.7
    447. dt:  0.25 ms | #newton:  1 | ph:  0.0% | #CG/newton:  832 | ls (cap|max|inv|bt):  0| 0| 0| 0| runtime:  484.9 ms | cr: 1939.6
    448. dt:  0.25 ms | #newton:  1 | ph:  0.0% | #CG/newton:  833 | ls (cap|max|inv|bt):  0| 0| 0| 0| runtime:  485.4 ms | cr: 1941.7
    449. dt:  0.25 ms | #newton:  1 | ph:  0.0% | #CG/newton:  838 | ls (cap|max|inv|bt):  0| 0| 0| 0| runtime:  492.3 ms | cr: 1969.0
    450. dt:  0.25 ms | #newton:  1 | ph:  0.0% | #CG/newton:  933 | ls (cap|max|inv|bt):  0| 0| 0| 0| runtime:  537.3 ms | cr: 2149.1
    451. dt:  0.25 ms | #newton:  1 | ph:  0.0% | #CG/newton:  803 | ls (cap|max|inv|bt):  0| 0| 0| 0| runtime:  477.0 ms | cr: 1908.1
    452. dt:  0.25 ms | #newton:  1 | ph:  0.0% | #CG/newton:  834 | ls (cap|max|inv|bt):  0| 0| 0| 0| runtime:  488.3 ms | cr: 1953.0
    453. dt:  0.25 ms | #newton:  1 | ph:  0.0% | #CG/newton:  765 | ls (cap|max|inv|bt):  0| 0| 0| 0| runtime:  460.9 ms | cr: 1843.6
    454. dt:  0.25 ms | #newton:  1 | ph:  0.0% | #CG/newton:  832 | ls (cap|max|inv|bt):  0| 0| 0| 0| runtime:  486.8 ms | cr: 1947.1
    455. dt:  0.25 ms | #newton:  1 | ph:  0.0% | #CG/newton:  749 | ls (cap|max|inv|bt):  0| 0| 0| 0| runtime:  452.2 ms | cr: 1809.0
    456. dt:  0.25 ms | #newton:  1 | ph:  0.0% | #CG/newton:  833 | ls (cap|max|inv|bt):  0| 0| 0| 0| runtime:  489.4 ms | cr: 1957.7
    457. dt:  0.25 ms | #newton:  1 | ph:  0.0% | #CG/newton:  830 | ls (cap|max|inv|bt):  0| 0| 0| 0| runtime:  495.0 ms | cr: 1980.1
    458. dt:  0.25 ms | #newton:  1 | ph:  0.0% | #CG/newton:  836 | ls (cap|max|inv|bt):  0| 0| 0| 0| runtime:  491.4 ms | cr: 1965.7
    459. dt:  0.25 ms | #newton:  1 | ph:  0.0% | #CG/newton:  835 | ls (cap|max|inv|bt):  0| 0| 0| 0| runtime:  485.0 ms | cr: 1940.0
    460. dt:  0.25 ms | #newton:  1 | ph:  0.0% | #CG/newton:  840 | ls (cap|max|inv|bt):  0| 0| 0| 0| runtime:  490.6 ms | cr: 1962.3
    461. dt:  0.25 ms | #newton:  1 | ph:  0.0% | #CG/newton:  840 | ls (cap|max|inv|bt):  0| 0| 0| 0| runtime:  494.2 ms | cr: 1976.6
    462. dt:  0.25 ms | #newton:  1 | ph:  0.0% | #CG/newton:  907 | ls (cap|max|inv|bt):  0| 0| 0| 0| runtime:  515.8 ms | cr: 2063.2
    463. dt:  0.25 ms | #newton:  1 | ph:  0.0% | #CG/newton:  832 | ls (cap|max|inv|bt):  0| 0| 0| 0| runtime:  480.6 ms | cr: 1922.4
    464. dt:  0.25 ms | #newton:  1 | ph:  0.0% | #CG/newton:  833 | ls (cap|max|inv|bt):  0| 0| 0| 0| runtime:  489.0 ms | cr: 1956.0
    465. dt:  0.25 ms | #newton:  1 | ph:  0.0% | #CG/newton:  787 | ls (cap|max|inv|bt):  0| 0| 0| 0| runtime:  470.6 ms | cr: 1882.3
    466. dt:  0.25 ms | #newton:  1 | ph:  0.0% | #CG/newton:  921 | ls (cap|max|inv|bt):  0| 0| 0| 0| runtime:  522.1 ms | cr: 2088.6
    467. dt:  0.25 ms | #newton:  1 | ph:  0.0% | #CG/newton:  832 | ls (cap|max|inv|bt):  0| 0| 0| 0| runtime:  499.4 ms | cr: 1997.5
    468. dt:  0.25 ms | #newton:  1 | ph:  0.0% | #CG/newton:  859 | ls (cap|max|inv|bt):  0| 0| 0| 0| runtime:  499.2 ms | cr: 1996.7
    469. dt:  0.25 ms | #newton:  1 | ph:  0.0% | #CG/newton:  912 | ls (cap|max|inv|bt):  0| 0| 0| 0| runtime:  509.6 ms | cr: 2038.5
    470. dt:  0.25 ms | #newton:  1 | ph:  0.0% | #CG/newton:  837 | ls (cap|max|inv|bt):  0| 0| 0| 0| runtime:  484.2 ms | cr: 1936.6
    471. dt:  0.25 ms | #newton:  1 | ph:  0.0% | #CG/newton:  924 | ls (cap|max|inv|bt):  0| 0| 0| 0| runtime:  521.9 ms | cr: 2087.5
    472. dt:  0.25 ms | #newton:  1 | ph:  0.0% | #CG/newton:  833 | ls (cap|max|inv|bt):  0| 0| 0| 0| runtime:  488.5 ms | cr: 1954.2
    473. dt:  0.25 ms | #newton:  1 | ph:  0.0% | #CG/newton:  921 | ls (cap|max|inv|bt):  0| 0| 0| 0| runtime:  526.5 ms | cr: 2106.1
    474. dt:  0.25 ms | #newton:  1 | ph:  0.0% | #CG/newton:  833 | ls (cap|max|inv|bt):  0| 0| 0| 0| runtime:  490.5 ms | cr: 1962.1
    475. dt:  0.25 ms | #newton:  1 | ph:  0.0% | #CG/newton:  878 | ls (cap|max|inv|bt):  0| 0| 0| 0| runtime:  499.7 ms | cr: 1998.9
    476. dt:  0.25 ms | #newton:  1 | ph:  0.0% | #CG/newton:  827 | ls (cap|max|inv|bt):  0| 0| 0| 0| runtime:  484.5 ms | cr: 1938.0
    477. dt:  0.25 ms | #newton:  1 | ph:  0.0% | #CG/newton:  908 | ls (cap|max|inv|bt):  0| 0| 0| 0| runtime:  514.4 ms | cr: 2057.7
    478. dt:  0.25 ms | #newton:  1 | ph:  0.0% | #CG/newton:  831 | ls (cap|max|inv|bt):  0| 0| 0| 0| runtime:  495.4 ms | cr: 1981.7
    479. dt:  0.25 ms | #newton:  1 | ph:  0.0% | #CG/newton:  839 | ls (cap|max|inv|bt):  0| 0| 0| 0| runtime:  503.6 ms | cr: 2014.2
    480. dt:  0.25 ms | #newton:  1 | ph:  0.0% | #CG/newton:  907 | ls (cap|max|inv|bt):  0| 0| 0| 0| runtime:  535.2 ms | cr: 2140.7
    481. dt:  0.25 ms | #newton:  1 | ph:  0.0% | #CG/newton:  836 | ls (cap|max|inv|bt):  0| 0| 0| 0| runtime:  516.4 ms | cr: 2065.5
    482. dt:  0.25 ms | #newton:  2 | ph:  0.0% | #CG/newton: 1148 | ls (cap|max|inv|bt):  0| 0| 0| 0| runtime: 1140.0 ms | cr: 4560.1
    483. dt:  0.25 ms | #newton:  1 | ph:  0.0% | #CG/newton: 1254 | ls (cap|max|inv|bt):  0| 0| 0| 0| runtime:  642.6 ms | cr: 2570.5
    484. dt:  0.25 ms | #newton:  1 | ph:  0.0% | #CG/newton: 1195 | ls (cap|max|inv|bt):  0| 0| 0| 0| runtime:  623.3 ms | cr: 2493.4
    485. dt:  0.25 ms | #newton:  1 | ph:  0.0% | #CG/newton: 1253 | ls (cap|max|inv|bt):  0| 0| 0| 0| runtime:  644.4 ms | cr: 2577.6
    486. dt:  0.25 ms | #newton:  1 | ph:  0.0% | #CG/newton: 1267 | ls (cap|max|inv|bt):  0| 0| 0| 0| runtime:  642.9 ms | cr: 2571.6
    487. dt:  0.25 ms | #newton:  1 | ph:  0.0% | #CG/newton: 1216 | ls (cap|max|inv|bt):  0| 0| 0| 0| runtime:  632.4 ms | cr: 2529.5
    488. dt:  0.25 ms | #newton:  1 | ph:  0.0% | #CG/newton: 1247 | ls (cap|max|inv|bt):  0| 0| 0| 0| runtime:  649.2 ms | cr: 2597.0
    489. dt:  0.25 ms | #newton:  1 | ph:  0.0% | #CG/newton: 1248 | ls (cap|max|inv|bt):  0| 0| 0| 0| runtime:  651.7 ms | cr: 2607.0
    490. dt:  0.25 ms | #newton:  1 | ph:  0.0% | #CG/newton: 1243 | ls (cap|max|inv|bt):  0| 0| 0| 0| runtime:  640.9 ms | cr: 2563.6
    491. dt:  0.25 ms | #newton:  1 | ph:  0.0% | #CG/newton: 1248 | ls (cap|max|inv|bt):  0| 0| 0| 0| runtime:  657.0 ms | cr: 2628.1
    492. dt:  0.25 ms | #newton:  1 | ph:  0.0% | #CG/newton: 1237 | ls (cap|max|inv|bt):  0| 0| 0| 0| runtime:  638.8 ms | cr: 2555.1
    493. dt:  0.25 ms | #newton:  1 | ph:  0.0% | #CG/newton: 1269 | ls (cap|max|inv|bt):  0| 0| 0| 0| runtime:  651.9 ms | cr: 2607.5
    494. dt:  0.25 ms | #newton:  1 | ph:  0.0% | #CG/newton: 1218 | ls (cap|max|inv|bt):  0| 0| 0| 0| runtime:  640.3 ms | cr: 2561.1
    495. dt:  0.25 ms | #newton:  1 | ph:  0.0% | #CG/newton: 1262 | ls (cap|max|inv|bt):  0| 0| 0| 0| runtime:  660.9 ms | cr: 2643.8
    496. dt:  0.25 ms | #newton:  1 | ph:  0.0% | #CG/newton: 1223 | ls (cap|max|inv|bt):  0| 0| 0| 0| runtime:  636.1 ms | cr: 2544.6
    497. dt:  0.25 ms | #newton:  1 | ph:  0.0% | #CG/newton:  839 | ls (cap|max|inv|bt):  0| 0| 0| 0| runtime:  502.4 ms | cr: 2009.7
    498. dt:  0.25 ms | #newton:  1 | ph:  0.0% | #CG/newton:  843 | ls (cap|max|inv|bt):  0| 0| 0| 0| runtime:  488.6 ms | cr: 1954.5
    499. dt:  0.25 ms | #newton:  1 | ph:  0.0% | #CG/newton: 1232 | ls (cap|max|inv|bt):  0| 0| 0| 0| runtime:  642.8 ms | cr: 2571.1
    500. dt:  0.25 ms | #newton:  1 | ph:  0.0% | #CG/newton: 1272 | ls (cap|max|inv|bt):  0| 0| 0| 0| runtime:  673.0 ms | cr: 2691.9
    501. dt:  0.25 ms | #newton:  1 | ph:  0.0% | #CG/newton: 1247 | ls (cap|max|inv|bt):  0| 0| 0| 0| runtime:  648.2 ms | cr: 2592.9
    502. dt:  0.25 ms | #newton:  1 | ph:  0.0% | #CG/newton: 1243 | ls (cap|max|inv|bt):  0| 0| 0| 0| runtime:  658.7 ms | cr: 2634.7
    503. dt:  0.25 ms | #newton:  1 | ph:  0.0% | #CG/newton: 1253 | ls (cap|max|inv|bt):  0| 0| 0| 0| runtime:  651.2 ms | cr: 2605.0
    504. dt:  0.25 ms | #newton:  1 | ph:  0.0% | #CG/newton: 1226 | ls (cap|max|inv|bt):  0| 0| 0| 0| runtime:  641.0 ms | cr: 2564.1
    505. dt:  0.25 ms | #newton:  1 | ph:  0.0% | #CG/newton: 1272 | ls (cap|max|inv|bt):  0| 0| 0| 0| runtime:  661.1 ms | cr: 2644.4
    506. dt:  0.25 ms | #newton:  1 | ph:  0.0% | #CG/newton: 1224 | ls (cap|max|inv|bt):  0| 0| 0| 0| runtime:  650.8 ms | cr: 2603.4
    507. dt:  0.25 ms | #newton:  1 | ph:  0.0% | #CG/newton: 1266 | ls (cap|max|inv|bt):  0| 0| 0| 0| runtime:  667.4 ms | cr: 2669.5
    508. dt:  0.25 ms | #newton:  1 | ph:  0.0% | #CG/newton: 1267 | ls (cap|max|inv|bt):  0| 0| 0| 0| runtime:  659.7 ms | cr: 2639.0
    509. dt:  0.25 ms | #newton:  1 | ph:  0.0% | #CG/newton: 1254 | ls (cap|max|inv|bt):  0| 0| 0| 0| runtime:  646.3 ms | cr: 2585.0
    510. dt:  0.25 ms | #newton:  1 | ph:  0.0% | #CG/newton: 1246 | ls (cap|max|inv|bt):  0| 0| 0| 0| runtime:  651.0 ms | cr: 2604.0
    511. dt:  0.25 ms | #newton:  1 | ph:  0.0% | #CG/newton: 1244 | ls (cap|max|inv|bt):  0| 0| 0| 0| runtime:  652.0 ms | cr: 2607.9
    512. dt:  0.25 ms | #newton:  1 | ph:  0.0% | #CG/newton: 1269 | ls (cap|max|inv|bt):  0| 0| 0| 0| runtime:  657.6 ms | cr: 2630.3
    513. dt:  0.25 ms | #newton:  1 | ph:  0.0% | #CG/newton: 1511 | ls (cap|max|inv|bt):  0| 0| 0| 0| runtime:  754.5 ms | cr: 3017.8
    514. dt:  0.25 ms | #newton:  1 | ph:  0.0% | #CG/newton: 1236 | ls (cap|max|inv|bt):  0| 0| 0| 0| runtime:  638.8 ms | cr: 2555.1
    515. dt:  0.25 ms | #newton:  1 | ph:  0.0% | #CG/newton: 1271 | ls (cap|max|inv|bt):  0| 0| 0| 0| runtime:  662.8 ms | cr: 2651.1
    516. dt:  0.25 ms | #newton:  1 | ph:  0.0% | #CG/newton: 1212 | ls (cap|max|inv|bt):  0| 0| 0| 0| runtime:  628.8 ms | cr: 2515.1
    517. dt:  0.25 ms | #newton:  1 | ph:  0.0% | #CG/newton: 1271 | ls (cap|max|inv|bt):  0| 0| 0| 0| runtime:  657.9 ms | cr: 2631.6
    518. dt:  0.25 ms | #newton:  1 | ph:  0.0% | #CG/newton: 1244 | ls (cap|max|inv|bt):  0| 0| 0| 0| runtime:  637.0 ms | cr: 2548.2
    519. dt:  0.25 ms | #newton:  1 | ph:  0.0% | #CG/newton: 1266 | ls (cap|max|inv|bt):  0| 0| 0| 0| runtime:  656.4 ms | cr: 2625.6
    520. dt:  0.25 ms | #newton:  1 | ph:  0.0% | #CG/newton: 1249 | ls (cap|max|inv|bt):  0| 0| 0| 0| runtime:  642.2 ms | cr: 2568.7
    521. dt:  0.25 ms | #newton:  1 | ph:  0.0% | #CG/newton: 1261 | ls (cap|max|inv|bt):  0| 0| 0| 0| runtime:  646.4 ms | cr: 2585.5
    522. dt:  0.25 ms | #newton:  1 | ph:  0.0% | #CG/newton: 1249 | ls (cap|max|inv|bt):  0| 0| 0| 0| runtime:  644.2 ms | cr: 2576.7
    523. dt:  0.25 ms | #newton:  1 | ph:  0.0% | #CG/newton: 1260 | ls (cap|max|inv|bt):  0| 0| 0| 0| runtime:  648.7 ms | cr: 2595.0
    524. dt:  0.25 ms | #newton:  1 | ph:  0.0% | #CG/newton: 1242 | ls (cap|max|inv|bt):  0| 0| 0| 0| runtime:  638.8 ms | cr: 2555.1
    525. dt:  0.25 ms | #newton:  1 | ph:  0.0% | #CG/newton: 1254 | ls (cap|max|inv|bt):  0| 0| 0| 0| runtime:  655.8 ms | cr: 2623.3
    526. dt:  0.25 ms | #newton:  1 | ph:  0.0% | #CG/newton: 1221 | ls (cap|max|inv|bt):  0| 0| 0| 0| runtime:  627.4 ms | cr: 2509.4
    527. dt:  0.25 ms | #newton:  1 | ph:  0.0% | #CG/newton: 1216 | ls (cap|max|inv|bt):  0| 0| 0| 0| runtime:  638.6 ms | cr: 2554.5
    528. dt:  0.25 ms | #newton:  1 | ph:  0.0% | #CG/newton: 1270 | ls (cap|max|inv|bt):  0| 0| 0| 0| runtime:  648.5 ms | cr: 2593.9
    529. dt:  0.25 ms | #newton:  1 | ph:  0.0% | #CG/newton: 1217 | ls (cap|max|inv|bt):  0| 0| 0| 0| runtime:  630.7 ms | cr: 2523.0
    530. dt:  0.25 ms | #newton:  1 | ph:  0.0% | #CG/newton: 1270 | ls (cap|max|inv|bt):  0| 0| 0| 0| runtime:  652.5 ms | cr: 2610.1
    531. dt:  0.25 ms | #newton:  1 | ph:  0.0% | #CG/newton: 1231 | ls (cap|max|inv|bt):  0| 0| 0| 0| runtime:  643.3 ms | cr: 2573.3
    532. dt:  0.25 ms | #newton:  1 | ph:  0.0% | #CG/newton: 1267 | ls (cap|max|inv|bt):  0| 0| 0| 0| runtime:  650.1 ms | cr: 2600.5
    533. dt:  0.25 ms | #newton:  1 | ph:  0.0% | #CG/newton: 1243 | ls (cap|max|inv|bt):  0| 0| 0| 0| runtime:  636.7 ms | cr: 2547.0
[Frame: 4] Time: 0.134 s
    534. dt:  0.25 ms | #newton:  1 | ph:  0.0% | #CG/newton: 1219 | ls (cap|max|inv|bt):  0| 0| 0| 0| runtime:  643.7 ms | cr: 2574.8
    535. dt:  0.25 ms | #newton:  1 | ph:  0.0% | #CG/newton: 1245 | ls (cap|max|inv|bt):  0| 0| 0| 0| runtime:  644.0 ms | cr: 2576.1
    536. dt:  0.25 ms | #newton:  1 | ph:  0.0% | #CG/newton: 1249 | ls (cap|max|inv|bt):  0| 0| 0| 0| runtime:  643.4 ms | cr: 2573.8
    537. dt:  0.25 ms | #newton:  1 | ph:  0.0% | #CG/newton: 1216 | ls (cap|max|inv|bt):  0| 0| 0| 0| runtime:  641.1 ms | cr: 2564.4
    538. dt:  0.25 ms | #newton:  1 | ph:  0.0% | #CG/newton: 1219 | ls (cap|max|inv|bt):  0| 0| 0| 0| runtime:  637.0 ms | cr: 2548.2
    539. dt:  0.25 ms | #newton:  1 | ph:  0.0% | #CG/newton: 1243 | ls (cap|max|inv|bt):  0| 0| 0| 0| runtime:  641.4 ms | cr: 2565.6
    540. dt:  0.25 ms | #newton:  1 | ph:  0.0% | #CG/newton: 1244 | ls (cap|max|inv|bt):  0| 0| 0| 0| runtime:  644.7 ms | cr: 2578.9
    541. dt:  0.25 ms | #newton:  1 | ph:  0.0% | #CG/newton: 1251 | ls (cap|max|inv|bt):  0| 0| 0| 0| runtime:  645.7 ms | cr: 2582.6
    542. dt:  0.25 ms | #newton:  1 | ph:  0.0% | #CG/newton: 1479 | ls (cap|max|inv|bt):  0| 0| 0| 0| runtime:  739.7 ms | cr: 2958.8
    543. dt:  0.25 ms | #newton:  1 | ph:  0.0% | #CG/newton: 1478 | ls (cap|max|inv|bt):  0| 0| 0| 0| runtime:  739.1 ms | cr: 2956.4
    544. dt:  0.25 ms | #newton:  1 | ph:  0.0% | #CG/newton: 1490 | ls (cap|max|inv|bt):  0| 0| 0| 0| runtime:  739.0 ms | cr: 2956.1
    545. dt:  0.25 ms | #newton:  1 | ph:  0.0% | #CG/newton: 1515 | ls (cap|max|inv|bt):  0| 0| 0| 0| runtime:  745.9 ms | cr: 2983.7
    546. dt:  0.25 ms | #newton:  1 | ph:  0.0% | #CG/newton: 1490 | ls (cap|max|inv|bt):  0| 0| 0| 0| runtime:  747.4 ms | cr: 2989.6
    547. dt:  0.25 ms | #newton:  1 | ph:  0.0% | #CG/newton: 1488 | ls (cap|max|inv|bt):  0| 0| 0| 0| runtime:  743.9 ms | cr: 2975.6
    548. dt:  0.25 ms | #newton:  1 | ph:  0.0% | #CG/newton: 1480 | ls (cap|max|inv|bt):  0| 0| 0| 0| runtime:  736.0 ms | cr: 2944.1
    549. dt:  0.25 ms | #newton:  1 | ph:  0.0% | #CG/newton: 1480 | ls (cap|max|inv|bt):  0| 0| 0| 0| runtime:  735.9 ms | cr: 2943.7
    550. dt:  0.25 ms | #newton:  1 | ph:  0.0% | #CG/newton: 1481 | ls (cap|max|inv|bt):  0| 0| 0| 0| runtime:  732.4 ms | cr: 2929.6
    551. dt:  0.25 ms | #newton:  1 | ph:  0.0% | #CG/newton: 1472 | ls (cap|max|inv|bt):  0| 0| 0| 0| runtime:  719.4 ms | cr: 2877.6
    552. dt:  0.25 ms | #newton:  1 | ph:  0.0% | #CG/newton: 1514 | ls (cap|max|inv|bt):  0| 0| 0| 0| runtime:  757.9 ms | cr: 3031.7
    553. dt:  0.25 ms | #newton:  1 | ph:  0.0% | #CG/newton: 1479 | ls (cap|max|inv|bt):  0| 0| 0| 0| runtime:  732.8 ms | cr: 2931.4
    554. dt:  0.25 ms | #newton:  1 | ph:  0.0% | #CG/newton: 1479 | ls (cap|max|inv|bt):  0| 0| 0| 0| runtime:  733.3 ms | cr: 2933.0
    555. dt:  0.25 ms | #newton:  1 | ph:  0.0% | #CG/newton: 1479 | ls (cap|max|inv|bt):  0| 0| 0| 0| runtime:  751.8 ms | cr: 3007.1
    556. dt:  0.25 ms | #newton:  1 | ph:  0.0% | #CG/newton: 1508 | ls (cap|max|inv|bt):  0| 0| 0| 0| runtime:  747.8 ms | cr: 2991.3
    557. dt:  0.25 ms | #newton:  1 | ph:  0.0% | #CG/newton: 1510 | ls (cap|max|inv|bt):  0| 0| 0| 0| runtime:  752.3 ms | cr: 3009.4
    558. dt:  0.25 ms | #newton:  1 | ph:  0.0% | #CG/newton: 1506 | ls (cap|max|inv|bt):  0| 0| 0| 0| runtime:  750.9 ms | cr: 3003.6
    559. dt:  0.25 ms | #newton:  1 | ph:  0.0% | #CG/newton: 1502 | ls (cap|max|inv|bt):  0| 0| 0| 0| runtime:  750.2 ms | cr: 3001.0
    560. dt:  0.25 ms | #newton:  1 | ph:  0.0% | #CG/newton: 1505 | ls (cap|max|inv|bt):  0| 0| 0| 0| runtime:  766.7 ms | cr: 3066.8
    561. dt:  0.25 ms | #newton:  1 | ph:  0.0% | #CG/newton: 1516 | ls (cap|max|inv|bt):  0| 0| 0| 0| runtime:  755.1 ms | cr: 3020.2
    562. dt:  0.25 ms | #newton:  1 | ph:  0.0% | #CG/newton: 1483 | ls (cap|max|inv|bt):  0| 0| 0| 0| runtime:  742.3 ms | cr: 2969.3
    563. dt:  0.25 ms | #newton:  1 | ph:  0.0% | #CG/newton: 1483 | ls (cap|max|inv|bt):  0| 0| 0| 0| runtime:  747.5 ms | cr: 2989.8
    564. dt:  0.25 ms | #newton:  1 | ph:  0.0% | #CG/newton: 1515 | ls (cap|max|inv|bt):  0| 0| 0| 0| runtime:  755.8 ms | cr: 3023.2
    565. dt:  0.25 ms | #newton:  1 | ph:  0.0% | #CG/newton: 1516 | ls (cap|max|inv|bt):  0| 0| 0| 0| runtime:  755.3 ms | cr: 3021.4
    566. dt:  0.25 ms | #newton:  1 | ph:  0.0% | #CG/newton: 1526 | ls (cap|max|inv|bt):  0| 0| 0| 0| runtime:  762.4 ms | cr: 3049.4
    567. dt:  0.25 ms | #newton:  1 | ph:  0.0% | #CG/newton: 1497 | ls (cap|max|inv|bt):  0| 0| 0| 0| runtime:  753.8 ms | cr: 3015.3
    568. dt:  0.25 ms | #newton:  1 | ph:  0.0% | #CG/newton: 1519 | ls (cap|max|inv|bt):  0| 0| 0| 0| runtime:  743.8 ms | cr: 2975.3
    569. dt:  0.25 ms | #newton:  1 | ph:  0.0% | #CG/newton: 1531 | ls (cap|max|inv|bt):  0| 0| 0| 0| runtime:  762.9 ms | cr: 3051.7
    570. dt:  0.25 ms | #newton:  1 | ph:  0.0% | #CG/newton: 1517 | ls (cap|max|inv|bt):  0| 0| 0| 0| runtime:  758.5 ms | cr: 3033.9
    571. dt:  0.25 ms | #newton:  1 | ph:  0.0% | #CG/newton: 1515 | ls (cap|max|inv|bt):  0| 0| 0| 0| runtime:  750.9 ms | cr: 3003.5
    572. dt:  0.25 ms | #newton:  1 | ph:  0.0% | #CG/newton: 1506 | ls (cap|max|inv|bt):  0| 0| 0| 0| runtime:  750.0 ms | cr: 3000.0
    573. dt:  0.25 ms | #newton:  1 | ph:  0.0% | #CG/newton: 1524 | ls (cap|max|inv|bt):  0| 0| 0| 0| runtime:  758.8 ms | cr: 3035.3
    574. dt:  0.25 ms | #newton:  1 | ph:  0.0% | #CG/newton: 1523 | ls (cap|max|inv|bt):  0| 0| 0| 0| runtime:  759.9 ms | cr: 3039.7
    575. dt:  0.25 ms | #newton:  1 | ph:  0.0% | #CG/newton: 1515 | ls (cap|max|inv|bt):  0| 0| 0| 0| runtime:  753.6 ms | cr: 3014.5
    576. dt:  0.25 ms | #newton:  1 | ph:  0.0% | #CG/newton: 1534 | ls (cap|max|inv|bt):  0| 0| 0| 0| runtime:  762.9 ms | cr: 3051.5
    577. dt:  0.25 ms | #newton:  1 | ph:  0.0% | #CG/newton: 1510 | ls (cap|max|inv|bt):  0| 0| 0| 0| runtime:  746.9 ms | cr: 2987.7
    578. dt:  0.25 ms | #newton:  1 | ph:  0.0% | #CG/newton: 1509 | ls (cap|max|inv|bt):  0| 0| 0| 0| runtime:  746.4 ms | cr: 2985.5
    579. dt:  0.25 ms | #newton:  1 | ph:  0.0% | #CG/newton: 1505 | ls (cap|max|inv|bt):  0| 0| 0| 0| runtime:  758.4 ms | cr: 3033.5
    580. dt:  0.25 ms | #newton:  1 | ph:  0.0% | #CG/newton: 1513 | ls (cap|max|inv|bt):  0| 0| 0| 0| runtime:  760.4 ms | cr: 3041.5
    581. dt:  0.25 ms | #newton:  1 | ph:  0.0% | #CG/newton: 1515 | ls (cap|max|inv|bt):  0| 0| 0| 0| runtime:  767.5 ms | cr: 3070.1
    582. dt:  0.25 ms | #newton:  1 | ph:  0.0% | #CG/newton: 1536 | ls (cap|max|inv|bt):  0| 0| 0| 0| runtime:  765.9 ms | cr: 3063.6
    583. dt:  0.25 ms | #newton:  1 | ph:  0.0% | #CG/newton: 1547 | ls (cap|max|inv|bt):  0| 0| 0| 0| runtime:  771.6 ms | cr: 3086.3
    584. dt:  0.25 ms | #newton:  1 | ph:  0.0% | #CG/newton: 1536 | ls (cap|max|inv|bt):  0| 0| 0| 0| runtime:  767.8 ms | cr: 3071.2
    585. dt:  0.25 ms | #newton:  1 | ph:  0.0% | #CG/newton: 1551 | ls (cap|max|inv|bt):  0| 0| 0| 0| runtime:  774.0 ms | cr: 3096.1
    586. dt:  0.25 ms | #newton:  1 | ph:  0.0% | #CG/newton: 1520 | ls (cap|max|inv|bt):  0| 0| 0| 0| runtime:  759.3 ms | cr: 3037.0
    587. dt:  0.25 ms | #newton:  1 | ph:  0.0% | #CG/newton: 1265 | ls (cap|max|inv|bt):  0| 0| 0| 0| runtime:  651.8 ms | cr: 2607.1
    588. dt:  0.25 ms | #newton:  1 | ph:  0.0% | #CG/newton: 1523 | ls (cap|max|inv|bt):  0| 0| 0| 0| runtime:  755.2 ms | cr: 3020.6
    589. dt:  0.25 ms | #newton:  1 | ph:  0.0% | #CG/newton: 1511 | ls (cap|max|inv|bt):  0| 0| 0| 0| runtime:  754.0 ms | cr: 3016.0
    590. dt:  0.25 ms | #newton:  1 | ph:  0.0% | #CG/newton: 1539 | ls (cap|max|inv|bt):  0| 0| 0| 0| runtime:  767.3 ms | cr: 3069.4
    591. dt:  0.25 ms | #newton:  1 | ph:  0.0% | #CG/newton: 1293 | ls (cap|max|inv|bt):  0| 0| 0| 0| runtime:  666.5 ms | cr: 2666.1
    592. dt:  0.25 ms | #newton:  1 | ph:  0.0% | #CG/newton: 1294 | ls (cap|max|inv|bt):  0| 0| 0| 0| runtime:  653.7 ms | cr: 2615.0
    593. dt:  0.25 ms | #newton:  1 | ph:  0.0% | #CG/newton: 1295 | ls (cap|max|inv|bt):  0| 0| 0| 0| runtime:  664.2 ms | cr: 2656.7
    594. dt:  0.25 ms | #newton:  1 | ph:  0.0% | #CG/newton: 1292 | ls (cap|max|inv|bt):  0| 0| 0| 0| runtime:  655.8 ms | cr: 2623.1
    595. dt:  0.25 ms | #newton:  1 | ph:  0.0% | #CG/newton: 1295 | ls (cap|max|inv|bt):  0| 0| 0| 0| runtime:  657.1 ms | cr: 2628.3
    596. dt:  0.25 ms | #newton:  1 | ph:  0.0% | #CG/newton: 1293 | ls (cap|max|inv|bt):  0| 0| 0| 0| runtime:  656.2 ms | cr: 2624.6
    597. dt:  0.25 ms | #newton:  1 | ph:  0.0% | #CG/newton: 1297 | ls (cap|max|inv|bt):  0| 0| 0| 0| runtime:  655.3 ms | cr: 2621.1
    598. dt:  0.25 ms | #newton:  1 | ph:  0.0% | #CG/newton: 1294 | ls (cap|max|inv|bt):  0| 0| 0| 0| runtime:  653.0 ms | cr: 2612.2
    599. dt:  0.25 ms | #newton:  1 | ph:  0.0% | #CG/newton: 1297 | ls (cap|max|inv|bt):  0| 0| 0| 0| runtime:  662.4 ms | cr: 2649.6
    600. dt:  0.25 ms | #newton:  1 | ph:  0.0% | #CG/newton: 1291 | ls (cap|max|inv|bt):  0| 0| 0| 0| runtime:  664.9 ms | cr: 2659.6
    601. dt:  0.25 ms | #newton:  1 | ph:  0.0% | #CG/newton: 1295 | ls (cap|max|inv|bt):  0| 0| 0| 0| runtime:  658.3 ms | cr: 2633.2
    602. dt:  0.25 ms | #newton:  1 | ph:  0.0% | #CG/newton: 1283 | ls (cap|max|inv|bt):  0| 0| 0| 0| runtime:  661.7 ms | cr: 2646.6
    603. dt:  0.25 ms | #newton:  1 | ph:  0.0% | #CG/newton: 1256 | ls (cap|max|inv|bt):  0| 0| 0| 0| runtime:  647.3 ms | cr: 2589.3
    604. dt:  0.25 ms | #newton:  1 | ph:  0.0% | #CG/newton: 1164 | ls (cap|max|inv|bt):  0| 0| 0| 0| runtime:  608.2 ms | cr: 2432.7
    605. dt:  0.25 ms | #newton:  1 | ph:  0.0% | #CG/newton: 1235 | ls (cap|max|inv|bt):  0| 0| 0| 0| runtime:  633.6 ms | cr: 2534.3
    606. dt:  0.25 ms | #newton:  1 | ph:  0.0% | #CG/newton: 1253 | ls (cap|max|inv|bt):  0| 0| 0| 0| runtime:  635.8 ms | cr: 2543.1
    607. dt:  0.25 ms | #newton:  1 | ph:  0.0% | #CG/newton: 1291 | ls (cap|max|inv|bt):  0| 0| 0| 0| runtime:  660.7 ms | cr: 2642.7
    608. dt:  0.25 ms | #newton:  1 | ph:  0.0% | #CG/newton: 1295 | ls (cap|max|inv|bt):  0| 0| 0| 0| runtime:  662.0 ms | cr: 2647.9
    609. dt:  0.25 ms | #newton:  1 | ph:  0.0% | #CG/newton: 1295 | ls (cap|max|inv|bt):  0| 0| 0| 0| runtime:  648.2 ms | cr: 2592.7
    610. dt:  0.25 ms | #newton:  1 | ph:  0.0% | #CG/newton: 1297 | ls (cap|max|inv|bt):  0| 0| 0| 0| runtime:  658.7 ms | cr: 2634.7
    611. dt:  0.25 ms | #newton:  1 | ph:  0.0% | #CG/newton: 1295 | ls (cap|max|inv|bt):  0| 0| 0| 0| runtime:  659.3 ms | cr: 2637.4
    612. dt:  0.25 ms | #newton:  1 | ph:  0.0% | #CG/newton: 1296 | ls (cap|max|inv|bt):  0| 0| 0| 0| runtime:  663.2 ms | cr: 2652.8
    613. dt:  0.25 ms | #newton:  1 | ph:  0.0% | #CG/newton: 1297 | ls (cap|max|inv|bt):  0| 0| 0| 0| runtime:  662.4 ms | cr: 2649.7
    614. dt:  0.25 ms | #newton:  1 | ph:  0.0% | #CG/newton: 1294 | ls (cap|max|inv|bt):  0| 0| 0| 0| runtime:  661.5 ms | cr: 2646.1
    615. dt:  0.25 ms | #newton:  1 | ph:  0.0% | #CG/newton: 1298 | ls (cap|max|inv|bt):  0| 0| 0| 0| runtime:  667.8 ms | cr: 2671.2
    616. dt:  0.25 ms | #newton:  1 | ph:  0.0% | #CG/newton: 1289 | ls (cap|max|inv|bt):  0| 0| 0| 0| runtime:  657.3 ms | cr: 2629.1
    617. dt:  0.25 ms | #newton:  1 | ph:  0.0% | #CG/newton: 1298 | ls (cap|max|inv|bt):  0| 0| 0| 0| runtime:  658.8 ms | cr: 2635.0
    618. dt:  0.25 ms | #newton:  1 | ph:  0.0% | #CG/newton: 1274 | ls (cap|max|inv|bt):  0| 0| 0| 0| runtime:  653.1 ms | cr: 2612.3
    619. dt:  0.25 ms | #newton:  1 | ph:  0.0% | #CG/newton: 1298 | ls (cap|max|inv|bt):  0| 0| 0| 0| runtime:  662.8 ms | cr: 2651.4
    620. dt:  0.25 ms | #newton:  1 | ph:  0.0% | #CG/newton: 1255 | ls (cap|max|inv|bt):  0| 0| 0| 0| runtime:  645.6 ms | cr: 2582.5
    621. dt:  0.25 ms | #newton:  1 | ph:  0.0% | #CG/newton: 1301 | ls (cap|max|inv|bt):  0| 0| 0| 0| runtime:  663.9 ms | cr: 2655.6
    622. dt:  0.25 ms | #newton:  1 | ph:  0.0% | #CG/newton: 1259 | ls (cap|max|inv|bt):  0| 0| 0| 0| runtime:  649.6 ms | cr: 2598.3
    623. dt:  0.25 ms | #newton:  1 | ph:  0.0% | #CG/newton: 1300 | ls (cap|max|inv|bt):  0| 0| 0| 0| runtime:  665.7 ms | cr: 2662.8
    624. dt:  0.25 ms | #newton:  1 | ph:  0.0% | #CG/newton: 1262 | ls (cap|max|inv|bt):  0| 0| 0| 0| runtime:  653.4 ms | cr: 2613.8
    625. dt:  0.25 ms | #newton:  1 | ph:  0.0% | #CG/newton: 1299 | ls (cap|max|inv|bt):  0| 0| 0| 0| runtime:  661.0 ms | cr: 2643.8
    626. dt:  0.25 ms | #newton:  1 | ph:  0.0% | #CG/newton: 1262 | ls (cap|max|inv|bt):  0| 0| 0| 0| runtime:  641.1 ms | cr: 2564.3
    627. dt:  0.25 ms | #newton:  1 | ph:  0.0% | #CG/newton: 1299 | ls (cap|max|inv|bt):  0| 0| 0| 0| runtime:  661.7 ms | cr: 2647.0
    628. dt:  0.25 ms | #newton:  1 | ph:  0.0% | #CG/newton: 1261 | ls (cap|max|inv|bt):  0| 0| 0| 0| runtime:  651.4 ms | cr: 2605.6
    629. dt:  0.25 ms | #newton:  1 | ph:  0.0% | #CG/newton: 1299 | ls (cap|max|inv|bt):  0| 0| 0| 0| runtime:  665.5 ms | cr: 2662.0
    630. dt:  0.25 ms | #newton:  1 | ph:  0.0% | #CG/newton: 1261 | ls (cap|max|inv|bt):  0| 0| 0| 0| runtime:  656.7 ms | cr: 2626.6
    631. dt:  0.25 ms | #newton:  1 | ph:  0.0% | #CG/newton: 1298 | ls (cap|max|inv|bt):  0| 0| 0| 0| runtime:  661.6 ms | cr: 2646.6
    632. dt:  0.25 ms | #newton:  1 | ph:  0.0% | #CG/newton: 1262 | ls (cap|max|inv|bt):  0| 0| 0| 0| runtime:  645.6 ms | cr: 2582.4
    633. dt:  0.25 ms | #newton:  1 | ph:  0.0% | #CG/newton: 1299 | ls (cap|max|inv|bt):  0| 0| 0| 0| runtime:  652.9 ms | cr: 2611.5
    634. dt:  0.25 ms | #newton:  1 | ph:  0.0% | #CG/newton: 1257 | ls (cap|max|inv|bt):  0| 0| 0| 0| runtime:  648.4 ms | cr: 2593.6
    635. dt:  0.25 ms | #newton:  1 | ph:  0.0% | #CG/newton: 1298 | ls (cap|max|inv|bt):  0| 0| 0| 0| runtime:  653.4 ms | cr: 2613.8
    636. dt:  0.25 ms | #newton:  1 | ph:  0.0% | #CG/newton: 1266 | ls (cap|max|inv|bt):  0| 0| 0| 0| runtime:  640.5 ms | cr: 2562.1
    637. dt:  0.25 ms | #newton:  1 | ph:  0.0% | #CG/newton: 1297 | ls (cap|max|inv|bt):  0| 0| 0| 0| runtime:  656.3 ms | cr: 2625.2
    638. dt:  0.25 ms | #newton:  1 | ph:  0.0% | #CG/newton: 1265 | ls (cap|max|inv|bt):  0| 0| 0| 0| runtime:  638.5 ms | cr: 2553.8
    639. dt:  0.25 ms | #newton:  1 | ph:  0.0% | #CG/newton: 1296 | ls (cap|max|inv|bt):  0| 0| 0| 0| runtime:  656.9 ms | cr: 2627.6
    640. dt:  0.25 ms | #newton:  1 | ph:  0.0% | #CG/newton: 1285 | ls (cap|max|inv|bt):  0| 0| 0| 0| runtime:  651.2 ms | cr: 2604.8
    641. dt:  0.25 ms | #newton:  1 | ph:  0.0% | #CG/newton: 1294 | ls (cap|max|inv|bt):  0| 0| 0| 0| runtime:  661.4 ms | cr: 2645.6
    642. dt:  0.25 ms | #newton:  1 | ph:  0.0% | #CG/newton: 1292 | ls (cap|max|inv|bt):  0| 0| 0| 0| runtime:  654.7 ms | cr: 2618.7
    643. dt:  0.25 ms | #newton:  1 | ph:  0.0% | #CG/newton: 1294 | ls (cap|max|inv|bt):  0| 0| 0| 0| runtime:  662.7 ms | cr: 2651.0
    644. dt:  0.25 ms | #newton:  1 | ph:  0.0% | #CG/newton: 1293 | ls (cap|max|inv|bt):  0| 0| 0| 0| runtime:  649.1 ms | cr: 2596.4
    645. dt:  0.25 ms | #newton:  1 | ph:  0.0% | #CG/newton: 1294 | ls (cap|max|inv|bt):  0| 0| 0| 0| runtime:  660.4 ms | cr: 2641.7
    646. dt:  0.25 ms | #newton:  1 | ph:  0.0% | #CG/newton: 1293 | ls (cap|max|inv|bt):  0| 0| 0| 0| runtime:  655.3 ms | cr: 2621.1
    647. dt:  0.25 ms | #newton:  1 | ph:  0.0% | #CG/newton: 1294 | ls (cap|max|inv|bt):  0| 0| 0| 0| runtime:  660.1 ms | cr: 2640.5
    648. dt:  0.25 ms | #newton:  1 | ph:  0.0% | #CG/newton: 1294 | ls (cap|max|inv|bt):  0| 0| 0| 0| runtime:  663.1 ms | cr: 2652.3
    649. dt:  0.25 ms | #newton:  1 | ph:  0.0% | #CG/newton: 1294 | ls (cap|max|inv|bt):  0| 0| 0| 0| runtime:  660.7 ms | cr: 2643.0
    650. dt:  0.25 ms | #newton:  1 | ph:  0.0% | #CG/newton: 1290 | ls (cap|max|inv|bt):  0| 0| 0| 0| runtime:  658.4 ms | cr: 2633.7
    651. dt:  0.25 ms | #newton:  1 | ph:  0.0% | #CG/newton: 1295 | ls (cap|max|inv|bt):  0| 0| 0| 0| runtime:  650.6 ms | cr: 2602.4
    652. dt:  0.25 ms | #newton:  1 | ph:  0.0% | #CG/newton: 1258 | ls (cap|max|inv|bt):  0| 0| 0| 0| runtime:  641.9 ms | cr: 2567.7
    653. dt:  0.25 ms | #newton:  1 | ph:  0.0% | #CG/newton: 1293 | ls (cap|max|inv|bt):  0| 0| 0| 0| runtime:  649.7 ms | cr: 2599.0
    654. dt:  0.25 ms | #newton:  1 | ph:  0.0% | #CG/newton: 1246 | ls (cap|max|inv|bt):  0| 0| 0| 0| runtime:  633.2 ms | cr: 2532.8
    655. dt:  0.25 ms | #newton:  1 | ph:  0.0% | #CG/newton: 1293 | ls (cap|max|inv|bt):  0| 0| 0| 0| runtime:  697.5 ms | cr: 2790.0
    656. dt:  0.25 ms | #newton:  1 | ph:  0.0% | #CG/newton: 1257 | ls (cap|max|inv|bt):  0| 0| 0| 0| runtime:  636.4 ms | cr: 2545.5
    657. dt:  0.25 ms | #newton:  1 | ph:  0.0% | #CG/newton: 1297 | ls (cap|max|inv|bt):  0| 0| 0| 0| runtime:  649.1 ms | cr: 2596.4
    658. dt:  0.25 ms | #newton:  1 | ph:  0.0% | #CG/newton: 1243 | ls (cap|max|inv|bt):  0| 0| 0| 0| runtime:  645.8 ms | cr: 2583.2
    659. dt:  0.25 ms | #newton:  1 | ph:  0.0% | #CG/newton: 1286 | ls (cap|max|inv|bt):  0| 0| 0| 0| runtime:  648.8 ms | cr: 2595.2
    660. dt:  0.25 ms | #newton:  1 | ph:  0.0% | #CG/newton: 1270 | ls (cap|max|inv|bt):  0| 0| 0| 0| runtime:  703.6 ms | cr: 2814.5
    661. dt:  0.25 ms | #newton:  1 | ph:  0.0% | #CG/newton: 1293 | ls (cap|max|inv|bt):  0| 0| 0| 0| runtime:  652.7 ms | cr: 2610.7
    662. dt:  0.25 ms | #newton:  1 | ph:  0.0% | #CG/newton: 1291 | ls (cap|max|inv|bt):  0| 0| 0| 0| runtime:  658.8 ms | cr: 2635.0
    663. dt:  0.25 ms | #newton:  1 | ph:  0.0% | #CG/newton: 1244 | ls (cap|max|inv|bt):  0| 0| 0| 0| runtime:  632.1 ms | cr: 2528.5
    664. dt:  0.25 ms | #newton:  1 | ph:  0.0% | #CG/newton: 1282 | ls (cap|max|inv|bt):  0| 0| 0| 0| runtime:  657.1 ms | cr: 2628.4
    665. dt:  0.25 ms | #newton:  1 | ph:  0.0% | #CG/newton: 1294 | ls (cap|max|inv|bt):  0| 0| 0| 0| runtime:  650.3 ms | cr: 2601.1
    666. dt:  0.25 ms | #newton:  1 | ph:  0.0% | #CG/newton: 1245 | ls (cap|max|inv|bt):  0| 0| 0| 0| runtime:  642.5 ms | cr: 2569.8
[Frame: 5] Time: 0.167 s
    667. dt:  0.25 ms | #newton:  1 | ph:  0.0% | #CG/newton: 1286 | ls (cap|max|inv|bt):  0| 0| 0| 0| runtime:  651.0 ms | cr: 2604.1
    668. dt:  0.25 ms | #newton:  1 | ph:  0.0% | #CG/newton: 1291 | ls (cap|max|inv|bt):  0| 0| 0| 0| runtime:  676.8 ms | cr: 2707.4
    669. dt:  0.25 ms | #newton:  1 | ph:  0.0% | #CG/newton: 1243 | ls (cap|max|inv|bt):  0| 0| 0| 0| runtime:  633.4 ms | cr: 2533.6
    670. dt:  0.25 ms | #newton:  1 | ph:  0.0% | #CG/newton: 1281 | ls (cap|max|inv|bt):  0| 0| 0| 0| runtime:  649.1 ms | cr: 2596.4
    671. dt:  0.25 ms | #newton:  1 | ph:  0.0% | #CG/newton: 1295 | ls (cap|max|inv|bt):  0| 0| 0| 0| runtime:  658.9 ms | cr: 2635.7
    672. dt:  0.25 ms | #newton:  1 | ph:  0.0% | #CG/newton: 1243 | ls (cap|max|inv|bt):  0| 0| 0| 0| runtime:  632.1 ms | cr: 2528.4
    673. dt:  0.25 ms | #newton:  1 | ph:  0.0% | #CG/newton: 1290 | ls (cap|max|inv|bt):  0| 0| 0| 0| runtime:  659.8 ms | cr: 2639.0
    674. dt:  0.25 ms | #newton:  1 | ph:  0.0% | #CG/newton: 1287 | ls (cap|max|inv|bt):  0| 0| 0| 0| runtime:  655.2 ms | cr: 2620.9
    675. dt:  0.25 ms | #newton:  1 | ph:  0.0% | #CG/newton: 1236 | ls (cap|max|inv|bt):  0| 0| 0| 0| runtime:  630.9 ms | cr: 2523.5
    676. dt:  0.25 ms | #newton:  1 | ph:  0.0% | #CG/newton: 1243 | ls (cap|max|inv|bt):  0| 0| 0| 0| runtime:  633.7 ms | cr: 2534.9
    677. dt:  0.25 ms | #newton:  1 | ph:  0.0% | #CG/newton: 1289 | ls (cap|max|inv|bt):  0| 0| 0| 0| runtime:  647.5 ms | cr: 2590.0
    678. dt:  0.25 ms | #newton:  1 | ph:  0.0% | #CG/newton: 1243 | ls (cap|max|inv|bt):  0| 0| 0| 0| runtime:  632.1 ms | cr: 2528.2
    679. dt:  0.25 ms | #newton:  1 | ph:  0.0% | #CG/newton: 1292 | ls (cap|max|inv|bt):  0| 0| 0| 0| runtime:  649.7 ms | cr: 2599.0
    680. dt:  0.25 ms | #newton:  1 | ph:  0.0% | #CG/newton: 1253 | ls (cap|max|inv|bt):  0| 0| 0| 0| runtime:  638.6 ms | cr: 2554.3
    681. dt:  0.25 ms | #newton:  1 | ph:  0.0% | #CG/newton: 1291 | ls (cap|max|inv|bt):  0| 0| 0| 0| runtime:  648.1 ms | cr: 2592.2
    682. dt:  0.25 ms | #newton:  1 | ph:  0.0% | #CG/newton: 1267 | ls (cap|max|inv|bt):  0| 0| 0| 0| runtime:  639.6 ms | cr: 2558.6
    683. dt:  0.25 ms | #newton:  1 | ph:  0.0% | #CG/newton: 1291 | ls (cap|max|inv|bt):  0| 0| 0| 0| runtime:  651.4 ms | cr: 2605.6
    684. dt:  0.25 ms | #newton:  1 | ph:  0.0% | #CG/newton: 1289 | ls (cap|max|inv|bt):  0| 0| 0| 0| runtime:  652.7 ms | cr: 2610.9
    685. dt:  0.25 ms | #newton:  1 | ph:  0.0% | #CG/newton: 1289 | ls (cap|max|inv|bt):  0| 0| 0| 0| runtime:  658.3 ms | cr: 2633.2
    686. dt:  0.25 ms | #newton:  1 | ph:  0.0% | #CG/newton: 1291 | ls (cap|max|inv|bt):  0| 0| 0| 0| runtime:  651.2 ms | cr: 2605.0
    687. dt:  0.25 ms | #newton:  1 | ph:  0.0% | #CG/newton: 1289 | ls (cap|max|inv|bt):  0| 0| 0| 0| runtime:  657.6 ms | cr: 2630.5
    688. dt:  0.25 ms | #newton:  1 | ph:  0.0% | #CG/newton: 1294 | ls (cap|max|inv|bt):  0| 0| 0| 0| runtime:  650.5 ms | cr: 2602.0
    689. dt:  0.25 ms | #newton:  1 | ph:  0.0% | #CG/newton: 1291 | ls (cap|max|inv|bt):  0| 0| 0| 0| runtime:  658.4 ms | cr: 2633.5
    690. dt:  0.25 ms | #newton:  1 | ph:  0.0% | #CG/newton: 1290 | ls (cap|max|inv|bt):  0| 0| 0| 0| runtime:  652.5 ms | cr: 2610.1
    691. dt:  0.25 ms | #newton:  1 | ph:  0.0% | #CG/newton: 1293 | ls (cap|max|inv|bt):  0| 0| 0| 0| runtime:  664.5 ms | cr: 2658.0
    692. dt:  0.25 ms | #newton:  1 | ph:  0.0% | #CG/newton: 1286 | ls (cap|max|inv|bt):  0| 0| 0| 0| runtime:  651.7 ms | cr: 2606.7
    693. dt:  0.25 ms | #newton:  1 | ph:  0.0% | #CG/newton: 1293 | ls (cap|max|inv|bt):  0| 0| 0| 0| runtime:  660.9 ms | cr: 2643.8
    694. dt:  0.25 ms | #newton:  1 | ph:  0.0% | #CG/newton: 1294 | ls (cap|max|inv|bt):  0| 0| 0| 0| runtime:  653.2 ms | cr: 2612.7
    695. dt:  0.25 ms | #newton:  1 | ph:  0.0% | #CG/newton: 1270 | ls (cap|max|inv|bt):  0| 0| 0| 0| runtime:  647.2 ms | cr: 2588.6
    696. dt:  0.25 ms | #newton:  1 | ph:  0.0% | #CG/newton: 1273 | ls (cap|max|inv|bt):  0| 0| 0| 0| runtime:  641.0 ms | cr: 2564.0
    697. dt:  0.25 ms | #newton:  1 | ph:  0.0% | #CG/newton: 1291 | ls (cap|max|inv|bt):  0| 0| 0| 0| runtime:  655.2 ms | cr: 2620.7
    698. dt:  0.25 ms | #newton:  1 | ph:  0.0% | #CG/newton: 1257 | ls (cap|max|inv|bt):  0| 0| 0| 0| runtime:  640.1 ms | cr: 2560.3
    699. dt:  0.25 ms | #newton:  1 | ph:  0.0% | #CG/newton: 1265 | ls (cap|max|inv|bt):  0| 0| 0| 0| runtime:  644.9 ms | cr: 2579.6
    700. dt:  0.25 ms | #newton:  1 | ph:  0.0% | #CG/newton: 1255 | ls (cap|max|inv|bt):  0| 0| 0| 0| runtime:  636.9 ms | cr: 2547.7
    701. dt:  0.25 ms | #newton:  1 | ph:  0.0% | #CG/newton: 1235 | ls (cap|max|inv|bt):  0| 0| 0| 0| runtime:  632.4 ms | cr: 2529.5
    702. dt:  0.25 ms | #newton:  1 | ph:  0.0% | #CG/newton: 1282 | ls (cap|max|inv|bt):  0| 0| 0| 0| runtime:  643.9 ms | cr: 2575.7
    703. dt:  0.25 ms | #newton:  1 | ph:  0.0% | #CG/newton: 1278 | ls (cap|max|inv|bt):  0| 0| 0| 0| runtime:  654.8 ms | cr: 2619.2
    704. dt:  0.25 ms | #newton:  1 | ph:  0.0% | #CG/newton: 1284 | ls (cap|max|inv|bt):  0| 0| 0| 0| runtime:  648.9 ms | cr: 2595.8
    705. dt:  0.25 ms | #newton:  1 | ph:  0.0% | #CG/newton: 1279 | ls (cap|max|inv|bt):  0| 0| 0| 0| runtime:  642.7 ms | cr: 2570.8
    706. dt:  0.25 ms | #newton:  1 | ph:  0.0% | #CG/newton: 1276 | ls (cap|max|inv|bt):  0| 0| 0| 0| runtime:  637.3 ms | cr: 2549.2
    707. dt:  0.25 ms | #newton:  1 | ph:  0.0% | #CG/newton: 1283 | ls (cap|max|inv|bt):  0| 0| 0| 0| runtime:  655.6 ms | cr: 2622.5
    708. dt:  0.25 ms | #newton:  1 | ph:  0.0% | #CG/newton: 1270 | ls (cap|max|inv|bt):  0| 0| 0| 0| runtime:  639.2 ms | cr: 2556.8
    709. dt:  0.25 ms | #newton:  1 | ph:  0.0% | #CG/newton: 1281 | ls (cap|max|inv|bt):  0| 0| 0| 0| runtime:  651.1 ms | cr: 2604.5
    710. dt:  0.25 ms | #newton:  1 | ph:  0.0% | #CG/newton: 1286 | ls (cap|max|inv|bt):  0| 0| 0| 0| runtime:  647.7 ms | cr: 2590.8
    711. dt:  0.25 ms | #newton:  1 | ph:  0.0% | #CG/newton: 1278 | ls (cap|max|inv|bt):  0| 0| 0| 0| runtime:  642.7 ms | cr: 2571.0
    712. dt:  0.25 ms | #newton:  1 | ph:  0.0% | #CG/newton: 1286 | ls (cap|max|inv|bt):  0| 0| 0| 0| runtime:  640.8 ms | cr: 2563.1
    713. dt:  0.25 ms | #newton:  1 | ph:  0.0% | #CG/newton: 1281 | ls (cap|max|inv|bt):  0| 0| 0| 0| runtime:  648.3 ms | cr: 2593.2
    714. dt:  0.25 ms | #newton:  1 | ph:  0.0% | #CG/newton: 1277 | ls (cap|max|inv|bt):  0| 0| 0| 0| runtime:  647.1 ms | cr: 2588.4
    715. dt:  0.25 ms | #newton:  1 | ph:  0.0% | #CG/newton: 1257 | ls (cap|max|inv|bt):  0| 0| 0| 0| runtime:  628.8 ms | cr: 2515.2
    716. dt:  0.25 ms | #newton:  1 | ph:  0.0% | #CG/newton: 1229 | ls (cap|max|inv|bt):  0| 0| 0| 0| runtime:  628.5 ms | cr: 2514.1
    717. dt:  0.25 ms | #newton:  1 | ph:  0.0% | #CG/newton: 1158 | ls (cap|max|inv|bt):  0| 0| 0| 0| runtime:  604.6 ms | cr: 2418.5
    718. dt:  0.25 ms | #newton:  1 | ph:  0.0% | #CG/newton: 1273 | ls (cap|max|inv|bt):  0| 0| 0| 0| runtime:  635.7 ms | cr: 2542.7
    719. dt:  0.25 ms | #newton:  1 | ph:  0.0% | #CG/newton: 1247 | ls (cap|max|inv|bt):  0| 0| 0| 0| runtime:  637.7 ms | cr: 2550.9
    720. dt:  0.25 ms | #newton:  1 | ph:  0.0% | #CG/newton: 1235 | ls (cap|max|inv|bt):  0| 0| 0| 0| runtime:  609.8 ms | cr: 2439.2
    721. dt:  0.25 ms | #newton:  1 | ph:  0.0% | #CG/newton: 1218 | ls (cap|max|inv|bt):  0| 0| 0| 0| runtime:  616.6 ms | cr: 2466.6
    722. dt:  0.25 ms | #newton:  1 | ph:  0.0% | #CG/newton: 1221 | ls (cap|max|inv|bt):  0| 0| 0| 0| runtime:  631.4 ms | cr: 2525.8
    723. dt:  0.25 ms | #newton:  1 | ph:  0.0% | #CG/newton: 1219 | ls (cap|max|inv|bt):  0| 0| 0| 0| runtime:  634.0 ms | cr: 2535.9
    724. dt:  0.25 ms | #newton:  1 | ph:  0.0% | #CG/newton: 1213 | ls (cap|max|inv|bt):  0| 0| 0| 0| runtime:  630.6 ms | cr: 2522.3
    725. dt:  0.25 ms | #newton:  1 | ph:  0.0% | #CG/newton: 1261 | ls (cap|max|inv|bt):  0| 0| 0| 0| runtime:  638.4 ms | cr: 2553.7
    726. dt:  0.25 ms | #newton:  1 | ph:  0.0% | #CG/newton: 1224 | ls (cap|max|inv|bt):  0| 0| 0| 0| runtime:  626.1 ms | cr: 2504.6
    727. dt:  0.25 ms | #newton:  1 | ph:  0.0% | #CG/newton: 1267 | ls (cap|max|inv|bt):  0| 0| 0| 0| runtime:  641.9 ms | cr: 2567.6
    728. dt:  0.25 ms | #newton:  1 | ph:  0.0% | #CG/newton: 1259 | ls (cap|max|inv|bt):  0| 0| 0| 0| runtime:  642.2 ms | cr: 2569.0
    729. dt:  0.25 ms | #newton:  1 | ph:  0.0% | #CG/newton: 1260 | ls (cap|max|inv|bt):  0| 0| 0| 0| runtime:  640.8 ms | cr: 2563.1
    730. dt:  0.25 ms | #newton:  1 | ph:  0.0% | #CG/newton: 1212 | ls (cap|max|inv|bt):  0| 0| 0| 0| runtime:  626.1 ms | cr: 2504.3
    731. dt:  0.25 ms | #newton:  1 | ph:  0.0% | #CG/newton: 1187 | ls (cap|max|inv|bt):  0| 0| 0| 0| runtime:  614.3 ms | cr: 2457.0
    732. dt:  0.25 ms | #newton:  1 | ph:  0.0% | #CG/newton: 1186 | ls (cap|max|inv|bt):  0| 0| 0| 0| runtime:  609.4 ms | cr: 2437.4
    733. dt:  0.25 ms | #newton:  1 | ph:  0.0% | #CG/newton: 1206 | ls (cap|max|inv|bt):  0| 0| 0| 0| runtime:  618.7 ms | cr: 2474.6
    734. dt:  0.25 ms | #newton:  1 | ph:  0.0% | #CG/newton: 1247 | ls (cap|max|inv|bt):  0| 0| 0| 0| runtime:  636.6 ms | cr: 2546.4
    735. dt:  0.25 ms | #newton:  1 | ph:  0.0% | #CG/newton: 1188 | ls (cap|max|inv|bt):  0| 0| 0| 0| runtime:  610.6 ms | cr: 2442.3
    736. dt:  0.25 ms | #newton:  1 | ph:  0.0% | #CG/newton: 1239 | ls (cap|max|inv|bt):  0| 0| 0| 0| runtime:  627.5 ms | cr: 2510.0
    737. dt:  0.25 ms | #newton:  1 | ph:  0.0% | #CG/newton: 1096 | ls (cap|max|inv|bt):  0| 0| 0| 0| runtime:  576.6 ms | cr: 2306.4
    738. dt:  0.25 ms | #newton:  1 | ph:  0.0% | #CG/newton: 1193 | ls (cap|max|inv|bt):  0| 0| 0| 0| runtime:  632.0 ms | cr: 2528.1
    739. dt:  0.25 ms | #newton:  1 | ph:  0.0% | #CG/newton: 1198 | ls (cap|max|inv|bt):  0| 0| 0| 0| runtime:  619.7 ms | cr: 2478.7
    740. dt:  0.25 ms | #newton:  1 | ph:  0.0% | #CG/newton: 1238 | ls (cap|max|inv|bt):  0| 0| 0| 0| runtime:  630.3 ms | cr: 2521.3
    741. dt:  0.25 ms | #newton:  1 | ph:  0.0% | #CG/newton: 1182 | ls (cap|max|inv|bt):  0| 0| 0| 0| runtime:  608.9 ms | cr: 2435.8
    742. dt:  0.25 ms | #newton:  1 | ph:  0.0% | #CG/newton: 1186 | ls (cap|max|inv|bt):  0| 0| 0| 0| runtime:  609.9 ms | cr: 2439.6
    743. dt:  0.25 ms | #newton:  1 | ph:  0.0% | #CG/newton: 1467 | ls (cap|max|inv|bt):  0| 0| 0| 0| runtime:  726.2 ms | cr: 2905.0
    744. dt:  0.25 ms | #newton:  1 | ph:  0.0% | #CG/newton: 1444 | ls (cap|max|inv|bt):  0| 0| 0| 0| runtime:  712.6 ms | cr: 2850.4
    745. dt:  0.25 ms | #newton:  1 | ph:  0.0% | #CG/newton: 1465 | ls (cap|max|inv|bt):  0| 0| 0| 0| runtime:  730.0 ms | cr: 2920.1
    746. dt:  0.25 ms | #newton:  1 | ph:  0.0% | #CG/newton: 1455 | ls (cap|max|inv|bt):  0| 0| 0| 0| runtime:  723.3 ms | cr: 2893.2
    747. dt:  0.25 ms | #newton:  1 | ph:  0.0% | #CG/newton: 3260 | ls (cap|max|inv|bt):  0| 0| 0| 0| runtime: 1490.1 ms | cr: 5960.5
    748. dt:  0.25 ms | #newton:  1 | ph:  0.0% | #CG/newton: 1456 | ls (cap|max|inv|bt):  0| 0| 0| 0| runtime:  719.1 ms | cr: 2876.6
    749. dt:  0.25 ms | #newton:  1 | ph:  0.0% | #CG/newton: 1469 | ls (cap|max|inv|bt):  0| 0| 0| 0| runtime:  717.4 ms | cr: 2869.7
    750. dt:  0.25 ms | #newton:  1 | ph:  0.0% | #CG/newton: 1667 | ls (cap|max|inv|bt):  0| 0| 0| 0| runtime:  811.3 ms | cr: 3245.4
    751. dt:  0.25 ms | #newton:  1 | ph:  0.0% | #CG/newton: 1449 | ls (cap|max|inv|bt):  0| 0| 0| 0| runtime:  715.3 ms | cr: 2861.2
    752. dt:  0.25 ms | #newton:  1 | ph:  0.0% | #CG/newton: 1453 | ls (cap|max|inv|bt):  0| 0| 0| 0| runtime:  718.4 ms | cr: 2873.8
    753. dt:  0.25 ms | #newton:  1 | ph:  0.0% | #CG/newton: 1395 | ls (cap|max|inv|bt):  0| 0| 0| 0| runtime:  706.5 ms | cr: 2825.9
    754. dt:  0.25 ms | #newton:  1 | ph:  0.0% | #CG/newton: 1643 | ls (cap|max|inv|bt):  0| 0| 0| 0| runtime:  782.4 ms | cr: 3129.4
    755. dt:  0.25 ms | #newton:  1 | ph:  0.0% | #CG/newton: 1644 | ls (cap|max|inv|bt):  0| 0| 0| 0| runtime:  770.5 ms | cr: 3082.0
    756. dt:  0.25 ms | #newton:  1 | ph:  0.0% | #CG/newton: 1651 | ls (cap|max|inv|bt):  0| 0| 0| 0| runtime:  761.8 ms | cr: 3047.1
    757. dt:  0.25 ms | #newton:  1 | ph:  0.0% | #CG/newton: 1652 | ls (cap|max|inv|bt):  0| 0| 0| 0| runtime:  782.6 ms | cr: 3130.6
    758. dt:  0.25 ms | #newton:  1 | ph:  0.0% | #CG/newton: 1642 | ls (cap|max|inv|bt):  0| 0| 0| 0| runtime:  784.4 ms | cr: 3137.5
    759. dt:  0.25 ms | #newton:  1 | ph:  0.0% | #CG/newton: 1658 | ls (cap|max|inv|bt):  0| 0| 0| 0| runtime:  799.2 ms | cr: 3196.9
    760. dt:  0.25 ms | #newton:  1 | ph:  0.0% | #CG/newton: 1651 | ls (cap|max|inv|bt):  0| 0| 0| 0| runtime:  807.6 ms | cr: 3230.3
    761. dt:  0.25 ms | #newton:  1 | ph:  0.0% | #CG/newton: 1640 | ls (cap|max|inv|bt):  0| 0| 0| 0| runtime:  799.3 ms | cr: 3197.2
    762. dt:  0.25 ms | #newton:  1 | ph:  0.0% | #CG/newton: 1643 | ls (cap|max|inv|bt):  0| 0| 0| 0| runtime:  795.5 ms | cr: 3182.1
    763. dt:  0.25 ms | #newton:  1 | ph:  0.0% | #CG/newton: 1650 | ls (cap|max|inv|bt):  0| 0| 0| 0| runtime:  802.2 ms | cr: 3208.8
    764. dt:  0.25 ms | #newton:  1 | ph:  0.0% | #CG/newton: 1651 | ls (cap|max|inv|bt):  0| 0| 0| 0| runtime:  794.8 ms | cr: 3179.3
    765. dt:  0.25 ms | #newton:  1 | ph:  0.0% | #CG/newton: 1656 | ls (cap|max|inv|bt):  0| 0| 0| 0| runtime:  814.8 ms | cr: 3259.0
    766. dt:  0.25 ms | #newton:  1 | ph:  0.0% | #CG/newton: 1670 | ls (cap|max|inv|bt):  0| 0| 0| 0| runtime:  816.3 ms | cr: 3265.1
    767. dt:  0.25 ms | #newton:  1 | ph:  0.0% | #CG/newton: 1674 | ls (cap|max|inv|bt):  0| 0| 0| 0| runtime:  813.9 ms | cr: 3255.7
    768. dt:  0.25 ms | #newton:  1 | ph:  0.0% | #CG/newton: 1654 | ls (cap|max|inv|bt):  0| 0| 0| 0| runtime:  796.5 ms | cr: 3186.1
    769. dt:  0.25 ms | #newton:  1 | ph:  0.0% | #CG/newton: 1672 | ls (cap|max|inv|bt):  0| 0| 0| 0| runtime:  816.2 ms | cr: 3264.9
    770. dt:  0.25 ms | #newton:  1 | ph:  0.0% | #CG/newton: 1682 | ls (cap|max|inv|bt):  0| 0| 0| 0| runtime:  818.3 ms | cr: 3273.1
    771. dt:  0.25 ms | #newton:  1 | ph:  0.0% | #CG/newton: 1684 | ls (cap|max|inv|bt):  0| 0| 0| 0| runtime:  814.7 ms | cr: 3258.8
    772. dt:  0.25 ms | #newton:  1 | ph:  0.0% | #CG/newton: 1686 | ls (cap|max|inv|bt):  0| 0| 0| 0| runtime:  826.2 ms | cr: 3304.7
    773. dt:  0.25 ms | #newton:  1 | ph:  0.0% | #CG/newton: 1686 | ls (cap|max|inv|bt):  0| 0| 0| 0| runtime:  816.5 ms | cr: 3266.0
    774. dt:  0.25 ms | #newton:  1 | ph:  0.0% | #CG/newton: 1684 | ls (cap|max|inv|bt):  0| 0| 0| 0| runtime:  815.4 ms | cr: 3261.5
    775. dt:  0.25 ms | #newton:  1 | ph:  0.0% | #CG/newton: 1682 | ls (cap|max|inv|bt):  0| 0| 0| 0| runtime:  815.0 ms | cr: 3259.9
    776. dt:  0.25 ms | #newton:  1 | ph:  0.0% | #CG/newton: 1688 | ls (cap|max|inv|bt):  0| 0| 0| 0| runtime:  819.2 ms | cr: 3276.9
    777. dt:  0.25 ms | #newton:  1 | ph:  0.0% | #CG/newton: 1692 | ls (cap|max|inv|bt):  0| 0| 0| 0| runtime:  815.3 ms | cr: 3261.1
    778. dt:  0.25 ms | #newton:  1 | ph:  0.0% | #CG/newton: 1692 | ls (cap|max|inv|bt):  0| 0| 0| 0| runtime:  826.1 ms | cr: 3304.5
    779. dt:  0.25 ms | #newton:  1 | ph:  0.0% | #CG/newton: 1694 | ls (cap|max|inv|bt):  0| 0| 0| 0| runtime:  819.0 ms | cr: 3276.2
    780. dt:  0.25 ms | #newton:  1 | ph:  0.0% | #CG/newton: 1694 | ls (cap|max|inv|bt):  0| 0| 0| 0| runtime:  828.8 ms | cr: 3315.1
    781. dt:  0.25 ms | #newton:  1 | ph:  0.0% | #CG/newton: 1692 | ls (cap|max|inv|bt):  0| 0| 0| 0| runtime:  813.9 ms | cr: 3255.5
    782. dt:  0.25 ms | #newton:  1 | ph:  0.0% | #CG/newton: 1692 | ls (cap|max|inv|bt):  0| 0| 0| 0| runtime:  811.6 ms | cr: 3246.6
    783. dt:  0.25 ms | #newton:  1 | ph:  0.0% | #CG/newton: 1690 | ls (cap|max|inv|bt):  0| 0| 0| 0| runtime:  822.9 ms | cr: 3291.5
    784. dt:  0.25 ms | #newton:  1 | ph:  0.0% | #CG/newton: 1689 | ls (cap|max|inv|bt):  0| 0| 0| 0| runtime:  814.5 ms | cr: 3257.9
    785. dt:  0.25 ms | #newton:  1 | ph:  0.0% | #CG/newton: 1688 | ls (cap|max|inv|bt):  0| 0| 0| 0| runtime:  821.0 ms | cr: 3283.9
    786. dt:  0.25 ms | #newton:  1 | ph:  0.0% | #CG/newton: 1686 | ls (cap|max|inv|bt):  0| 0| 0| 0| runtime:  820.6 ms | cr: 3282.2
    787. dt:  0.25 ms | #newton:  1 | ph:  0.0% | #CG/newton: 1686 | ls (cap|max|inv|bt):  0| 0| 0| 0| runtime:  823.8 ms | cr: 3295.2
    788. dt:  0.25 ms | #newton:  1 | ph:  0.0% | #CG/newton: 1683 | ls (cap|max|inv|bt):  0| 0| 0| 0| runtime:  790.3 ms | cr: 3161.2
    789. dt:  0.25 ms | #newton:  1 | ph:  0.0% | #CG/newton: 1682 | ls (cap|max|inv|bt):  0| 0| 0| 0| runtime:  785.2 ms | cr: 3140.6
    790. dt:  0.25 ms | #newton:  1 | ph:  0.0% | #CG/newton: 1680 | ls (cap|max|inv|bt):  0| 0| 0| 0| runtime:  793.6 ms | cr: 3174.2
    791. dt:  0.25 ms | #newton:  1 | ph:  0.0% | #CG/newton: 1679 | ls (cap|max|inv|bt):  0| 0| 0| 0| runtime:  827.9 ms | cr: 3311.8
    792. dt:  0.25 ms | #newton:  1 | ph:  0.0% | #CG/newton: 1677 | ls (cap|max|inv|bt):  0| 0| 0| 0| runtime:  814.8 ms | cr: 3259.2
    793. dt:  0.25 ms | #newton:  1 | ph:  0.0% | #CG/newton: 1676 | ls (cap|max|inv|bt):  0| 0| 0| 0| runtime:  811.3 ms | cr: 3245.1
    794. dt:  0.25 ms | #newton:  1 | ph:  0.0% | #CG/newton: 1672 | ls (cap|max|inv|bt):  0| 0| 0| 0| runtime:  812.9 ms | cr: 3251.6
    795. dt:  0.25 ms | #newton:  1 | ph:  0.0% | #CG/newton: 1669 | ls (cap|max|inv|bt):  0| 0| 0| 0| runtime:  814.5 ms | cr: 3258.0
    796. dt:  0.25 ms | #newton:  1 | ph:  0.0% | #CG/newton: 1672 | ls (cap|max|inv|bt):  0| 0| 0| 0| runtime:  809.7 ms | cr: 3238.6
    797. dt:  0.25 ms | #newton:  1 | ph:  0.0% | #CG/newton: 1854 | ls (cap|max|inv|bt):  0| 0| 0| 0| runtime:  895.0 ms | cr: 3580.0
    798. dt:  0.25 ms | #newton:  1 | ph:  0.0% | #CG/newton: 1850 | ls (cap|max|inv|bt):  0| 0| 0| 0| runtime:  888.4 ms | cr: 3553.7
    799. dt:  0.25 ms | #newton:  1 | ph:  0.0% | #CG/newton: 1850 | ls (cap|max|inv|bt):  0| 0| 0| 0| runtime:  883.4 ms | cr: 3533.7
    800. dt:  0.25 ms | #newton:  1 | ph:  0.0% | #CG/newton: 1849 | ls (cap|max|inv|bt):  0| 0| 0| 0| runtime:  884.6 ms | cr: 3538.4
[Frame: 6] Time: 0.200 s
    801. dt:  0.25 ms | #newton:  1 | ph:  0.0% | #CG/newton: 1848 | ls (cap|max|inv|bt):  0| 0| 0| 0| runtime:  887.2 ms | cr: 3548.9
    802. dt:  0.25 ms | #newton:  1 | ph:  0.0% | #CG/newton: 1849 | ls (cap|max|inv|bt):  0| 0| 0| 0| runtime:  883.0 ms | cr: 3532.2
    803. dt:  0.25 ms | #newton:  1 | ph:  0.0% | #CG/newton: 1849 | ls (cap|max|inv|bt):  0| 0| 0| 0| runtime:  888.2 ms | cr: 3553.0
    804. dt:  0.25 ms | #newton:  1 | ph:  0.0% | #CG/newton: 1848 | ls (cap|max|inv|bt):  0| 0| 0| 0| runtime:  885.4 ms | cr: 3541.5
    805. dt:  0.25 ms | #newton:  1 | ph:  0.0% | #CG/newton: 1847 | ls (cap|max|inv|bt):  0| 0| 0| 0| runtime:  884.1 ms | cr: 3536.2
    806. dt:  0.25 ms | #newton:  1 | ph:  0.0% | #CG/newton: 1845 | ls (cap|max|inv|bt):  0| 0| 0| 0| runtime:  874.4 ms | cr: 3497.6
    807. dt:  0.25 ms | #newton:  1 | ph:  0.0% | #CG/newton: 1828 | ls (cap|max|inv|bt):  0| 0| 0| 0| runtime:  878.7 ms | cr: 3514.8
    808. dt:  0.25 ms | #newton:  1 | ph:  0.0% | #CG/newton: 1851 | ls (cap|max|inv|bt):  0| 0| 0| 0| runtime:  889.5 ms | cr: 3557.9
    809. dt:  0.25 ms | #newton:  1 | ph:  0.0% | #CG/newton: 1846 | ls (cap|max|inv|bt):  0| 0| 0| 0| runtime:  887.2 ms | cr: 3548.8
    810. dt:  0.25 ms | #newton:  1 | ph:  0.0% | #CG/newton: 1849 | ls (cap|max|inv|bt):  0| 0| 0| 0| runtime:  891.9 ms | cr: 3567.5
    811. dt:  0.25 ms | #newton:  1 | ph:  0.0% | #CG/newton: 1854 | ls (cap|max|inv|bt):  0| 0| 0| 0| runtime:  900.8 ms | cr: 3603.3
    812. dt:  0.25 ms | #newton:  1 | ph:  0.0% | #CG/newton: 1851 | ls (cap|max|inv|bt):  0| 0| 0| 0| runtime:  884.7 ms | cr: 3539.0
    813. dt:  0.25 ms | #newton:  1 | ph:  0.0% | #CG/newton: 1854 | ls (cap|max|inv|bt):  0| 0| 0| 0| runtime:  877.7 ms | cr: 3511.0
    814. dt:  0.25 ms | #newton:  1 | ph:  0.0% | #CG/newton: 1870 | ls (cap|max|inv|bt):  0| 0| 0| 0| runtime:  888.3 ms | cr: 3553.0
    815. dt:  0.25 ms | #newton:  1 | ph:  0.0% | #CG/newton: 1857 | ls (cap|max|inv|bt):  0| 0| 0| 0| runtime:  882.9 ms | cr: 3531.5
    816. dt:  0.25 ms | #newton:  1 | ph:  0.0% | #CG/newton: 1873 | ls (cap|max|inv|bt):  0| 0| 0| 0| runtime:  898.7 ms | cr: 3594.6
    817. dt:  0.25 ms | #newton:  1 | ph:  0.0% | #CG/newton: 1879 | ls (cap|max|inv|bt):  0| 0| 0| 0| runtime:  894.9 ms | cr: 3579.6
    818. dt:  0.25 ms | #newton:  1 | ph:  0.0% | #CG/newton: 1874 | ls (cap|max|inv|bt):  0| 0| 0| 0| runtime:  894.6 ms | cr: 3578.4
    819. dt:  0.25 ms | #newton:  1 | ph:  0.0% | #CG/newton: 1690 | ls (cap|max|inv|bt):  0| 0| 0| 0| runtime:  848.3 ms | cr: 3393.2
    820. dt:  0.25 ms | #newton:  1 | ph:  0.0% | #CG/newton: 1685 | ls (cap|max|inv|bt):  0| 0| 0| 0| runtime:  810.5 ms | cr: 3241.9
    821. dt:  0.25 ms | #newton:  1 | ph:  0.0% | #CG/newton: 1687 | ls (cap|max|inv|bt):  0| 0| 0| 0| runtime:  818.4 ms | cr: 3273.8
    822. dt:  0.25 ms | #newton:  1 | ph:  0.0% | #CG/newton: 1687 | ls (cap|max|inv|bt):  0| 0| 0| 0| runtime:  820.3 ms | cr: 3281.0
    823. dt:  0.25 ms | #newton:  1 | ph:  0.0% | #CG/newton: 1688 | ls (cap|max|inv|bt):  0| 0| 0| 0| runtime:  817.8 ms | cr: 3271.1
    824. dt:  0.25 ms | #newton:  1 | ph:  0.0% | #CG/newton: 1690 | ls (cap|max|inv|bt):  0| 0| 0| 0| runtime:  817.2 ms | cr: 3268.8
    825. dt:  0.25 ms | #newton:  1 | ph:  0.0% | #CG/newton: 1689 | ls (cap|max|inv|bt):  0| 0| 0| 0| runtime:  823.9 ms | cr: 3295.5
    826. dt:  0.25 ms | #newton:  1 | ph:  0.0% | #CG/newton: 1690 | ls (cap|max|inv|bt):  0| 0| 0| 0| runtime:  831.7 ms | cr: 3326.7
    827. dt:  0.25 ms | #newton:  1 | ph:  0.0% | #CG/newton: 1692 | ls (cap|max|inv|bt):  0| 0| 0| 0| runtime:  831.3 ms | cr: 3325.2
    828. dt:  0.25 ms | #newton:  1 | ph:  0.0% | #CG/newton: 1692 | ls (cap|max|inv|bt):  0| 0| 0| 0| runtime:  830.5 ms | cr: 3322.1
    829. dt:  0.25 ms | #newton:  1 | ph:  0.0% | #CG/newton: 1693 | ls (cap|max|inv|bt):  0| 0| 0| 0| runtime:  814.6 ms | cr: 3258.6
    830. dt:  0.25 ms | #newton:  1 | ph:  0.0% | #CG/newton: 1693 | ls (cap|max|inv|bt):  0| 0| 0| 0| runtime:  820.0 ms | cr: 3280.1
    831. dt:  0.25 ms | #newton:  1 | ph:  0.0% | #CG/newton: 1695 | ls (cap|max|inv|bt):  0| 0| 0| 0| runtime:  831.1 ms | cr: 3324.3
    832. dt:  0.25 ms | #newton:  1 | ph:  0.0% | #CG/newton: 1697 | ls (cap|max|inv|bt):  0| 0| 0| 0| runtime:  828.7 ms | cr: 3314.8
    833. dt:  0.25 ms | #newton:  1 | ph:  0.0% | #CG/newton: 1695 | ls (cap|max|inv|bt):  0| 0| 0| 0| runtime:  823.5 ms | cr: 3294.2
    834. dt:  0.25 ms | #newton:  1 | ph:  0.0% | #CG/newton: 1695 | ls (cap|max|inv|bt):  0| 0| 0| 0| runtime:  830.4 ms | cr: 3321.5
    835. dt:  0.25 ms | #newton:  1 | ph:  0.0% | #CG/newton: 1695 | ls (cap|max|inv|bt):  0| 0| 0| 0| runtime:  825.7 ms | cr: 3302.9
    836. dt:  0.25 ms | #newton:  1 | ph:  0.0% | #CG/newton: 1697 | ls (cap|max|inv|bt):  0| 0| 0| 0| runtime:  814.4 ms | cr: 3257.4
    837. dt:  0.25 ms | #newton:  1 | ph:  0.0% | #CG/newton: 1693 | ls (cap|max|inv|bt):  0| 0| 0| 0| runtime:  817.9 ms | cr: 3271.8
    838. dt:  0.25 ms | #newton:  1 | ph:  0.0% | #CG/newton: 1694 | ls (cap|max|inv|bt):  0| 0| 0| 0| runtime:  827.6 ms | cr: 3310.3
    839. dt:  0.25 ms | #newton:  1 | ph:  0.0% | #CG/newton: 1695 | ls (cap|max|inv|bt):  0| 0| 0| 0| runtime:  813.1 ms | cr: 3252.5
    840. dt:  0.25 ms | #newton:  1 | ph:  0.0% | #CG/newton: 1697 | ls (cap|max|inv|bt):  0| 0| 0| 0| runtime:  821.3 ms | cr: 3285.0
    841. dt:  0.25 ms | #newton:  1 | ph:  0.0% | #CG/newton: 1696 | ls (cap|max|inv|bt):  0| 0| 0| 0| runtime:  830.1 ms | cr: 3320.2
    842. dt:  0.25 ms | #newton:  1 | ph:  0.0% | #CG/newton: 1698 | ls (cap|max|inv|bt):  0| 0| 0| 0| runtime:  812.6 ms | cr: 3250.6
    843. dt:  0.25 ms | #newton:  1 | ph:  0.0% | #CG/newton: 1873 | ls (cap|max|inv|bt):  0| 0| 0| 0| runtime:  890.0 ms | cr: 3560.0
    844. dt:  0.25 ms | #newton:  1 | ph:  0.0% | #CG/newton: 1882 | ls (cap|max|inv|bt):  0| 0| 0| 0| runtime:  883.4 ms | cr: 3533.7
    845. dt:  0.25 ms | #newton:  1 | ph:  0.0% | #CG/newton: 1855 | ls (cap|max|inv|bt):  0| 0| 0| 0| runtime:  883.8 ms | cr: 3535.3
    846. dt:  0.25 ms | #newton:  1 | ph:  0.0% | #CG/newton: 1854 | ls (cap|max|inv|bt):  0| 0| 0| 0| runtime:  871.6 ms | cr: 3486.5
    847. dt:  0.25 ms | #newton:  1 | ph:  0.0% | #CG/newton: 1876 | ls (cap|max|inv|bt):  0| 0| 0| 0| runtime:  871.0 ms | cr: 3483.8
    848. dt:  0.25 ms | #newton:  1 | ph:  0.0% | #CG/newton: 1861 | ls (cap|max|inv|bt):  0| 0| 0| 0| runtime:  889.1 ms | cr: 3556.4
    849. dt:  0.25 ms | #newton:  1 | ph:  0.0% | #CG/newton: 1885 | ls (cap|max|inv|bt):  0| 0| 0| 0| runtime:  884.0 ms | cr: 3535.9
    850. dt:  0.25 ms | #newton:  1 | ph:  0.0% | #CG/newton: 1694 | ls (cap|max|inv|bt):  0| 0| 0| 0| runtime:  814.0 ms | cr: 3256.1
    851. dt:  0.25 ms | #newton:  1 | ph:  0.0% | #CG/newton: 1701 | ls (cap|max|inv|bt):  0| 0| 0| 0| runtime:  825.4 ms | cr: 3301.6
    852. dt:  0.25 ms | #newton:  1 | ph:  0.0% | #CG/newton: 1884 | ls (cap|max|inv|bt):  0| 0| 0| 0| runtime:  911.6 ms | cr: 3646.3
    853. dt:  0.25 ms | #newton:  1 | ph:  0.0% | #CG/newton: 1886 | ls (cap|max|inv|bt):  0| 0| 0| 0| runtime:  901.0 ms | cr: 3604.1
    854. dt:  0.25 ms | #newton:  1 | ph:  0.0% | #CG/newton: 1712 | ls (cap|max|inv|bt):  0| 0| 0| 0| runtime:  827.0 ms | cr: 3308.0
    855. dt:  0.25 ms | #newton:  1 | ph:  0.0% | #CG/newton: 1722 | ls (cap|max|inv|bt):  0| 0| 0| 0| runtime:  833.9 ms | cr: 3335.8
    856. dt:  0.25 ms | #newton:  1 | ph:  0.0% | #CG/newton: 1717 | ls (cap|max|inv|bt):  0| 0| 0| 0| runtime:  834.1 ms | cr: 3336.6
    857. dt:  0.25 ms | #newton:  1 | ph:  0.0% | #CG/newton: 1893 | ls (cap|max|inv|bt):  0| 0| 0| 0| runtime:  895.9 ms | cr: 3583.7
    858. dt:  0.25 ms | #newton:  1 | ph:  0.0% | #CG/newton: 1894 | ls (cap|max|inv|bt):  0| 0| 0| 0| runtime:  897.9 ms | cr: 3591.6
    859. dt:  0.25 ms | #newton:  1 | ph:  0.0% | #CG/newton: 1896 | ls (cap|max|inv|bt):  0| 0| 0| 0| runtime:  904.8 ms | cr: 3619.3
    860. dt:  0.25 ms | #newton:  1 | ph:  0.0% | #CG/newton: 1898 | ls (cap|max|inv|bt):  0| 0| 0| 0| runtime:  904.1 ms | cr: 3616.5
    861. dt:  0.25 ms | #newton:  1 | ph:  0.0% | #CG/newton: 1725 | ls (cap|max|inv|bt):  0| 0| 0| 0| runtime:  832.1 ms | cr: 3328.5
    862. dt:  0.25 ms | #newton:  1 | ph:  0.0% | #CG/newton: 1731 | ls (cap|max|inv|bt):  0| 0| 0| 0| runtime:  841.8 ms | cr: 3367.2
    863. dt:  0.25 ms | #newton:  1 | ph:  0.0% | #CG/newton: 1723 | ls (cap|max|inv|bt):  0| 0| 0| 0| runtime:  832.3 ms | cr: 3329.3
    864. dt:  0.25 ms | #newton:  1 | ph:  0.0% | #CG/newton: 1714 | ls (cap|max|inv|bt):  0| 0| 0| 0| runtime:  833.6 ms | cr: 3334.3
    865. dt:  0.25 ms | #newton:  1 | ph:  0.0% | #CG/newton: 1739 | ls (cap|max|inv|bt):  0| 0| 0| 0| runtime:  844.8 ms | cr: 3379.3
    866. dt:  0.25 ms | #newton:  1 | ph:  0.0% | #CG/newton: 1741 | ls (cap|max|inv|bt):  0| 0| 0| 0| runtime:  844.5 ms | cr: 3377.9
    867. dt:  0.25 ms | #newton:  1 | ph:  0.0% | #CG/newton: 1741 | ls (cap|max|inv|bt):  0| 0| 0| 0| runtime:  842.6 ms | cr: 3370.4
    868. dt:  0.25 ms | #newton:  1 | ph:  0.0% | #CG/newton: 1741 | ls (cap|max|inv|bt):  0| 0| 0| 0| runtime:  845.9 ms | cr: 3383.4
    869. dt:  0.25 ms | #newton:  1 | ph:  0.0% | #CG/newton: 1742 | ls (cap|max|inv|bt):  0| 0| 0| 0| runtime:  841.5 ms | cr: 3366.0
    870. dt:  0.25 ms | #newton:  1 | ph:  0.0% | #CG/newton: 1745 | ls (cap|max|inv|bt):  0| 0| 0| 0| runtime:  835.3 ms | cr: 3341.1
    871. dt:  0.25 ms | #newton:  1 | ph:  0.0% | #CG/newton: 1747 | ls (cap|max|inv|bt):  0| 0| 0| 0| runtime:  848.5 ms | cr: 3393.8
    872. dt:  0.25 ms | #newton:  1 | ph:  0.0% | #CG/newton: 1746 | ls (cap|max|inv|bt):  0| 0| 0| 0| runtime:  846.3 ms | cr: 3385.3
    873. dt:  0.25 ms | #newton:  1 | ph:  0.0% | #CG/newton: 1733 | ls (cap|max|inv|bt):  0| 0| 0| 0| runtime:  832.3 ms | cr: 3329.3
    874. dt:  0.25 ms | #newton:  1 | ph:  0.0% | #CG/newton: 1749 | ls (cap|max|inv|bt):  0| 0| 0| 0| runtime:  843.5 ms | cr: 3373.9
    875. dt:  0.25 ms | #newton:  1 | ph:  0.0% | #CG/newton: 1750 | ls (cap|max|inv|bt):  0| 0| 0| 0| runtime:  846.1 ms | cr: 3384.6
    876. dt:  0.25 ms | #newton:  1 | ph:  0.0% | #CG/newton: 1746 | ls (cap|max|inv|bt):  0| 0| 0| 0| runtime:  848.1 ms | cr: 3392.5
    877. dt:  0.25 ms | #newton:  1 | ph:  0.0% | #CG/newton: 1750 | ls (cap|max|inv|bt):  0| 0| 0| 0| runtime:  847.9 ms | cr: 3391.4
    878. dt:  0.25 ms | #newton:  1 | ph:  0.0% | #CG/newton: 1527 | ls (cap|max|inv|bt):  0| 0| 0| 0| runtime:  764.4 ms | cr: 3057.7
    879. dt:  0.25 ms | #newton:  1 | ph:  0.0% | #CG/newton: 1523 | ls (cap|max|inv|bt):  0| 0| 0| 0| runtime:  756.5 ms | cr: 3026.0
    880. dt:  0.25 ms | #newton:  1 | ph:  0.0% | #CG/newton: 1522 | ls (cap|max|inv|bt):  0| 0| 0| 0| runtime:  769.5 ms | cr: 3078.1
    881. dt:  0.25 ms | #newton:  1 | ph:  0.0% | #CG/newton: 1520 | ls (cap|max|inv|bt):  0| 0| 0| 0| runtime:  782.7 ms | cr: 3130.6
    882. dt:  0.25 ms | #newton:  1 | ph:  0.0% | #CG/newton: 1518 | ls (cap|max|inv|bt):  0| 0| 0| 0| runtime:  778.7 ms | cr: 3114.7
    883. dt:  0.25 ms | #newton:  1 | ph:  0.0% | #CG/newton: 1519 | ls (cap|max|inv|bt):  0| 0| 0| 0| runtime:  815.9 ms | cr: 3263.5
    884. dt:  0.25 ms | #newton:  1 | ph:  0.0% | #CG/newton: 1520 | ls (cap|max|inv|bt):  0| 0| 0| 0| runtime:  773.4 ms | cr: 3093.8
    885. dt:  0.25 ms | #newton:  1 | ph:  0.0% | #CG/newton: 1519 | ls (cap|max|inv|bt):  0| 0| 0| 0| runtime:  783.7 ms | cr: 3134.7
    886. dt:  0.25 ms | #newton:  1 | ph:  0.0% | #CG/newton: 1521 | ls (cap|max|inv|bt):  0| 0| 0| 0| runtime:  775.5 ms | cr: 3101.8
    887. dt:  0.25 ms | #newton:  1 | ph:  0.0% | #CG/newton: 1520 | ls (cap|max|inv|bt):  0| 0| 0| 0| runtime:  784.7 ms | cr: 3138.8
    888. dt:  0.25 ms | #newton:  1 | ph:  0.0% | #CG/newton: 1521 | ls (cap|max|inv|bt):  0| 0| 0| 0| runtime:  720.3 ms | cr: 2881.4
    889. dt:  0.25 ms | #newton:  1 | ph:  0.0% | #CG/newton: 1522 | ls (cap|max|inv|bt):  0| 0| 0| 0| runtime:  725.5 ms | cr: 2901.9
    890. dt:  0.25 ms | #newton:  1 | ph:  0.0% | #CG/newton: 1522 | ls (cap|max|inv|bt):  0| 0| 0| 0| runtime:  722.6 ms | cr: 2890.6
    891. dt:  0.25 ms | #newton:  1 | ph:  0.0% | #CG/newton: 1524 | ls (cap|max|inv|bt):  0| 0| 0| 0| runtime:  752.1 ms | cr: 3008.4
    892. dt:  0.25 ms | #newton:  1 | ph:  0.0% | #CG/newton: 1523 | ls (cap|max|inv|bt):  0| 0| 0| 0| runtime:  783.6 ms | cr: 3134.2
    893. dt:  0.25 ms | #newton:  1 | ph:  0.0% | #CG/newton: 1523 | ls (cap|max|inv|bt):  0| 0| 0| 0| runtime:  777.7 ms | cr: 3111.0
    894. dt:  0.25 ms | #newton:  1 | ph:  0.0% | #CG/newton: 1523 | ls (cap|max|inv|bt):  0| 0| 0| 0| runtime:  716.4 ms | cr: 2865.7
    895. dt:  0.25 ms | #newton:  1 | ph:  0.0% | #CG/newton: 1525 | ls (cap|max|inv|bt):  0| 0| 0| 0| runtime:  742.8 ms | cr: 2971.4
    896. dt:  0.25 ms | #newton:  1 | ph:  0.0% | #CG/newton: 1526 | ls (cap|max|inv|bt):  0| 0| 0| 0| runtime:  751.7 ms | cr: 3006.7
    897. dt:  0.25 ms | #newton:  1 | ph:  0.0% | #CG/newton: 1525 | ls (cap|max|inv|bt):  0| 0| 0| 0| runtime:  785.6 ms | cr: 3142.4
    898. dt:  0.25 ms | #newton:  1 | ph:  0.0% | #CG/newton: 1532 | ls (cap|max|inv|bt):  0| 0| 0| 0| runtime:  786.2 ms | cr: 3144.9
    899. dt:  0.25 ms | #newton:  1 | ph:  0.0% | #CG/newton: 1524 | ls (cap|max|inv|bt):  0| 0| 0| 0| runtime:  782.4 ms | cr: 3129.7
    900. dt:  0.25 ms | #newton:  1 | ph:  0.0% | #CG/newton: 1527 | ls (cap|max|inv|bt):  0| 0| 0| 0| runtime:  759.4 ms | cr: 3037.6
    901. dt:  0.25 ms | #newton:  1 | ph:  0.0% | #CG/newton: 1524 | ls (cap|max|inv|bt):  0| 0| 0| 0| runtime:  757.3 ms | cr: 3029.1
    902. dt:  0.25 ms | #newton:  1 | ph:  0.0% | #CG/newton: 1528 | ls (cap|max|inv|bt):  0| 0| 0| 0| runtime:  753.4 ms | cr: 3013.5
    903. dt:  0.25 ms | #newton:  1 | ph:  0.0% | #CG/newton: 1528 | ls (cap|max|inv|bt):  0| 0| 0| 0| runtime:  792.9 ms | cr: 3171.6
    904. dt:  0.25 ms | #newton:  1 | ph:  0.0% | #CG/newton: 1535 | ls (cap|max|inv|bt):  0| 0| 0| 0| runtime:  780.7 ms | cr: 3122.8
    905. dt:  0.25 ms | #newton:  1 | ph:  0.0% | #CG/newton: 1530 | ls (cap|max|inv|bt):  0| 0| 0| 0| runtime:  754.8 ms | cr: 3019.1
    906. dt:  0.25 ms | #newton:  1 | ph:  0.0% | #CG/newton: 1537 | ls (cap|max|inv|bt):  0| 0| 0| 0| runtime:  754.1 ms | cr: 3016.2
    907. dt:  0.25 ms | #newton:  1 | ph:  0.0% | #CG/newton: 1535 | ls (cap|max|inv|bt):  0| 0| 0| 0| runtime:  761.8 ms | cr: 3047.0
    908. dt:  0.25 ms | #newton:  1 | ph:  0.0% | #CG/newton: 1297 | ls (cap|max|inv|bt):  0| 0| 0| 0| runtime:  660.7 ms | cr: 2642.8
    909. dt:  0.25 ms | #newton:  1 | ph:  0.0% | #CG/newton: 1255 | ls (cap|max|inv|bt):  0| 0| 0| 0| runtime:  640.4 ms | cr: 2561.4
    910. dt:  0.25 ms | #newton:  1 | ph:  0.0% | #CG/newton: 1294 | ls (cap|max|inv|bt):  0| 0| 0| 0| runtime:  666.2 ms | cr: 2664.6
    911. dt:  0.25 ms | #newton:  1 | ph:  0.0% | #CG/newton: 1293 | ls (cap|max|inv|bt):  0| 0| 0| 0| runtime:  661.0 ms | cr: 2643.8
    912. dt:  0.25 ms | #newton:  1 | ph:  0.0% | #CG/newton: 1294 | ls (cap|max|inv|bt):  0| 0| 0| 0| runtime:  656.1 ms | cr: 2624.4
    913. dt:  0.25 ms | #newton:  1 | ph:  0.0% | #CG/newton: 1294 | ls (cap|max|inv|bt):  0| 0| 0| 0| runtime:  652.2 ms | cr: 2608.9
    914. dt:  0.25 ms | #newton:  1 | ph:  0.0% | #CG/newton: 1293 | ls (cap|max|inv|bt):  0| 0| 0| 0| runtime:  663.1 ms | cr: 2652.4
    915. dt:  0.25 ms | #newton:  1 | ph:  0.0% | #CG/newton: 1292 | ls (cap|max|inv|bt):  0| 0| 0| 0| runtime:  659.9 ms | cr: 2639.6
    916. dt:  0.25 ms | #newton:  1 | ph:  0.0% | #CG/newton: 1291 | ls (cap|max|inv|bt):  0| 0| 0| 0| runtime:  657.2 ms | cr: 2629.0
    917. dt:  0.25 ms | #newton:  1 | ph:  0.0% | #CG/newton: 1293 | ls (cap|max|inv|bt):  0| 0| 0| 0| runtime:  662.0 ms | cr: 2647.9
    918. dt:  0.25 ms | #newton:  1 | ph:  0.0% | #CG/newton: 1293 | ls (cap|max|inv|bt):  0| 0| 0| 0| runtime:  654.3 ms | cr: 2617.2
    919. dt:  0.25 ms | #newton:  1 | ph:  0.0% | #CG/newton: 1292 | ls (cap|max|inv|bt):  0| 0| 0| 0| runtime:  662.6 ms | cr: 2650.3
    920. dt:  0.25 ms | #newton:  1 | ph:  0.0% | #CG/newton: 1293 | ls (cap|max|inv|bt):  0| 0| 0| 0| runtime:  659.6 ms | cr: 2638.3
    921. dt:  0.25 ms | #newton:  1 | ph:  0.0% | #CG/newton: 1290 | ls (cap|max|inv|bt):  0| 0| 0| 0| runtime:  652.6 ms | cr: 2610.6
    922. dt:  0.25 ms | #newton:  1 | ph:  0.0% | #CG/newton: 1247 | ls (cap|max|inv|bt):  0| 0| 0| 0| runtime:  634.3 ms | cr: 2537.3
    923. dt:  0.25 ms | #newton:  1 | ph:  0.0% | #CG/newton: 1290 | ls (cap|max|inv|bt):  0| 0| 0| 0| runtime:  660.2 ms | cr: 2640.7
    924. dt:  0.25 ms | #newton:  1 | ph:  0.0% | #CG/newton: 1277 | ls (cap|max|inv|bt):  0| 0| 0| 0| runtime:  650.5 ms | cr: 2602.2
    925. dt:  0.25 ms | #newton:  1 | ph:  0.0% | #CG/newton: 1262 | ls (cap|max|inv|bt):  0| 0| 0| 0| runtime:  642.1 ms | cr: 2568.2
    926. dt:  0.25 ms | #newton:  1 | ph:  0.0% | #CG/newton: 1245 | ls (cap|max|inv|bt):  0| 0| 0| 0| runtime:  630.3 ms | cr: 2521.3
    927. dt:  0.25 ms | #newton:  1 | ph:  0.0% | #CG/newton: 1259 | ls (cap|max|inv|bt):  0| 0| 0| 0| runtime:  640.9 ms | cr: 2563.7
    928. dt:  0.25 ms | #newton:  1 | ph:  0.0% | #CG/newton: 1270 | ls (cap|max|inv|bt):  0| 0| 0| 0| runtime:  646.2 ms | cr: 2584.8
    929. dt:  0.25 ms | #newton:  1 | ph:  0.0% | #CG/newton: 1268 | ls (cap|max|inv|bt):  0| 0| 0| 0| runtime:  651.4 ms | cr: 2605.7
    930. dt:  0.25 ms | #newton:  1 | ph:  0.0% | #CG/newton: 1269 | ls (cap|max|inv|bt):  0| 0| 0| 0| runtime:  644.8 ms | cr: 2579.3
    931. dt:  0.25 ms | #newton:  1 | ph:  0.0% | #CG/newton: 1292 | ls (cap|max|inv|bt):  0| 0| 0| 0| runtime:  653.0 ms | cr: 2612.0
    932. dt:  0.25 ms | #newton:  1 | ph:  0.0% | #CG/newton: 1256 | ls (cap|max|inv|bt):  0| 0| 0| 0| runtime:  644.3 ms | cr: 2577.1
    933. dt:  0.25 ms | #newton:  1 | ph:  0.0% | #CG/newton: 1289 | ls (cap|max|inv|bt):  0| 0| 0| 0| runtime:  660.4 ms | cr: 2641.7
[Frame: 7] Time: 0.234 s
    934. dt:  0.25 ms | #newton:  1 | ph:  0.0% | #CG/newton: 1261 | ls (cap|max|inv|bt):  0| 0| 0| 0| runtime:  650.8 ms | cr: 2603.3
    935. dt:  0.25 ms | #newton:  1 | ph:  0.0% | #CG/newton: 1293 | ls (cap|max|inv|bt):  0| 0| 0| 0| runtime:  670.5 ms | cr: 2682.2
    936. dt:  0.25 ms | #newton:  1 | ph:  0.0% | #CG/newton: 1254 | ls (cap|max|inv|bt):  0| 0| 0| 0| runtime:  645.4 ms | cr: 2581.7
    937. dt:  0.25 ms | #newton:  1 | ph:  0.0% | #CG/newton: 1274 | ls (cap|max|inv|bt):  0| 0| 0| 0| runtime:  646.3 ms | cr: 2585.3
    938. dt:  0.25 ms | #newton:  1 | ph:  0.0% | #CG/newton: 1288 | ls (cap|max|inv|bt):  0| 0| 0| 0| runtime:  660.6 ms | cr: 2642.5
    939. dt:  0.25 ms | #newton:  1 | ph:  0.0% | #CG/newton: 1246 | ls (cap|max|inv|bt):  0| 0| 0| 0| runtime:  638.4 ms | cr: 2553.7
    940. dt:  0.25 ms | #newton:  1 | ph:  0.0% | #CG/newton: 1289 | ls (cap|max|inv|bt):  0| 0| 0| 0| runtime:  665.4 ms | cr: 2661.5
    941. dt:  0.25 ms | #newton:  1 | ph:  0.0% | #CG/newton: 1250 | ls (cap|max|inv|bt):  0| 0| 0| 0| runtime:  645.9 ms | cr: 2583.7
    942. dt:  0.25 ms | #newton:  1 | ph:  0.0% | #CG/newton: 1253 | ls (cap|max|inv|bt):  0| 0| 0| 0| runtime:  642.6 ms | cr: 2570.5
    943. dt:  0.25 ms | #newton:  1 | ph:  0.0% | #CG/newton: 1290 | ls (cap|max|inv|bt):  0| 0| 0| 0| runtime:  668.9 ms | cr: 2675.8
    944. dt:  0.25 ms | #newton:  1 | ph:  0.0% | #CG/newton: 1257 | ls (cap|max|inv|bt):  0| 0| 0| 0| runtime:  656.5 ms | cr: 2625.9
    945. dt:  0.25 ms | #newton:  1 | ph:  0.0% | #CG/newton: 1294 | ls (cap|max|inv|bt):  0| 0| 0| 0| runtime:  667.6 ms | cr: 2670.4
    946. dt:  0.25 ms | #newton:  1 | ph:  0.0% | #CG/newton: 1292 | ls (cap|max|inv|bt):  0| 0| 0| 0| runtime:  662.8 ms | cr: 2651.2
    947. dt:  0.25 ms | #newton:  1 | ph:  0.0% | #CG/newton: 1255 | ls (cap|max|inv|bt):  0| 0| 0| 0| runtime:  650.1 ms | cr: 2600.5
    948. dt:  0.25 ms | #newton:  1 | ph:  0.0% | #CG/newton: 1290 | ls (cap|max|inv|bt):  0| 0| 0| 0| runtime:  662.0 ms | cr: 2647.8
    949. dt:  0.25 ms | #newton:  1 | ph:  0.0% | #CG/newton: 1194 | ls (cap|max|inv|bt):  0| 0| 0| 0| runtime:  623.1 ms | cr: 2492.4
    950. dt:  0.25 ms | #newton:  1 | ph:  0.0% | #CG/newton: 1267 | ls (cap|max|inv|bt):  0| 0| 0| 0| runtime:  657.9 ms | cr: 2631.5
    951. dt:  0.25 ms | #newton:  1 | ph:  0.0% | #CG/newton: 1294 | ls (cap|max|inv|bt):  0| 0| 0| 0| runtime:  668.4 ms | cr: 2673.5
    952. dt:  0.25 ms | #newton:  1 | ph:  0.0% | #CG/newton: 1253 | ls (cap|max|inv|bt):  0| 0| 0| 0| runtime:  652.1 ms | cr: 2608.2
    953. dt:  0.25 ms | #newton:  1 | ph:  0.0% | #CG/newton: 1289 | ls (cap|max|inv|bt):  0| 0| 0| 0| runtime:  671.1 ms | cr: 2684.4
    954. dt:  0.25 ms | #newton:  1 | ph:  0.0% | #CG/newton: 1260 | ls (cap|max|inv|bt):  0| 0| 0| 0| runtime:  649.9 ms | cr: 2599.7
    955. dt:  0.25 ms | #newton:  1 | ph:  0.0% | #CG/newton: 1294 | ls (cap|max|inv|bt):  0| 0| 0| 0| runtime:  655.2 ms | cr: 2620.9
    956. dt:  0.25 ms | #newton:  1 | ph:  0.0% | #CG/newton: 1252 | ls (cap|max|inv|bt):  0| 0| 0| 0| runtime:  643.9 ms | cr: 2575.5
    957. dt:  0.25 ms | #newton:  1 | ph:  0.0% | #CG/newton: 1273 | ls (cap|max|inv|bt):  0| 0| 0| 0| runtime:  657.0 ms | cr: 2628.2
    958. dt:  0.25 ms | #newton:  1 | ph:  0.0% | #CG/newton: 1269 | ls (cap|max|inv|bt):  0| 0| 0| 0| runtime:  659.3 ms | cr: 2637.3
    959. dt:  0.25 ms | #newton:  1 | ph:  0.0% | #CG/newton: 1263 | ls (cap|max|inv|bt):  0| 0| 0| 0| runtime:  659.3 ms | cr: 2637.1
    960. dt:  0.25 ms | #newton:  1 | ph:  0.0% | #CG/newton: 1294 | ls (cap|max|inv|bt):  0| 0| 0| 0| runtime:  671.1 ms | cr: 2684.6
    961. dt:  0.25 ms | #newton:  1 | ph:  0.0% | #CG/newton: 1254 | ls (cap|max|inv|bt):  0| 0| 0| 0| runtime:  649.1 ms | cr: 2596.3
    962. dt:  0.25 ms | #newton:  1 | ph:  0.0% | #CG/newton: 1291 | ls (cap|max|inv|bt):  0| 0| 0| 0| runtime:  665.2 ms | cr: 2660.8
    963. dt:  0.25 ms | #newton:  1 | ph:  0.0% | #CG/newton: 1265 | ls (cap|max|inv|bt):  0| 0| 0| 0| runtime:  657.5 ms | cr: 2630.1
    964. dt:  0.25 ms | #newton:  1 | ph:  0.0% | #CG/newton: 1294 | ls (cap|max|inv|bt):  0| 0| 0| 0| runtime:  666.7 ms | cr: 2667.0
    965. dt:  0.25 ms | #newton:  1 | ph:  0.0% | #CG/newton: 1293 | ls (cap|max|inv|bt):  0| 0| 0| 0| runtime:  665.1 ms | cr: 2660.3
    966. dt:  0.25 ms | #newton:  1 | ph:  0.0% | #CG/newton: 1253 | ls (cap|max|inv|bt):  0| 0| 0| 0| runtime:  653.4 ms | cr: 2613.6
    967. dt:  0.25 ms | #newton:  1 | ph:  0.0% | #CG/newton: 1288 | ls (cap|max|inv|bt):  0| 0| 0| 0| runtime:  659.8 ms | cr: 2639.2
    968. dt:  0.25 ms | #newton:  1 | ph:  0.0% | #CG/newton: 1253 | ls (cap|max|inv|bt):  0| 0| 0| 0| runtime:  657.8 ms | cr: 2631.1
    969. dt:  0.25 ms | #newton:  1 | ph:  0.0% | #CG/newton: 1266 | ls (cap|max|inv|bt):  0| 0| 0| 0| runtime:  660.9 ms | cr: 2643.4
    970. dt:  0.25 ms | #newton:  1 | ph:  0.0% | #CG/newton: 1293 | ls (cap|max|inv|bt):  0| 0| 0| 0| runtime:  669.7 ms | cr: 2678.9
    971. dt:  0.25 ms | #newton:  1 | ph:  0.0% | #CG/newton: 1291 | ls (cap|max|inv|bt):  0| 0| 0| 0| runtime:  653.9 ms | cr: 2615.5
    972. dt:  0.25 ms | #newton:  1 | ph:  0.0% | #CG/newton: 1256 | ls (cap|max|inv|bt):  0| 0| 0| 0| runtime:  639.9 ms | cr: 2559.8
    973. dt:  0.25 ms | #newton:  1 | ph:  0.0% | #CG/newton: 1290 | ls (cap|max|inv|bt):  0| 0| 0| 0| runtime:  657.4 ms | cr: 2629.4
    974. dt:  0.25 ms | #newton:  1 | ph:  0.0% | #CG/newton: 1196 | ls (cap|max|inv|bt):  0| 0| 0| 0| runtime:  629.3 ms | cr: 2517.3
    975. dt:  0.25 ms | #newton:  1 | ph:  0.0% | #CG/newton: 1267 | ls (cap|max|inv|bt):  0| 0| 0| 0| runtime:  655.2 ms | cr: 2620.8
    976. dt:  0.25 ms | #newton:  1 | ph:  0.0% | #CG/newton: 1256 | ls (cap|max|inv|bt):  0| 0| 0| 0| runtime:  657.9 ms | cr: 2631.7
    977. dt:  0.25 ms | #newton:  1 | ph:  0.0% | #CG/newton: 1276 | ls (cap|max|inv|bt):  0| 0| 0| 0| runtime:  664.3 ms | cr: 2657.3
    978. dt:  0.25 ms | #newton:  1 | ph:  0.0% | #CG/newton: 1238 | ls (cap|max|inv|bt):  0| 0| 0| 0| runtime:  690.1 ms | cr: 2760.4
    979. dt:  0.25 ms | #newton:  1 | ph:  0.0% | #CG/newton: 1276 | ls (cap|max|inv|bt):  0| 0| 0| 0| runtime:  664.7 ms | cr: 2658.6
    980. dt:  0.25 ms | #newton:  1 | ph:  0.0% | #CG/newton: 1293 | ls (cap|max|inv|bt):  0| 0| 0| 0| runtime:  666.6 ms | cr: 2666.6
    981. dt:  0.25 ms | #newton:  1 | ph:  0.0% | #CG/newton: 1291 | ls (cap|max|inv|bt):  0| 0| 0| 0| runtime:  670.2 ms | cr: 2680.7
    982. dt:  0.25 ms | #newton:  1 | ph:  0.0% | #CG/newton: 1253 | ls (cap|max|inv|bt):  0| 0| 0| 0| runtime:  656.6 ms | cr: 2626.5
    983. dt:  0.25 ms | #newton:  1 | ph:  0.0% | #CG/newton: 1287 | ls (cap|max|inv|bt):  0| 0| 0| 0| runtime:  663.2 ms | cr: 2653.0
    984. dt:  0.25 ms | #newton:  1 | ph:  0.0% | #CG/newton: 1237 | ls (cap|max|inv|bt):  0| 0| 0| 0| runtime:  642.6 ms | cr: 2570.4
    985. dt:  0.25 ms | #newton:  1 | ph:  0.0% | #CG/newton: 1261 | ls (cap|max|inv|bt):  0| 0| 0| 0| runtime:  662.6 ms | cr: 2650.6
    986. dt:  0.25 ms | #newton:  1 | ph:  0.0% | #CG/newton: 1292 | ls (cap|max|inv|bt):  0| 0| 0| 0| runtime:  674.7 ms | cr: 2698.9
    987. dt:  0.25 ms | #newton:  1 | ph:  0.0% | #CG/newton: 1291 | ls (cap|max|inv|bt):  0| 0| 0| 0| runtime:  667.4 ms | cr: 2669.7
    988. dt:  0.25 ms | #newton:  1 | ph:  0.0% | #CG/newton: 1261 | ls (cap|max|inv|bt):  0| 0| 0| 0| runtime:  646.0 ms | cr: 2583.9
    989. dt:  0.25 ms | #newton:  1 | ph:  0.0% | #CG/newton: 1290 | ls (cap|max|inv|bt):  0| 0| 0| 0| runtime:  666.3 ms | cr: 2665.1
    990. dt:  0.25 ms | #newton:  1 | ph:  0.0% | #CG/newton: 1256 | ls (cap|max|inv|bt):  0| 0| 0| 0| runtime:  650.7 ms | cr: 2602.9
    991. dt:  0.25 ms | #newton:  1 | ph:  0.0% | #CG/newton: 1269 | ls (cap|max|inv|bt):  0| 0| 0| 0| runtime:  651.6 ms | cr: 2606.4
    992. dt:  0.25 ms | #newton:  1 | ph:  0.0% | #CG/newton: 1276 | ls (cap|max|inv|bt):  0| 0| 0| 0| runtime:  651.2 ms | cr: 2604.6
    993. dt:  0.25 ms | #newton:  1 | ph:  0.0% | #CG/newton: 1271 | ls (cap|max|inv|bt):  0| 0| 0| 0| runtime:  651.4 ms | cr: 2605.6
    994. dt:  0.25 ms | #newton:  1 | ph:  0.0% | #CG/newton: 1294 | ls (cap|max|inv|bt):  0| 0| 0| 0| runtime:  672.3 ms | cr: 2689.2
    995. dt:  0.25 ms | #newton:  1 | ph:  0.0% | #CG/newton: 1262 | ls (cap|max|inv|bt):  0| 0| 0| 0| runtime:  648.4 ms | cr: 2593.6
    996. dt:  0.25 ms | #newton:  1 | ph:  0.0% | #CG/newton: 1257 | ls (cap|max|inv|bt):  0| 0| 0| 0| runtime:  646.4 ms | cr: 2585.5
    997. dt:  0.25 ms | #newton:  1 | ph:  0.0% | #CG/newton: 1293 | ls (cap|max|inv|bt):  0| 0| 0| 0| runtime:  665.9 ms | cr: 2663.5
    998. dt:  0.25 ms | #newton:  1 | ph:  0.0% | #CG/newton: 1261 | ls (cap|max|inv|bt):  0| 0| 0| 0| runtime:  659.2 ms | cr: 2636.7
    999. dt:  0.25 ms | #newton:  1 | ph:  0.0% | #CG/newton: 1292 | ls (cap|max|inv|bt):  0| 0| 0| 0| runtime:  668.3 ms | cr: 2673.3
    1000. dt:  0.25 ms | #newton:  1 | ph:  0.0% | #CG/newton: 1253 | ls (cap|max|inv|bt):  0| 0| 0| 0| runtime:  653.3 ms | cr: 2613.1
    1001. dt:  0.25 ms | #newton:  1 | ph:  0.0% | #CG/newton: 1263 | ls (cap|max|inv|bt):  0| 0| 0| 0| runtime:  651.5 ms | cr: 2606.0
    1002. dt:  0.25 ms | #newton:  1 | ph:  0.0% | #CG/newton: 1293 | ls (cap|max|inv|bt):  0| 0| 0| 0| runtime:  666.0 ms | cr: 2664.0
    1003. dt:  0.25 ms | #newton:  1 | ph:  0.0% | #CG/newton: 1289 | ls (cap|max|inv|bt):  0| 0| 0| 0| runtime:  668.2 ms | cr: 2672.8
    1004. dt:  0.25 ms | #newton:  1 | ph:  0.0% | #CG/newton: 1261 | ls (cap|max|inv|bt):  0| 0| 0| 0| runtime:  645.8 ms | cr: 2583.0
    1005. dt:  0.25 ms | #newton:  1 | ph:  0.0% | #CG/newton: 1288 | ls (cap|max|inv|bt):  0| 0| 0| 0| runtime:  658.9 ms | cr: 2635.6
    1006. dt:  0.25 ms | #newton:  1 | ph:  0.0% | #CG/newton: 1255 | ls (cap|max|inv|bt):  0| 0| 0| 0| runtime:  650.0 ms | cr: 2599.9
    1007. dt:  0.25 ms | #newton:  1 | ph:  0.0% | #CG/newton: 1276 | ls (cap|max|inv|bt):  0| 0| 0| 0| runtime:  651.5 ms | cr: 2605.8
    1008. dt:  0.25 ms | #newton:  1 | ph:  0.0% | #CG/newton: 1246 | ls (cap|max|inv|bt):  0| 0| 0| 0| runtime:  644.0 ms | cr: 2576.0
    1009. dt:  0.25 ms | #newton:  1 | ph:  0.0% | #CG/newton: 1276 | ls (cap|max|inv|bt):  0| 0| 0| 0| runtime:  664.3 ms | cr: 2657.2
    1010. dt:  0.25 ms | #newton:  1 | ph:  0.0% | #CG/newton: 1292 | ls (cap|max|inv|bt):  0| 0| 0| 0| runtime:  649.4 ms | cr: 2597.5
    1011. dt:  0.25 ms | #newton:  1 | ph:  0.0% | #CG/newton: 1287 | ls (cap|max|inv|bt):  0| 0| 0| 0| runtime:  658.9 ms | cr: 2635.8
    1012. dt:  0.25 ms | #newton:  1 | ph:  0.0% | #CG/newton: 1253 | ls (cap|max|inv|bt):  0| 0| 0| 0| runtime:  650.0 ms | cr: 2599.8
    1013. dt:  0.25 ms | #newton:  1 | ph:  0.0% | #CG/newton: 1290 | ls (cap|max|inv|bt):  0| 0| 0| 0| runtime:  660.0 ms | cr: 2639.8
    1014. dt:  0.25 ms | #newton:  1 | ph:  0.0% | #CG/newton: 1249 | ls (cap|max|inv|bt):  0| 0| 0| 0| runtime:  658.0 ms | cr: 2632.2
    1015. dt:  0.25 ms | #newton:  1 | ph:  0.0% | #CG/newton: 1268 | ls (cap|max|inv|bt):  0| 0| 0| 0| runtime:  654.3 ms | cr: 2617.2
    1016. dt:  0.25 ms | #newton:  1 | ph:  0.0% | #CG/newton: 1235 | ls (cap|max|inv|bt):  0| 0| 0| 0| runtime:  642.4 ms | cr: 2569.7
    1017. dt:  0.25 ms | #newton:  1 | ph:  0.0% | #CG/newton: 1257 | ls (cap|max|inv|bt):  0| 0| 0| 0| runtime:  648.8 ms | cr: 2595.4
    1018. dt:  0.25 ms | #newton:  1 | ph:  0.0% | #CG/newton: 1291 | ls (cap|max|inv|bt):  0| 0| 0| 0| runtime:  663.2 ms | cr: 2652.8
    1019. dt:  0.25 ms | #newton:  1 | ph:  0.0% | #CG/newton: 1288 | ls (cap|max|inv|bt):  0| 0| 0| 0| runtime:  669.4 ms | cr: 2677.5
    1020. dt:  0.25 ms | #newton:  1 | ph:  0.0% | #CG/newton: 1255 | ls (cap|max|inv|bt):  0| 0| 0| 0| runtime:  648.7 ms | cr: 2594.9
    1021. dt:  0.25 ms | #newton:  1 | ph:  0.0% | #CG/newton: 1290 | ls (cap|max|inv|bt):  0| 0| 0| 0| runtime:  665.9 ms | cr: 2663.7
    1022. dt:  0.25 ms | #newton:  1 | ph:  0.0% | #CG/newton: 1248 | ls (cap|max|inv|bt):  0| 0| 0| 0| runtime:  651.5 ms | cr: 2605.9
    1023. dt:  0.25 ms | #newton:  1 | ph:  0.0% | #CG/newton: 1252 | ls (cap|max|inv|bt):  0| 0| 0| 0| runtime:  650.3 ms | cr: 2601.4
    1024. dt:  0.25 ms | #newton:  1 | ph:  0.0% | #CG/newton: 1264 | ls (cap|max|inv|bt):  0| 0| 0| 0| runtime:  652.6 ms | cr: 2610.4
    1025. dt:  0.25 ms | #newton:  1 | ph:  0.0% | #CG/newton: 1233 | ls (cap|max|inv|bt):  0| 0| 0| 0| runtime:  633.2 ms | cr: 2532.7
    1026. dt:  0.25 ms | #newton:  1 | ph:  0.0% | #CG/newton: 1250 | ls (cap|max|inv|bt):  0| 0| 0| 0| runtime:  676.6 ms | cr: 2706.4
    1027. dt:  0.25 ms | #newton:  1 | ph:  0.0% | #CG/newton: 1278 | ls (cap|max|inv|bt):  0| 0| 0| 0| runtime:  661.5 ms | cr: 2645.9
    1028. dt:  0.25 ms | #newton:  1 | ph:  0.0% | #CG/newton: 1292 | ls (cap|max|inv|bt):  0| 0| 0| 0| runtime:  665.2 ms | cr: 2661.0
    1029. dt:  0.25 ms | #newton:  1 | ph:  0.0% | #CG/newton: 1255 | ls (cap|max|inv|bt):  0| 0| 0| 0| runtime:  655.0 ms | cr: 2620.2
    1030. dt:  0.25 ms | #newton:  1 | ph:  0.0% | #CG/newton: 1263 | ls (cap|max|inv|bt):  0| 0| 0| 0| runtime:  654.5 ms | cr: 2617.8
    1031. dt:  0.25 ms | #newton:  1 | ph:  0.0% | #CG/newton: 1289 | ls (cap|max|inv|bt):  0| 0| 0| 0| runtime:  656.6 ms | cr: 2626.5
    1032. dt:  0.25 ms | #newton:  1 | ph:  0.0% | #CG/newton: 1286 | ls (cap|max|inv|bt):  0| 0| 0| 0| runtime:  651.9 ms | cr: 2607.4
    1033. dt:  0.25 ms | #newton:  1 | ph:  0.0% | #CG/newton: 1252 | ls (cap|max|inv|bt):  0| 0| 0| 0| runtime:  635.8 ms | cr: 2543.2
    1034. dt:  0.25 ms | #newton:  1 | ph:  0.0% | #CG/newton: 1257 | ls (cap|max|inv|bt):  0| 0| 0| 0| runtime:  650.0 ms | cr: 2599.8
    1035. dt:  0.25 ms | #newton:  1 | ph:  0.0% | #CG/newton: 1291 | ls (cap|max|inv|bt):  0| 0| 0| 0| runtime:  652.1 ms | cr: 2608.3
    1036. dt:  0.25 ms | #newton:  1 | ph:  0.0% | #CG/newton: 1290 | ls (cap|max|inv|bt):  0| 0| 0| 0| runtime:  663.4 ms | cr: 2653.7
    1037. dt:  0.25 ms | #newton:  1 | ph:  0.0% | #CG/newton: 1257 | ls (cap|max|inv|bt):  0| 0| 0| 0| runtime:  649.5 ms | cr: 2598.1
    1038. dt:  0.25 ms | #newton:  1 | ph:  0.0% | #CG/newton: 1293 | ls (cap|max|inv|bt):  0| 0| 0| 0| runtime:  659.3 ms | cr: 2637.0
    1039. dt:  0.25 ms | #newton:  1 | ph:  0.0% | #CG/newton: 1256 | ls (cap|max|inv|bt):  0| 0| 0| 0| runtime:  645.7 ms | cr: 2582.6
    1040. dt:  0.25 ms | #newton:  1 | ph:  0.0% | #CG/newton: 1278 | ls (cap|max|inv|bt):  0| 0| 0| 0| runtime:  651.8 ms | cr: 2607.1
    1041. dt:  0.25 ms | #newton:  1 | ph:  0.0% | #CG/newton: 1231 | ls (cap|max|inv|bt):  0| 0| 0| 0| runtime:  629.2 ms | cr: 2516.6
    1042. dt:  0.25 ms | #newton:  1 | ph:  0.0% | #CG/newton: 1156 | ls (cap|max|inv|bt):  0| 0| 0| 0| runtime:  602.9 ms | cr: 2411.8
    1043. dt:  0.25 ms | #newton:  1 | ph:  0.0% | #CG/newton: 1233 | ls (cap|max|inv|bt):  0| 0| 0| 0| runtime:  634.3 ms | cr: 2537.0
    1044. dt:  0.25 ms | #newton:  1 | ph:  0.0% | #CG/newton: 1263 | ls (cap|max|inv|bt):  0| 0| 0| 0| runtime:  654.2 ms | cr: 2616.8
    1045. dt:  0.25 ms | #newton:  1 | ph:  0.0% | #CG/newton: 1290 | ls (cap|max|inv|bt):  0| 0| 0| 0| runtime:  658.1 ms | cr: 2632.5
    1046. dt:  0.25 ms | #newton:  1 | ph:  0.0% | #CG/newton: 1170 | ls (cap|max|inv|bt):  0| 0| 0| 0| runtime:  615.0 ms | cr: 2460.1
    1047. dt:  0.25 ms | #newton:  1 | ph:  0.0% | #CG/newton: 1287 | ls (cap|max|inv|bt):  0| 0| 0| 0| runtime:  656.8 ms | cr: 2627.2
    1048. dt:  0.25 ms | #newton:  1 | ph:  0.0% | #CG/newton: 1252 | ls (cap|max|inv|bt):  0| 0| 0| 0| runtime:  652.5 ms | cr: 2610.0
    1049. dt:  0.25 ms | #newton:  1 | ph:  0.0% | #CG/newton: 1252 | ls (cap|max|inv|bt):  0| 0| 0| 0| runtime:  639.4 ms | cr: 2557.6
    1050. dt:  0.25 ms | #newton:  1 | ph:  0.0% | #CG/newton: 1267 | ls (cap|max|inv|bt):  0| 0| 0| 0| runtime:  645.5 ms | cr: 2581.9
    1051. dt:  0.25 ms | #newton:  1 | ph:  0.0% | #CG/newton: 1289 | ls (cap|max|inv|bt):  0| 0| 0| 0| runtime:  659.4 ms | cr: 2637.7
    1052. dt:  0.25 ms | #newton:  1 | ph:  0.0% | #CG/newton: 1250 | ls (cap|max|inv|bt):  0| 0| 0| 0| runtime:  641.7 ms | cr: 2566.8
    1053. dt:  0.25 ms | #newton:  1 | ph:  0.0% | #CG/newton: 1268 | ls (cap|max|inv|bt):  0| 0| 0| 0| runtime:  647.5 ms | cr: 2590.1
    1054. dt:  0.25 ms | #newton:  1 | ph:  0.0% | #CG/newton: 1234 | ls (cap|max|inv|bt):  0| 0| 0| 0| runtime:  639.8 ms | cr: 2559.1
    1055. dt:  0.25 ms | #newton:  1 | ph:  0.0% | #CG/newton: 1274 | ls (cap|max|inv|bt):  0| 0| 0| 0| runtime:  648.2 ms | cr: 2592.6
    1056. dt:  0.25 ms | #newton:  1 | ph:  0.0% | #CG/newton: 1269 | ls (cap|max|inv|bt):  0| 0| 0| 0| runtime:  649.9 ms | cr: 2599.5
    1057. dt:  0.25 ms | #newton:  1 | ph:  0.0% | #CG/newton: 1258 | ls (cap|max|inv|bt):  0| 0| 0| 0| runtime:  642.5 ms | cr: 2570.0
    1058. dt:  0.25 ms | #newton:  1 | ph:  0.0% | #CG/newton: 1162 | ls (cap|max|inv|bt):  0| 0| 0| 0| runtime:  595.5 ms | cr: 2382.1
    1059. dt:  0.25 ms | #newton:  1 | ph:  0.0% | #CG/newton: 1258 | ls (cap|max|inv|bt):  0| 0| 0| 0| runtime:  647.9 ms | cr: 2591.8
    1060. dt:  0.25 ms | #newton:  1 | ph:  0.0% | #CG/newton: 1276 | ls (cap|max|inv|bt):  0| 0| 0| 0| runtime:  646.1 ms | cr: 2584.4
    1061. dt:  0.25 ms | #newton:  1 | ph:  0.0% | #CG/newton: 1235 | ls (cap|max|inv|bt):  0| 0| 0| 0| runtime:  628.5 ms | cr: 2514.1
    1062. dt:  0.25 ms | #newton:  1 | ph:  0.0% | #CG/newton: 1246 | ls (cap|max|inv|bt):  0| 0| 0| 0| runtime:  638.7 ms | cr: 2554.6
    1063. dt:  0.25 ms | #newton:  1 | ph:  0.0% | #CG/newton: 1161 | ls (cap|max|inv|bt):  0| 0| 0| 0| runtime:  602.9 ms | cr: 2411.8
    1064. dt:  0.25 ms | #newton:  1 | ph:  0.0% | #CG/newton: 1258 | ls (cap|max|inv|bt):  0| 0| 0| 0| runtime:  649.7 ms | cr: 2598.9
    1065. dt:  0.25 ms | #newton:  1 | ph:  0.0% | #CG/newton: 1263 | ls (cap|max|inv|bt):  0| 0| 0| 0| runtime:  634.2 ms | cr: 2536.8
    1066. dt:  0.25 ms | #newton:  1 | ph:  0.0% | #CG/newton: 1252 | ls (cap|max|inv|bt):  0| 0| 0| 0| runtime:  630.8 ms | cr: 2523.2
[Frame: 8] Time: 0.267 s
    1067. dt:  0.25 ms | #newton:  1 | ph:  0.0% | #CG/newton: 1273 | ls (cap|max|inv|bt):  0| 0| 0| 0| runtime:  642.0 ms | cr: 2567.9
    1068. dt:  0.25 ms | #newton:  1 | ph:  0.0% | #CG/newton: 1257 | ls (cap|max|inv|bt):  0| 0| 0| 0| runtime:  643.7 ms | cr: 2575.0
    1069. dt:  0.25 ms | #newton:  1 | ph:  0.0% | #CG/newton: 1288 | ls (cap|max|inv|bt):  0| 0| 0| 0| runtime:  686.0 ms | cr: 2744.0
    1070. dt:  0.25 ms | #newton:  1 | ph:  0.0% | #CG/newton: 1254 | ls (cap|max|inv|bt):  0| 0| 0| 0| runtime:  644.7 ms | cr: 2578.7
    1071. dt:  0.25 ms | #newton:  1 | ph:  0.0% | #CG/newton: 1161 | ls (cap|max|inv|bt):  0| 0| 0| 0| runtime:  602.8 ms | cr: 2411.4
    1072. dt:  0.25 ms | #newton:  1 | ph:  0.0% | #CG/newton: 1255 | ls (cap|max|inv|bt):  0| 0| 0| 0| runtime:  650.5 ms | cr: 2602.0
    1073. dt:  0.25 ms | #newton:  1 | ph:  0.0% | #CG/newton: 1290 | ls (cap|max|inv|bt):  0| 0| 0| 0| runtime:  650.5 ms | cr: 2601.9
    1074. dt:  0.25 ms | #newton:  1 | ph:  0.0% | #CG/newton: 1255 | ls (cap|max|inv|bt):  0| 0| 0| 0| runtime:  641.4 ms | cr: 2565.5
    1075. dt:  0.25 ms | #newton:  1 | ph:  0.0% | #CG/newton: 1256 | ls (cap|max|inv|bt):  0| 0| 0| 0| runtime:  663.1 ms | cr: 2652.3
    1076. dt:  0.25 ms | #newton:  1 | ph:  0.0% | #CG/newton: 1287 | ls (cap|max|inv|bt):  0| 0| 0| 0| runtime:  658.8 ms | cr: 2635.2
    1077. dt:  0.25 ms | #newton:  1 | ph:  0.0% | #CG/newton: 1256 | ls (cap|max|inv|bt):  0| 0| 0| 0| runtime:  646.9 ms | cr: 2587.6
    1078. dt:  0.25 ms | #newton:  1 | ph:  0.0% | #CG/newton: 1262 | ls (cap|max|inv|bt):  0| 0| 0| 0| runtime:  653.0 ms | cr: 2612.0
    1079. dt:  0.25 ms | #newton:  1 | ph:  0.0% | #CG/newton: 1256 | ls (cap|max|inv|bt):  0| 0| 0| 0| runtime:  647.9 ms | cr: 2591.4
    1080. dt:  0.25 ms | #newton:  1 | ph:  0.0% | #CG/newton: 1162 | ls (cap|max|inv|bt):  0| 0| 0| 0| runtime:  609.9 ms | cr: 2439.6
    1081. dt:  0.25 ms | #newton:  1 | ph:  0.0% | #CG/newton: 1287 | ls (cap|max|inv|bt):  0| 0| 0| 0| runtime:  659.7 ms | cr: 2638.9
    1082. dt:  0.25 ms | #newton:  1 | ph:  0.0% | #CG/newton: 1253 | ls (cap|max|inv|bt):  0| 0| 0| 0| runtime:  645.9 ms | cr: 2583.4
    1083. dt:  0.25 ms | #newton:  1 | ph:  0.0% | #CG/newton: 1287 | ls (cap|max|inv|bt):  0| 0| 0| 0| runtime:  661.0 ms | cr: 2644.2
    1084. dt:  0.25 ms | #newton:  1 | ph:  0.0% | #CG/newton: 1248 | ls (cap|max|inv|bt):  0| 0| 0| 0| runtime:  647.5 ms | cr: 2590.0
    1085. dt:  0.25 ms | #newton:  1 | ph:  0.0% | #CG/newton: 1165 | ls (cap|max|inv|bt):  0| 0| 0| 0| runtime:  609.3 ms | cr: 2437.1
    1086. dt:  0.25 ms | #newton:  1 | ph:  0.0% | #CG/newton: 1262 | ls (cap|max|inv|bt):  0| 0| 0| 0| runtime:  647.6 ms | cr: 2590.5
    1087. dt:  0.25 ms | #newton:  1 | ph:  0.0% | #CG/newton: 1233 | ls (cap|max|inv|bt):  0| 0| 0| 0| runtime:  643.0 ms | cr: 2572.1
    1088. dt:  0.25 ms | #newton:  1 | ph:  0.0% | #CG/newton: 1269 | ls (cap|max|inv|bt):  0| 0| 0| 0| runtime:  653.4 ms | cr: 2613.5
    1089. dt:  0.25 ms | #newton:  1 | ph:  0.0% | #CG/newton: 1162 | ls (cap|max|inv|bt):  0| 0| 0| 0| runtime:  609.6 ms | cr: 2438.3
    1090. dt:  0.25 ms | #newton:  1 | ph:  0.0% | #CG/newton: 1256 | ls (cap|max|inv|bt):  0| 0| 0| 0| runtime:  651.2 ms | cr: 2604.6
    1091. dt:  0.25 ms | #newton:  1 | ph:  0.0% | #CG/newton: 1289 | ls (cap|max|inv|bt):  0| 0| 0| 0| runtime:  665.0 ms | cr: 2660.1
    1092. dt:  0.25 ms | #newton:  1 | ph:  0.0% | #CG/newton: 1257 | ls (cap|max|inv|bt):  0| 0| 0| 0| runtime:  637.7 ms | cr: 2550.6
    1093. dt:  0.25 ms | #newton:  1 | ph:  0.0% | #CG/newton: 1231 | ls (cap|max|inv|bt):  0| 0| 0| 0| runtime:  645.2 ms | cr: 2580.9
    1094. dt:  0.25 ms | #newton:  1 | ph:  0.0% | #CG/newton: 1229 | ls (cap|max|inv|bt):  0| 0| 0| 0| runtime:  635.6 ms | cr: 2542.5
    1095. dt:  0.25 ms | #newton:  1 | ph:  0.0% | #CG/newton: 1129 | ls (cap|max|inv|bt):  0| 0| 0| 0| runtime:  592.8 ms | cr: 2371.2
    1096. dt:  0.25 ms | #newton:  1 | ph:  0.0% | #CG/newton: 1257 | ls (cap|max|inv|bt):  0| 0| 0| 0| runtime:  650.6 ms | cr: 2602.3
    1097. dt:  0.25 ms | #newton:  1 | ph:  0.0% | #CG/newton: 1275 | ls (cap|max|inv|bt):  0| 0| 0| 0| runtime:  659.4 ms | cr: 2637.4
    1098. dt:  0.25 ms | #newton:  1 | ph:  0.0% | #CG/newton: 1257 | ls (cap|max|inv|bt):  0| 0| 0| 0| runtime:  651.0 ms | cr: 2604.0
    1099. dt:  0.25 ms | #newton:  1 | ph:  0.0% | #CG/newton: 1255 | ls (cap|max|inv|bt):  0| 0| 0| 0| runtime:  649.9 ms | cr: 2599.4
    1100. dt:  0.25 ms | #newton:  1 | ph:  0.0% | #CG/newton: 1264 | ls (cap|max|inv|bt):  0| 0| 0| 0| runtime:  653.0 ms | cr: 2612.0
    1101. dt:  0.25 ms | #newton:  1 | ph:  0.0% | #CG/newton: 1264 | ls (cap|max|inv|bt):  0| 0| 0| 0| runtime:  648.5 ms | cr: 2594.0
    1102. dt:  0.25 ms | #newton:  1 | ph:  0.0% | #CG/newton: 1260 | ls (cap|max|inv|bt):  0| 0| 0| 0| runtime:  653.5 ms | cr: 2613.9
    1103. dt:  0.25 ms | #newton:  1 | ph:  0.0% | #CG/newton: 1256 | ls (cap|max|inv|bt):  0| 0| 0| 0| runtime:  649.4 ms | cr: 2597.7
    1104. dt:  0.25 ms | #newton:  1 | ph:  0.0% | #CG/newton: 1263 | ls (cap|max|inv|bt):  0| 0| 0| 0| runtime:  658.6 ms | cr: 2634.4
    1105. dt:  0.25 ms | #newton:  1 | ph:  0.0% | #CG/newton: 1260 | ls (cap|max|inv|bt):  0| 0| 0| 0| runtime:  643.9 ms | cr: 2575.6
    1106. dt:  0.25 ms | #newton:  1 | ph:  0.0% | #CG/newton: 1289 | ls (cap|max|inv|bt):  0| 0| 0| 0| runtime:  663.2 ms | cr: 2652.9
    1107. dt:  0.25 ms | #newton:  1 | ph:  0.0% | #CG/newton: 1257 | ls (cap|max|inv|bt):  0| 0| 0| 0| runtime:  648.8 ms | cr: 2595.1
    1108. dt:  0.25 ms | #newton:  1 | ph:  0.0% | #CG/newton: 1273 | ls (cap|max|inv|bt):  0| 0| 0| 0| runtime:  658.9 ms | cr: 2635.6
    1109. dt:  0.25 ms | #newton:  1 | ph:  0.0% | #CG/newton: 1242 | ls (cap|max|inv|bt):  0| 0| 0| 0| runtime:  646.5 ms | cr: 2585.8
    1110. dt:  0.25 ms | #newton:  1 | ph:  0.0% | #CG/newton: 1256 | ls (cap|max|inv|bt):  0| 0| 0| 0| runtime:  635.8 ms | cr: 2543.2
    1111. dt:  0.25 ms | #newton:  1 | ph:  0.0% | #CG/newton: 1289 | ls (cap|max|inv|bt):  0| 0| 0| 0| runtime:  699.0 ms | cr: 2795.9
    1112. dt:  0.25 ms | #newton:  1 | ph:  0.0% | #CG/newton: 1287 | ls (cap|max|inv|bt):  0| 0| 0| 0| runtime:  648.2 ms | cr: 2592.9
    1113. dt:  0.25 ms | #newton:  1 | ph:  0.0% | #CG/newton: 1253 | ls (cap|max|inv|bt):  0| 0| 0| 0| runtime:  644.1 ms | cr: 2576.2
    1114. dt:  0.25 ms | #newton:  1 | ph:  0.0% | #CG/newton: 1231 | ls (cap|max|inv|bt):  0| 0| 0| 0| runtime:  630.6 ms | cr: 2522.4
    1115. dt:  0.25 ms | #newton:  1 | ph:  0.0% | #CG/newton: 1290 | ls (cap|max|inv|bt):  0| 0| 0| 0| runtime:  663.5 ms | cr: 2653.8
    1116. dt:  0.25 ms | #newton:  1 | ph:  0.0% | #CG/newton: 1264 | ls (cap|max|inv|bt):  0| 0| 0| 0| runtime:  644.0 ms | cr: 2576.0
    1117. dt:  0.25 ms | #newton:  1 | ph:  0.0% | #CG/newton: 1269 | ls (cap|max|inv|bt):  0| 0| 0| 0| runtime:  647.9 ms | cr: 2591.7
    1118. dt:  0.25 ms | #newton:  1 | ph:  0.0% | #CG/newton: 1253 | ls (cap|max|inv|bt):  0| 0| 0| 0| runtime:  644.4 ms | cr: 2577.7
    1119. dt:  0.25 ms | #newton:  1 | ph:  0.0% | #CG/newton: 1266 | ls (cap|max|inv|bt):  0| 0| 0| 0| runtime:  646.6 ms | cr: 2586.3
    1120. dt:  0.25 ms | #newton:  1 | ph:  0.0% | #CG/newton: 1270 | ls (cap|max|inv|bt):  0| 0| 0| 0| runtime:  648.7 ms | cr: 2594.8
    1121. dt:  0.25 ms | #newton:  1 | ph:  0.0% | #CG/newton: 1262 | ls (cap|max|inv|bt):  0| 0| 0| 0| runtime:  637.2 ms | cr: 2548.8
    1122. dt:  0.25 ms | #newton:  1 | ph:  0.0% | #CG/newton: 1162 | ls (cap|max|inv|bt):  0| 0| 0| 0| runtime:  596.0 ms | cr: 2383.9
    1123. dt:  0.25 ms | #newton:  1 | ph:  0.0% | #CG/newton: 1276 | ls (cap|max|inv|bt):  0| 0| 0| 0| runtime:  648.8 ms | cr: 2595.2
    1124. dt:  0.25 ms | #newton:  1 | ph:  0.0% | #CG/newton: 1264 | ls (cap|max|inv|bt):  0| 0| 0| 0| runtime:  638.8 ms | cr: 2555.2
    1125. dt:  0.25 ms | #newton:  1 | ph:  0.0% | #CG/newton: 1256 | ls (cap|max|inv|bt):  0| 0| 0| 0| runtime:  641.1 ms | cr: 2564.3
    1126. dt:  0.25 ms | #newton:  1 | ph:  0.0% | #CG/newton: 1258 | ls (cap|max|inv|bt):  0| 0| 0| 0| runtime:  638.1 ms | cr: 2552.2
    1127. dt:  0.25 ms | #newton:  1 | ph:  0.0% | #CG/newton: 1262 | ls (cap|max|inv|bt):  0| 0| 0| 0| runtime:  640.3 ms | cr: 2561.2
    1128. dt:  0.25 ms | #newton:  1 | ph:  0.0% | #CG/newton: 1261 | ls (cap|max|inv|bt):  0| 0| 0| 0| runtime:  646.5 ms | cr: 2585.9
    1129. dt:  0.25 ms | #newton:  1 | ph:  0.0% | #CG/newton: 1286 | ls (cap|max|inv|bt):  0| 0| 0| 0| runtime:  658.6 ms | cr: 2634.4
    1130. dt:  0.25 ms | #newton:  1 | ph:  0.0% | #CG/newton: 1253 | ls (cap|max|inv|bt):  0| 0| 0| 0| runtime:  638.4 ms | cr: 2553.8
    1131. dt:  0.25 ms | #newton:  1 | ph:  0.0% | #CG/newton: 1267 | ls (cap|max|inv|bt):  0| 0| 0| 0| runtime:  643.6 ms | cr: 2574.5
    1132. dt:  0.25 ms | #newton:  1 | ph:  0.0% | #CG/newton: 1236 | ls (cap|max|inv|bt):  0| 0| 0| 0| runtime:  627.9 ms | cr: 2511.4
    1133. dt:  0.25 ms | #newton:  1 | ph:  0.0% | #CG/newton: 1256 | ls (cap|max|inv|bt):  0| 0| 0| 0| runtime:  645.2 ms | cr: 2580.9
    1134. dt:  0.25 ms | #newton:  1 | ph:  0.0% | #CG/newton: 1309 | ls (cap|max|inv|bt):  0| 0| 0| 0| runtime:  658.0 ms | cr: 2632.1
    1135. dt:  0.25 ms | #newton:  1 | ph:  0.0% | #CG/newton: 1255 | ls (cap|max|inv|bt):  0| 0| 0| 0| runtime:  644.5 ms | cr: 2577.9
    1136. dt:  0.25 ms | #newton:  1 | ph:  0.0% | #CG/newton: 1276 | ls (cap|max|inv|bt):  0| 0| 0| 0| runtime:  653.7 ms | cr: 2614.7
    1137. dt:  0.25 ms | #newton:  1 | ph:  0.0% | #CG/newton: 1271 | ls (cap|max|inv|bt):  0| 0| 0| 0| runtime:  644.3 ms | cr: 2577.3
    1138. dt:  0.25 ms | #newton:  1 | ph:  0.0% | #CG/newton: 1252 | ls (cap|max|inv|bt):  0| 0| 0| 0| runtime:  653.5 ms | cr: 2613.9
    1139. dt:  0.25 ms | #newton:  1 | ph:  0.0% | #CG/newton: 1276 | ls (cap|max|inv|bt):  0| 0| 0| 0| runtime:  651.8 ms | cr: 2607.2
    1140. dt:  0.25 ms | #newton:  1 | ph:  0.0% | #CG/newton: 1247 | ls (cap|max|inv|bt):  0| 0| 0| 0| runtime:  631.7 ms | cr: 2526.6
    1141. dt:  0.25 ms | #newton:  1 | ph:  0.0% | #CG/newton: 1268 | ls (cap|max|inv|bt):  0| 0| 0| 0| runtime:  649.0 ms | cr: 2596.0
    1142. dt:  0.25 ms | #newton:  1 | ph:  0.0% | #CG/newton: 1251 | ls (cap|max|inv|bt):  0| 0| 0| 0| runtime:  648.4 ms | cr: 2593.6
    1143. dt:  0.25 ms | #newton:  1 | ph:  0.0% | #CG/newton: 1288 | ls (cap|max|inv|bt):  0| 0| 0| 0| runtime:  660.2 ms | cr: 2641.0
    1144. dt:  0.25 ms | #newton:  1 | ph:  0.0% | #CG/newton: 1252 | ls (cap|max|inv|bt):  0| 0| 0| 0| runtime:  649.3 ms | cr: 2597.3
    1145. dt:  0.25 ms | #newton:  1 | ph:  0.0% | #CG/newton: 1254 | ls (cap|max|inv|bt):  0| 0| 0| 0| runtime:  654.9 ms | cr: 2619.5
    1146. dt:  0.25 ms | #newton:  1 | ph:  0.0% | #CG/newton: 1262 | ls (cap|max|inv|bt):  0| 0| 0| 0| runtime:  639.7 ms | cr: 2558.8
    1147. dt:  0.25 ms | #newton:  1 | ph:  0.0% | #CG/newton: 1263 | ls (cap|max|inv|bt):  0| 0| 0| 0| runtime:  653.9 ms | cr: 2615.4
    1148. dt:  0.25 ms | #newton:  1 | ph:  0.0% | #CG/newton: 1265 | ls (cap|max|inv|bt):  0| 0| 0| 0| runtime:  645.6 ms | cr: 2582.5
    1149. dt:  0.25 ms | #newton:  1 | ph:  0.0% | #CG/newton: 1294 | ls (cap|max|inv|bt):  0| 0| 0| 0| runtime:  660.4 ms | cr: 2641.7
    1150. dt:  0.25 ms | #newton:  1 | ph:  0.0% | #CG/newton: 1251 | ls (cap|max|inv|bt):  0| 0| 0| 0| runtime:  632.6 ms | cr: 2530.5
    1151. dt:  0.25 ms | #newton:  1 | ph:  0.0% | #CG/newton: 1262 | ls (cap|max|inv|bt):  0| 0| 0| 0| runtime:  642.1 ms | cr: 2568.3
    1152. dt:  0.25 ms | #newton:  1 | ph:  0.0% | #CG/newton: 1291 | ls (cap|max|inv|bt):  0| 0| 0| 0| runtime:  649.9 ms | cr: 2599.4
    1153. dt:  0.25 ms | #newton:  1 | ph:  0.0% | #CG/newton: 1252 | ls (cap|max|inv|bt):  0| 0| 0| 0| runtime:  643.2 ms | cr: 2572.7
    1154. dt:  0.25 ms | #newton:  1 | ph:  0.0% | #CG/newton: 1273 | ls (cap|max|inv|bt):  0| 0| 0| 0| runtime:  647.4 ms | cr: 2589.4
    1155. dt:  0.25 ms | #newton:  1 | ph:  0.0% | #CG/newton: 1256 | ls (cap|max|inv|bt):  0| 0| 0| 0| runtime:  645.6 ms | cr: 2582.4
    1156. dt:  0.25 ms | #newton:  1 | ph:  0.0% | #CG/newton: 1291 | ls (cap|max|inv|bt):  0| 0| 0| 0| runtime:  650.7 ms | cr: 2603.0
    1157. dt:  0.25 ms | #newton:  1 | ph:  0.0% | #CG/newton: 1252 | ls (cap|max|inv|bt):  0| 0| 0| 0| runtime:  641.7 ms | cr: 2566.9
    1158. dt:  0.25 ms | #newton:  1 | ph:  0.0% | #CG/newton: 1261 | ls (cap|max|inv|bt):  0| 0| 0| 0| runtime:  644.1 ms | cr: 2576.4
    1159. dt:  0.25 ms | #newton:  1 | ph:  0.0% | #CG/newton: 1293 | ls (cap|max|inv|bt):  0| 0| 0| 0| runtime:  655.5 ms | cr: 2621.9
    1160. dt:  0.25 ms | #newton:  1 | ph:  0.0% | #CG/newton: 1255 | ls (cap|max|inv|bt):  0| 0| 0| 0| runtime:  648.7 ms | cr: 2594.8
    1161. dt:  0.25 ms | #newton:  1 | ph:  0.0% | #CG/newton: 1271 | ls (cap|max|inv|bt):  0| 0| 0| 0| runtime:  695.1 ms | cr: 2780.5
    1162. dt:  0.25 ms | #newton:  1 | ph:  0.0% | #CG/newton: 1236 | ls (cap|max|inv|bt):  0| 0| 0| 0| runtime:  641.8 ms | cr: 2567.1
    1163. dt:  0.25 ms | #newton:  1 | ph:  0.0% | #CG/newton: 1261 | ls (cap|max|inv|bt):  0| 0| 0| 0| runtime:  640.5 ms | cr: 2562.1
    1164. dt:  0.25 ms | #newton:  1 | ph:  0.0% | #CG/newton: 1294 | ls (cap|max|inv|bt):  0| 0| 0| 0| runtime:  658.3 ms | cr: 2633.3
    1165. dt:  0.25 ms | #newton:  1 | ph:  0.0% | #CG/newton: 1292 | ls (cap|max|inv|bt):  0| 0| 0| 0| runtime:  675.1 ms | cr: 2700.4
    1166. dt:  0.25 ms | #newton:  1 | ph:  0.0% | #CG/newton: 1252 | ls (cap|max|inv|bt):  0| 0| 0| 0| runtime:  647.7 ms | cr: 2591.0
    1167. dt:  0.25 ms | #newton:  1 | ph:  0.0% | #CG/newton: 1258 | ls (cap|max|inv|bt):  0| 0| 0| 0| runtime:  643.5 ms | cr: 2574.1
    1168. dt:  0.25 ms | #newton:  1 | ph:  0.0% | #CG/newton: 1295 | ls (cap|max|inv|bt):  0| 0| 0| 0| runtime:  651.6 ms | cr: 2606.3
    1169. dt:  0.25 ms | #newton:  1 | ph:  0.0% | #CG/newton: 1256 | ls (cap|max|inv|bt):  0| 0| 0| 0| runtime:  647.3 ms | cr: 2589.4
    1170. dt:  0.25 ms | #newton:  1 | ph:  0.0% | #CG/newton: 1292 | ls (cap|max|inv|bt):  0| 0| 0| 0| runtime:  663.7 ms | cr: 2654.8
    1171. dt:  0.25 ms | #newton:  1 | ph:  0.0% | #CG/newton: 1161 | ls (cap|max|inv|bt):  0| 0| 0| 0| runtime:  610.1 ms | cr: 2440.4
    1172. dt:  0.25 ms | #newton:  1 | ph:  0.0% | #CG/newton: 1234 | ls (cap|max|inv|bt):  0| 0| 0| 0| runtime:  623.8 ms | cr: 2495.2
    1173. dt:  0.25 ms | #newton:  1 | ph:  0.0% | #CG/newton: 1267 | ls (cap|max|inv|bt):  0| 0| 0| 0| runtime:  652.0 ms | cr: 2607.9
    1174. dt:  0.25 ms | #newton:  1 | ph:  0.0% | #CG/newton: 1247 | ls (cap|max|inv|bt):  0| 0| 0| 0| runtime:  629.7 ms | cr: 2518.6
    1175. dt:  0.25 ms | #newton:  1 | ph:  0.0% | #CG/newton: 1301 | ls (cap|max|inv|bt):  0| 0| 0| 0| runtime:  651.8 ms | cr: 2607.2
    1176. dt:  0.25 ms | #newton:  1 | ph:  0.0% | #CG/newton: 1253 | ls (cap|max|inv|bt):  0| 0| 0| 0| runtime:  650.0 ms | cr: 2600.2
    1177. dt:  0.25 ms | #newton:  1 | ph:  0.0% | #CG/newton: 1266 | ls (cap|max|inv|bt):  0| 0| 0| 0| runtime:  639.7 ms | cr: 2558.7
    1178. dt:  0.25 ms | #newton:  1 | ph:  0.0% | #CG/newton: 1293 | ls (cap|max|inv|bt):  0| 0| 0| 0| runtime:  636.1 ms | cr: 2544.4
    1179. dt:  0.25 ms | #newton:  1 | ph:  0.0% | #CG/newton: 1252 | ls (cap|max|inv|bt):  0| 0| 0| 0| runtime:  620.2 ms | cr: 2480.7
    1180. dt:  0.25 ms | #newton:  1 | ph:  0.0% | #CG/newton: 1290 | ls (cap|max|inv|bt):  0| 0| 0| 0| runtime:  627.4 ms | cr: 2509.6
    1181. dt:  0.25 ms | #newton:  1 | ph:  0.0% | #CG/newton: 1262 | ls (cap|max|inv|bt):  0| 0| 0| 0| runtime:  628.6 ms | cr: 2514.6
    1182. dt:  0.25 ms | #newton:  1 | ph:  0.0% | #CG/newton: 1291 | ls (cap|max|inv|bt):  0| 0| 0| 0| runtime:  662.9 ms | cr: 2651.5
    1183. dt:  0.25 ms | #newton:  1 | ph:  0.0% | #CG/newton: 1291 | ls (cap|max|inv|bt):  0| 0| 0| 0| runtime:  645.0 ms | cr: 2579.9
    1184. dt:  0.25 ms | #newton:  1 | ph:  0.0% | #CG/newton: 1250 | ls (cap|max|inv|bt):  0| 0| 0| 0| runtime:  645.4 ms | cr: 2581.5
    1185. dt:  0.25 ms | #newton:  1 | ph:  0.0% | #CG/newton: 1251 | ls (cap|max|inv|bt):  0| 0| 0| 0| runtime:  640.8 ms | cr: 2563.2
    1186. dt:  0.25 ms | #newton:  1 | ph:  0.0% | #CG/newton: 1278 | ls (cap|max|inv|bt):  0| 0| 0| 0| runtime:  641.8 ms | cr: 2567.3
    1187. dt:  0.25 ms | #newton:  1 | ph:  0.0% | #CG/newton: 1246 | ls (cap|max|inv|bt):  0| 0| 0| 0| runtime:  637.2 ms | cr: 2549.0
    1188. dt:  0.25 ms | #newton:  1 | ph:  0.0% | #CG/newton: 1291 | ls (cap|max|inv|bt):  0| 0| 0| 0| runtime:  658.8 ms | cr: 2635.1
    1189. dt:  0.25 ms | #newton:  1 | ph:  0.0% | #CG/newton: 1253 | ls (cap|max|inv|bt):  0| 0| 0| 0| runtime:  646.3 ms | cr: 2585.1
    1190. dt:  0.25 ms | #newton:  1 | ph:  0.0% | #CG/newton: 1257 | ls (cap|max|inv|bt):  0| 0| 0| 0| runtime:  647.9 ms | cr: 2591.5
    1191. dt:  0.25 ms | #newton:  1 | ph:  0.0% | #CG/newton: 1294 | ls (cap|max|inv|bt):  0| 0| 0| 0| runtime:  661.4 ms | cr: 2645.8
    1192. dt:  0.25 ms | #newton:  1 | ph:  0.0% | #CG/newton: 1255 | ls (cap|max|inv|bt):  0| 0| 0| 0| runtime:  648.5 ms | cr: 2594.2
    1193. dt:  0.25 ms | #newton:  1 | ph:  0.0% | #CG/newton: 1255 | ls (cap|max|inv|bt):  0| 0| 0| 0| runtime:  646.1 ms | cr: 2584.6
    1194. dt:  0.25 ms | #newton:  1 | ph:  0.0% | #CG/newton: 1294 | ls (cap|max|inv|bt):  0| 0| 0| 0| runtime:  666.0 ms | cr: 2663.9
    1195. dt:  0.25 ms | #newton:  1 | ph:  0.0% | #CG/newton: 1255 | ls (cap|max|inv|bt):  0| 0| 0| 0| runtime:  653.9 ms | cr: 2615.8
    1196. dt:  0.25 ms | #newton:  1 | ph:  0.0% | #CG/newton: 1265 | ls (cap|max|inv|bt):  0| 0| 0| 0| runtime:  652.7 ms | cr: 2610.7
    1197. dt:  0.25 ms | #newton:  1 | ph:  0.0% | #CG/newton: 1292 | ls (cap|max|inv|bt):  0| 0| 0| 0| runtime:  657.7 ms | cr: 2630.8
    1198. dt:  0.25 ms | #newton:  1 | ph:  0.0% | #CG/newton: 1255 | ls (cap|max|inv|bt):  0| 0| 0| 0| runtime:  634.8 ms | cr: 2539.3
    1199. dt:  0.25 ms | #newton:  1 | ph:  0.0% | #CG/newton: 1263 | ls (cap|max|inv|bt):  0| 0| 0| 0| runtime:  638.7 ms | cr: 2554.8
    1200. dt:  0.25 ms | #newton:  1 | ph:  0.0% | #CG/newton: 1240 | ls (cap|max|inv|bt):  0| 0| 0| 0| runtime:  642.4 ms | cr: 2569.7
[Frame: 9] Time: 0.300 s
    1201. dt:  0.25 ms | #newton:  1 | ph:  0.0% | #CG/newton: 1287 | ls (cap|max|inv|bt):  0| 0| 0| 0| runtime:  654.3 ms | cr: 2617.3
    1202. dt:  0.25 ms | #newton:  1 | ph:  0.0% | #CG/newton: 1260 | ls (cap|max|inv|bt):  0| 0| 0| 0| runtime:  655.7 ms | cr: 2622.9
    1203. dt:  0.25 ms | #newton:  1 | ph:  0.0% | #CG/newton: 1235 | ls (cap|max|inv|bt):  0| 0| 0| 0| runtime:  636.8 ms | cr: 2547.2
    1204. dt:  0.25 ms | #newton:  1 | ph:  0.0% | #CG/newton: 1285 | ls (cap|max|inv|bt):  0| 0| 0| 0| runtime:  656.8 ms | cr: 2627.3
    1205. dt:  0.25 ms | #newton:  1 | ph:  0.0% | #CG/newton: 1258 | ls (cap|max|inv|bt):  0| 0| 0| 0| runtime:  652.5 ms | cr: 2609.9
    1206. dt:  0.25 ms | #newton:  1 | ph:  0.0% | #CG/newton: 1290 | ls (cap|max|inv|bt):  0| 0| 0| 0| runtime:  660.0 ms | cr: 2639.8
    1207. dt:  0.25 ms | #newton:  1 | ph:  0.0% | #CG/newton: 1258 | ls (cap|max|inv|bt):  0| 0| 0| 0| runtime:  648.6 ms | cr: 2594.3
    1208. dt:  0.25 ms | #newton:  1 | ph:  0.0% | #CG/newton: 1290 | ls (cap|max|inv|bt):  0| 0| 0| 0| runtime:  648.9 ms | cr: 2595.7
    1209. dt:  0.25 ms | #newton:  1 | ph:  0.0% | #CG/newton: 1237 | ls (cap|max|inv|bt):  0| 0| 0| 0| runtime:  639.1 ms | cr: 2556.5
    1210. dt:  0.25 ms | #newton:  1 | ph:  0.0% | #CG/newton: 1287 | ls (cap|max|inv|bt):  0| 0| 0| 0| runtime:  650.7 ms | cr: 2602.9
    1211. dt:  0.25 ms | #newton:  1 | ph:  0.0% | #CG/newton: 1257 | ls (cap|max|inv|bt):  0| 0| 0| 0| runtime:  645.2 ms | cr: 2581.0
    1212. dt:  0.25 ms | #newton:  1 | ph:  0.0% | #CG/newton: 1238 | ls (cap|max|inv|bt):  0| 0| 0| 0| runtime:  641.9 ms | cr: 2567.4
    1213. dt:  0.25 ms | #newton:  1 | ph:  0.0% | #CG/newton: 1289 | ls (cap|max|inv|bt):  0| 0| 0| 0| runtime:  658.8 ms | cr: 2635.2
    1214. dt:  0.25 ms | #newton:  1 | ph:  0.0% | #CG/newton: 1261 | ls (cap|max|inv|bt):  0| 0| 0| 0| runtime:  638.6 ms | cr: 2554.4
    1215. dt:  0.25 ms | #newton:  1 | ph:  0.0% | #CG/newton: 1238 | ls (cap|max|inv|bt):  0| 0| 0| 0| runtime:  633.2 ms | cr: 2532.6
    1216. dt:  0.25 ms | #newton:  1 | ph:  0.0% | #CG/newton: 1286 | ls (cap|max|inv|bt):  0| 0| 0| 0| runtime:  661.3 ms | cr: 2645.4
    1217. dt:  0.25 ms | #newton:  1 | ph:  0.0% | #CG/newton: 1265 | ls (cap|max|inv|bt):  0| 0| 0| 0| runtime:  645.4 ms | cr: 2581.4
    1218. dt:  0.25 ms | #newton:  1 | ph:  0.0% | #CG/newton: 1290 | ls (cap|max|inv|bt):  0| 0| 0| 0| runtime:  664.3 ms | cr: 2657.3
    1219. dt:  0.25 ms | #newton:  1 | ph:  0.0% | #CG/newton: 1257 | ls (cap|max|inv|bt):  0| 0| 0| 0| runtime:  639.2 ms | cr: 2556.6
    1220. dt:  0.25 ms | #newton:  1 | ph:  0.0% | #CG/newton: 1294 | ls (cap|max|inv|bt):  0| 0| 0| 0| runtime:  664.4 ms | cr: 2657.6
    1221. dt:  0.25 ms | #newton:  1 | ph:  0.0% | #CG/newton: 1293 | ls (cap|max|inv|bt):  0| 0| 0| 0| runtime:  658.4 ms | cr: 2633.4
    1222. dt:  0.25 ms | #newton:  1 | ph:  0.0% | #CG/newton: 1253 | ls (cap|max|inv|bt):  0| 0| 0| 0| runtime:  646.6 ms | cr: 2586.6
    1223. dt:  0.25 ms | #newton:  1 | ph:  0.0% | #CG/newton: 1278 | ls (cap|max|inv|bt):  0| 0| 0| 0| runtime:  644.1 ms | cr: 2576.3
    1224. dt:  0.25 ms | #newton:  1 | ph:  0.0% | #CG/newton: 1294 | ls (cap|max|inv|bt):  0| 0| 0| 0| runtime:  651.8 ms | cr: 2607.0
    1225. dt:  0.25 ms | #newton:  1 | ph:  0.0% | #CG/newton: 1293 | ls (cap|max|inv|bt):  0| 0| 0| 0| runtime:  659.8 ms | cr: 2639.0
    1226. dt:  0.25 ms | #newton:  1 | ph:  0.0% | #CG/newton: 1251 | ls (cap|max|inv|bt):  0| 0| 0| 0| runtime:  636.7 ms | cr: 2547.0
    1227. dt:  0.25 ms | #newton:  1 | ph:  0.0% | #CG/newton: 1265 | ls (cap|max|inv|bt):  0| 0| 0| 0| runtime:  643.8 ms | cr: 2575.0
    1228. dt:  0.25 ms | #newton:  1 | ph:  0.0% | #CG/newton: 1295 | ls (cap|max|inv|bt):  0| 0| 0| 0| runtime:  656.0 ms | cr: 2624.0
    1229. dt:  0.25 ms | #newton:  1 | ph:  0.0% | #CG/newton: 1293 | ls (cap|max|inv|bt):  0| 0| 0| 0| runtime:  649.1 ms | cr: 2596.6
    1230. dt:  0.25 ms | #newton:  1 | ph:  0.0% | #CG/newton: 1237 | ls (cap|max|inv|bt):  0| 0| 0| 0| runtime:  634.3 ms | cr: 2537.0
    1231. dt:  0.25 ms | #newton:  1 | ph:  0.0% | #CG/newton: 1289 | ls (cap|max|inv|bt):  0| 0| 0| 0| runtime:  656.9 ms | cr: 2627.6
    1232. dt:  0.25 ms | #newton:  1 | ph:  0.0% | #CG/newton: 1268 | ls (cap|max|inv|bt):  0| 0| 0| 0| runtime:  644.6 ms | cr: 2578.4
    1233. dt:  0.25 ms | #newton:  1 | ph:  0.0% | #CG/newton: 1252 | ls (cap|max|inv|bt):  0| 0| 0| 0| runtime:  640.1 ms | cr: 2560.3
    1234. dt:  0.25 ms | #newton:  1 | ph:  0.0% | #CG/newton: 1272 | ls (cap|max|inv|bt):  0| 0| 0| 0| runtime:  651.7 ms | cr: 2606.6
    1235. dt:  0.25 ms | #newton:  1 | ph:  0.0% | #CG/newton: 1293 | ls (cap|max|inv|bt):  0| 0| 0| 0| runtime:  666.1 ms | cr: 2664.3
    1236. dt:  0.25 ms | #newton:  1 | ph:  0.0% | #CG/newton: 1292 | ls (cap|max|inv|bt):  0| 0| 0| 0| runtime:  669.7 ms | cr: 2678.7
    1237. dt:  0.25 ms | #newton:  1 | ph:  0.0% | #CG/newton: 1236 | ls (cap|max|inv|bt):  0| 0| 0| 0| runtime:  687.4 ms | cr: 2749.6
    1238. dt:  0.25 ms | #newton:  1 | ph:  0.0% | #CG/newton: 1289 | ls (cap|max|inv|bt):  0| 0| 0| 0| runtime:  666.7 ms | cr: 2666.7
    1239. dt:  0.25 ms | #newton:  1 | ph:  0.0% | #CG/newton: 1261 | ls (cap|max|inv|bt):  0| 0| 0| 0| runtime:  657.0 ms | cr: 2628.0
    1240. dt:  0.25 ms | #newton:  1 | ph:  0.0% | #CG/newton: 1290 | ls (cap|max|inv|bt):  0| 0| 0| 0| runtime:  658.7 ms | cr: 2634.8
    1241. dt:  0.25 ms | #newton:  1 | ph:  0.0% | #CG/newton: 1246 | ls (cap|max|inv|bt):  0| 0| 0| 0| runtime:  647.4 ms | cr: 2589.7
    1242. dt:  0.25 ms | #newton:  1 | ph:  0.0% | #CG/newton: 1255 | ls (cap|max|inv|bt):  0| 0| 0| 0| runtime:  640.5 ms | cr: 2561.8
    1243. dt:  0.25 ms | #newton:  1 | ph:  0.0% | #CG/newton: 1292 | ls (cap|max|inv|bt):  0| 0| 0| 0| runtime:  654.0 ms | cr: 2616.1
    1244. dt:  0.25 ms | #newton:  1 | ph:  0.0% | #CG/newton: 1253 | ls (cap|max|inv|bt):  0| 0| 0| 0| runtime:  645.8 ms | cr: 2583.3
    1245. dt:  0.25 ms | #newton:  1 | ph:  0.0% | #CG/newton: 1254 | ls (cap|max|inv|bt):  0| 0| 0| 0| runtime:  640.6 ms | cr: 2562.5
    1246. dt:  0.25 ms | #newton:  1 | ph:  0.0% | #CG/newton: 1291 | ls (cap|max|inv|bt):  0| 0| 0| 0| runtime:  649.9 ms | cr: 2599.5
    1247. dt:  0.25 ms | #newton:  1 | ph:  0.0% | #CG/newton: 1255 | ls (cap|max|inv|bt):  0| 0| 0| 0| runtime:  643.0 ms | cr: 2572.1
    1248. dt:  0.25 ms | #newton:  1 | ph:  0.0% | #CG/newton: 1246 | ls (cap|max|inv|bt):  0| 0| 0| 0| runtime:  634.1 ms | cr: 2536.6
    1249. dt:  0.25 ms | #newton:  1 | ph:  0.0% | #CG/newton: 1290 | ls (cap|max|inv|bt):  0| 0| 0| 0| runtime:  664.5 ms | cr: 2658.1
    1250. dt:  0.25 ms | #newton:  1 | ph:  0.0% | #CG/newton: 1262 | ls (cap|max|inv|bt):  0| 0| 0| 0| runtime:  639.0 ms | cr: 2555.8
    1251. dt:  0.25 ms | #newton:  1 | ph:  0.0% | #CG/newton: 1292 | ls (cap|max|inv|bt):  0| 0| 0| 0| runtime:  658.8 ms | cr: 2635.3
    1252. dt:  0.25 ms | #newton:  1 | ph:  0.0% | #CG/newton: 1228 | ls (cap|max|inv|bt):  0| 0| 0| 0| runtime:  638.7 ms | cr: 2554.8
    1253. dt:  0.25 ms | #newton:  1 | ph:  0.0% | #CG/newton: 1287 | ls (cap|max|inv|bt):  0| 0| 0| 0| runtime:  661.1 ms | cr: 2644.5
    1254. dt:  0.25 ms | #newton:  1 | ph:  0.0% | #CG/newton: 1262 | ls (cap|max|inv|bt):  0| 0| 0| 0| runtime:  647.6 ms | cr: 2590.3
    1255. dt:  0.25 ms | #newton:  1 | ph:  0.0% | #CG/newton: 1264 | ls (cap|max|inv|bt):  0| 0| 0| 0| runtime:  668.4 ms | cr: 2673.7
    1256. dt:  0.25 ms | #newton:  1 | ph:  0.0% | #CG/newton: 1239 | ls (cap|max|inv|bt):  0| 0| 0| 0| runtime:  648.9 ms | cr: 2595.4
    1257. dt:  0.25 ms | #newton:  1 | ph:  0.0% | #CG/newton: 1267 | ls (cap|max|inv|bt):  0| 0| 0| 0| runtime:  653.6 ms | cr: 2614.5
    1258. dt:  0.25 ms | #newton:  1 | ph:  0.0% | #CG/newton: 1260 | ls (cap|max|inv|bt):  0| 0| 0| 0| runtime:  641.6 ms | cr: 2566.2
    1259. dt:  0.25 ms | #newton:  1 | ph:  0.0% | #CG/newton: 1293 | ls (cap|max|inv|bt):  0| 0| 0| 0| runtime:  656.6 ms | cr: 2626.5
    1260. dt:  0.25 ms | #newton:  1 | ph:  0.0% | #CG/newton: 1253 | ls (cap|max|inv|bt):  0| 0| 0| 0| runtime:  641.7 ms | cr: 2566.7
    1261. dt:  0.25 ms | #newton:  1 | ph:  0.0% | #CG/newton: 1257 | ls (cap|max|inv|bt):  0| 0| 0| 0| runtime:  646.5 ms | cr: 2585.9
    1262. dt:  0.25 ms | #newton:  1 | ph:  0.0% | #CG/newton: 1293 | ls (cap|max|inv|bt):  0| 0| 0| 0| runtime:  660.2 ms | cr: 2640.9
    1263. dt:  0.25 ms | #newton:  1 | ph:  0.0% | #CG/newton: 1263 | ls (cap|max|inv|bt):  0| 0| 0| 0| runtime:  643.7 ms | cr: 2574.8
    1264. dt:  0.25 ms | #newton:  1 | ph:  0.0% | #CG/newton: 1266 | ls (cap|max|inv|bt):  0| 0| 0| 0| runtime:  634.4 ms | cr: 2537.8
    1265. dt:  0.25 ms | #newton:  1 | ph:  0.0% | #CG/newton: 1294 | ls (cap|max|inv|bt):  0| 0| 0| 0| runtime:  643.3 ms | cr: 2573.0
    1266. dt:  0.25 ms | #newton:  1 | ph:  0.0% | #CG/newton: 1258 | ls (cap|max|inv|bt):  0| 0| 0| 0| runtime:  642.2 ms | cr: 2568.7
    1267. dt:  0.25 ms | #newton:  1 | ph:  0.0% | #CG/newton: 1262 | ls (cap|max|inv|bt):  0| 0| 0| 0| runtime:  646.3 ms | cr: 2585.1
    1268. dt:  0.25 ms | #newton:  1 | ph:  0.0% | #CG/newton: 1293 | ls (cap|max|inv|bt):  0| 0| 0| 0| runtime:  653.5 ms | cr: 2614.2
    1269. dt:  0.25 ms | #newton:  1 | ph:  0.0% | #CG/newton: 1256 | ls (cap|max|inv|bt):  0| 0| 0| 0| runtime:  635.7 ms | cr: 2542.8
    1270. dt:  0.25 ms | #newton:  1 | ph:  0.0% | #CG/newton: 1261 | ls (cap|max|inv|bt):  0| 0| 0| 0| runtime:  640.9 ms | cr: 2563.7
    1271. dt:  0.25 ms | #newton:  1 | ph:  0.0% | #CG/newton: 1236 | ls (cap|max|inv|bt):  0| 0| 0| 0| runtime:  632.5 ms | cr: 2529.9
    1272. dt:  0.25 ms | #newton:  1 | ph:  0.0% | #CG/newton: 1286 | ls (cap|max|inv|bt):  0| 0| 0| 0| runtime:  655.3 ms | cr: 2621.1
    1273. dt:  0.25 ms | #newton:  1 | ph:  0.0% | #CG/newton: 1256 | ls (cap|max|inv|bt):  0| 0| 0| 0| runtime:  665.2 ms | cr: 2660.8
    1274. dt:  0.25 ms | #newton:  1 | ph:  0.0% | #CG/newton: 1254 | ls (cap|max|inv|bt):  0| 0| 0| 0| runtime:  648.5 ms | cr: 2593.9
    1275. dt:  0.25 ms | #newton:  1 | ph:  0.0% | #CG/newton: 1257 | ls (cap|max|inv|bt):  0| 0| 0| 0| runtime:  642.4 ms | cr: 2569.7
    1276. dt:  0.25 ms | #newton:  1 | ph:  0.0% | #CG/newton: 1266 | ls (cap|max|inv|bt):  0| 0| 0| 0| runtime:  646.6 ms | cr: 2586.5
    1277. dt:  0.25 ms | #newton:  1 | ph:  0.0% | #CG/newton: 1262 | ls (cap|max|inv|bt):  0| 0| 0| 0| runtime:  652.9 ms | cr: 2611.4
    1278. dt:  0.25 ms | #newton:  1 | ph:  0.0% | #CG/newton: 1256 | ls (cap|max|inv|bt):  0| 0| 0| 0| runtime:  643.8 ms | cr: 2575.3
    1279. dt:  0.25 ms | #newton:  1 | ph:  0.0% | #CG/newton: 1290 | ls (cap|max|inv|bt):  0| 0| 0| 0| runtime:  661.3 ms | cr: 2645.0
    1280. dt:  0.25 ms | #newton:  1 | ph:  0.0% | #CG/newton: 1252 | ls (cap|max|inv|bt):  0| 0| 0| 0| runtime:  652.5 ms | cr: 2610.0
    1281. dt:  0.25 ms | #newton:  1 | ph:  0.0% | #CG/newton: 1247 | ls (cap|max|inv|bt):  0| 0| 0| 0| runtime:  640.2 ms | cr: 2560.8
    1282. dt:  0.25 ms | #newton:  1 | ph:  0.0% | #CG/newton: 1290 | ls (cap|max|inv|bt):  0| 0| 0| 0| runtime:  669.0 ms | cr: 2675.9
    1283. dt:  0.25 ms | #newton:  1 | ph:  0.0% | #CG/newton: 1255 | ls (cap|max|inv|bt):  0| 0| 0| 0| runtime:  645.8 ms | cr: 2583.4
    1284. dt:  0.25 ms | #newton:  1 | ph:  0.0% | #CG/newton: 1267 | ls (cap|max|inv|bt):  0| 0| 0| 0| runtime:  646.2 ms | cr: 2584.7
    1285. dt:  0.25 ms | #newton:  1 | ph:  0.0% | #CG/newton: 1290 | ls (cap|max|inv|bt):  0| 0| 0| 0| runtime:  644.3 ms | cr: 2577.2
    1286. dt:  0.25 ms | #newton:  1 | ph:  0.0% | #CG/newton: 1257 | ls (cap|max|inv|bt):  0| 0| 0| 0| runtime:  648.6 ms | cr: 2594.4
    1287. dt:  0.25 ms | #newton:  1 | ph:  0.0% | #CG/newton: 1263 | ls (cap|max|inv|bt):  0| 0| 0| 0| runtime:  658.4 ms | cr: 2633.8
    1288. dt:  0.25 ms | #newton:  1 | ph:  0.0% | #CG/newton: 1287 | ls (cap|max|inv|bt):  0| 0| 0| 0| runtime:  662.1 ms | cr: 2648.5
    1289. dt:  0.25 ms | #newton:  1 | ph:  0.0% | #CG/newton: 1258 | ls (cap|max|inv|bt):  0| 0| 0| 0| runtime:  648.7 ms | cr: 2594.7
    1290. dt:  0.25 ms | #newton:  1 | ph:  0.0% | #CG/newton: 1262 | ls (cap|max|inv|bt):  0| 0| 0| 0| runtime:  639.8 ms | cr: 2559.0
    1291. dt:  0.25 ms | #newton:  1 | ph:  0.0% | #CG/newton: 1269 | ls (cap|max|inv|bt):  0| 0| 0| 0| runtime:  655.1 ms | cr: 2620.5
    1292. dt:  0.25 ms | #newton:  1 | ph:  0.0% | #CG/newton: 1257 | ls (cap|max|inv|bt):  0| 0| 0| 0| runtime:  649.0 ms | cr: 2596.1
    1293. dt:  0.25 ms | #newton:  1 | ph:  0.0% | #CG/newton: 1266 | ls (cap|max|inv|bt):  0| 0| 0| 0| runtime:  653.7 ms | cr: 2614.8
    1294. dt:  0.25 ms | #newton:  1 | ph:  0.0% | #CG/newton: 1233 | ls (cap|max|inv|bt):  0| 0| 0| 0| runtime:  649.9 ms | cr: 2599.4
    1295. dt:  0.25 ms | #newton:  1 | ph:  0.0% | #CG/newton: 1242 | ls (cap|max|inv|bt):  0| 0| 0| 0| runtime:  645.3 ms | cr: 2581.4
    1296. dt:  0.25 ms | #newton:  1 | ph:  0.0% | #CG/newton: 1273 | ls (cap|max|inv|bt):  0| 0| 0| 0| runtime:  651.4 ms | cr: 2605.5
    1297. dt:  0.25 ms | #newton:  1 | ph:  0.0% | #CG/newton: 1263 | ls (cap|max|inv|bt):  0| 0| 0| 0| runtime:  669.2 ms | cr: 2676.7
    1298. dt:  0.25 ms | #newton:  1 | ph:  0.0% | #CG/newton: 1289 | ls (cap|max|inv|bt):  0| 0| 0| 0| runtime:  668.1 ms | cr: 2672.5
    1299. dt:  0.25 ms | #newton:  1 | ph:  0.0% | #CG/newton: 1260 | ls (cap|max|inv|bt):  0| 0| 0| 0| runtime:  634.8 ms | cr: 2539.0
    1300. dt:  0.25 ms | #newton:  1 | ph:  0.0% | #CG/newton: 1267 | ls (cap|max|inv|bt):  0| 0| 0| 0| runtime:  640.7 ms | cr: 2562.9
    1301. dt:  0.25 ms | #newton:  1 | ph:  0.0% | #CG/newton: 1290 | ls (cap|max|inv|bt):  0| 0| 0| 0| runtime:  654.3 ms | cr: 2617.3
    1302. dt:  0.25 ms | #newton:  1 | ph:  0.0% | #CG/newton: 1258 | ls (cap|max|inv|bt):  0| 0| 0| 0| runtime:  642.9 ms | cr: 2571.7
    1303. dt:  0.25 ms | #newton:  1 | ph:  0.0% | #CG/newton: 1264 | ls (cap|max|inv|bt):  0| 0| 0| 0| runtime:  640.1 ms | cr: 2560.3
    1304. dt:  0.25 ms | #newton:  1 | ph:  0.0% | #CG/newton: 1278 | ls (cap|max|inv|bt):  0| 0| 0| 0| runtime:  640.8 ms | cr: 2563.2
    1305. dt:  0.25 ms | #newton:  1 | ph:  0.0% | #CG/newton: 1255 | ls (cap|max|inv|bt):  0| 0| 0| 0| runtime:  642.1 ms | cr: 2568.2
    1306. dt:  0.25 ms | #newton:  1 | ph:  0.0% | #CG/newton: 1265 | ls (cap|max|inv|bt):  0| 0| 0| 0| runtime:  641.9 ms | cr: 2567.6
    1307. dt:  0.25 ms | #newton:  1 | ph:  0.0% | #CG/newton: 1233 | ls (cap|max|inv|bt):  0| 0| 0| 0| runtime:  657.6 ms | cr: 2630.6
    1308. dt:  0.25 ms | #newton:  1 | ph:  0.0% | #CG/newton: 1248 | ls (cap|max|inv|bt):  0| 0| 0| 0| runtime:  638.8 ms | cr: 2555.1
    1309. dt:  0.25 ms | #newton:  1 | ph:  0.0% | #CG/newton: 1288 | ls (cap|max|inv|bt):  0| 0| 0| 0| runtime:  659.0 ms | cr: 2635.8
    1310. dt:  0.25 ms | #newton:  1 | ph:  0.0% | #CG/newton: 1247 | ls (cap|max|inv|bt):  0| 0| 0| 0| runtime:  632.2 ms | cr: 2528.8
    1311. dt:  0.25 ms | #newton:  1 | ph:  0.0% | #CG/newton: 1251 | ls (cap|max|inv|bt):  0| 0| 0| 0| runtime:  634.6 ms | cr: 2538.2
    1312. dt:  0.25 ms | #newton:  1 | ph:  0.0% | #CG/newton: 1269 | ls (cap|max|inv|bt):  0| 0| 0| 0| runtime:  655.3 ms | cr: 2621.2
    1313. dt:  0.25 ms | #newton:  1 | ph:  0.0% | #CG/newton: 1258 | ls (cap|max|inv|bt):  0| 0| 0| 0| runtime:  639.4 ms | cr: 2557.5
    1314. dt:  0.25 ms | #newton:  1 | ph:  0.0% | #CG/newton: 1254 | ls (cap|max|inv|bt):  0| 0| 0| 0| runtime:  648.9 ms | cr: 2595.8
    1315. dt:  0.25 ms | #newton:  1 | ph:  0.0% | #CG/newton: 1269 | ls (cap|max|inv|bt):  0| 0| 0| 0| runtime:  643.1 ms | cr: 2572.6
    1316. dt:  0.25 ms | #newton:  1 | ph:  0.0% | #CG/newton: 1293 | ls (cap|max|inv|bt):  0| 0| 0| 0| runtime:  668.4 ms | cr: 2673.6
    1317. dt:  0.25 ms | #newton:  1 | ph:  0.0% | #CG/newton: 1233 | ls (cap|max|inv|bt):  0| 0| 0| 0| runtime:  632.7 ms | cr: 2530.6
    1318. dt:  0.25 ms | #newton:  1 | ph:  0.0% | #CG/newton: 1256 | ls (cap|max|inv|bt):  0| 0| 0| 0| runtime:  642.1 ms | cr: 2568.4
    1319. dt:  0.25 ms | #newton:  1 | ph:  0.0% | #CG/newton: 1294 | ls (cap|max|inv|bt):  0| 0| 0| 0| runtime:  663.7 ms | cr: 2654.7
    1320. dt:  0.25 ms | #newton:  1 | ph:  0.0% | #CG/newton: 1256 | ls (cap|max|inv|bt):  0| 0| 0| 0| runtime:  657.4 ms | cr: 2629.4
    1321. dt:  0.25 ms | #newton:  1 | ph:  0.0% | #CG/newton: 1294 | ls (cap|max|inv|bt):  0| 0| 0| 0| runtime:  653.6 ms | cr: 2614.5
    1322. dt:  0.25 ms | #newton:  1 | ph:  0.0% | #CG/newton: 1292 | ls (cap|max|inv|bt):  0| 0| 0| 0| runtime:  646.7 ms | cr: 2587.0
    1323. dt:  0.25 ms | #newton:  1 | ph:  0.0% | #CG/newton: 1234 | ls (cap|max|inv|bt):  0| 0| 0| 0| runtime:  659.5 ms | cr: 2638.1
    1324. dt:  0.25 ms | #newton:  1 | ph:  0.0% | #CG/newton: 1258 | ls (cap|max|inv|bt):  0| 0| 0| 0| runtime:  668.8 ms | cr: 2675.1
    1325. dt:  0.25 ms | #newton:  1 | ph:  0.0% | #CG/newton: 1295 | ls (cap|max|inv|bt):  0| 0| 0| 0| runtime:  678.5 ms | cr: 2713.9
    1326. dt:  0.25 ms | #newton:  1 | ph:  0.0% | #CG/newton: 1251 | ls (cap|max|inv|bt):  0| 0| 0| 0| runtime:  656.7 ms | cr: 2626.9
    1327. dt:  0.25 ms | #newton:  1 | ph:  0.0% | #CG/newton: 1291 | ls (cap|max|inv|bt):  0| 0| 0| 0| runtime:  678.9 ms | cr: 2715.5
    1328. dt:  0.25 ms | #newton:  1 | ph:  0.0% | #CG/newton: 1291 | ls (cap|max|inv|bt):  0| 0| 0| 0| runtime:  659.4 ms | cr: 2637.6
    1329. dt:  0.25 ms | #newton:  1 | ph:  0.0% | #CG/newton: 1242 | ls (cap|max|inv|bt):  0| 0| 0| 0| runtime:  629.0 ms | cr: 2516.2
    1330. dt:  0.25 ms | #newton:  1 | ph:  0.0% | #CG/newton: 1293 | ls (cap|max|inv|bt):  0| 0| 0| 0| runtime:  652.0 ms | cr: 2608.2
    1331. dt:  0.25 ms | #newton:  1 | ph:  0.0% | #CG/newton: 1258 | ls (cap|max|inv|bt):  0| 0| 0| 0| runtime:  646.9 ms | cr: 2587.5
    1332. dt:  0.25 ms | #newton:  1 | ph:  0.0% | #CG/newton: 1293 | ls (cap|max|inv|bt):  0| 0| 0| 0| runtime:  657.3 ms | cr: 2629.1
    1333. dt:  0.25 ms | #newton:  1 | ph:  0.0% | #CG/newton: 1254 | ls (cap|max|inv|bt):  0| 0| 0| 0| runtime:  648.6 ms | cr: 2594.4
[Frame: 10] Time: 0.333 s
    1334. dt:  0.25 ms | #newton:  1 | ph:  0.0% | #CG/newton: 1256 | ls (cap|max|inv|bt):  0| 0| 0| 0| runtime:  640.4 ms | cr: 2561.6
    1335. dt:  0.25 ms | #newton:  1 | ph:  0.0% | #CG/newton: 1295 | ls (cap|max|inv|bt):  0| 0| 0| 0| runtime:  663.7 ms | cr: 2654.8
    1336. dt:  0.25 ms | #newton:  1 | ph:  0.0% | #CG/newton: 1257 | ls (cap|max|inv|bt):  0| 0| 0| 0| runtime:  642.1 ms | cr: 2568.2
    1337. dt:  0.25 ms | #newton:  1 | ph:  0.0% | #CG/newton: 1235 | ls (cap|max|inv|bt):  0| 0| 0| 0| runtime:  632.4 ms | cr: 2529.5
    1338. dt:  0.25 ms | #newton:  1 | ph:  0.0% | #CG/newton: 1258 | ls (cap|max|inv|bt):  0| 0| 0| 0| runtime:  647.3 ms | cr: 2589.4
    1339. dt:  0.25 ms | #newton:  1 | ph:  0.0% | #CG/newton: 1263 | ls (cap|max|inv|bt):  0| 0| 0| 0| runtime:  639.8 ms | cr: 2559.2
    1340. dt:  0.25 ms | #newton:  1 | ph:  0.0% | #CG/newton: 1295 | ls (cap|max|inv|bt):  0| 0| 0| 0| runtime:  659.7 ms | cr: 2638.9
    1341. dt:  0.25 ms | #newton:  1 | ph:  0.0% | #CG/newton: 1257 | ls (cap|max|inv|bt):  0| 0| 0| 0| runtime:  640.4 ms | cr: 2561.8
    1342. dt:  0.25 ms | #newton:  1 | ph:  0.0% | #CG/newton: 1239 | ls (cap|max|inv|bt):  0| 0| 0| 0| runtime:  662.3 ms | cr: 2649.0
    1343. dt:  0.25 ms | #newton:  1 | ph:  0.0% | #CG/newton: 1289 | ls (cap|max|inv|bt):  0| 0| 0| 0| runtime:  687.0 ms | cr: 2748.2
    1344. dt:  0.25 ms | #newton:  1 | ph:  0.0% | #CG/newton: 1260 | ls (cap|max|inv|bt):  0| 0| 0| 0| runtime:  688.4 ms | cr: 2753.7
    1345. dt:  0.25 ms | #newton:  1 | ph:  0.0% | #CG/newton: 1239 | ls (cap|max|inv|bt):  0| 0| 0| 0| runtime:  756.7 ms | cr: 3026.7
    1346. dt:  0.25 ms | #newton:  1 | ph:  0.0% | #CG/newton: 1289 | ls (cap|max|inv|bt):  0| 0| 0| 0| runtime:  684.7 ms | cr: 2739.0
    1347. dt:  0.25 ms | #newton:  1 | ph:  0.0% | #CG/newton: 1260 | ls (cap|max|inv|bt):  0| 0| 0| 0| runtime:  637.0 ms | cr: 2547.8
    1348. dt:  0.25 ms | #newton:  1 | ph:  0.0% | #CG/newton: 1294 | ls (cap|max|inv|bt):  0| 0| 0| 0| runtime:  656.1 ms | cr: 2624.6
    1349. dt:  0.25 ms | #newton:  1 | ph:  0.0% | #CG/newton: 1261 | ls (cap|max|inv|bt):  0| 0| 0| 0| runtime:  645.9 ms | cr: 2583.7
    1350. dt:  0.25 ms | #newton:  1 | ph:  0.0% | #CG/newton: 1239 | ls (cap|max|inv|bt):  0| 0| 0| 0| runtime:  638.9 ms | cr: 2555.5
    1351. dt:  0.25 ms | #newton:  1 | ph:  0.0% | #CG/newton: 1288 | ls (cap|max|inv|bt):  0| 0| 0| 0| runtime:  673.4 ms | cr: 2693.6
    1352. dt:  0.25 ms | #newton:  1 | ph:  0.0% | #CG/newton: 1262 | ls (cap|max|inv|bt):  0| 0| 0| 0| runtime:  661.0 ms | cr: 2643.9
    1353. dt:  0.25 ms | #newton:  1 | ph:  0.0% | #CG/newton: 1239 | ls (cap|max|inv|bt):  0| 0| 0| 0| runtime:  636.9 ms | cr: 2547.6
    1354. dt:  0.25 ms | #newton:  1 | ph:  0.0% | #CG/newton: 1289 | ls (cap|max|inv|bt):  0| 0| 0| 0| runtime:  659.1 ms | cr: 2636.4
    1355. dt:  0.25 ms | #newton:  1 | ph:  0.0% | #CG/newton: 1257 | ls (cap|max|inv|bt):  0| 0| 0| 0| runtime:  643.0 ms | cr: 2572.0
    1356. dt:  0.25 ms | #newton:  1 | ph:  0.0% | #CG/newton: 1294 | ls (cap|max|inv|bt):  0| 0| 0| 0| runtime:  663.2 ms | cr: 2652.9
    1357. dt:  0.25 ms | #newton:  1 | ph:  0.0% | #CG/newton: 1258 | ls (cap|max|inv|bt):  0| 0| 0| 0| runtime:  651.1 ms | cr: 2604.6
    1358. dt:  0.25 ms | #newton:  1 | ph:  0.0% | #CG/newton: 1238 | ls (cap|max|inv|bt):  0| 0| 0| 0| runtime:  630.9 ms | cr: 2523.4
    1359. dt:  0.25 ms | #newton:  1 | ph:  0.0% | #CG/newton: 1286 | ls (cap|max|inv|bt):  0| 0| 0| 0| runtime:  662.5 ms | cr: 2649.8
    1360. dt:  0.25 ms | #newton:  1 | ph:  0.0% | #CG/newton: 1265 | ls (cap|max|inv|bt):  0| 0| 0| 0| runtime:  660.3 ms | cr: 2641.1
    1361. dt:  0.25 ms | #newton:  1 | ph:  0.0% | #CG/newton: 1247 | ls (cap|max|inv|bt):  0| 0| 0| 0| runtime:  629.8 ms | cr: 2519.4
    1362. dt:  0.25 ms | #newton:  1 | ph:  0.0% | #CG/newton: 1275 | ls (cap|max|inv|bt):  0| 0| 0| 0| runtime:  641.6 ms | cr: 2566.5
    1363. dt:  0.25 ms | #newton:  1 | ph:  0.0% | #CG/newton: 1254 | ls (cap|max|inv|bt):  0| 0| 0| 0| runtime:  635.1 ms | cr: 2540.3
    1364. dt:  0.25 ms | #newton:  1 | ph:  0.0% | #CG/newton: 1293 | ls (cap|max|inv|bt):  0| 0| 0| 0| runtime:  649.9 ms | cr: 2599.5
    1365. dt:  0.25 ms | #newton:  1 | ph:  0.0% | #CG/newton: 1276 | ls (cap|max|inv|bt):  0| 0| 0| 0| runtime:  649.1 ms | cr: 2596.4
    1366. dt:  0.25 ms | #newton:  1 | ph:  0.0% | #CG/newton: 1235 | ls (cap|max|inv|bt):  0| 0| 0| 0| runtime:  628.6 ms | cr: 2514.5
    1367. dt:  0.25 ms | #newton:  1 | ph:  0.0% | #CG/newton: 1524 | ls (cap|max|inv|bt):  0| 0| 0| 0| runtime:  752.2 ms | cr: 3008.8
    1368. dt:  0.25 ms | #newton:  1 | ph:  0.0% | #CG/newton: 1295 | ls (cap|max|inv|bt):  0| 0| 0| 0| runtime:  654.5 ms | cr: 2617.9
    1369. dt:  0.25 ms | #newton:  1 | ph:  0.0% | #CG/newton: 1255 | ls (cap|max|inv|bt):  0| 0| 0| 0| runtime:  650.1 ms | cr: 2600.5
    1370. dt:  0.25 ms | #newton:  1 | ph:  0.0% | #CG/newton: 1232 | ls (cap|max|inv|bt):  0| 0| 0| 0| runtime:  654.9 ms | cr: 2619.6
    1371. dt:  0.25 ms | #newton:  1 | ph:  0.0% | #CG/newton: 1262 | ls (cap|max|inv|bt):  0| 0| 0| 0| runtime:  646.1 ms | cr: 2584.6
    1372. dt:  0.25 ms | #newton:  1 | ph:  0.0% | #CG/newton: 1235 | ls (cap|max|inv|bt):  0| 0| 0| 0| runtime:  637.0 ms | cr: 2548.0
    1373. dt:  0.25 ms | #newton:  1 | ph:  0.0% | #CG/newton: 1286 | ls (cap|max|inv|bt):  0| 0| 0| 0| runtime:  651.7 ms | cr: 2606.7
    1374. dt:  0.25 ms | #newton:  1 | ph:  0.0% | #CG/newton: 1252 | ls (cap|max|inv|bt):  0| 0| 0| 0| runtime:  635.8 ms | cr: 2543.1
    1375. dt:  0.25 ms | #newton:  1 | ph:  0.0% | #CG/newton: 1256 | ls (cap|max|inv|bt):  0| 0| 0| 0| runtime:  641.8 ms | cr: 2567.2
    1376. dt:  0.25 ms | #newton:  1 | ph:  0.0% | #CG/newton: 1269 | ls (cap|max|inv|bt):  0| 0| 0| 0| runtime:  658.0 ms | cr: 2632.2
    1377. dt:  0.25 ms | #newton:  1 | ph:  0.0% | #CG/newton: 1294 | ls (cap|max|inv|bt):  0| 0| 0| 0| runtime:  655.8 ms | cr: 2623.3
    1378. dt:  0.25 ms | #newton:  1 | ph:  0.0% | #CG/newton: 1262 | ls (cap|max|inv|bt):  0| 0| 0| 0| runtime:  647.5 ms | cr: 2590.0
    1379. dt:  0.25 ms | #newton:  1 | ph:  0.0% | #CG/newton: 1234 | ls (cap|max|inv|bt):  0| 0| 0| 0| runtime:  632.2 ms | cr: 2528.9
    1380. dt:  0.25 ms | #newton:  1 | ph:  0.0% | #CG/newton: 1502 | ls (cap|max|inv|bt):  0| 0| 0| 0| runtime:  735.4 ms | cr: 2941.5
    1381. dt:  0.25 ms | #newton:  1 | ph:  0.0% | #CG/newton: 1518 | ls (cap|max|inv|bt):  0| 0| 0| 0| runtime:  740.9 ms | cr: 2963.8
    1382. dt:  0.25 ms | #newton:  1 | ph:  0.0% | #CG/newton: 1503 | ls (cap|max|inv|bt):  0| 0| 0| 0| runtime:  744.1 ms | cr: 2976.4
    1383. dt:  0.25 ms | #newton:  1 | ph:  0.0% | #CG/newton: 1505 | ls (cap|max|inv|bt):  0| 0| 0| 0| runtime:  744.6 ms | cr: 2978.5
    1384. dt:  0.25 ms | #newton:  1 | ph:  0.0% | #CG/newton: 1522 | ls (cap|max|inv|bt):  0| 0| 0| 0| runtime:  743.9 ms | cr: 2975.6
    1385. dt:  0.25 ms | #newton:  1 | ph:  0.0% | #CG/newton: 1520 | ls (cap|max|inv|bt):  0| 0| 0| 0| runtime:  752.6 ms | cr: 3010.5
    1386. dt:  0.25 ms | #newton:  1 | ph:  0.0% | #CG/newton: 1496 | ls (cap|max|inv|bt):  0| 0| 0| 0| runtime:  734.3 ms | cr: 2937.3
    1387. dt:  0.25 ms | #newton:  1 | ph:  0.0% | #CG/newton: 1508 | ls (cap|max|inv|bt):  0| 0| 0| 0| runtime:  737.3 ms | cr: 2949.0
    1388. dt:  0.25 ms | #newton:  1 | ph:  0.0% | #CG/newton: 1525 | ls (cap|max|inv|bt):  0| 0| 0| 0| runtime:  737.7 ms | cr: 2950.9
    1389. dt:  0.25 ms | #newton:  1 | ph:  0.0% | #CG/newton: 1487 | ls (cap|max|inv|bt):  0| 0| 0| 0| runtime:  736.1 ms | cr: 2944.6
    1390. dt:  0.25 ms | #newton:  1 | ph:  0.0% | #CG/newton: 1517 | ls (cap|max|inv|bt):  0| 0| 0| 0| runtime:  754.9 ms | cr: 3019.8
    1391. dt:  0.25 ms | #newton:  1 | ph:  0.0% | #CG/newton: 1523 | ls (cap|max|inv|bt):  0| 0| 0| 0| runtime:  767.8 ms | cr: 3071.3
    1392. dt:  0.25 ms | #newton:  1 | ph:  0.0% | #CG/newton: 1517 | ls (cap|max|inv|bt):  0| 0| 0| 0| runtime:  751.9 ms | cr: 3007.4
    1393. dt:  0.25 ms | #newton:  1 | ph:  0.0% | #CG/newton: 1516 | ls (cap|max|inv|bt):  0| 0| 0| 0| runtime:  772.7 ms | cr: 3090.9
    1394. dt:  0.25 ms | #newton:  1 | ph:  0.0% | #CG/newton: 1490 | ls (cap|max|inv|bt):  0| 0| 0| 0| runtime:  743.1 ms | cr: 2972.4
    1395. dt:  0.25 ms | #newton:  1 | ph:  0.0% | #CG/newton: 1507 | ls (cap|max|inv|bt):  0| 0| 0| 0| runtime:  729.4 ms | cr: 2917.5
    1396. dt:  0.25 ms | #newton:  1 | ph:  0.0% | #CG/newton: 1527 | ls (cap|max|inv|bt):  0| 0| 0| 0| runtime:  733.3 ms | cr: 2933.4
    1397. dt:  0.25 ms | #newton:  1 | ph:  0.0% | #CG/newton: 1518 | ls (cap|max|inv|bt):  0| 0| 0| 0| runtime:  748.2 ms | cr: 2993.0
    1398. dt:  0.25 ms | #newton:  1 | ph:  0.0% | #CG/newton: 1503 | ls (cap|max|inv|bt):  0| 0| 0| 0| runtime:  739.0 ms | cr: 2955.9
    1399. dt:  0.25 ms | #newton:  1 | ph:  0.0% | #CG/newton: 1503 | ls (cap|max|inv|bt):  0| 0| 0| 0| runtime:  745.8 ms | cr: 2983.3
    1400. dt:  0.25 ms | #newton:  1 | ph:  0.0% | #CG/newton: 1504 | ls (cap|max|inv|bt):  0| 0| 0| 0| runtime:  736.6 ms | cr: 2946.5
    1401. dt:  0.25 ms | #newton:  1 | ph:  0.0% | #CG/newton: 1526 | ls (cap|max|inv|bt):  0| 0| 0| 0| runtime:  754.2 ms | cr: 3016.7
    1402. dt:  0.25 ms | #newton:  1 | ph:  0.0% | #CG/newton: 1510 | ls (cap|max|inv|bt):  0| 0| 0| 0| runtime:  733.6 ms | cr: 2934.5
    1403. dt:  0.25 ms | #newton:  1 | ph:  0.0% | #CG/newton: 1524 | ls (cap|max|inv|bt):  0| 0| 0| 0| runtime:  745.5 ms | cr: 2982.0
    1404. dt:  0.25 ms | #newton:  1 | ph:  0.0% | #CG/newton: 1527 | ls (cap|max|inv|bt):  0| 0| 0| 0| runtime:  760.1 ms | cr: 3040.5
    1405. dt:  0.25 ms | #newton:  1 | ph:  0.0% | #CG/newton: 2462 | ls (cap|max|inv|bt):  0| 0| 0| 0| runtime: 1136.7 ms | cr: 4546.7
    1406. dt:  0.25 ms | #newton:  1 | ph:  0.0% | #CG/newton: 1523 | ls (cap|max|inv|bt):  0| 0| 0| 0| runtime:  772.8 ms | cr: 3091.2
    1407. dt:  0.25 ms | #newton:  1 | ph:  0.0% | #CG/newton: 1500 | ls (cap|max|inv|bt):  0| 0| 0| 0| runtime:  734.6 ms | cr: 2938.5
    1408. dt:  0.25 ms | #newton:  1 | ph:  0.0% | #CG/newton: 1517 | ls (cap|max|inv|bt):  0| 0| 0| 0| runtime:  750.5 ms | cr: 3002.2
    1409. dt:  0.25 ms | #newton:  1 | ph:  0.0% | #CG/newton: 1496 | ls (cap|max|inv|bt):  0| 0| 0| 0| runtime:  739.5 ms | cr: 2957.9
    1410. dt:  0.25 ms | #newton:  1 | ph:  0.0% | #CG/newton: 1484 | ls (cap|max|inv|bt):  0| 0| 0| 0| runtime:  728.2 ms | cr: 2912.8
    1411. dt:  0.25 ms | #newton:  1 | ph:  0.0% | #CG/newton: 1527 | ls (cap|max|inv|bt):  0| 0| 0| 0| runtime:  749.2 ms | cr: 2996.9
    1412. dt:  0.25 ms | #newton:  1 | ph:  0.0% | #CG/newton: 1528 | ls (cap|max|inv|bt):  0| 0| 0| 0| runtime:  752.4 ms | cr: 3009.7
    1413. dt:  0.25 ms | #newton:  1 | ph:  0.0% | #CG/newton: 2560 | ls (cap|max|inv|bt):  0| 0| 0| 0| runtime: 1175.5 ms | cr: 4702.1
    1414. dt:  0.25 ms | #newton:  1 | ph:  0.0% | #CG/newton: 2580 | ls (cap|max|inv|bt):  0| 0| 0| 0| runtime: 1160.5 ms | cr: 4642.0
    1415. dt:  0.25 ms | #newton:  1 | ph:  0.0% | #CG/newton: 2848 | ls (cap|max|inv|bt):  0| 0| 0| 0| runtime: 1297.4 ms | cr: 5189.7
    1416. dt:  0.25 ms | #newton:  1 | ph:  0.0% | #CG/newton: 1482 | ls (cap|max|inv|bt):  0| 0| 0| 0| runtime:  725.7 ms | cr: 2902.7
    1417. dt:  0.25 ms | #newton:  1 | ph:  0.0% | #CG/newton: 1510 | ls (cap|max|inv|bt):  0| 0| 0| 0| runtime:  743.9 ms | cr: 2975.6
    1418. dt:  0.25 ms | #newton:  1 | ph:  0.0% | #CG/newton: 1526 | ls (cap|max|inv|bt):  0| 0| 0| 0| runtime:  746.6 ms | cr: 2986.3
    1419. dt:  0.25 ms | #newton:  1 | ph:  0.0% | #CG/newton: 2585 | ls (cap|max|inv|bt):  0| 0| 0| 0| runtime: 1187.0 ms | cr: 4747.8
    1420. dt:  0.25 ms | #newton:  1 | ph:  0.0% | #CG/newton: 2464 | ls (cap|max|inv|bt):  0| 0| 0| 0| runtime: 1132.2 ms | cr: 4528.7
    1421. dt:  0.25 ms | #newton:  1 | ph:  0.0% | #CG/newton: 2900 | ls (cap|max|inv|bt):  0| 0| 0| 0| runtime: 1316.2 ms | cr: 5264.7
    1422. dt:  0.25 ms | #newton:  1 | ph:  0.0% | #CG/newton: 2830 | ls (cap|max|inv|bt):  0| 0| 0| 0| runtime: 1367.6 ms | cr: 5470.3
    1423. dt:  0.25 ms | #newton:  1 | ph:  0.0% | #CG/newton: 2838 | ls (cap|max|inv|bt):  0| 0| 0| 0| runtime: 1303.0 ms | cr: 5212.2
    1424. dt:  0.25 ms | #newton:  1 | ph:  0.0% | #CG/newton: 2662 | ls (cap|max|inv|bt):  0| 0| 0| 0| runtime: 1202.7 ms | cr: 4810.6
    1425. dt:  0.25 ms | #newton:  1 | ph:  0.0% | #CG/newton: 2457 | ls (cap|max|inv|bt):  0| 0| 0| 0| runtime: 1162.3 ms | cr: 4649.4
    1426. dt:  0.25 ms | #newton:  1 | ph:  0.0% | #CG/newton: 2639 | ls (cap|max|inv|bt):  0| 0| 0| 0| runtime: 1200.2 ms | cr: 4800.6
    1427. dt:  0.25 ms | #newton:  1 | ph:  0.0% | #CG/newton: 2604 | ls (cap|max|inv|bt):  0| 0| 0| 0| runtime: 1211.6 ms | cr: 4846.5
    1428. dt:  0.25 ms | #newton:  1 | ph:  0.0% | #CG/newton: 2664 | ls (cap|max|inv|bt):  0| 0| 0| 0| runtime: 1234.8 ms | cr: 4939.1
    1429. dt:  0.25 ms | #newton:  1 | ph:  0.0% | #CG/newton: 2189 | ls (cap|max|inv|bt):  0| 0| 0| 0| runtime: 1034.4 ms | cr: 4137.8
    1430. dt:  0.25 ms | #newton:  1 | ph:  0.0% | #CG/newton: 2241 | ls (cap|max|inv|bt):  0| 0| 0| 0| runtime: 1058.7 ms | cr: 4234.8
    1431. dt:  0.25 ms | #newton:  1 | ph:  0.0% | #CG/newton: 2210 | ls (cap|max|inv|bt):  0| 0| 0| 0| runtime: 1052.0 ms | cr: 4207.9
    1432. dt:  0.25 ms | #newton:  1 | ph:  0.0% | #CG/newton: 2238 | ls (cap|max|inv|bt):  0| 0| 0| 0| runtime: 1063.3 ms | cr: 4253.1
    1433. dt:  0.25 ms | #newton:  1 | ph:  0.0% | #CG/newton: 2240 | ls (cap|max|inv|bt):  0| 0| 0| 0| runtime: 1076.9 ms | cr: 4307.4
    1434. dt:  0.25 ms | #newton:  1 | ph:  0.0% | #CG/newton: 2277 | ls (cap|max|inv|bt):  0| 0| 0| 0| runtime: 1092.8 ms | cr: 4371.3
    1435. dt:  0.25 ms | #newton:  1 | ph:  0.0% | #CG/newton: 2202 | ls (cap|max|inv|bt):  0| 0| 0| 0| runtime: 1077.9 ms | cr: 4311.5
    1436. dt:  0.25 ms | #newton:  1 | ph:  0.0% | #CG/newton: 2260 | ls (cap|max|inv|bt):  0| 0| 0| 0| runtime: 1087.9 ms | cr: 4351.5
    1437. dt:  0.25 ms | #newton:  1 | ph:  0.0% | #CG/newton: 2212 | ls (cap|max|inv|bt):  0| 0| 0| 0| runtime: 1079.0 ms | cr: 4315.9
    1438. dt:  0.25 ms | #newton:  1 | ph:  0.0% | #CG/newton: 2251 | ls (cap|max|inv|bt):  0| 0| 0| 0| runtime: 1080.5 ms | cr: 4322.1
    1439. dt:  0.25 ms | #newton:  1 | ph:  0.0% | #CG/newton: 2263 | ls (cap|max|inv|bt):  0| 0| 0| 0| runtime: 1061.0 ms | cr: 4243.9
    1440. dt:  0.25 ms | #newton:  1 | ph:  0.0% | #CG/newton: 2326 | ls (cap|max|inv|bt):  0| 0| 0| 0| runtime: 1090.6 ms | cr: 4362.4
    1441. dt:  0.25 ms | #newton:  1 | ph:  0.0% | #CG/newton: 2371 | ls (cap|max|inv|bt):  0| 0| 0| 0| runtime: 1104.7 ms | cr: 4418.9
    1442. dt:  0.25 ms | #newton:  1 | ph:  0.0% | #CG/newton: 2298 | ls (cap|max|inv|bt):  0| 0| 0| 0| runtime: 1073.2 ms | cr: 4293.0
    1443. dt:  0.25 ms | #newton:  1 | ph:  0.0% | #CG/newton: 2351 | ls (cap|max|inv|bt):  0| 0| 0| 0| runtime: 1098.2 ms | cr: 4392.9
    1444. dt:  0.25 ms | #newton:  1 | ph:  0.0% | #CG/newton: 2274 | ls (cap|max|inv|bt):  0| 0| 0| 0| runtime: 1073.7 ms | cr: 4295.0
    1445. dt:  0.25 ms | #newton:  1 | ph:  0.0% | #CG/newton: 2269 | ls (cap|max|inv|bt):  0| 0| 0| 0| runtime: 1065.0 ms | cr: 4260.0
    1446. dt:  0.25 ms | #newton:  1 | ph:  0.0% | #CG/newton: 2321 | ls (cap|max|inv|bt):  0| 0| 0| 0| runtime: 1097.3 ms | cr: 4389.3
    1447. dt:  0.25 ms | #newton:  1 | ph:  0.0% | #CG/newton: 2198 | ls (cap|max|inv|bt):  0| 0| 0| 0| runtime: 1026.9 ms | cr: 4107.6
    1448. dt:  0.25 ms | #newton:  1 | ph:  0.0% | #CG/newton: 2260 | ls (cap|max|inv|bt):  0| 0| 0| 0| runtime: 1071.2 ms | cr: 4284.6
    1449. dt:  0.25 ms | #newton:  1 | ph:  0.0% | #CG/newton: 2271 | ls (cap|max|inv|bt):  0| 0| 0| 0| runtime: 1102.6 ms | cr: 4410.3
    1450. dt:  0.25 ms | #newton:  1 | ph:  0.0% | #CG/newton: 2253 | ls (cap|max|inv|bt):  0| 0| 0| 0| runtime: 1090.6 ms | cr: 4362.5
    1451. dt:  0.25 ms | #newton:  1 | ph:  0.0% | #CG/newton: 2271 | ls (cap|max|inv|bt):  0| 0| 0| 0| runtime: 1097.1 ms | cr: 4388.6
    1452. dt:  0.25 ms | #newton:  1 | ph:  0.0% | #CG/newton: 2362 | ls (cap|max|inv|bt):  0| 0| 0| 0| runtime: 1178.0 ms | cr: 4711.9
    1453. dt:  0.25 ms | #newton:  1 | ph:  0.0% | #CG/newton: 2247 | ls (cap|max|inv|bt):  0| 0| 0| 0| runtime: 1086.5 ms | cr: 4345.8
    1454. dt:  0.25 ms | #newton:  1 | ph:  0.0% | #CG/newton: 2265 | ls (cap|max|inv|bt):  0| 0| 0| 0| runtime: 1066.2 ms | cr: 4264.7
    1455. dt:  0.25 ms | #newton:  1 | ph:  0.0% | #CG/newton: 2361 | ls (cap|max|inv|bt):  0| 0| 0| 0| runtime: 1105.5 ms | cr: 4422.0
    1456. dt:  0.25 ms | #newton:  1 | ph:  0.0% | #CG/newton: 2322 | ls (cap|max|inv|bt):  0| 0| 0| 0| runtime: 1076.2 ms | cr: 4304.9
    1457. dt:  0.25 ms | #newton:  1 | ph:  0.0% | #CG/newton: 2252 | ls (cap|max|inv|bt):  0| 0| 0| 0| runtime: 1063.2 ms | cr: 4252.7
    1458. dt:  0.25 ms | #newton:  1 | ph:  0.0% | #CG/newton: 2252 | ls (cap|max|inv|bt):  0| 0| 0| 0| runtime: 1068.3 ms | cr: 4273.3
    1459. dt:  0.25 ms | #newton:  1 | ph:  0.0% | #CG/newton: 2268 | ls (cap|max|inv|bt):  0| 0| 0| 0| runtime: 1073.8 ms | cr: 4295.1
    1460. dt:  0.25 ms | #newton:  1 | ph:  0.0% | #CG/newton: 2194 | ls (cap|max|inv|bt):  0| 0| 0| 0| runtime: 1050.9 ms | cr: 4203.7
    1461. dt:  0.25 ms | #newton:  1 | ph:  0.0% | #CG/newton: 2353 | ls (cap|max|inv|bt):  0| 0| 0| 0| runtime: 1106.9 ms | cr: 4427.6
    1462. dt:  0.25 ms | #newton:  1 | ph:  0.0% | #CG/newton: 2232 | ls (cap|max|inv|bt):  0| 0| 0| 0| runtime: 1061.1 ms | cr: 4244.4
    1463. dt:  0.25 ms | #newton:  1 | ph:  0.0% | #CG/newton: 2266 | ls (cap|max|inv|bt):  0| 0| 0| 0| runtime: 1114.7 ms | cr: 4458.7
    1464. dt:  0.25 ms | #newton:  1 | ph:  0.0% | #CG/newton: 1263 | ls (cap|max|inv|bt):  0| 0| 0| 0| runtime:  673.4 ms | cr: 2693.7
    1465. dt:  0.25 ms | #newton:  1 | ph:  0.0% | #CG/newton: 1294 | ls (cap|max|inv|bt):  0| 0| 0| 0| runtime:  685.5 ms | cr: 2741.8
    1466. dt:  0.25 ms | #newton:  1 | ph:  0.0% | #CG/newton: 1297 | ls (cap|max|inv|bt):  0| 0| 0| 0| runtime:  685.2 ms | cr: 2740.7
[Frame: 11] Time: 0.367 s
    1467. dt:  0.25 ms | #newton:  1 | ph:  0.0% | #CG/newton: 1268 | ls (cap|max|inv|bt):  0| 0| 0| 0| runtime:  676.1 ms | cr: 2704.5
    1468. dt:  0.25 ms | #newton:  1 | ph:  0.0% | #CG/newton: 1239 | ls (cap|max|inv|bt):  0| 0| 0| 0| runtime:  666.3 ms | cr: 2665.2
    1469. dt:  0.25 ms | #newton:  1 | ph:  0.0% | #CG/newton: 1273 | ls (cap|max|inv|bt):  0| 0| 0| 0| runtime:  658.0 ms | cr: 2632.0
    1470. dt:  0.25 ms | #newton:  1 | ph:  0.0% | #CG/newton: 1261 | ls (cap|max|inv|bt):  0| 0| 0| 0| runtime:  647.5 ms | cr: 2590.0
    1471. dt:  0.25 ms | #newton:  1 | ph:  0.0% | #CG/newton: 1295 | ls (cap|max|inv|bt):  0| 0| 0| 0| runtime:  666.0 ms | cr: 2664.0
    1472. dt:  0.25 ms | #newton:  1 | ph:  0.0% | #CG/newton: 1278 | ls (cap|max|inv|bt):  0| 0| 0| 0| runtime:  656.9 ms | cr: 2627.8
    1473. dt:  0.25 ms | #newton:  1 | ph:  0.0% | #CG/newton: 1294 | ls (cap|max|inv|bt):  0| 0| 0| 0| runtime:  665.8 ms | cr: 2663.2
    1474. dt:  0.25 ms | #newton:  1 | ph:  0.0% | #CG/newton: 1250 | ls (cap|max|inv|bt):  0| 0| 0| 0| runtime:  643.4 ms | cr: 2573.4
    1475. dt:  0.25 ms | #newton:  1 | ph:  0.0% | #CG/newton: 1272 | ls (cap|max|inv|bt):  0| 0| 0| 0| runtime:  652.2 ms | cr: 2608.6
    1476. dt:  0.25 ms | #newton:  1 | ph:  0.0% | #CG/newton: 1295 | ls (cap|max|inv|bt):  0| 0| 0| 0| runtime:  667.6 ms | cr: 2670.3
    1477. dt:  0.25 ms | #newton:  1 | ph:  0.0% | #CG/newton: 1294 | ls (cap|max|inv|bt):  0| 0| 0| 0| runtime:  680.8 ms | cr: 2723.1
    1478. dt:  0.25 ms | #newton:  1 | ph:  0.0% | #CG/newton: 1255 | ls (cap|max|inv|bt):  0| 0| 0| 0| runtime:  667.8 ms | cr: 2671.3
    1479. dt:  0.25 ms | #newton:  1 | ph:  0.0% | #CG/newton: 1263 | ls (cap|max|inv|bt):  0| 0| 0| 0| runtime:  669.2 ms | cr: 2676.7
    1480. dt:  0.25 ms | #newton:  1 | ph:  0.0% | #CG/newton: 2263 | ls (cap|max|inv|bt):  0| 0| 0| 0| runtime: 1107.7 ms | cr: 4430.7
    1481. dt:  0.25 ms | #newton:  1 | ph:  0.0% | #CG/newton: 2347 | ls (cap|max|inv|bt):  0| 0| 0| 0| runtime: 1134.8 ms | cr: 4539.3
    1482. dt:  0.25 ms | #newton:  1 | ph:  0.0% | #CG/newton: 2207 | ls (cap|max|inv|bt):  0| 0| 0| 0| runtime: 1100.2 ms | cr: 4400.7
    1483. dt:  0.25 ms | #newton:  1 | ph:  0.0% | #CG/newton: 2328 | ls (cap|max|inv|bt):  0| 0| 0| 0| runtime: 1137.8 ms | cr: 4551.4
    1484. dt:  0.25 ms | #newton:  1 | ph:  0.0% | #CG/newton: 2281 | ls (cap|max|inv|bt):  0| 0| 0| 0| runtime: 1085.6 ms | cr: 4342.6
    1485. dt:  0.25 ms | #newton:  1 | ph:  0.0% | #CG/newton: 2340 | ls (cap|max|inv|bt):  0| 0| 0| 0| runtime: 1113.5 ms | cr: 4454.1
    1486. dt:  0.25 ms | #newton:  1 | ph:  0.0% | #CG/newton: 2237 | ls (cap|max|inv|bt):  0| 0| 0| 0| runtime: 1066.4 ms | cr: 4265.6
    1487. dt:  0.25 ms | #newton:  1 | ph:  0.0% | #CG/newton: 2266 | ls (cap|max|inv|bt):  0| 0| 0| 0| runtime: 1080.2 ms | cr: 4320.9
    1488. dt:  0.25 ms | #newton:  1 | ph:  0.0% | #CG/newton: 2260 | ls (cap|max|inv|bt):  0| 0| 0| 0| runtime: 1074.5 ms | cr: 4298.2
    1489. dt:  0.25 ms | #newton:  1 | ph:  0.0% | #CG/newton: 2335 | ls (cap|max|inv|bt):  0| 0| 0| 0| runtime: 1110.3 ms | cr: 4441.3
    1490. dt:  0.25 ms | #newton:  1 | ph:  0.0% | #CG/newton: 2273 | ls (cap|max|inv|bt):  0| 0| 0| 0| runtime: 1074.8 ms | cr: 4299.1
    1491. dt:  0.25 ms | #newton:  1 | ph:  0.0% | #CG/newton: 2263 | ls (cap|max|inv|bt):  0| 0| 0| 0| runtime: 1061.3 ms | cr: 4245.1
    1492. dt:  0.25 ms | #newton:  1 | ph:  0.0% | #CG/newton: 2342 | ls (cap|max|inv|bt):  0| 0| 0| 0| runtime: 1101.2 ms | cr: 4404.9
    1493. dt:  0.25 ms | #newton:  1 | ph:  0.0% | #CG/newton: 2204 | ls (cap|max|inv|bt):  0| 0| 0| 0| runtime: 1048.2 ms | cr: 4192.9
    1494. dt:  0.25 ms | #newton:  1 | ph:  0.0% | #CG/newton: 2331 | ls (cap|max|inv|bt):  0| 0| 0| 0| runtime: 1096.1 ms | cr: 4384.5
    1495. dt:  0.25 ms | #newton:  1 | ph:  0.0% | #CG/newton: 2301 | ls (cap|max|inv|bt):  0| 0| 0| 0| runtime: 1094.0 ms | cr: 4376.0
    1496. dt:  0.25 ms | #newton:  1 | ph:  0.0% | #CG/newton: 2314 | ls (cap|max|inv|bt):  0| 0| 0| 0| runtime: 1106.5 ms | cr: 4426.0
    1497. dt:  0.25 ms | #newton:  1 | ph:  0.0% | #CG/newton: 2315 | ls (cap|max|inv|bt):  0| 0| 0| 0| runtime: 1119.0 ms | cr: 4475.8
    1498. dt:  0.25 ms | #newton:  1 | ph:  0.0% | #CG/newton: 2237 | ls (cap|max|inv|bt):  0| 0| 0| 0| runtime: 1092.3 ms | cr: 4369.0
    1499. dt:  0.25 ms | #newton:  1 | ph:  0.0% | #CG/newton: 2338 | ls (cap|max|inv|bt):  0| 0| 0| 0| runtime: 1143.1 ms | cr: 4572.5
    1500. dt:  0.25 ms | #newton:  1 | ph:  0.0% | #CG/newton: 2269 | ls (cap|max|inv|bt):  0| 0| 0| 0| runtime: 1083.9 ms | cr: 4335.7
    1501. dt:  0.25 ms | #newton:  1 | ph:  0.0% | #CG/newton: 2337 | ls (cap|max|inv|bt):  0| 0| 0| 0| runtime: 1084.5 ms | cr: 4337.9
    1502. dt:  0.25 ms | #newton:  1 | ph:  0.0% | #CG/newton: 2248 | ls (cap|max|inv|bt):  0| 0| 0| 0| runtime: 1065.5 ms | cr: 4262.1
    1503. dt:  0.25 ms | #newton:  1 | ph:  0.0% | #CG/newton: 2371 | ls (cap|max|inv|bt):  0| 0| 0| 0| runtime: 1117.0 ms | cr: 4467.8
    1504. dt:  0.25 ms | #newton:  1 | ph:  0.0% | #CG/newton: 2336 | ls (cap|max|inv|bt):  0| 0| 0| 0| runtime: 1097.2 ms | cr: 4388.9
    1505. dt:  0.25 ms | #newton:  1 | ph:  0.0% | #CG/newton: 2356 | ls (cap|max|inv|bt):  0| 0| 0| 0| runtime: 1108.1 ms | cr: 4432.2
    1506. dt:  0.25 ms | #newton:  1 | ph:  0.0% | #CG/newton: 2251 | ls (cap|max|inv|bt):  0| 0| 0| 0| runtime: 1074.2 ms | cr: 4297.0
    1507. dt:  0.25 ms | #newton:  1 | ph:  0.0% | #CG/newton: 2347 | ls (cap|max|inv|bt):  0| 0| 0| 0| runtime: 1117.3 ms | cr: 4469.3
    1508. dt:  0.25 ms | #newton:  1 | ph:  0.0% | #CG/newton: 2203 | ls (cap|max|inv|bt):  0| 0| 0| 0| runtime: 1063.9 ms | cr: 4255.7
    1509. dt:  0.25 ms | #newton:  1 | ph:  0.0% | #CG/newton: 2367 | ls (cap|max|inv|bt):  0| 0| 0| 0| runtime: 1142.8 ms | cr: 4571.3
    1510. dt:  0.25 ms | #newton:  1 | ph:  0.0% | #CG/newton: 2226 | ls (cap|max|inv|bt):  0| 0| 0| 0| runtime: 1090.8 ms | cr: 4363.1
    1511. dt:  0.25 ms | #newton:  1 | ph:  0.0% | #CG/newton: 2344 | ls (cap|max|inv|bt):  0| 0| 0| 0| runtime: 1139.3 ms | cr: 4557.1
    1512. dt:  0.25 ms | #newton:  1 | ph:  0.0% | #CG/newton: 2188 | ls (cap|max|inv|bt):  0| 0| 0| 0| runtime: 1072.6 ms | cr: 4290.4
    1513. dt:  0.25 ms | #newton:  1 | ph:  0.0% | #CG/newton: 2368 | ls (cap|max|inv|bt):  0| 0| 0| 0| runtime: 1117.1 ms | cr: 4468.6
    1514. dt:  0.25 ms | #newton:  1 | ph:  0.0% | #CG/newton: 2328 | ls (cap|max|inv|bt):  0| 0| 0| 0| runtime: 1091.2 ms | cr: 4365.0
    1515. dt:  0.25 ms | #newton:  1 | ph:  0.0% | #CG/newton: 2299 | ls (cap|max|inv|bt):  0| 0| 0| 0| runtime: 1090.6 ms | cr: 4362.2
    1516. dt:  0.25 ms | #newton:  1 | ph:  0.0% | #CG/newton: 2245 | ls (cap|max|inv|bt):  0| 0| 0| 0| runtime: 1069.5 ms | cr: 4278.2
    1517. dt:  0.25 ms | #newton:  1 | ph:  0.0% | #CG/newton: 2338 | ls (cap|max|inv|bt):  0| 0| 0| 0| runtime: 1107.7 ms | cr: 4430.8
    1518. dt:  0.25 ms | #newton:  1 | ph:  0.0% | #CG/newton: 2262 | ls (cap|max|inv|bt):  0| 0| 0| 0| runtime: 1075.1 ms | cr: 4300.5
    1519. dt:  0.25 ms | #newton:  1 | ph:  0.0% | #CG/newton: 2297 | ls (cap|max|inv|bt):  0| 0| 0| 0| runtime: 1092.0 ms | cr: 4368.1
    1520. dt:  0.25 ms | #newton:  1 | ph:  0.0% | #CG/newton: 2240 | ls (cap|max|inv|bt):  0| 0| 0| 0| runtime: 1065.8 ms | cr: 4263.3
    1521. dt:  0.25 ms | #newton:  1 | ph:  0.0% | #CG/newton: 2319 | ls (cap|max|inv|bt):  0| 0| 0| 0| runtime: 1106.4 ms | cr: 4425.4
    1522. dt:  0.25 ms | #newton:  1 | ph:  0.0% | #CG/newton: 2255 | ls (cap|max|inv|bt):  0| 0| 0| 0| runtime: 1073.9 ms | cr: 4295.6
    1523. dt:  0.25 ms | #newton:  1 | ph:  0.0% | #CG/newton: 2296 | ls (cap|max|inv|bt):  0| 0| 0| 0| runtime: 1117.6 ms | cr: 4470.3
    1524. dt:  0.25 ms | #newton:  1 | ph:  0.0% | #CG/newton: 2262 | ls (cap|max|inv|bt):  0| 0| 0| 0| runtime: 1097.3 ms | cr: 4389.2
    1525. dt:  0.25 ms | #newton:  1 | ph:  0.0% | #CG/newton: 2321 | ls (cap|max|inv|bt):  0| 0| 0| 0| runtime: 1102.2 ms | cr: 4408.7
    1526. dt:  0.25 ms | #newton:  1 | ph:  0.0% | #CG/newton: 2336 | ls (cap|max|inv|bt):  0| 0| 0| 0| runtime: 1084.0 ms | cr: 4336.1
    1527. dt:  0.25 ms | #newton:  1 | ph:  0.0% | #CG/newton: 2253 | ls (cap|max|inv|bt):  0| 0| 0| 0| runtime: 1073.4 ms | cr: 4293.6
    1528. dt:  0.25 ms | #newton:  1 | ph:  0.0% | #CG/newton: 2339 | ls (cap|max|inv|bt):  0| 0| 0| 0| runtime: 1098.2 ms | cr: 4393.0
    1529. dt:  0.25 ms | #newton:  1 | ph:  0.0% | #CG/newton: 2280 | ls (cap|max|inv|bt):  0| 0| 0| 0| runtime: 1090.4 ms | cr: 4361.4
    1530. dt:  0.25 ms | #newton:  1 | ph:  0.0% | #CG/newton: 2306 | ls (cap|max|inv|bt):  0| 0| 0| 0| runtime: 1090.5 ms | cr: 4362.2
    1531. dt:  0.25 ms | #newton:  1 | ph:  0.0% | #CG/newton: 2348 | ls (cap|max|inv|bt):  0| 0| 0| 0| runtime: 1105.6 ms | cr: 4422.4
    1532. dt:  0.25 ms | #newton:  1 | ph:  0.0% | #CG/newton: 2349 | ls (cap|max|inv|bt):  0| 0| 0| 0| runtime: 1119.1 ms | cr: 4476.5
    1533. dt:  0.25 ms | #newton:  1 | ph:  0.0% | #CG/newton: 2263 | ls (cap|max|inv|bt):  0| 0| 0| 0| runtime: 1069.9 ms | cr: 4279.7
    1534. dt:  0.25 ms | #newton:  1 | ph:  0.0% | #CG/newton: 2346 | ls (cap|max|inv|bt):  0| 0| 0| 0| runtime: 1114.7 ms | cr: 4458.8
    1535. dt:  0.25 ms | #newton:  1 | ph:  0.0% | #CG/newton: 2288 | ls (cap|max|inv|bt):  0| 0| 0| 0| runtime: 1088.0 ms | cr: 4352.2
    1536. dt:  0.25 ms | #newton:  1 | ph:  0.0% | #CG/newton: 2266 | ls (cap|max|inv|bt):  0| 0| 0| 0| runtime: 1093.6 ms | cr: 4374.3
    1537. dt:  0.25 ms | #newton:  1 | ph:  0.0% | #CG/newton: 2348 | ls (cap|max|inv|bt):  0| 0| 0| 0| runtime: 1131.7 ms | cr: 4526.6
    1538. dt:  0.25 ms | #newton:  1 | ph:  0.0% | #CG/newton: 2274 | ls (cap|max|inv|bt):  0| 0| 0| 0| runtime: 1107.3 ms | cr: 4429.3
    1539. dt:  0.25 ms | #newton:  1 | ph:  0.0% | #CG/newton: 2306 | ls (cap|max|inv|bt):  0| 0| 0| 0| runtime: 1096.5 ms | cr: 4386.1
    1540. dt:  0.25 ms | #newton:  1 | ph:  0.0% | #CG/newton: 2343 | ls (cap|max|inv|bt):  0| 0| 0| 0| runtime: 1112.4 ms | cr: 4449.6
    1541. dt:  0.25 ms | #newton:  1 | ph:  0.0% | #CG/newton: 2344 | ls (cap|max|inv|bt):  0| 0| 0| 0| runtime: 1090.9 ms | cr: 4363.6
    1542. dt:  0.25 ms | #newton:  1 | ph:  0.0% | #CG/newton: 2266 | ls (cap|max|inv|bt):  0| 0| 0| 0| runtime: 1073.0 ms | cr: 4291.9
    1543. dt:  0.25 ms | #newton:  1 | ph:  0.0% | #CG/newton: 2345 | ls (cap|max|inv|bt):  0| 0| 0| 0| runtime: 1078.3 ms | cr: 4313.2
    1544. dt:  0.25 ms | #newton:  1 | ph:  0.0% | #CG/newton: 2274 | ls (cap|max|inv|bt):  0| 0| 0| 0| runtime: 1064.8 ms | cr: 4259.1
    1545. dt:  0.25 ms | #newton:  1 | ph:  0.0% | #CG/newton: 2309 | ls (cap|max|inv|bt):  0| 0| 0| 0| runtime: 1035.5 ms | cr: 4141.9
    1546. dt:  0.25 ms | #newton:  1 | ph:  0.0% | #CG/newton: 2343 | ls (cap|max|inv|bt):  0| 0| 0| 0| runtime: 1047.3 ms | cr: 4189.3
    1547. dt:  0.25 ms | #newton:  1 | ph:  0.0% | #CG/newton: 2346 | ls (cap|max|inv|bt):  0| 0| 0| 0| runtime: 1088.6 ms | cr: 4354.2
    1548. dt:  0.25 ms | #newton:  1 | ph:  0.0% | #CG/newton: 2262 | ls (cap|max|inv|bt):  0| 0| 0| 0| runtime: 1073.2 ms | cr: 4292.8
    1549. dt:  0.25 ms | #newton:  1 | ph:  0.0% | #CG/newton: 2345 | ls (cap|max|inv|bt):  0| 0| 0| 0| runtime: 1091.7 ms | cr: 4366.7
    1550. dt:  0.25 ms | #newton:  1 | ph:  0.0% | #CG/newton: 2270 | ls (cap|max|inv|bt):  0| 0| 0| 0| runtime: 1075.8 ms | cr: 4303.4
    1551. dt:  0.25 ms | #newton:  1 | ph:  0.0% | #CG/newton: 2312 | ls (cap|max|inv|bt):  0| 0| 0| 0| runtime: 1092.6 ms | cr: 4370.3
    1552. dt:  0.25 ms | #newton:  1 | ph:  0.0% | #CG/newton: 2344 | ls (cap|max|inv|bt):  0| 0| 0| 0| runtime: 1108.1 ms | cr: 4432.6
    1553. dt:  0.25 ms | #newton:  1 | ph:  0.0% | #CG/newton: 2346 | ls (cap|max|inv|bt):  0| 0| 0| 0| runtime: 1115.8 ms | cr: 4463.1
    1554. dt:  0.25 ms | #newton:  1 | ph:  0.0% | #CG/newton: 2262 | ls (cap|max|inv|bt):  0| 0| 0| 0| runtime: 1077.5 ms | cr: 4310.1
    1555. dt:  0.25 ms | #newton:  1 | ph:  0.0% | #CG/newton: 2343 | ls (cap|max|inv|bt):  0| 0| 0| 0| runtime: 1088.0 ms | cr: 4352.1
    1556. dt:  0.25 ms | #newton:  1 | ph:  0.0% | #CG/newton: 2272 | ls (cap|max|inv|bt):  0| 0| 0| 0| runtime: 1078.3 ms | cr: 4313.2
    1557. dt:  0.25 ms | #newton:  1 | ph:  0.0% | #CG/newton: 2351 | ls (cap|max|inv|bt):  0| 0| 0| 0| runtime: 1105.0 ms | cr: 4420.0
    1558. dt:  0.25 ms | #newton:  1 | ph:  0.0% | #CG/newton: 2341 | ls (cap|max|inv|bt):  0| 0| 0| 0| runtime: 1104.6 ms | cr: 4418.3
    1559. dt:  0.25 ms | #newton:  1 | ph:  0.0% | #CG/newton: 2342 | ls (cap|max|inv|bt):  0| 0| 0| 0| runtime: 1101.7 ms | cr: 4406.9
    1560. dt:  0.25 ms | #newton:  1 | ph:  0.0% | #CG/newton: 2265 | ls (cap|max|inv|bt):  0| 0| 0| 0| runtime: 1081.5 ms | cr: 4325.9
    1561. dt:  0.25 ms | #newton:  1 | ph:  0.0% | #CG/newton: 2338 | ls (cap|max|inv|bt):  0| 0| 0| 0| runtime: 1109.0 ms | cr: 4436.0
    1562. dt:  0.25 ms | #newton:  1 | ph:  0.0% | #CG/newton: 2259 | ls (cap|max|inv|bt):  0| 0| 0| 0| runtime: 1065.2 ms | cr: 4260.8
    1563. dt:  0.25 ms | #newton:  1 | ph:  0.0% | #CG/newton: 2313 | ls (cap|max|inv|bt):  0| 0| 0| 0| runtime: 1090.8 ms | cr: 4363.1
    1564. dt:  0.25 ms | #newton:  1 | ph:  0.0% | #CG/newton: 2329 | ls (cap|max|inv|bt):  0| 0| 0| 0| runtime: 1104.1 ms | cr: 4416.3
    1565. dt:  0.25 ms | #newton:  1 | ph:  0.0% | #CG/newton: 2344 | ls (cap|max|inv|bt):  0| 0| 0| 0| runtime: 1066.1 ms | cr: 4264.2
    1566. dt:  0.25 ms | #newton:  1 | ph:  0.0% | #CG/newton: 2259 | ls (cap|max|inv|bt):  0| 0| 0| 0| runtime: 1046.7 ms | cr: 4186.6
    1567. dt:  0.25 ms | #newton:  1 | ph:  0.0% | #CG/newton: 2340 | ls (cap|max|inv|bt):  0| 0| 0| 0| runtime: 1084.3 ms | cr: 4337.3
    1568. dt:  0.25 ms | #newton:  1 | ph:  0.0% | #CG/newton: 2240 | ls (cap|max|inv|bt):  0| 0| 0| 0| runtime: 1045.8 ms | cr: 4183.0
    1569. dt:  0.25 ms | #newton:  1 | ph:  0.0% | #CG/newton: 2330 | ls (cap|max|inv|bt):  0| 0| 0| 0| runtime: 1073.5 ms | cr: 4294.1
    1570. dt:  0.25 ms | #newton:  1 | ph:  0.0% | #CG/newton: 2326 | ls (cap|max|inv|bt):  0| 0| 0| 0| runtime: 1097.8 ms | cr: 4391.3
    1571. dt:  0.25 ms | #newton:  1 | ph:  0.0% | #CG/newton: 2342 | ls (cap|max|inv|bt):  0| 0| 0| 0| runtime: 1089.9 ms | cr: 4359.6
    1572. dt:  0.25 ms | #newton:  1 | ph:  0.0% | #CG/newton: 2250 | ls (cap|max|inv|bt):  0| 0| 0| 0| runtime: 1171.1 ms | cr: 4684.4
    1573. dt:  0.25 ms | #newton:  1 | ph:  0.0% | #CG/newton: 2339 | ls (cap|max|inv|bt):  0| 0| 0| 0| runtime: 1103.4 ms | cr: 4413.6
    1574. dt:  0.25 ms | #newton:  1 | ph:  0.0% | #CG/newton: 2232 | ls (cap|max|inv|bt):  0| 0| 0| 0| runtime: 1057.2 ms | cr: 4228.7
    1575. dt:  0.25 ms | #newton:  1 | ph:  0.0% | #CG/newton: 2351 | ls (cap|max|inv|bt):  0| 0| 0| 0| runtime: 1103.6 ms | cr: 4414.6
    1576. dt:  0.25 ms | #newton:  1 | ph:  0.0% | #CG/newton: 2324 | ls (cap|max|inv|bt):  0| 0| 0| 0| runtime: 1097.9 ms | cr: 4391.4
    1577. dt:  0.25 ms | #newton:  1 | ph:  0.0% | #CG/newton: 2343 | ls (cap|max|inv|bt):  0| 0| 0| 0| runtime: 1107.2 ms | cr: 4428.9
    1578. dt:  0.25 ms | #newton:  1 | ph:  0.0% | #CG/newton: 2245 | ls (cap|max|inv|bt):  0| 0| 0| 0| runtime: 1063.1 ms | cr: 4252.5
    1579. dt:  0.25 ms | #newton:  1 | ph:  0.0% | #CG/newton: 2323 | ls (cap|max|inv|bt):  0| 0| 0| 0| runtime: 1094.2 ms | cr: 4376.6
    1580. dt:  0.25 ms | #newton:  1 | ph:  0.0% | #CG/newton: 2237 | ls (cap|max|inv|bt):  0| 0| 0| 0| runtime: 1063.1 ms | cr: 4252.2
    1581. dt:  0.25 ms | #newton:  1 | ph:  0.0% | #CG/newton: 2351 | ls (cap|max|inv|bt):  0| 0| 0| 0| runtime: 1100.2 ms | cr: 4400.7
    1582. dt:  0.25 ms | #newton:  1 | ph:  0.0% | #CG/newton: 2318 | ls (cap|max|inv|bt):  0| 0| 0| 0| runtime: 1093.4 ms | cr: 4373.4
    1583. dt:  0.25 ms | #newton:  1 | ph:  0.0% | #CG/newton: 2343 | ls (cap|max|inv|bt):  0| 0| 0| 0| runtime: 1109.4 ms | cr: 4437.5
    1584. dt:  0.25 ms | #newton:  1 | ph:  0.0% | #CG/newton: 2245 | ls (cap|max|inv|bt):  0| 0| 0| 0| runtime: 1062.2 ms | cr: 4248.9
    1585. dt:  0.25 ms | #newton:  1 | ph:  0.0% | #CG/newton: 2321 | ls (cap|max|inv|bt):  0| 0| 0| 0| runtime: 1084.9 ms | cr: 4339.5
    1586. dt:  0.25 ms | #newton:  1 | ph:  0.0% | #CG/newton: 2244 | ls (cap|max|inv|bt):  0| 0| 0| 0| runtime: 1076.9 ms | cr: 4307.6
    1587. dt:  0.25 ms | #newton:  1 | ph:  0.0% | #CG/newton: 2310 | ls (cap|max|inv|bt):  0| 0| 0| 0| runtime: 1086.6 ms | cr: 4346.5
    1588. dt:  0.25 ms | #newton:  1 | ph:  0.0% | #CG/newton: 2247 | ls (cap|max|inv|bt):  0| 0| 0| 0| runtime: 1066.1 ms | cr: 4264.4
    1589. dt:  0.25 ms | #newton:  1 | ph:  0.0% | #CG/newton: 2348 | ls (cap|max|inv|bt):  0| 0| 0| 0| runtime: 1104.0 ms | cr: 4416.2
    1590. dt:  0.25 ms | #newton:  1 | ph:  0.0% | #CG/newton: 2244 | ls (cap|max|inv|bt):  0| 0| 0| 0| runtime: 1067.7 ms | cr: 4270.8
    1591. dt:  0.25 ms | #newton:  1 | ph:  0.0% | #CG/newton: 2313 | ls (cap|max|inv|bt):  0| 0| 0| 0| runtime: 1104.7 ms | cr: 4418.9
    1592. dt:  0.25 ms | #newton:  1 | ph:  0.0% | #CG/newton: 2265 | ls (cap|max|inv|bt):  0| 0| 0| 0| runtime: 1065.9 ms | cr: 4263.5
    1593. dt:  0.25 ms | #newton:  1 | ph:  0.0% | #CG/newton: 2245 | ls (cap|max|inv|bt):  0| 0| 0| 0| runtime: 1100.6 ms | cr: 4402.6
    1594. dt:  0.25 ms | #newton:  1 | ph:  0.0% | #CG/newton: 2210 | ls (cap|max|inv|bt):  0| 0| 0| 0| runtime: 1049.0 ms | cr: 4196.1
    1595. dt:  0.25 ms | #newton:  1 | ph:  0.0% | #CG/newton: 2274 | ls (cap|max|inv|bt):  0| 0| 0| 0| runtime: 1068.8 ms | cr: 4275.2
    1596. dt:  0.25 ms | #newton:  1 | ph:  0.0% | #CG/newton: 2259 | ls (cap|max|inv|bt):  0| 0| 0| 0| runtime: 1069.8 ms | cr: 4279.1
    1597. dt:  0.25 ms | #newton:  1 | ph:  0.0% | #CG/newton: 2207 | ls (cap|max|inv|bt):  0| 0| 0| 0| runtime: 1051.8 ms | cr: 4207.1
    1598. dt:  0.25 ms | #newton:  1 | ph:  0.0% | #CG/newton: 2265 | ls (cap|max|inv|bt):  0| 0| 0| 0| runtime: 1070.8 ms | cr: 4283.1
    1599. dt:  0.25 ms | #newton:  1 | ph:  0.0% | #CG/newton: 2201 | ls (cap|max|inv|bt):  0| 0| 0| 0| runtime: 1050.8 ms | cr: 4203.3
    1600. dt:  0.25 ms | #newton:  1 | ph:  0.0% | #CG/newton: 2306 | ls (cap|max|inv|bt):  0| 0| 0| 0| runtime: 1083.0 ms | cr: 4332.1
[Frame: 12] Time: 0.400 s
    1601. dt:  0.25 ms | #newton:  1 | ph:  0.0% | #CG/newton: 2313 | ls (cap|max|inv|bt):  0| 0| 0| 0| runtime: 1095.3 ms | cr: 4381.3
    1602. dt:  0.25 ms | #newton:  1 | ph:  0.0% | #CG/newton: 2252 | ls (cap|max|inv|bt):  0| 0| 0| 0| runtime: 1067.0 ms | cr: 4268.2
    1603. dt:  0.25 ms | #newton:  1 | ph:  0.0% | #CG/newton: 2386 | ls (cap|max|inv|bt):  0| 0| 0| 0| runtime: 1120.8 ms | cr: 4483.0
    1604. dt:  0.25 ms | #newton:  1 | ph:  0.0% | #CG/newton: 2384 | ls (cap|max|inv|bt):  0| 0| 0| 0| runtime: 1118.6 ms | cr: 4474.5
    1605. dt:  0.25 ms | #newton:  1 | ph:  0.0% | #CG/newton: 2263 | ls (cap|max|inv|bt):  0| 0| 0| 0| runtime: 1069.7 ms | cr: 4278.7
    1606. dt:  0.25 ms | #newton:  1 | ph:  0.0% | #CG/newton: 2386 | ls (cap|max|inv|bt):  0| 0| 0| 0| runtime: 1108.1 ms | cr: 4432.3
    1607. dt:  0.25 ms | #newton:  1 | ph:  0.0% | #CG/newton: 2351 | ls (cap|max|inv|bt):  0| 0| 0| 0| runtime: 1105.9 ms | cr: 4423.5
    1608. dt:  0.25 ms | #newton:  1 | ph:  0.0% | #CG/newton: 2193 | ls (cap|max|inv|bt):  0| 0| 0| 0| runtime: 1036.8 ms | cr: 4147.0
    1609. dt:  0.25 ms | #newton:  1 | ph:  0.0% | #CG/newton: 2325 | ls (cap|max|inv|bt):  0| 0| 0| 0| runtime: 1099.1 ms | cr: 4396.5
    1610. dt:  0.25 ms | #newton:  1 | ph:  0.0% | #CG/newton: 2241 | ls (cap|max|inv|bt):  0| 0| 0| 0| runtime: 1062.2 ms | cr: 4248.9
    1611. dt:  0.25 ms | #newton:  1 | ph:  0.0% | #CG/newton: 2251 | ls (cap|max|inv|bt):  0| 0| 0| 0| runtime: 1062.9 ms | cr: 4251.7
    1612. dt:  0.25 ms | #newton:  1 | ph:  0.0% | #CG/newton: 2607 | ls (cap|max|inv|bt):  0| 0| 0| 0| runtime: 1210.1 ms | cr: 4840.3
    1613. dt:  0.25 ms | #newton:  1 | ph:  0.0% | #CG/newton: 2569 | ls (cap|max|inv|bt):  0| 0| 0| 0| runtime: 1197.4 ms | cr: 4789.8
    1614. dt:  0.25 ms | #newton:  1 | ph:  0.0% | #CG/newton: 2538 | ls (cap|max|inv|bt):  0| 0| 0| 0| runtime: 1171.2 ms | cr: 4684.6
    1615. dt:  0.25 ms | #newton:  1 | ph:  0.0% | #CG/newton: 2456 | ls (cap|max|inv|bt):  0| 0| 0| 0| runtime: 1142.2 ms | cr: 4568.6
    1616. dt:  0.25 ms | #newton:  1 | ph:  0.0% | #CG/newton: 2467 | ls (cap|max|inv|bt):  0| 0| 0| 0| runtime: 1156.5 ms | cr: 4625.8
    1617. dt:  0.25 ms | #newton:  1 | ph:  0.0% | #CG/newton: 2470 | ls (cap|max|inv|bt):  0| 0| 0| 0| runtime: 1149.7 ms | cr: 4598.8
    1618. dt:  0.25 ms | #newton:  1 | ph:  0.0% | #CG/newton: 2681 | ls (cap|max|inv|bt):  0| 0| 0| 0| runtime: 1234.3 ms | cr: 4937.2
    1619. dt:  0.25 ms | #newton:  1 | ph:  0.0% | #CG/newton: 2658 | ls (cap|max|inv|bt):  0| 0| 0| 0| runtime: 1239.6 ms | cr: 4958.2
    1620. dt:  0.25 ms | #newton:  1 | ph:  0.0% | #CG/newton: 2658 | ls (cap|max|inv|bt):  0| 0| 0| 0| runtime: 1231.2 ms | cr: 4924.7
    1621. dt:  0.25 ms | #newton:  1 | ph:  0.0% | #CG/newton: 2551 | ls (cap|max|inv|bt):  0| 0| 0| 0| runtime: 1188.2 ms | cr: 4752.8
    1622. dt:  0.25 ms | #newton:  1 | ph:  0.0% | #CG/newton: 2469 | ls (cap|max|inv|bt):  0| 0| 0| 0| runtime: 1129.5 ms | cr: 4518.0
    1623. dt:  0.25 ms | #newton:  1 | ph:  0.0% | #CG/newton: 2442 | ls (cap|max|inv|bt):  0| 0| 0| 0| runtime: 1108.1 ms | cr: 4432.4
    1624. dt:  0.25 ms | #newton:  1 | ph:  0.0% | #CG/newton: 2450 | ls (cap|max|inv|bt):  0| 0| 0| 0| runtime: 1130.2 ms | cr: 4520.8
    1625. dt:  0.25 ms | #newton:  1 | ph:  0.0% | #CG/newton: 2461 | ls (cap|max|inv|bt):  0| 0| 0| 0| runtime: 1119.6 ms | cr: 4478.3
    1626. dt:  0.25 ms | #newton:  1 | ph:  0.0% | #CG/newton: 2464 | ls (cap|max|inv|bt):  0| 0| 0| 0| runtime: 1126.5 ms | cr: 4506.0
    1627. dt:  0.25 ms | #newton:  1 | ph:  0.0% | #CG/newton: 2427 | ls (cap|max|inv|bt):  0| 0| 0| 0| runtime: 1145.4 ms | cr: 4581.5
    1628. dt:  0.25 ms | #newton:  1 | ph:  0.0% | #CG/newton: 2431 | ls (cap|max|inv|bt):  0| 0| 0| 0| runtime: 1125.2 ms | cr: 4500.9
    1629. dt:  0.25 ms | #newton:  1 | ph:  0.0% | #CG/newton: 2457 | ls (cap|max|inv|bt):  0| 0| 0| 0| runtime: 1157.2 ms | cr: 4628.9
    1630. dt:  0.25 ms | #newton:  1 | ph:  0.0% | #CG/newton: 2450 | ls (cap|max|inv|bt):  0| 0| 0| 0| runtime: 1144.6 ms | cr: 4578.6
    1631. dt:  0.25 ms | #newton:  1 | ph:  0.0% | #CG/newton: 2439 | ls (cap|max|inv|bt):  0| 0| 0| 0| runtime: 1115.8 ms | cr: 4463.3
    1632. dt:  0.25 ms | #newton:  1 | ph:  0.0% | #CG/newton: 2456 | ls (cap|max|inv|bt):  0| 0| 0| 0| runtime: 1174.1 ms | cr: 4696.4
    1633. dt:  0.25 ms | #newton:  1 | ph:  0.0% | #CG/newton: 2454 | ls (cap|max|inv|bt):  0| 0| 0| 0| runtime: 1186.1 ms | cr: 4744.5
    1634. dt:  0.25 ms | #newton:  1 | ph:  0.0% | #CG/newton: 2442 | ls (cap|max|inv|bt):  0| 0| 0| 0| runtime: 1169.9 ms | cr: 4679.6
    1635. dt:  0.25 ms | #newton:  1 | ph:  0.0% | #CG/newton: 2454 | ls (cap|max|inv|bt):  0| 0| 0| 0| runtime: 1151.5 ms | cr: 4606.1
    1636. dt:  0.25 ms | #newton:  1 | ph:  0.0% | #CG/newton: 2459 | ls (cap|max|inv|bt):  0| 0| 0| 0| runtime: 1144.1 ms | cr: 4576.3
    1637. dt:  0.25 ms | #newton:  1 | ph:  0.0% | #CG/newton: 2453 | ls (cap|max|inv|bt):  0| 0| 0| 0| runtime: 1154.3 ms | cr: 4617.4
    1638. dt:  0.25 ms | #newton:  1 | ph:  0.0% | #CG/newton: 2428 | ls (cap|max|inv|bt):  0| 0| 0| 0| runtime: 1146.6 ms | cr: 4586.4
    1639. dt:  0.25 ms | #newton:  1 | ph:  0.0% | #CG/newton: 2432 | ls (cap|max|inv|bt):  0| 0| 0| 0| runtime: 1131.4 ms | cr: 4525.7
    1640. dt:  0.25 ms | #newton:  1 | ph:  0.0% | #CG/newton: 2443 | ls (cap|max|inv|bt):  0| 0| 0| 0| runtime: 1156.2 ms | cr: 4624.9
    1641. dt:  0.25 ms | #newton:  1 | ph:  0.0% | #CG/newton: 2452 | ls (cap|max|inv|bt):  0| 0| 0| 0| runtime: 1144.5 ms | cr: 4578.1
    1642. dt:  0.25 ms | #newton:  1 | ph:  0.0% | #CG/newton: 2458 | ls (cap|max|inv|bt):  0| 0| 0| 0| runtime: 1142.4 ms | cr: 4569.7
    1643. dt:  0.25 ms | #newton:  1 | ph:  0.0% | #CG/newton: 2441 | ls (cap|max|inv|bt):  0| 0| 0| 0| runtime: 1160.8 ms | cr: 4643.3
    1644. dt:  0.25 ms | #newton:  1 | ph:  0.0% | #CG/newton: 2459 | ls (cap|max|inv|bt):  0| 0| 0| 0| runtime: 1157.7 ms | cr: 4630.7
    1645. dt:  0.25 ms | #newton:  1 | ph:  0.0% | #CG/newton: 2454 | ls (cap|max|inv|bt):  0| 0| 0| 0| runtime: 1126.5 ms | cr: 4506.0
    1646. dt:  0.25 ms | #newton:  1 | ph:  0.0% | #CG/newton: 2783 | ls (cap|max|inv|bt):  0| 0| 0| 0| runtime: 1340.7 ms | cr: 5362.7
    1647. dt:  0.25 ms | #newton:  1 | ph:  0.0% | #CG/newton: 2831 | ls (cap|max|inv|bt):  0| 0| 0| 0| runtime: 1270.1 ms | cr: 5080.6
    1648. dt:  0.25 ms | #newton:  1 | ph:  0.0% | #CG/newton: 2457 | ls (cap|max|inv|bt):  0| 0| 0| 0| runtime: 1161.3 ms | cr: 4645.3
    1649. dt:  0.25 ms | #newton:  1 | ph:  0.0% | #CG/newton: 2451 | ls (cap|max|inv|bt):  0| 0| 0| 0| runtime: 1120.2 ms | cr: 4480.9
    1650. dt:  0.25 ms | #newton:  1 | ph:  0.0% | #CG/newton: 2454 | ls (cap|max|inv|bt):  0| 0| 0| 0| runtime: 1150.9 ms | cr: 4603.5
    1651. dt:  0.25 ms | #newton:  1 | ph:  0.0% | #CG/newton: 2450 | ls (cap|max|inv|bt):  0| 0| 0| 0| runtime: 1137.3 ms | cr: 4549.2
    1652. dt:  0.25 ms | #newton:  1 | ph:  0.0% | #CG/newton: 2448 | ls (cap|max|inv|bt):  0| 0| 0| 0| runtime: 1147.1 ms | cr: 4588.2
    1653. dt:  0.25 ms | #newton:  1 | ph:  0.0% | #CG/newton: 2452 | ls (cap|max|inv|bt):  0| 0| 0| 0| runtime: 1141.1 ms | cr: 4564.3
    1654. dt:  0.25 ms | #newton:  1 | ph:  0.0% | #CG/newton: 2452 | ls (cap|max|inv|bt):  0| 0| 0| 0| runtime: 1147.1 ms | cr: 4588.4
    1655. dt:  0.25 ms | #newton:  1 | ph:  0.0% | #CG/newton: 2451 | ls (cap|max|inv|bt):  0| 0| 0| 0| runtime: 1148.8 ms | cr: 4595.0
    1656. dt:  0.25 ms | #newton:  1 | ph:  0.0% | #CG/newton: 2452 | ls (cap|max|inv|bt):  0| 0| 0| 0| runtime: 1147.3 ms | cr: 4589.2
    1657. dt:  0.25 ms | #newton:  1 | ph:  0.0% | #CG/newton: 2432 | ls (cap|max|inv|bt):  0| 0| 0| 0| runtime: 1139.0 ms | cr: 4556.2
    1658. dt:  0.25 ms | #newton:  1 | ph:  0.0% | #CG/newton: 2448 | ls (cap|max|inv|bt):  0| 0| 0| 0| runtime: 1139.5 ms | cr: 4557.9
    1659. dt:  0.25 ms | #newton:  1 | ph:  0.0% | #CG/newton: 2453 | ls (cap|max|inv|bt):  0| 0| 0| 0| runtime: 1189.3 ms | cr: 4757.0
    1660. dt:  0.25 ms | #newton:  1 | ph:  0.0% | #CG/newton: 2452 | ls (cap|max|inv|bt):  0| 0| 0| 0| runtime: 1168.9 ms | cr: 4675.7
    1661. dt:  0.25 ms | #newton:  1 | ph:  0.0% | #CG/newton: 2456 | ls (cap|max|inv|bt):  0| 0| 0| 0| runtime: 1185.3 ms | cr: 4741.1
    1662. dt:  0.25 ms | #newton:  1 | ph:  0.0% | #CG/newton: 2453 | ls (cap|max|inv|bt):  0| 0| 0| 0| runtime: 1159.3 ms | cr: 4637.4
    1663. dt:  0.25 ms | #newton:  1 | ph:  0.0% | #CG/newton: 2451 | ls (cap|max|inv|bt):  0| 0| 0| 0| runtime: 1149.2 ms | cr: 4596.8
    1664. dt:  0.25 ms | #newton:  1 | ph:  0.0% | #CG/newton: 2453 | ls (cap|max|inv|bt):  0| 0| 0| 0| runtime: 1151.3 ms | cr: 4605.4
    1665. dt:  0.25 ms | #newton:  1 | ph:  0.0% | #CG/newton: 2451 | ls (cap|max|inv|bt):  0| 0| 0| 0| runtime: 1154.2 ms | cr: 4616.9
    1666. dt:  0.25 ms | #newton:  1 | ph:  0.0% | #CG/newton: 2425 | ls (cap|max|inv|bt):  0| 0| 0| 0| runtime: 1127.1 ms | cr: 4508.3
    1667. dt:  0.25 ms | #newton:  1 | ph:  0.0% | #CG/newton: 2436 | ls (cap|max|inv|bt):  0| 0| 0| 0| runtime: 1138.3 ms | cr: 4553.0
    1668. dt:  0.25 ms | #newton:  1 | ph:  0.0% | #CG/newton: 2427 | ls (cap|max|inv|bt):  0| 0| 0| 0| runtime: 1139.0 ms | cr: 4556.0
    1669. dt:  0.25 ms | #newton:  1 | ph:  0.0% | #CG/newton: 2428 | ls (cap|max|inv|bt):  0| 0| 0| 0| runtime: 1142.5 ms | cr: 4570.0
    1670. dt:  0.25 ms | #newton:  1 | ph:  0.0% | #CG/newton: 2454 | ls (cap|max|inv|bt):  0| 0| 0| 0| runtime: 1159.1 ms | cr: 4636.4
    1671. dt:  0.25 ms | #newton:  1 | ph:  0.0% | #CG/newton: 2430 | ls (cap|max|inv|bt):  0| 0| 0| 0| runtime: 1124.0 ms | cr: 4496.1
    1672. dt:  0.25 ms | #newton:  1 | ph:  0.0% | #CG/newton: 2436 | ls (cap|max|inv|bt):  0| 0| 0| 0| runtime: 1160.4 ms | cr: 4641.5
    1673. dt:  0.25 ms | #newton:  1 | ph:  0.0% | #CG/newton: 2452 | ls (cap|max|inv|bt):  0| 0| 0| 0| runtime: 1162.4 ms | cr: 4649.5
    1674. dt:  0.25 ms | #newton:  1 | ph:  0.0% | #CG/newton: 2426 | ls (cap|max|inv|bt):  0| 0| 0| 0| runtime: 1169.2 ms | cr: 4676.8
    1675. dt:  0.25 ms | #newton:  1 | ph:  0.0% | #CG/newton: 2450 | ls (cap|max|inv|bt):  0| 0| 0| 0| runtime: 1160.8 ms | cr: 4643.3
    1676. dt:  0.25 ms | #newton:  1 | ph:  0.0% | #CG/newton: 2456 | ls (cap|max|inv|bt):  0| 0| 0| 0| runtime: 1141.0 ms | cr: 4563.9
    1677. dt:  0.25 ms | #newton:  1 | ph:  0.0% | #CG/newton: 2458 | ls (cap|max|inv|bt):  0| 0| 0| 0| runtime: 1150.4 ms | cr: 4601.4
    1678. dt:  0.25 ms | #newton:  1 | ph:  0.0% | #CG/newton: 2462 | ls (cap|max|inv|bt):  0| 0| 0| 0| runtime: 1159.4 ms | cr: 4637.5
    1679. dt:  0.25 ms | #newton:  1 | ph:  0.0% | #CG/newton: 2450 | ls (cap|max|inv|bt):  0| 0| 0| 0| runtime: 1147.9 ms | cr: 4591.5
    1680. dt:  0.25 ms | #newton:  1 | ph:  0.0% | #CG/newton: 2463 | ls (cap|max|inv|bt):  0| 0| 0| 0| runtime: 1147.6 ms | cr: 4590.4
    1681. dt:  0.25 ms | #newton:  1 | ph:  0.0% | #CG/newton: 2463 | ls (cap|max|inv|bt):  0| 0| 0| 0| runtime: 1141.1 ms | cr: 4564.5
    1682. dt:  0.25 ms | #newton:  1 | ph:  0.0% | #CG/newton: 2453 | ls (cap|max|inv|bt):  0| 0| 0| 0| runtime: 1125.5 ms | cr: 4502.2
    1683. dt:  0.25 ms | #newton:  1 | ph:  0.0% | #CG/newton: 2467 | ls (cap|max|inv|bt):  0| 0| 0| 0| runtime: 1151.4 ms | cr: 4605.6
    1684. dt:  0.25 ms | #newton:  1 | ph:  0.0% | #CG/newton: 2451 | ls (cap|max|inv|bt):  0| 0| 0| 0| runtime: 1140.2 ms | cr: 4560.8
    1685. dt:  0.25 ms | #newton:  1 | ph:  0.0% | #CG/newton: 2452 | ls (cap|max|inv|bt):  0| 0| 0| 0| runtime: 1139.9 ms | cr: 4559.5
    1686. dt:  0.25 ms | #newton:  1 | ph:  0.0% | #CG/newton: 2429 | ls (cap|max|inv|bt):  0| 0| 0| 0| runtime: 1123.1 ms | cr: 4492.4
    1687. dt:  0.25 ms | #newton:  1 | ph:  0.0% | #CG/newton: 2454 | ls (cap|max|inv|bt):  0| 0| 0| 0| runtime: 1135.3 ms | cr: 4541.2
    1688. dt:  0.25 ms | #newton:  1 | ph:  0.0% | #CG/newton: 2476 | ls (cap|max|inv|bt):  0| 0| 0| 0| runtime: 1158.6 ms | cr: 4634.5
    1689. dt:  0.25 ms | #newton:  1 | ph:  0.0% | #CG/newton: 2377 | ls (cap|max|inv|bt):  0| 0| 0| 0| runtime: 1103.6 ms | cr: 4414.3
    1690. dt:  0.25 ms | #newton:  1 | ph:  0.0% | #CG/newton: 2211 | ls (cap|max|inv|bt):  0| 0| 0| 0| runtime: 1050.3 ms | cr: 4201.1
    1691. dt:  0.25 ms | #newton:  1 | ph:  0.0% | #CG/newton: 2184 | ls (cap|max|inv|bt):  0| 0| 0| 0| runtime: 1045.0 ms | cr: 4179.9
    1692. dt:  0.25 ms | #newton:  1 | ph:  0.0% | #CG/newton: 2213 | ls (cap|max|inv|bt):  0| 0| 0| 0| runtime: 1046.5 ms | cr: 4186.1
    1693. dt:  0.25 ms | #newton:  1 | ph:  0.0% | #CG/newton: 2186 | ls (cap|max|inv|bt):  0| 0| 0| 0| runtime: 1033.4 ms | cr: 4133.6
    1694. dt:  0.25 ms | #newton:  1 | ph:  0.0% | #CG/newton: 2236 | ls (cap|max|inv|bt):  0| 0| 0| 0| runtime: 1069.3 ms | cr: 4277.0
    1695. dt:  0.25 ms | #newton:  1 | ph:  0.0% | #CG/newton: 2207 | ls (cap|max|inv|bt):  0| 0| 0| 0| runtime: 1037.5 ms | cr: 4150.1
    1696. dt:  0.25 ms | #newton:  1 | ph:  0.0% | #CG/newton: 2607 | ls (cap|max|inv|bt):  0| 0| 0| 0| runtime: 1204.6 ms | cr: 4818.4
    1697. dt:  0.25 ms | #newton:  1 | ph:  0.0% | #CG/newton: 2845 | ls (cap|max|inv|bt):  0| 0| 0| 0| runtime: 1285.7 ms | cr: 5142.8
    1698. dt:  0.25 ms | #newton:  1 | ph:  0.0% | #CG/newton: 2477 | ls (cap|max|inv|bt):  0| 0| 0| 0| runtime: 1176.6 ms | cr: 4706.3
    1699. dt:  0.25 ms | #newton:  1 | ph:  0.0% | #CG/newton: 2474 | ls (cap|max|inv|bt):  0| 0| 0| 0| runtime: 1151.2 ms | cr: 4604.8
    1700. dt:  0.25 ms | #newton:  1 | ph:  0.0% | #CG/newton: 2400 | ls (cap|max|inv|bt):  0| 0| 0| 0| runtime: 1108.1 ms | cr: 4432.2
    1701. dt:  0.25 ms | #newton:  1 | ph:  0.0% | #CG/newton: 2185 | ls (cap|max|inv|bt):  0| 0| 0| 0| runtime: 1030.1 ms | cr: 4120.3
    1702. dt:  0.25 ms | #newton:  1 | ph:  0.0% | #CG/newton: 2209 | ls (cap|max|inv|bt):  0| 0| 0| 0| runtime: 1043.7 ms | cr: 4175.0
    1703. dt:  0.25 ms | #newton:  1 | ph:  0.0% | #CG/newton: 2192 | ls (cap|max|inv|bt):  0| 0| 0| 0| runtime: 1029.3 ms | cr: 4117.3
    1704. dt:  0.25 ms | #newton:  1 | ph:  0.0% | #CG/newton: 2231 | ls (cap|max|inv|bt):  0| 0| 0| 0| runtime: 1070.2 ms | cr: 4280.6
    1705. dt:  0.25 ms | #newton:  1 | ph:  0.0% | #CG/newton: 2237 | ls (cap|max|inv|bt):  0| 0| 0| 0| runtime: 1055.3 ms | cr: 4221.2
    1706. dt:  0.25 ms | #newton:  1 | ph:  0.0% | #CG/newton: 2266 | ls (cap|max|inv|bt):  0| 0| 0| 0| runtime: 1061.9 ms | cr: 4247.8
    1707. dt:  0.25 ms | #newton:  1 | ph:  0.0% | #CG/newton: 2239 | ls (cap|max|inv|bt):  0| 0| 0| 0| runtime: 1054.7 ms | cr: 4218.8
    1708. dt:  0.25 ms | #newton:  1 | ph:  0.0% | #CG/newton: 2273 | ls (cap|max|inv|bt):  0| 0| 0| 0| runtime: 1069.3 ms | cr: 4277.2
    1709. dt:  0.25 ms | #newton:  1 | ph:  0.0% | #CG/newton: 2338 | ls (cap|max|inv|bt):  0| 0| 0| 0| runtime: 1094.6 ms | cr: 4378.3
    1710. dt:  0.25 ms | #newton:  1 | ph:  0.0% | #CG/newton: 2240 | ls (cap|max|inv|bt):  0| 0| 0| 0| runtime: 1064.6 ms | cr: 4258.3
    1711. dt:  0.25 ms | #newton:  1 | ph:  0.0% | #CG/newton: 2272 | ls (cap|max|inv|bt):  0| 0| 0| 0| runtime: 1077.0 ms | cr: 4308.1
    1712. dt:  0.25 ms | #newton:  1 | ph:  0.0% | #CG/newton: 2277 | ls (cap|max|inv|bt):  0| 0| 0| 0| runtime: 1076.5 ms | cr: 4306.1
    1713. dt:  0.25 ms | #newton:  1 | ph:  0.0% | #CG/newton: 2248 | ls (cap|max|inv|bt):  0| 0| 0| 0| runtime: 1061.9 ms | cr: 4247.6
    1714. dt:  0.25 ms | #newton:  1 | ph:  0.0% | #CG/newton: 2228 | ls (cap|max|inv|bt):  0| 0| 0| 0| runtime: 1048.0 ms | cr: 4192.2
    1715. dt:  0.25 ms | #newton:  1 | ph:  0.0% | #CG/newton: 2176 | ls (cap|max|inv|bt):  0| 0| 0| 0| runtime: 1042.1 ms | cr: 4168.4
    1716. dt:  0.25 ms | #newton:  1 | ph:  0.0% | #CG/newton: 2232 | ls (cap|max|inv|bt):  0| 0| 0| 0| runtime: 1060.2 ms | cr: 4240.8
    1717. dt:  0.25 ms | #newton:  1 | ph:  0.0% | #CG/newton: 2194 | ls (cap|max|inv|bt):  0| 0| 0| 0| runtime: 1044.7 ms | cr: 4178.8
    1718. dt:  0.25 ms | #newton:  1 | ph:  0.0% | #CG/newton: 2532 | ls (cap|max|inv|bt):  0| 0| 0| 0| runtime: 1179.0 ms | cr: 4715.9
    1719. dt:  0.25 ms | #newton:  1 | ph:  0.0% | #CG/newton: 2436 | ls (cap|max|inv|bt):  0| 0| 0| 0| runtime: 1154.4 ms | cr: 4617.7
    1720. dt:  0.25 ms | #newton:  1 | ph:  0.0% | #CG/newton: 2447 | ls (cap|max|inv|bt):  0| 0| 0| 0| runtime: 1153.4 ms | cr: 4613.8
    1721. dt:  0.25 ms | #newton:  1 | ph:  0.0% | #CG/newton: 2839 | ls (cap|max|inv|bt):  0| 0| 0| 0| runtime: 1292.7 ms | cr: 5170.8
    1722. dt:  0.25 ms | #newton:  1 | ph:  0.0% | #CG/newton: 2462 | ls (cap|max|inv|bt):  0| 0| 0| 0| runtime: 1137.8 ms | cr: 4551.1
    1723. dt:  0.25 ms | #newton:  1 | ph:  0.0% | #CG/newton: 2840 | ls (cap|max|inv|bt):  0| 0| 0| 0| runtime: 1295.4 ms | cr: 5181.5
    1724. dt:  0.25 ms | #newton:  1 | ph:  0.0% | #CG/newton: 2458 | ls (cap|max|inv|bt):  0| 0| 0| 0| runtime: 1147.8 ms | cr: 4591.4
    1725. dt:  0.25 ms | #newton:  1 | ph:  0.0% | #CG/newton: 2445 | ls (cap|max|inv|bt):  0| 0| 0| 0| runtime: 1135.0 ms | cr: 4540.2
    1726. dt:  0.25 ms | #newton:  1 | ph:  0.0% | #CG/newton: 2466 | ls (cap|max|inv|bt):  0| 0| 0| 0| runtime: 1151.4 ms | cr: 4605.8
    1727. dt:  0.25 ms | #newton:  1 | ph:  0.0% | #CG/newton: 2461 | ls (cap|max|inv|bt):  0| 0| 0| 0| runtime: 1143.7 ms | cr: 4574.7
    1728. dt:  0.25 ms | #newton:  1 | ph:  0.0% | #CG/newton: 2460 | ls (cap|max|inv|bt):  0| 0| 0| 0| runtime: 1149.1 ms | cr: 4596.5
    1729. dt:  0.25 ms | #newton:  1 | ph:  0.0% | #CG/newton: 2223 | ls (cap|max|inv|bt):  0| 0| 0| 0| runtime: 1057.6 ms | cr: 4230.4
    1730. dt:  0.25 ms | #newton:  1 | ph:  0.0% | #CG/newton: 2170 | ls (cap|max|inv|bt):  0| 0| 0| 0| runtime: 1027.3 ms | cr: 4109.1
    1731. dt:  0.25 ms | #newton:  1 | ph:  0.0% | #CG/newton: 2217 | ls (cap|max|inv|bt):  0| 0| 0| 0| runtime: 1052.1 ms | cr: 4208.5
    1732. dt:  0.25 ms | #newton:  1 | ph:  0.0% | #CG/newton: 2197 | ls (cap|max|inv|bt):  0| 0| 0| 0| runtime: 1038.1 ms | cr: 4152.5
    1733. dt:  0.25 ms | #newton:  1 | ph:  0.0% | #CG/newton: 2204 | ls (cap|max|inv|bt):  0| 0| 0| 0| runtime: 1052.7 ms | cr: 4210.8
[Frame: 13] Time: 0.433 s
    1734. dt:  0.25 ms | #newton:  1 | ph:  0.0% | #CG/newton: 2446 | ls (cap|max|inv|bt):  0| 0| 0| 0| runtime: 1146.9 ms | cr: 4587.5
    1735. dt:  0.25 ms | #newton:  1 | ph:  0.0% | #CG/newton: 2667 | ls (cap|max|inv|bt):  0| 0| 0| 0| runtime: 1232.5 ms | cr: 4930.0
    1736. dt:  0.25 ms | #newton:  1 | ph:  0.0% | #CG/newton: 2174 | ls (cap|max|inv|bt):  0| 0| 0| 0| runtime: 1030.9 ms | cr: 4123.5
    1737. dt:  0.25 ms | #newton:  1 | ph:  0.0% | #CG/newton: 2197 | ls (cap|max|inv|bt):  0| 0| 0| 0| runtime: 1047.2 ms | cr: 4188.8
    1738. dt:  0.25 ms | #newton:  1 | ph:  0.0% | #CG/newton: 2182 | ls (cap|max|inv|bt):  0| 0| 0| 0| runtime: 1048.1 ms | cr: 4192.4
    1739. dt:  0.25 ms | #newton:  1 | ph:  0.0% | #CG/newton: 2457 | ls (cap|max|inv|bt):  0| 0| 0| 0| runtime: 1140.2 ms | cr: 4561.0
    1740. dt:  0.25 ms | #newton:  1 | ph:  0.0% | #CG/newton: 2443 | ls (cap|max|inv|bt):  0| 0| 0| 0| runtime: 1147.9 ms | cr: 4591.7
    1741. dt:  0.25 ms | #newton:  1 | ph:  0.0% | #CG/newton: 2221 | ls (cap|max|inv|bt):  0| 0| 0| 0| runtime: 1056.7 ms | cr: 4226.8
    1742. dt:  0.25 ms | #newton:  1 | ph:  0.0% | #CG/newton: 2159 | ls (cap|max|inv|bt):  0| 0| 0| 0| runtime: 1025.9 ms | cr: 4103.6
    1743. dt:  0.25 ms | #newton:  1 | ph:  0.0% | #CG/newton: 2226 | ls (cap|max|inv|bt):  0| 0| 0| 0| runtime: 1057.7 ms | cr: 4230.8
    1744. dt:  0.25 ms | #newton:  1 | ph:  0.0% | #CG/newton: 2206 | ls (cap|max|inv|bt):  0| 0| 0| 0| runtime: 1046.3 ms | cr: 4185.0
    1745. dt:  0.25 ms | #newton:  1 | ph:  0.0% | #CG/newton: 2163 | ls (cap|max|inv|bt):  0| 0| 0| 0| runtime: 1030.0 ms | cr: 4120.0
    1746. dt:  0.25 ms | #newton:  1 | ph:  0.0% | #CG/newton: 2248 | ls (cap|max|inv|bt):  0| 0| 0| 0| runtime: 1066.7 ms | cr: 4266.8
    1747. dt:  0.25 ms | #newton:  1 | ph:  0.0% | #CG/newton: 2230 | ls (cap|max|inv|bt):  0| 0| 0| 0| runtime: 1053.4 ms | cr: 4213.7
    1748. dt:  0.25 ms | #newton:  1 | ph:  0.0% | #CG/newton: 2269 | ls (cap|max|inv|bt):  0| 0| 0| 0| runtime: 1082.9 ms | cr: 4331.5
    1749. dt:  0.25 ms | #newton:  1 | ph:  0.0% | #CG/newton: 2194 | ls (cap|max|inv|bt):  0| 0| 0| 0| runtime: 1046.2 ms | cr: 4184.9
    1750. dt:  0.25 ms | #newton:  1 | ph:  0.0% | #CG/newton: 2231 | ls (cap|max|inv|bt):  0| 0| 0| 0| runtime: 1065.1 ms | cr: 4260.4
    1751. dt:  0.25 ms | #newton:  1 | ph:  0.0% | #CG/newton: 2215 | ls (cap|max|inv|bt):  0| 0| 0| 0| runtime: 1049.1 ms | cr: 4196.4
    1752. dt:  0.25 ms | #newton:  1 | ph:  0.0% | #CG/newton: 2273 | ls (cap|max|inv|bt):  0| 0| 0| 0| runtime: 1074.8 ms | cr: 4299.2
    1753. dt:  0.25 ms | #newton:  1 | ph:  0.0% | #CG/newton: 2179 | ls (cap|max|inv|bt):  0| 0| 0| 0| runtime: 1042.7 ms | cr: 4170.6
    1754. dt:  0.25 ms | #newton:  1 | ph:  0.0% | #CG/newton: 2232 | ls (cap|max|inv|bt):  0| 0| 0| 0| runtime: 1051.3 ms | cr: 4205.3
    1755. dt:  0.25 ms | #newton:  1 | ph:  0.0% | #CG/newton: 2203 | ls (cap|max|inv|bt):  0| 0| 0| 0| runtime: 1050.1 ms | cr: 4200.6
    1756. dt:  0.25 ms | #newton:  1 | ph:  0.0% | #CG/newton: 2170 | ls (cap|max|inv|bt):  0| 0| 0| 0| runtime: 1038.3 ms | cr: 4153.4
    1757. dt:  0.25 ms | #newton:  1 | ph:  0.0% | #CG/newton: 2186 | ls (cap|max|inv|bt):  0| 0| 0| 0| runtime: 1031.2 ms | cr: 4124.8
    1758. dt:  0.25 ms | #newton:  1 | ph:  0.0% | #CG/newton: 2226 | ls (cap|max|inv|bt):  0| 0| 0| 0| runtime: 1020.8 ms | cr: 4083.2
    1759. dt:  0.25 ms | #newton:  1 | ph:  0.0% | #CG/newton: 2194 | ls (cap|max|inv|bt):  0| 0| 0| 0| runtime: 1016.6 ms | cr: 4066.6
    1760. dt:  0.25 ms | #newton:  1 | ph:  0.0% | #CG/newton: 2190 | ls (cap|max|inv|bt):  0| 0| 0| 0| runtime: 1020.5 ms | cr: 4082.1
    1761. dt:  0.25 ms | #newton:  1 | ph:  0.0% | #CG/newton: 2259 | ls (cap|max|inv|bt):  0| 0| 0| 0| runtime: 1056.0 ms | cr: 4224.0
    1762. dt:  0.25 ms | #newton:  1 | ph:  0.0% | #CG/newton: 2214 | ls (cap|max|inv|bt):  0| 0| 0| 0| runtime: 1107.4 ms | cr: 4429.6
    1763. dt:  0.25 ms | #newton:  1 | ph:  0.0% | #CG/newton: 2236 | ls (cap|max|inv|bt):  0| 0| 0| 0| runtime: 1162.6 ms | cr: 4650.5
    1764. dt:  0.25 ms | #newton:  1 | ph:  0.0% | #CG/newton: 2257 | ls (cap|max|inv|bt):  0| 0| 0| 0| runtime: 1138.2 ms | cr: 4552.8
    1765. dt:  0.25 ms | #newton:  1 | ph:  0.0% | #CG/newton: 2279 | ls (cap|max|inv|bt):  0| 0| 0| 0| runtime: 1126.0 ms | cr: 4504.2
    1766. dt:  0.25 ms | #newton:  1 | ph:  0.0% | #CG/newton: 2250 | ls (cap|max|inv|bt):  0| 0| 0| 0| runtime: 1083.9 ms | cr: 4335.4
    1767. dt:  0.25 ms | #newton:  1 | ph:  0.0% | #CG/newton: 2262 | ls (cap|max|inv|bt):  0| 0| 0| 0| runtime: 1063.1 ms | cr: 4252.4
    1768. dt:  0.25 ms | #newton:  1 | ph:  0.0% | #CG/newton: 2223 | ls (cap|max|inv|bt):  0| 0| 0| 0| runtime: 1056.3 ms | cr: 4225.1
    1769. dt:  0.25 ms | #newton:  1 | ph:  0.0% | #CG/newton: 2226 | ls (cap|max|inv|bt):  0| 0| 0| 0| runtime: 1054.5 ms | cr: 4218.0
    1770. dt:  0.25 ms | #newton:  1 | ph:  0.0% | #CG/newton: 2264 | ls (cap|max|inv|bt):  0| 0| 0| 0| runtime: 1073.2 ms | cr: 4292.9
    1771. dt:  0.25 ms | #newton:  1 | ph:  0.0% | #CG/newton: 2247 | ls (cap|max|inv|bt):  0| 0| 0| 0| runtime: 1069.3 ms | cr: 4277.1
    1772. dt:  0.25 ms | #newton:  1 | ph:  0.0% | #CG/newton: 2193 | ls (cap|max|inv|bt):  0| 0| 0| 0| runtime: 1045.6 ms | cr: 4182.3
    1773. dt:  0.25 ms | #newton:  1 | ph:  0.0% | #CG/newton: 2242 | ls (cap|max|inv|bt):  0| 0| 0| 0| runtime: 1069.5 ms | cr: 4278.0
    1774. dt:  0.25 ms | #newton:  1 | ph:  0.0% | #CG/newton: 2347 | ls (cap|max|inv|bt):  0| 0| 0| 0| runtime: 1094.7 ms | cr: 4378.7
    1775. dt:  0.25 ms | #newton:  1 | ph:  0.0% | #CG/newton: 2308 | ls (cap|max|inv|bt):  0| 0| 0| 0| runtime: 1094.2 ms | cr: 4377.0
    1776. dt:  0.25 ms | #newton:  1 | ph:  0.0% | #CG/newton: 2263 | ls (cap|max|inv|bt):  0| 0| 0| 0| runtime: 1080.2 ms | cr: 4320.7
    1777. dt:  0.25 ms | #newton:  1 | ph:  0.0% | #CG/newton: 2351 | ls (cap|max|inv|bt):  0| 0| 0| 0| runtime: 1114.8 ms | cr: 4459.2
    1778. dt:  0.25 ms | #newton:  1 | ph:  0.0% | #CG/newton: 2270 | ls (cap|max|inv|bt):  0| 0| 0| 0| runtime: 1074.2 ms | cr: 4297.0
    1779. dt:  0.25 ms | #newton:  1 | ph:  0.0% | #CG/newton: 2251 | ls (cap|max|inv|bt):  0| 0| 0| 0| runtime: 1096.3 ms | cr: 4385.2
    1780. dt:  0.25 ms | #newton:  1 | ph:  0.0% | #CG/newton: 2258 | ls (cap|max|inv|bt):  0| 0| 0| 0| runtime: 1088.2 ms | cr: 4352.7
    1781. dt:  0.25 ms | #newton:  1 | ph:  0.0% | #CG/newton: 2176 | ls (cap|max|inv|bt):  0| 0| 0| 0| runtime: 1068.4 ms | cr: 4273.4
    1782. dt:  0.25 ms | #newton:  1 | ph:  0.0% | #CG/newton: 2247 | ls (cap|max|inv|bt):  0| 0| 0| 0| runtime: 1095.4 ms | cr: 4381.5
    1783. dt:  0.25 ms | #newton:  1 | ph:  0.0% | #CG/newton: 2350 | ls (cap|max|inv|bt):  0| 0| 0| 0| runtime: 1193.6 ms | cr: 4774.4
    1784. dt:  0.25 ms | #newton:  1 | ph:  0.0% | #CG/newton: 2249 | ls (cap|max|inv|bt):  0| 0| 0| 0| runtime: 1070.9 ms | cr: 4283.5
    1785. dt:  0.25 ms | #newton:  1 | ph:  0.0% | #CG/newton: 2250 | ls (cap|max|inv|bt):  0| 0| 0| 0| runtime: 1067.7 ms | cr: 4270.6
    1786. dt:  0.25 ms | #newton:  1 | ph:  0.0% | #CG/newton: 2362 | ls (cap|max|inv|bt):  0| 0| 0| 0| runtime: 1130.3 ms | cr: 4521.1
    1787. dt:  0.25 ms | #newton:  1 | ph:  0.0% | #CG/newton: 2215 | ls (cap|max|inv|bt):  0| 0| 0| 0| runtime: 1054.3 ms | cr: 4217.2
    1788. dt:  0.25 ms | #newton:  1 | ph:  0.0% | #CG/newton: 2248 | ls (cap|max|inv|bt):  0| 0| 0| 0| runtime: 1075.1 ms | cr: 4300.4
    1789. dt:  0.25 ms | #newton:  1 | ph:  0.0% | #CG/newton: 2244 | ls (cap|max|inv|bt):  0| 0| 0| 0| runtime: 1079.3 ms | cr: 4317.3
    1790. dt:  0.25 ms | #newton:  1 | ph:  0.0% | #CG/newton: 2184 | ls (cap|max|inv|bt):  0| 0| 0| 0| runtime: 1048.4 ms | cr: 4193.8
    1791. dt:  0.25 ms | #newton:  1 | ph:  0.0% | #CG/newton: 2258 | ls (cap|max|inv|bt):  0| 0| 0| 0| runtime: 1064.1 ms | cr: 4256.5
    1792. dt:  0.25 ms | #newton:  1 | ph:  0.0% | #CG/newton: 2333 | ls (cap|max|inv|bt):  0| 0| 0| 0| runtime: 1166.0 ms | cr: 4663.8
    1793. dt:  0.25 ms | #newton:  1 | ph:  0.0% | #CG/newton: 2229 | ls (cap|max|inv|bt):  0| 0| 0| 0| runtime: 1065.8 ms | cr: 4263.3
    1794. dt:  0.25 ms | #newton:  1 | ph:  0.0% | #CG/newton: 2251 | ls (cap|max|inv|bt):  0| 0| 0| 0| runtime: 1084.0 ms | cr: 4335.8
    1795. dt:  0.25 ms | #newton:  1 | ph:  0.0% | #CG/newton: 2244 | ls (cap|max|inv|bt):  0| 0| 0| 0| runtime: 1080.9 ms | cr: 4323.7
    1796. dt:  0.25 ms | #newton:  1 | ph:  0.0% | #CG/newton: 2210 | ls (cap|max|inv|bt):  0| 0| 0| 0| runtime: 1074.0 ms | cr: 4296.0
    1797. dt:  0.25 ms | #newton:  1 | ph:  0.0% | #CG/newton: 2320 | ls (cap|max|inv|bt):  0| 0| 0| 0| runtime: 1100.4 ms | cr: 4401.7
    1798. dt:  0.25 ms | #newton:  1 | ph:  0.0% | #CG/newton: 2213 | ls (cap|max|inv|bt):  0| 0| 0| 0| runtime: 1054.7 ms | cr: 4218.8
    1799. dt:  0.25 ms | #newton:  1 | ph:  0.0% | #CG/newton: 2268 | ls (cap|max|inv|bt):  0| 0| 0| 0| runtime: 1086.0 ms | cr: 4343.9
    1800. dt:  0.25 ms | #newton:  1 | ph:  0.0% | #CG/newton: 2345 | ls (cap|max|inv|bt):  0| 0| 0| 0| runtime: 1103.6 ms | cr: 4414.3
    1801. dt:  0.25 ms | #newton:  1 | ph:  0.0% | #CG/newton: 2273 | ls (cap|max|inv|bt):  0| 0| 0| 0| runtime: 1084.9 ms | cr: 4339.5
    1802. dt:  0.25 ms | #newton:  1 | ph:  0.0% | #CG/newton: 2263 | ls (cap|max|inv|bt):  0| 0| 0| 0| runtime: 1072.1 ms | cr: 4288.4
    1803. dt:  0.25 ms | #newton:  1 | ph:  0.0% | #CG/newton: 2244 | ls (cap|max|inv|bt):  0| 0| 0| 0| runtime: 1072.0 ms | cr: 4288.1
    1804. dt:  0.25 ms | #newton:  1 | ph:  0.0% | #CG/newton: 2214 | ls (cap|max|inv|bt):  0| 0| 0| 0| runtime: 1058.3 ms | cr: 4233.0
    1805. dt:  0.25 ms | #newton:  1 | ph:  0.0% | #CG/newton: 2186 | ls (cap|max|inv|bt):  0| 0| 0| 0| runtime: 1035.9 ms | cr: 4143.8
    1806. dt:  0.25 ms | #newton:  1 | ph:  0.0% | #CG/newton: 2205 | ls (cap|max|inv|bt):  0| 0| 0| 0| runtime: 1051.7 ms | cr: 4206.7
    1807. dt:  0.25 ms | #newton:  1 | ph:  0.0% | #CG/newton: 2208 | ls (cap|max|inv|bt):  0| 0| 0| 0| runtime: 1049.4 ms | cr: 4197.4
    1808. dt:  0.25 ms | #newton:  1 | ph:  0.0% | #CG/newton: 2281 | ls (cap|max|inv|bt):  0| 0| 0| 0| runtime: 1108.5 ms | cr: 4433.9
    1809. dt:  0.25 ms | #newton:  1 | ph:  0.0% | #CG/newton: 2220 | ls (cap|max|inv|bt):  0| 0| 0| 0| runtime: 1053.3 ms | cr: 4213.1
    1810. dt:  0.25 ms | #newton:  1 | ph:  0.0% | #CG/newton: 2242 | ls (cap|max|inv|bt):  0| 0| 0| 0| runtime: 1070.2 ms | cr: 4280.7
    1811. dt:  0.25 ms | #newton:  1 | ph:  0.0% | #CG/newton: 2240 | ls (cap|max|inv|bt):  0| 0| 0| 0| runtime: 1058.1 ms | cr: 4232.6
    1812. dt:  0.25 ms | #newton:  1 | ph:  0.0% | #CG/newton: 2213 | ls (cap|max|inv|bt):  0| 0| 0| 0| runtime: 1033.3 ms | cr: 4133.2
    1813. dt:  0.25 ms | #newton:  1 | ph:  0.0% | #CG/newton: 2185 | ls (cap|max|inv|bt):  0| 0| 0| 0| runtime: 1014.9 ms | cr: 4059.7
    1814. dt:  0.25 ms | #newton:  1 | ph:  0.0% | #CG/newton: 2225 | ls (cap|max|inv|bt):  0| 0| 0| 0| runtime: 1024.5 ms | cr: 4098.1
    1815. dt:  0.25 ms | #newton:  1 | ph:  0.0% | #CG/newton: 2221 | ls (cap|max|inv|bt):  0| 0| 0| 0| runtime: 1007.0 ms | cr: 4028.0
    1816. dt:  0.25 ms | #newton:  1 | ph:  0.0% | #CG/newton: 2217 | ls (cap|max|inv|bt):  0| 0| 0| 0| runtime: 1036.7 ms | cr: 4146.9
    1817. dt:  0.25 ms | #newton:  1 | ph:  0.0% | #CG/newton: 2208 | ls (cap|max|inv|bt):  0| 0| 0| 0| runtime: 1055.9 ms | cr: 4223.8
    1818. dt:  0.25 ms | #newton:  1 | ph:  0.0% | #CG/newton: 2239 | ls (cap|max|inv|bt):  0| 0| 0| 0| runtime: 1056.1 ms | cr: 4224.4
    1819. dt:  0.25 ms | #newton:  1 | ph:  0.0% | #CG/newton: 2237 | ls (cap|max|inv|bt):  0| 0| 0| 0| runtime: 1060.7 ms | cr: 4242.8
    1820. dt:  0.25 ms | #newton:  1 | ph:  0.0% | #CG/newton: 2217 | ls (cap|max|inv|bt):  0| 0| 0| 0| runtime: 1060.9 ms | cr: 4243.8
    1821. dt:  0.25 ms | #newton:  1 | ph:  0.0% | #CG/newton: 2200 | ls (cap|max|inv|bt):  0| 0| 0| 0| runtime: 1040.5 ms | cr: 4161.9
    1822. dt:  0.25 ms | #newton:  1 | ph:  0.0% | #CG/newton: 2238 | ls (cap|max|inv|bt):  0| 0| 0| 0| runtime: 1065.0 ms | cr: 4259.9
    1823. dt:  0.25 ms | #newton:  1 | ph:  0.0% | #CG/newton: 2224 | ls (cap|max|inv|bt):  0| 0| 0| 0| runtime: 1055.3 ms | cr: 4221.1
    1824. dt:  0.25 ms | #newton:  1 | ph:  0.0% | #CG/newton: 2232 | ls (cap|max|inv|bt):  0| 0| 0| 0| runtime: 1055.8 ms | cr: 4223.3
    1825. dt:  0.25 ms | #newton:  1 | ph:  0.0% | #CG/newton: 2238 | ls (cap|max|inv|bt):  0| 0| 0| 0| runtime: 1057.8 ms | cr: 4231.3
    1826. dt:  0.25 ms | #newton:  1 | ph:  0.0% | #CG/newton: 2210 | ls (cap|max|inv|bt):  0| 0| 0| 0| runtime: 1045.9 ms | cr: 4183.7
    1827. dt:  0.25 ms | #newton:  1 | ph:  0.0% | #CG/newton: 2193 | ls (cap|max|inv|bt):  0| 0| 0| 0| runtime: 1044.7 ms | cr: 4178.8
    1828. dt:  0.25 ms | #newton:  1 | ph:  0.0% | #CG/newton: 2248 | ls (cap|max|inv|bt):  0| 0| 0| 0| runtime: 1068.8 ms | cr: 4275.2
    1829. dt:  0.25 ms | #newton:  1 | ph:  0.0% | #CG/newton: 2218 | ls (cap|max|inv|bt):  0| 0| 0| 0| runtime: 1059.2 ms | cr: 4236.6
    1830. dt:  0.25 ms | #newton:  1 | ph:  0.0% | #CG/newton: 2240 | ls (cap|max|inv|bt):  0| 0| 0| 0| runtime: 1056.9 ms | cr: 4227.6
    1831. dt:  0.25 ms | #newton:  1 | ph:  0.0% | #CG/newton: 2242 | ls (cap|max|inv|bt):  0| 0| 0| 0| runtime: 1054.3 ms | cr: 4217.4
    1832. dt:  0.25 ms | #newton:  1 | ph:  0.0% | #CG/newton: 2185 | ls (cap|max|inv|bt):  0| 0| 0| 0| runtime: 1039.9 ms | cr: 4159.5
    1833. dt:  0.25 ms | #newton:  1 | ph:  0.0% | #CG/newton: 2236 | ls (cap|max|inv|bt):  0| 0| 0| 0| runtime: 1058.9 ms | cr: 4235.7
    1834. dt:  0.25 ms | #newton:  1 | ph:  0.0% | #CG/newton: 2279 | ls (cap|max|inv|bt):  0| 0| 0| 0| runtime: 1084.1 ms | cr: 4336.5
    1835. dt:  0.25 ms | #newton:  1 | ph:  0.0% | #CG/newton: 2182 | ls (cap|max|inv|bt):  0| 0| 0| 0| runtime: 1041.0 ms | cr: 4163.9
    1836. dt:  0.25 ms | #newton:  1 | ph:  0.0% | #CG/newton: 2251 | ls (cap|max|inv|bt):  0| 0| 0| 0| runtime: 1068.8 ms | cr: 4275.3
    1837. dt:  0.25 ms | #newton:  1 | ph:  0.0% | #CG/newton: 2212 | ls (cap|max|inv|bt):  0| 0| 0| 0| runtime: 1040.1 ms | cr: 4160.2
    1838. dt:  0.25 ms | #newton:  1 | ph:  0.0% | #CG/newton: 2200 | ls (cap|max|inv|bt):  0| 0| 0| 0| runtime: 1042.3 ms | cr: 4169.0
    1839. dt:  0.25 ms | #newton:  1 | ph:  0.0% | #CG/newton: 2555 | ls (cap|max|inv|bt):  0| 0| 0| 0| runtime: 1178.1 ms | cr: 4712.6
    1840. dt:  0.25 ms | #newton:  1 | ph:  0.0% | #CG/newton: 2874 | ls (cap|max|inv|bt):  0| 0| 0| 0| runtime: 1286.5 ms | cr: 5146.1
    1841. dt:  0.25 ms | #newton:  1 | ph:  0.0% | #CG/newton: 2858 | ls (cap|max|inv|bt):  0| 0| 0| 0| runtime: 1311.7 ms | cr: 5246.9
    1842. dt:  0.25 ms | #newton:  1 | ph:  0.0% | #CG/newton: 2875 | ls (cap|max|inv|bt):  0| 0| 0| 0| runtime: 1318.7 ms | cr: 5274.8
    1843. dt:  0.25 ms | #newton:  1 | ph:  0.0% | #CG/newton: 2466 | ls (cap|max|inv|bt):  0| 0| 0| 0| runtime: 1148.1 ms | cr: 4592.6
    1844. dt:  0.25 ms | #newton:  1 | ph:  0.0% | #CG/newton: 2444 | ls (cap|max|inv|bt):  0| 0| 0| 0| runtime: 1128.9 ms | cr: 4515.6
    1845. dt:  0.25 ms | #newton:  1 | ph:  0.0% | #CG/newton: 2582 | ls (cap|max|inv|bt):  0| 0| 0| 0| runtime: 1190.8 ms | cr: 4763.0
    1846. dt:  0.25 ms | #newton:  1 | ph:  0.0% | #CG/newton: 2628 | ls (cap|max|inv|bt):  0| 0| 0| 0| runtime: 1206.5 ms | cr: 4826.0
    1847. dt:  0.25 ms | #newton:  1 | ph:  0.0% | #CG/newton: 2619 | ls (cap|max|inv|bt):  0| 0| 0| 0| runtime: 1206.8 ms | cr: 4827.1
    1848. dt:  0.25 ms | #newton:  1 | ph:  0.0% | #CG/newton: 2250 | ls (cap|max|inv|bt):  0| 0| 0| 0| runtime: 1061.6 ms | cr: 4246.3
    1849. dt:  0.25 ms | #newton:  1 | ph:  0.0% | #CG/newton: 2449 | ls (cap|max|inv|bt):  0| 0| 0| 0| runtime: 1145.1 ms | cr: 4580.5
    1850. dt:  0.25 ms | #newton:  1 | ph:  0.0% | #CG/newton: 2443 | ls (cap|max|inv|bt):  0| 0| 0| 0| runtime: 1137.7 ms | cr: 4550.6
    1851. dt:  0.25 ms | #newton:  1 | ph:  0.0% | #CG/newton: 2572 | ls (cap|max|inv|bt):  0| 0| 0| 0| runtime: 1188.6 ms | cr: 4754.5
    1852. dt:  0.25 ms | #newton:  1 | ph:  0.0% | #CG/newton: 2609 | ls (cap|max|inv|bt):  0| 0| 0| 0| runtime: 1215.4 ms | cr: 4861.5
    1853. dt:  0.25 ms | #newton:  1 | ph:  0.0% | #CG/newton: 2863 | ls (cap|max|inv|bt):  0| 0| 0| 0| runtime: 1316.1 ms | cr: 5264.4
    1854. dt:  0.25 ms | #newton:  1 | ph:  0.0% | #CG/newton: 2861 | ls (cap|max|inv|bt):  0| 0| 0| 0| runtime: 1313.8 ms | cr: 5255.3
    1855. dt:  0.25 ms | #newton:  1 | ph:  0.0% | #CG/newton: 2832 | ls (cap|max|inv|bt):  0| 0| 0| 0| runtime: 1298.0 ms | cr: 5192.2
    1856. dt:  0.25 ms | #newton:  1 | ph:  0.0% | #CG/newton: 2627 | ls (cap|max|inv|bt):  0| 0| 0| 0| runtime: 1234.1 ms | cr: 4936.6
    1857. dt:  0.25 ms | #newton:  1 | ph:  0.0% | #CG/newton: 2620 | ls (cap|max|inv|bt):  0| 0| 0| 0| runtime: 1210.6 ms | cr: 4842.3
    1858. dt:  0.25 ms | #newton:  1 | ph:  0.0% | #CG/newton: 2344 | ls (cap|max|inv|bt):  0| 0| 0| 0| runtime: 1096.2 ms | cr: 4384.9
    1859. dt:  0.25 ms | #newton:  1 | ph:  0.0% | #CG/newton: 2440 | ls (cap|max|inv|bt):  0| 0| 0| 0| runtime: 1136.6 ms | cr: 4546.2
    1860. dt:  0.25 ms | #newton:  1 | ph:  0.0% | #CG/newton: 2446 | ls (cap|max|inv|bt):  0| 0| 0| 0| runtime: 1140.3 ms | cr: 4561.1
    1861. dt:  0.25 ms | #newton:  1 | ph:  0.0% | #CG/newton: 2452 | ls (cap|max|inv|bt):  0| 0| 0| 0| runtime: 1146.5 ms | cr: 4585.9
    1862. dt:  0.25 ms | #newton:  1 | ph:  0.0% | #CG/newton: 2658 | ls (cap|max|inv|bt):  0| 0| 0| 0| runtime: 1230.8 ms | cr: 4923.2
    1863. dt:  0.25 ms | #newton:  1 | ph:  0.0% | #CG/newton: 2170 | ls (cap|max|inv|bt):  0| 0| 0| 0| runtime: 1037.8 ms | cr: 4151.0
    1864. dt:  0.25 ms | #newton:  1 | ph:  0.0% | #CG/newton: 2510 | ls (cap|max|inv|bt):  0| 0| 0| 0| runtime: 1164.1 ms | cr: 4656.5
    1865. dt:  0.25 ms | #newton:  1 | ph:  0.0% | #CG/newton: 2626 | ls (cap|max|inv|bt):  0| 0| 0| 0| runtime: 1224.2 ms | cr: 4896.7
    1866. dt:  0.25 ms | #newton:  1 | ph:  0.0% | #CG/newton: 2831 | ls (cap|max|inv|bt):  0| 0| 0| 0| runtime: 1302.5 ms | cr: 5210.1
[Frame: 14] Time: 0.467 s
    1867. dt:  0.25 ms | #newton:  1 | ph:  0.0% | #CG/newton: 2684 | ls (cap|max|inv|bt):  0| 0| 0| 0| runtime: 1246.8 ms | cr: 4987.1
    1868. dt:  0.25 ms | #newton:  1 | ph:  0.0% | #CG/newton: 2627 | ls (cap|max|inv|bt):  0| 0| 0| 0| runtime: 1218.1 ms | cr: 4872.6
    1869. dt:  0.25 ms | #newton:  1 | ph:  0.0% | #CG/newton: 2620 | ls (cap|max|inv|bt):  0| 0| 0| 0| runtime: 1218.5 ms | cr: 4873.9
    1870. dt:  0.25 ms | #newton:  1 | ph:  0.0% | #CG/newton: 2213 | ls (cap|max|inv|bt):  0| 0| 0| 0| runtime: 1051.5 ms | cr: 4205.8
    1871. dt:  0.25 ms | #newton:  1 | ph:  0.0% | #CG/newton: 2208 | ls (cap|max|inv|bt):  0| 0| 0| 0| runtime: 1035.3 ms | cr: 4141.3
    1872. dt:  0.25 ms | #newton:  1 | ph:  0.0% | #CG/newton: 2239 | ls (cap|max|inv|bt):  0| 0| 0| 0| runtime: 1052.0 ms | cr: 4208.0
    1873. dt:  0.25 ms | #newton:  1 | ph:  0.0% | #CG/newton: 2440 | ls (cap|max|inv|bt):  0| 0| 0| 0| runtime: 1194.7 ms | cr: 4778.7
    1874. dt:  0.25 ms | #newton:  1 | ph:  0.0% | #CG/newton: 2235 | ls (cap|max|inv|bt):  0| 0| 0| 0| runtime: 1017.3 ms | cr: 4069.3
    1875. dt:  0.25 ms | #newton:  1 | ph:  0.0% | #CG/newton: 2190 | ls (cap|max|inv|bt):  0| 0| 0| 0| runtime: 1016.9 ms | cr: 4067.7
    1876. dt:  0.25 ms | #newton:  1 | ph:  0.0% | #CG/newton: 2203 | ls (cap|max|inv|bt):  0| 0| 0| 0| runtime: 1026.5 ms | cr: 4106.1
    1877. dt:  0.25 ms | #newton:  1 | ph:  0.0% | #CG/newton: 2180 | ls (cap|max|inv|bt):  0| 0| 0| 0| runtime: 1017.4 ms | cr: 4069.5
    1878. dt:  0.25 ms | #newton:  1 | ph:  0.0% | #CG/newton: 2222 | ls (cap|max|inv|bt):  0| 0| 0| 0| runtime: 1019.0 ms | cr: 4075.9
    1879. dt:  0.25 ms | #newton:  1 | ph:  0.0% | #CG/newton: 2581 | ls (cap|max|inv|bt):  0| 0| 0| 0| runtime: 1199.0 ms | cr: 4795.9
    1880. dt:  0.25 ms | #newton:  1 | ph:  0.0% | #CG/newton: 2618 | ls (cap|max|inv|bt):  0| 0| 0| 0| runtime: 1201.6 ms | cr: 4806.3
    1881. dt:  0.25 ms | #newton:  1 | ph:  0.0% | #CG/newton: 2623 | ls (cap|max|inv|bt):  0| 0| 0| 0| runtime: 1209.0 ms | cr: 4836.2
    1882. dt:  0.25 ms | #newton:  1 | ph:  0.0% | #CG/newton: 2523 | ls (cap|max|inv|bt):  0| 0| 0| 0| runtime: 1156.9 ms | cr: 4627.7
    1883. dt:  0.25 ms | #newton:  1 | ph:  0.0% | #CG/newton: 2241 | ls (cap|max|inv|bt):  0| 0| 0| 0| runtime: 1058.0 ms | cr: 4231.9
    1884. dt:  0.25 ms | #newton:  1 | ph:  0.0% | #CG/newton: 2242 | ls (cap|max|inv|bt):  0| 0| 0| 0| runtime: 1051.8 ms | cr: 4207.2
    1885. dt:  0.25 ms | #newton:  1 | ph:  0.0% | #CG/newton: 2169 | ls (cap|max|inv|bt):  0| 0| 0| 0| runtime: 1040.8 ms | cr: 4163.4
    1886. dt:  0.25 ms | #newton:  1 | ph:  0.0% | #CG/newton: 2231 | ls (cap|max|inv|bt):  0| 0| 0| 0| runtime: 1028.2 ms | cr: 4112.9
    1887. dt:  0.25 ms | #newton:  1 | ph:  0.0% | #CG/newton: 2235 | ls (cap|max|inv|bt):  0| 0| 0| 0| runtime: 1031.9 ms | cr: 4127.5
    1888. dt:  0.25 ms | #newton:  1 | ph:  0.0% | #CG/newton: 2231 | ls (cap|max|inv|bt):  0| 0| 0| 0| runtime: 1066.7 ms | cr: 4267.0
    1889. dt:  0.25 ms | #newton:  1 | ph:  0.0% | #CG/newton: 2231 | ls (cap|max|inv|bt):  0| 0| 0| 0| runtime: 1082.8 ms | cr: 4331.3
    1890. dt:  0.25 ms | #newton:  1 | ph:  0.0% | #CG/newton: 2233 | ls (cap|max|inv|bt):  0| 0| 0| 0| runtime: 1087.5 ms | cr: 4349.9
    1891. dt:  0.25 ms | #newton:  1 | ph:  0.0% | #CG/newton: 2243 | ls (cap|max|inv|bt):  0| 0| 0| 0| runtime: 1052.7 ms | cr: 4210.9
    1892. dt:  0.25 ms | #newton:  1 | ph:  0.0% | #CG/newton: 2237 | ls (cap|max|inv|bt):  0| 0| 0| 0| runtime: 1051.2 ms | cr: 4204.8
    1893. dt:  0.25 ms | #newton:  1 | ph:  0.0% | #CG/newton: 2199 | ls (cap|max|inv|bt):  0| 0| 0| 0| runtime: 1046.8 ms | cr: 4187.4
    1894. dt:  0.25 ms | #newton:  1 | ph:  0.0% | #CG/newton: 2889 | ls (cap|max|inv|bt):  0| 0| 0| 0| runtime: 1317.1 ms | cr: 5268.6
    1895. dt:  0.25 ms | #newton:  1 | ph:  0.0% | #CG/newton: 2843 | ls (cap|max|inv|bt):  0| 0| 0| 0| runtime: 1298.5 ms | cr: 5193.9
    1896. dt:  0.25 ms | #newton:  1 | ph:  0.0% | #CG/newton: 2629 | ls (cap|max|inv|bt):  0| 0| 0| 0| runtime: 1205.3 ms | cr: 4821.0
    1897. dt:  0.25 ms | #newton:  1 | ph:  0.0% | #CG/newton: 2658 | ls (cap|max|inv|bt):  0| 0| 0| 0| runtime: 1217.8 ms | cr: 4871.3
    1898. dt:  0.25 ms | #newton:  1 | ph:  0.0% | #CG/newton: 2478 | ls (cap|max|inv|bt):  0| 0| 0| 0| runtime: 1149.2 ms | cr: 4596.7
    1899. dt:  0.25 ms | #newton:  1 | ph:  0.0% | #CG/newton: 2492 | ls (cap|max|inv|bt):  0| 0| 0| 0| runtime: 1157.6 ms | cr: 4630.3
    1900. dt:  0.25 ms | #newton:  1 | ph:  0.0% | #CG/newton: 2493 | ls (cap|max|inv|bt):  0| 0| 0| 0| runtime: 1172.7 ms | cr: 4690.8
    1901. dt:  0.25 ms | #newton:  1 | ph:  0.0% | #CG/newton: 2635 | ls (cap|max|inv|bt):  0| 0| 0| 0| runtime: 1238.9 ms | cr: 4955.7
    1902. dt:  0.25 ms | #newton:  1 | ph:  0.0% | #CG/newton: 2471 | ls (cap|max|inv|bt):  0| 0| 0| 0| runtime: 1187.2 ms | cr: 4749.0
    1903. dt:  0.25 ms | #newton:  1 | ph:  0.0% | #CG/newton: 2489 | ls (cap|max|inv|bt):  0| 0| 0| 0| runtime: 1150.6 ms | cr: 4602.3
    1904. dt:  0.25 ms | #newton:  1 | ph:  0.0% | #CG/newton: 2665 | ls (cap|max|inv|bt):  0| 0| 0| 0| runtime: 1254.0 ms | cr: 5015.9
    1905. dt:  0.25 ms | #newton:  1 | ph:  0.0% | #CG/newton: 2242 | ls (cap|max|inv|bt):  0| 0| 0| 0| runtime: 1067.0 ms | cr: 4267.9
    1906. dt:  0.25 ms | #newton:  1 | ph:  0.0% | #CG/newton: 2210 | ls (cap|max|inv|bt):  0| 0| 0| 0| runtime: 1053.7 ms | cr: 4214.7
    1907. dt:  0.25 ms | #newton:  1 | ph:  0.0% | #CG/newton: 2214 | ls (cap|max|inv|bt):  0| 0| 0| 0| runtime: 1059.2 ms | cr: 4236.9
    1908. dt:  0.25 ms | #newton:  1 | ph:  0.0% | #CG/newton: 2688 | ls (cap|max|inv|bt):  0| 0| 0| 0| runtime: 1247.4 ms | cr: 4989.7
    1909. dt:  0.25 ms | #newton:  1 | ph:  0.0% | #CG/newton: 2246 | ls (cap|max|inv|bt):  0| 0| 0| 0| runtime: 1074.0 ms | cr: 4295.9
    1910. dt:  0.25 ms | #newton:  1 | ph:  0.0% | #CG/newton: 2247 | ls (cap|max|inv|bt):  0| 0| 0| 0| runtime: 1070.3 ms | cr: 4281.0
    1911. dt:  0.25 ms | #newton:  1 | ph:  0.0% | #CG/newton: 2280 | ls (cap|max|inv|bt):  0| 0| 0| 0| runtime: 1080.7 ms | cr: 4322.9
    1912. dt:  0.25 ms | #newton:  1 | ph:  0.0% | #CG/newton: 2207 | ls (cap|max|inv|bt):  0| 0| 0| 0| runtime: 1055.0 ms | cr: 4219.9
    1913. dt:  0.25 ms | #newton:  1 | ph:  0.0% | #CG/newton: 2284 | ls (cap|max|inv|bt):  0| 0| 0| 0| runtime: 1087.9 ms | cr: 4351.5
    1914. dt:  0.25 ms | #newton:  1 | ph:  0.0% | #CG/newton: 2211 | ls (cap|max|inv|bt):  0| 0| 0| 0| runtime: 1103.1 ms | cr: 4412.3
    1915. dt:  0.25 ms | #newton:  1 | ph:  0.0% | #CG/newton: 2246 | ls (cap|max|inv|bt):  0| 0| 0| 0| runtime: 1091.6 ms | cr: 4366.4
    1916. dt:  0.25 ms | #newton:  1 | ph:  0.0% | #CG/newton: 2277 | ls (cap|max|inv|bt):  0| 0| 0| 0| runtime: 1182.5 ms | cr: 4730.2
    1917. dt:  0.25 ms | #newton:  1 | ph:  0.0% | #CG/newton: 2210 | ls (cap|max|inv|bt):  0| 0| 0| 0| runtime: 1119.2 ms | cr: 4476.8
    1918. dt:  0.25 ms | #newton:  1 | ph:  0.0% | #CG/newton: 2211 | ls (cap|max|inv|bt):  0| 0| 0| 0| runtime: 1096.4 ms | cr: 4385.5
    1919. dt:  0.25 ms | #newton:  1 | ph:  0.0% | #CG/newton: 2202 | ls (cap|max|inv|bt):  0| 0| 0| 0| runtime: 1050.5 ms | cr: 4201.8
    1920. dt:  0.25 ms | #newton:  1 | ph:  0.0% | #CG/newton: 2248 | ls (cap|max|inv|bt):  0| 0| 0| 0| runtime: 1071.8 ms | cr: 4287.1
    1921. dt:  0.25 ms | #newton:  1 | ph:  0.0% | #CG/newton: 2242 | ls (cap|max|inv|bt):  0| 0| 0| 0| runtime: 1067.2 ms | cr: 4268.8
    1922. dt:  0.25 ms | #newton:  1 | ph:  0.0% | #CG/newton: 2272 | ls (cap|max|inv|bt):  0| 0| 0| 0| runtime: 1071.9 ms | cr: 4287.7
    1923. dt:  0.25 ms | #newton:  1 | ph:  0.0% | #CG/newton: 2208 | ls (cap|max|inv|bt):  0| 0| 0| 0| runtime: 1053.2 ms | cr: 4212.8
    1924. dt:  0.25 ms | #newton:  1 | ph:  0.0% | #CG/newton: 2245 | ls (cap|max|inv|bt):  0| 0| 0| 0| runtime: 1072.7 ms | cr: 4290.7
    1925. dt:  0.25 ms | #newton:  1 | ph:  0.0% | #CG/newton: 2276 | ls (cap|max|inv|bt):  0| 0| 0| 0| runtime: 1080.9 ms | cr: 4323.5
    1926. dt:  0.25 ms | #newton:  1 | ph:  0.0% | #CG/newton: 2206 | ls (cap|max|inv|bt):  0| 0| 0| 0| runtime: 1052.1 ms | cr: 4208.3
    1927. dt:  0.25 ms | #newton:  1 | ph:  0.0% | #CG/newton: 2219 | ls (cap|max|inv|bt):  0| 0| 0| 0| runtime: 1052.0 ms | cr: 4207.9
    1928. dt:  0.25 ms | #newton:  1 | ph:  0.0% | #CG/newton: 2197 | ls (cap|max|inv|bt):  0| 0| 0| 0| runtime: 1063.8 ms | cr: 4255.2
    1929. dt:  0.25 ms | #newton:  1 | ph:  0.0% | #CG/newton: 2242 | ls (cap|max|inv|bt):  0| 0| 0| 0| runtime: 1084.2 ms | cr: 4336.9
    1930. dt:  0.25 ms | #newton:  1 | ph:  0.0% | #CG/newton: 2240 | ls (cap|max|inv|bt):  0| 0| 0| 0| runtime: 1095.1 ms | cr: 4380.6
    1931. dt:  0.25 ms | #newton:  1 | ph:  0.0% | #CG/newton: 2257 | ls (cap|max|inv|bt):  0| 0| 0| 0| runtime: 1098.7 ms | cr: 4394.7
    1932. dt:  0.25 ms | #newton:  1 | ph:  0.0% | #CG/newton: 2206 | ls (cap|max|inv|bt):  0| 0| 0| 0| runtime: 1061.1 ms | cr: 4244.6
    1933. dt:  0.25 ms | #newton:  1 | ph:  0.0% | #CG/newton: 2242 | ls (cap|max|inv|bt):  0| 0| 0| 0| runtime: 1076.6 ms | cr: 4306.3
    1934. dt:  0.25 ms | #newton:  1 | ph:  0.0% | #CG/newton: 2254 | ls (cap|max|inv|bt):  0| 0| 0| 0| runtime: 1072.6 ms | cr: 4290.3
    1935. dt:  0.25 ms | #newton:  1 | ph:  0.0% | #CG/newton: 2235 | ls (cap|max|inv|bt):  0| 0| 0| 0| runtime: 1064.2 ms | cr: 4256.9
    1936. dt:  0.25 ms | #newton:  1 | ph:  0.0% | #CG/newton: 2183 | ls (cap|max|inv|bt):  0| 0| 0| 0| runtime: 1040.4 ms | cr: 4161.7
    1937. dt:  0.25 ms | #newton:  1 | ph:  0.0% | #CG/newton: 2242 | ls (cap|max|inv|bt):  0| 0| 0| 0| runtime: 1068.1 ms | cr: 4272.3
    1938. dt:  0.25 ms | #newton:  1 | ph:  0.0% | #CG/newton: 2248 | ls (cap|max|inv|bt):  0| 0| 0| 0| runtime: 1061.7 ms | cr: 4246.9
    1939. dt:  0.25 ms | #newton:  1 | ph:  0.0% | #CG/newton: 2335 | ls (cap|max|inv|bt):  0| 0| 0| 0| runtime: 1093.7 ms | cr: 4374.7
    1940. dt:  0.25 ms | #newton:  1 | ph:  0.0% | #CG/newton: 2255 | ls (cap|max|inv|bt):  0| 0| 0| 0| runtime: 1060.8 ms | cr: 4243.0
    1941. dt:  0.25 ms | #newton:  1 | ph:  0.0% | #CG/newton: 2672 | ls (cap|max|inv|bt):  0| 0| 0| 0| runtime: 1228.7 ms | cr: 4915.0
    1942. dt:  0.25 ms | #newton:  1 | ph:  0.0% | #CG/newton: 2191 | ls (cap|max|inv|bt):  0| 0| 0| 0| runtime: 1054.2 ms | cr: 4216.6
    1943. dt:  0.25 ms | #newton:  1 | ph:  0.0% | #CG/newton: 2690 | ls (cap|max|inv|bt):  0| 0| 0| 0| runtime: 1271.1 ms | cr: 5084.2
    1944. dt:  0.25 ms | #newton:  1 | ph:  0.0% | #CG/newton: 2203 | ls (cap|max|inv|bt):  0| 0| 0| 0| runtime: 1064.8 ms | cr: 4259.3
    1945. dt:  0.25 ms | #newton:  1 | ph:  0.0% | #CG/newton: 2686 | ls (cap|max|inv|bt):  0| 0| 0| 0| runtime: 1279.8 ms | cr: 5119.3
    1946. dt:  0.25 ms | #newton:  1 | ph:  0.0% | #CG/newton: 2205 | ls (cap|max|inv|bt):  0| 0| 0| 0| runtime: 1067.8 ms | cr: 4271.3
    1947. dt:  0.25 ms | #newton:  1 | ph:  0.0% | #CG/newton: 2463 | ls (cap|max|inv|bt):  0| 0| 0| 0| runtime: 1147.2 ms | cr: 4588.8
    1948. dt:  0.25 ms | #newton:  1 | ph:  0.0% | #CG/newton: 2479 | ls (cap|max|inv|bt):  0| 0| 0| 0| runtime: 1149.5 ms | cr: 4598.1
    1949. dt:  0.25 ms | #newton:  1 | ph:  0.0% | #CG/newton: 2335 | ls (cap|max|inv|bt):  0| 0| 0| 0| runtime: 1102.7 ms | cr: 4410.8
    1950. dt:  0.25 ms | #newton:  1 | ph:  0.0% | #CG/newton: 2243 | ls (cap|max|inv|bt):  0| 0| 0| 0| runtime: 1058.5 ms | cr: 4234.0
    1951. dt:  0.25 ms | #newton:  1 | ph:  0.0% | #CG/newton: 2661 | ls (cap|max|inv|bt):  0| 0| 0| 0| runtime: 1250.1 ms | cr: 5000.6
    1952. dt:  0.25 ms | #newton:  1 | ph:  0.0% | #CG/newton: 2212 | ls (cap|max|inv|bt):  0| 0| 0| 0| runtime: 1076.6 ms | cr: 4306.3
    1953. dt:  0.25 ms | #newton:  1 | ph:  0.0% | #CG/newton: 2460 | ls (cap|max|inv|bt):  0| 0| 0| 0| runtime: 1178.5 ms | cr: 4714.1
    1954. dt:  0.25 ms | #newton:  1 | ph:  0.0% | #CG/newton: 2477 | ls (cap|max|inv|bt):  0| 0| 0| 0| runtime: 1184.4 ms | cr: 4737.8
    1955. dt:  0.25 ms | #newton:  1 | ph:  0.0% | #CG/newton: 2278 | ls (cap|max|inv|bt):  0| 0| 0| 0| runtime: 1076.0 ms | cr: 4304.1
    1956. dt:  0.25 ms | #newton:  1 | ph:  0.0% | #CG/newton: 2183 | ls (cap|max|inv|bt):  0| 0| 0| 0| runtime: 1043.2 ms | cr: 4172.6
    1957. dt:  0.25 ms | #newton:  1 | ph:  0.0% | #CG/newton: 2456 | ls (cap|max|inv|bt):  0| 0| 0| 0| runtime: 1147.0 ms | cr: 4588.1
    1958. dt:  0.25 ms | #newton:  1 | ph:  0.0% | #CG/newton: 2337 | ls (cap|max|inv|bt):  0| 0| 0| 0| runtime: 1106.7 ms | cr: 4426.8
    1959. dt:  0.25 ms | #newton:  1 | ph:  0.0% | #CG/newton: 2248 | ls (cap|max|inv|bt):  0| 0| 0| 0| runtime: 1077.8 ms | cr: 4311.0
    1960. dt:  0.25 ms | #newton:  1 | ph:  0.0% | #CG/newton: 2667 | ls (cap|max|inv|bt):  0| 0| 0| 0| runtime: 1266.5 ms | cr: 5066.0
    1961. dt:  0.25 ms | #newton:  1 | ph:  0.0% | #CG/newton: 2188 | ls (cap|max|inv|bt):  0| 0| 0| 0| runtime: 1067.4 ms | cr: 4269.5
    1962. dt:  0.25 ms | #newton:  1 | ph:  0.0% | #CG/newton: 2678 | ls (cap|max|inv|bt):  0| 0| 0| 0| runtime: 1301.2 ms | cr: 5204.7
    1963. dt:  0.25 ms | #newton:  1 | ph:  0.0% | #CG/newton: 2191 | ls (cap|max|inv|bt):  0| 0| 0| 0| runtime: 1043.1 ms | cr: 4172.6
    1964. dt:  0.25 ms | #newton:  1 | ph:  0.0% | #CG/newton: 2461 | ls (cap|max|inv|bt):  0| 0| 0| 0| runtime: 1166.8 ms | cr: 4667.2
    1965. dt:  0.25 ms | #newton:  1 | ph:  0.0% | #CG/newton: 2672 | ls (cap|max|inv|bt):  0| 0| 0| 0| runtime: 1232.5 ms | cr: 4929.9
    1966. dt:  0.25 ms | #newton:  1 | ph:  0.0% | #CG/newton: 2214 | ls (cap|max|inv|bt):  0| 0| 0| 0| runtime: 1044.8 ms | cr: 4179.2
    1967. dt:  0.25 ms | #newton:  1 | ph:  0.0% | #CG/newton: 2201 | ls (cap|max|inv|bt):  0| 0| 0| 0| runtime: 1048.6 ms | cr: 4194.5
    1968. dt:  0.25 ms | #newton:  1 | ph:  0.0% | #CG/newton: 2434 | ls (cap|max|inv|bt):  0| 0| 0| 0| runtime: 1143.8 ms | cr: 4575.0
    1969. dt:  0.25 ms | #newton:  1 | ph:  0.0% | #CG/newton: 2456 | ls (cap|max|inv|bt):  0| 0| 0| 0| runtime: 1173.2 ms | cr: 4692.6
    1970. dt:  0.25 ms | #newton:  1 | ph:  0.0% | #CG/newton: 2254 | ls (cap|max|inv|bt):  0| 0| 0| 0| runtime: 1142.6 ms | cr: 4570.3
    1971. dt:  0.25 ms | #newton:  1 | ph:  0.0% | #CG/newton: 2191 | ls (cap|max|inv|bt):  0| 0| 0| 0| runtime: 1061.5 ms | cr: 4245.8
    1972. dt:  0.25 ms | #newton:  1 | ph:  0.0% | #CG/newton: 2463 | ls (cap|max|inv|bt):  0| 0| 0| 0| runtime: 1181.6 ms | cr: 4726.4
    1973. dt:  0.25 ms | #newton:  1 | ph:  0.0% | #CG/newton: 2520 | ls (cap|max|inv|bt):  0| 0| 0| 0| runtime: 1193.8 ms | cr: 4775.1
    1974. dt:  0.25 ms | #newton:  1 | ph:  0.0% | #CG/newton: 2293 | ls (cap|max|inv|bt):  0| 0| 0| 0| runtime: 1075.7 ms | cr: 4302.9
    1975. dt:  0.25 ms | #newton:  1 | ph:  0.0% | #CG/newton: 2294 | ls (cap|max|inv|bt):  0| 0| 0| 0| runtime: 1071.9 ms | cr: 4287.6
    1976. dt:  0.25 ms | #newton:  1 | ph:  0.0% | #CG/newton: 2652 | ls (cap|max|inv|bt):  0| 0| 0| 0| runtime: 1223.1 ms | cr: 4892.2
    1977. dt:  0.25 ms | #newton:  1 | ph:  0.0% | #CG/newton: 2847 | ls (cap|max|inv|bt):  0| 0| 0| 0| runtime: 1305.9 ms | cr: 5223.7
    1978. dt:  0.25 ms | #newton:  1 | ph:  0.0% | #CG/newton: 2856 | ls (cap|max|inv|bt):  0| 0| 0| 0| runtime: 1292.1 ms | cr: 5168.5
    1979. dt:  0.25 ms | #newton:  1 | ph:  0.0% | #CG/newton: 2827 | ls (cap|max|inv|bt):  0| 0| 0| 0| runtime: 1295.8 ms | cr: 5183.0
    1980. dt:  0.25 ms | #newton:  1 | ph:  0.0% | #CG/newton: 2823 | ls (cap|max|inv|bt):  0| 0| 0| 0| runtime: 1288.2 ms | cr: 5152.7
    1981. dt:  0.25 ms | #newton:  1 | ph:  0.0% | #CG/newton: 2822 | ls (cap|max|inv|bt):  0| 0| 0| 0| runtime: 1295.2 ms | cr: 5180.9
    1982. dt:  0.25 ms | #newton:  1 | ph:  0.0% | #CG/newton: 2248 | ls (cap|max|inv|bt):  0| 0| 0| 0| runtime: 1073.5 ms | cr: 4293.8
    1983. dt:  0.25 ms | #newton:  1 | ph:  0.0% | #CG/newton: 2621 | ls (cap|max|inv|bt):  0| 0| 0| 0| runtime: 1248.6 ms | cr: 4994.2
    1984. dt:  0.25 ms | #newton:  1 | ph:  0.0% | #CG/newton: 2182 | ls (cap|max|inv|bt):  0| 0| 0| 0| runtime: 1063.4 ms | cr: 4253.6
    1985. dt:  0.25 ms | #newton:  1 | ph:  0.0% | #CG/newton: 2649 | ls (cap|max|inv|bt):  0| 0| 0| 0| runtime: 1262.6 ms | cr: 5050.4
    1986. dt:  0.25 ms | #newton:  1 | ph:  0.0% | #CG/newton: 2435 | ls (cap|max|inv|bt):  0| 0| 0| 0| runtime: 1132.5 ms | cr: 4530.1
    1987. dt:  0.25 ms | #newton:  1 | ph:  0.0% | #CG/newton: 2436 | ls (cap|max|inv|bt):  0| 0| 0| 0| runtime: 1141.1 ms | cr: 4564.5
    1988. dt:  0.25 ms | #newton:  1 | ph:  0.0% | #CG/newton: 2447 | ls (cap|max|inv|bt):  0| 0| 0| 0| runtime: 1161.5 ms | cr: 4645.8
    1989. dt:  0.25 ms | #newton:  1 | ph:  0.0% | #CG/newton: 2432 | ls (cap|max|inv|bt):  0| 0| 0| 0| runtime: 1162.5 ms | cr: 4650.1
    1990. dt:  0.25 ms | #newton:  1 | ph:  0.0% | #CG/newton: 2272 | ls (cap|max|inv|bt):  0| 0| 0| 0| runtime: 1101.5 ms | cr: 4406.1
    1991. dt:  0.25 ms | #newton:  1 | ph:  0.0% | #CG/newton: 2167 | ls (cap|max|inv|bt):  0| 0| 0| 0| runtime: 1062.2 ms | cr: 4248.7
    1992. dt:  0.25 ms | #newton:  1 | ph:  0.0% | #CG/newton: 2511 | ls (cap|max|inv|bt):  0| 0| 0| 0| runtime: 1203.1 ms | cr: 4812.6
    1993. dt:  0.25 ms | #newton:  1 | ph:  0.0% | #CG/newton: 2539 | ls (cap|max|inv|bt):  0| 0| 0| 0| runtime: 1189.4 ms | cr: 4757.7
    1994. dt:  0.25 ms | #newton:  1 | ph:  0.0% | #CG/newton: 2652 | ls (cap|max|inv|bt):  0| 0| 0| 0| runtime: 1223.7 ms | cr: 4894.9
    1995. dt:  0.25 ms | #newton:  1 | ph:  0.0% | #CG/newton: 2852 | ls (cap|max|inv|bt):  0| 0| 0| 0| runtime: 1318.6 ms | cr: 5274.2
    1996. dt:  0.25 ms | #newton:  1 | ph:  0.0% | #CG/newton: 2491 | ls (cap|max|inv|bt):  0| 0| 0| 0| runtime: 1163.8 ms | cr: 4655.3
    1997. dt:  0.25 ms | #newton:  1 | ph:  0.0% | #CG/newton: 2675 | ls (cap|max|inv|bt):  0| 0| 0| 0| runtime: 1232.9 ms | cr: 4931.5
    1998. dt:  0.25 ms | #newton:  1 | ph:  0.0% | #CG/newton: 2653 | ls (cap|max|inv|bt):  0| 0| 0| 0| runtime: 1223.4 ms | cr: 4893.5
    1999. dt:  0.25 ms | #newton:  1 | ph:  0.0% | #CG/newton: 2649 | ls (cap|max|inv|bt):  0| 0| 0| 0| runtime: 1230.8 ms | cr: 4923.2
    2000. dt:  0.25 ms | #newton:  1 | ph:  0.0% | #CG/newton: 2835 | ls (cap|max|inv|bt):  0| 0| 0| 0| runtime: 1308.9 ms | cr: 5235.7
[Frame: 15] Time: 0.500 s
    2001. dt:  0.25 ms | #newton:  1 | ph:  0.0% | #CG/newton: 2504 | ls (cap|max|inv|bt):  0| 0| 0| 0| runtime: 1178.8 ms | cr: 4715.2
    2002. dt:  0.25 ms | #newton:  1 | ph:  0.0% | #CG/newton: 2599 | ls (cap|max|inv|bt):  0| 0| 0| 0| runtime: 1207.3 ms | cr: 4829.2
    2003. dt:  0.25 ms | #newton:  1 | ph:  0.0% | #CG/newton: 2652 | ls (cap|max|inv|bt):  0| 0| 0| 0| runtime: 1228.4 ms | cr: 4913.7
    2004. dt:  0.25 ms | #newton:  1 | ph:  0.0% | #CG/newton: 2622 | ls (cap|max|inv|bt):  0| 0| 0| 0| runtime: 1208.4 ms | cr: 4833.6
    2005. dt:  0.25 ms | #newton:  1 | ph:  0.0% | #CG/newton: 2603 | ls (cap|max|inv|bt):  0| 0| 0| 0| runtime: 1205.4 ms | cr: 4821.6
    2006. dt:  0.25 ms | #newton:  1 | ph:  0.0% | #CG/newton: 2608 | ls (cap|max|inv|bt):  0| 0| 0| 0| runtime: 1209.2 ms | cr: 4836.9
    2007. dt:  0.25 ms | #newton:  1 | ph:  0.0% | #CG/newton: 2618 | ls (cap|max|inv|bt):  0| 0| 0| 0| runtime: 1215.9 ms | cr: 4863.6
    2008. dt:  0.25 ms | #newton:  1 | ph:  0.0% | #CG/newton: 2865 | ls (cap|max|inv|bt):  0| 0| 0| 0| runtime: 1328.6 ms | cr: 5314.5
    2009. dt:  0.25 ms | #newton:  1 | ph:  0.0% | #CG/newton: 2858 | ls (cap|max|inv|bt):  0| 0| 0| 0| runtime: 1331.9 ms | cr: 5327.7
    2010. dt:  0.25 ms | #newton:  1 | ph:  0.0% | #CG/newton: 2864 | ls (cap|max|inv|bt):  0| 0| 0| 0| runtime: 1357.5 ms | cr: 5430.0
    2011. dt:  0.25 ms | #newton:  1 | ph:  0.0% | #CG/newton: 2842 | ls (cap|max|inv|bt):  0| 0| 0| 0| runtime: 1354.4 ms | cr: 5417.8
    2012. dt:  0.25 ms | #newton:  1 | ph:  0.0% | #CG/newton: 2860 | ls (cap|max|inv|bt):  0| 0| 0| 0| runtime: 1350.0 ms | cr: 5400.2
    2013. dt:  0.25 ms | #newton:  1 | ph:  0.0% | #CG/newton: 2820 | ls (cap|max|inv|bt):  0| 0| 0| 0| runtime: 1311.8 ms | cr: 5247.1
    2014. dt:  0.25 ms | #newton:  1 | ph:  0.0% | #CG/newton: 2849 | ls (cap|max|inv|bt):  0| 0| 0| 0| runtime: 1324.4 ms | cr: 5297.5
    2015. dt:  0.25 ms | #newton:  1 | ph:  0.0% | #CG/newton: 2875 | ls (cap|max|inv|bt):  0| 0| 0| 0| runtime: 1355.4 ms | cr: 5421.6
    2016. dt:  0.25 ms | #newton:  1 | ph:  0.0% | #CG/newton: 2457 | ls (cap|max|inv|bt):  0| 0| 0| 0| runtime: 1176.0 ms | cr: 4704.2
    2017. dt:  0.25 ms | #newton:  1 | ph:  0.0% | #CG/newton: 2464 | ls (cap|max|inv|bt):  0| 0| 0| 0| runtime: 1192.4 ms | cr: 4769.4
    2018. dt:  0.25 ms | #newton:  1 | ph:  0.0% | #CG/newton: 2863 | ls (cap|max|inv|bt):  0| 0| 0| 0| runtime: 1336.0 ms | cr: 5344.0
    2019. dt:  0.25 ms | #newton:  1 | ph:  0.0% | #CG/newton: 2450 | ls (cap|max|inv|bt):  0| 0| 0| 0| runtime: 1185.1 ms | cr: 4740.4
    2020. dt:  0.25 ms | #newton:  1 | ph:  0.0% | #CG/newton: 2471 | ls (cap|max|inv|bt):  0| 0| 0| 0| runtime: 1156.9 ms | cr: 4627.4
    2021. dt:  0.25 ms | #newton:  1 | ph:  0.0% | #CG/newton: 2844 | ls (cap|max|inv|bt):  0| 0| 0| 0| runtime: 1294.5 ms | cr: 5177.8
    2022. dt:  0.25 ms | #newton:  1 | ph:  0.0% | #CG/newton: 2452 | ls (cap|max|inv|bt):  0| 0| 0| 0| runtime: 1148.1 ms | cr: 4592.4
    2023. dt:  0.25 ms | #newton:  1 | ph:  0.0% | #CG/newton: 2472 | ls (cap|max|inv|bt):  0| 0| 0| 0| runtime: 1151.3 ms | cr: 4605.3
    2024. dt:  0.25 ms | #newton:  1 | ph:  0.0% | #CG/newton: 2438 | ls (cap|max|inv|bt):  0| 0| 0| 0| runtime: 1133.5 ms | cr: 4534.0
    2025. dt:  0.25 ms | #newton:  1 | ph:  0.0% | #CG/newton: 2447 | ls (cap|max|inv|bt):  0| 0| 0| 0| runtime: 1150.0 ms | cr: 4599.9
    2026. dt:  0.25 ms | #newton:  1 | ph:  0.0% | #CG/newton: 2479 | ls (cap|max|inv|bt):  0| 0| 0| 0| runtime: 1164.7 ms | cr: 4658.9
    2027. dt:  0.25 ms | #newton:  1 | ph:  0.0% | #CG/newton: 2471 | ls (cap|max|inv|bt):  0| 0| 0| 0| runtime: 1152.2 ms | cr: 4609.0
    2028. dt:  0.25 ms | #newton:  1 | ph:  0.0% | #CG/newton: 2476 | ls (cap|max|inv|bt):  0| 0| 0| 0| runtime: 1150.3 ms | cr: 4601.3
    2029. dt:  0.25 ms | #newton:  1 | ph:  0.0% | #CG/newton: 2865 | ls (cap|max|inv|bt):  0| 0| 0| 0| runtime: 1300.3 ms | cr: 5201.0
    2030. dt:  0.25 ms | #newton:  1 | ph:  0.0% | #CG/newton: 2867 | ls (cap|max|inv|bt):  0| 0| 0| 0| runtime: 1312.5 ms | cr: 5250.1
    2031. dt:  0.25 ms | #newton:  1 | ph:  0.0% | #CG/newton: 2874 | ls (cap|max|inv|bt):  0| 0| 0| 0| runtime: 1310.7 ms | cr: 5242.6
    2032. dt:  0.25 ms | #newton:  1 | ph:  0.0% | #CG/newton: 2471 | ls (cap|max|inv|bt):  0| 0| 0| 0| runtime: 1165.9 ms | cr: 4663.8
    2033. dt:  0.25 ms | #newton:  1 | ph:  0.0% | #CG/newton: 2440 | ls (cap|max|inv|bt):  0| 0| 0| 0| runtime: 1116.2 ms | cr: 4464.7
    2034. dt:  0.25 ms | #newton:  1 | ph:  0.0% | #CG/newton: 2846 | ls (cap|max|inv|bt):  0| 0| 0| 0| runtime: 1275.5 ms | cr: 5102.2
    2035. dt:  0.25 ms | #newton:  1 | ph:  0.0% | #CG/newton: 2709 | ls (cap|max|inv|bt):  0| 0| 0| 0| runtime: 1245.2 ms | cr: 4980.8
    2036. dt:  0.25 ms | #newton:  1 | ph:  0.0% | #CG/newton: 2848 | ls (cap|max|inv|bt):  0| 0| 0| 0| runtime: 1338.9 ms | cr: 5355.6
    2037. dt:  0.25 ms | #newton:  1 | ph:  0.0% | #CG/newton: 2846 | ls (cap|max|inv|bt):  0| 0| 0| 0| runtime: 1298.4 ms | cr: 5193.5
    2038. dt:  0.25 ms | #newton:  1 | ph:  0.0% | #CG/newton: 2855 | ls (cap|max|inv|bt):  0| 0| 0| 0| runtime: 1292.5 ms | cr: 5169.9
    2039. dt:  0.25 ms | #newton:  1 | ph:  0.0% | #CG/newton: 2825 | ls (cap|max|inv|bt):  0| 0| 0| 0| runtime: 1291.1 ms | cr: 5164.3
    2040. dt:  0.25 ms | #newton:  1 | ph:  0.0% | #CG/newton: 2822 | ls (cap|max|inv|bt):  0| 0| 0| 0| runtime: 1304.4 ms | cr: 5217.6
    2041. dt:  0.25 ms | #newton:  1 | ph:  0.0% | #CG/newton: 2824 | ls (cap|max|inv|bt):  0| 0| 0| 0| runtime: 1330.0 ms | cr: 5320.0
    2042. dt:  0.25 ms | #newton:  1 | ph:  0.0% | #CG/newton: 2849 | ls (cap|max|inv|bt):  0| 0| 0| 0| runtime: 1334.3 ms | cr: 5337.3
    2043. dt:  0.25 ms | #newton:  1 | ph:  0.0% | #CG/newton: 2862 | ls (cap|max|inv|bt):  0| 0| 0| 0| runtime: 1292.2 ms | cr: 5168.9
    2044. dt:  0.25 ms | #newton:  1 | ph:  0.0% | #CG/newton: 2858 | ls (cap|max|inv|bt):  0| 0| 0| 0| runtime: 1315.5 ms | cr: 5261.9
    2045. dt:  0.25 ms | #newton:  1 | ph:  0.0% | #CG/newton: 2849 | ls (cap|max|inv|bt):  0| 0| 0| 0| runtime: 1290.9 ms | cr: 5163.6
    2046. dt:  0.25 ms | #newton:  1 | ph:  0.0% | #CG/newton: 2818 | ls (cap|max|inv|bt):  0| 0| 0| 0| runtime: 1271.8 ms | cr: 5087.1
    2047. dt:  0.25 ms | #newton:  1 | ph:  0.0% | #CG/newton: 2814 | ls (cap|max|inv|bt):  0| 0| 0| 0| runtime: 1298.7 ms | cr: 5194.6
    2048. dt:  0.25 ms | #newton:  1 | ph:  0.0% | #CG/newton: 2820 | ls (cap|max|inv|bt):  0| 0| 0| 0| runtime: 1285.2 ms | cr: 5140.6
    2049. dt:  0.25 ms | #newton:  1 | ph:  0.0% | #CG/newton: 3102 | ls (cap|max|inv|bt):  0| 0| 0| 0| runtime: 1398.0 ms | cr: 5591.8
    2050. dt:  0.25 ms | #newton:  1 | ph:  0.0% | #CG/newton: 3081 | ls (cap|max|inv|bt):  0| 0| 0| 0| runtime: 1387.7 ms | cr: 5550.7
    2051. dt:  0.25 ms | #newton:  1 | ph:  0.0% | #CG/newton: 3088 | ls (cap|max|inv|bt):  0| 0| 0| 0| runtime: 1400.3 ms | cr: 5601.3
    2052. dt:  0.25 ms | #newton:  1 | ph:  0.0% | #CG/newton: 3085 | ls (cap|max|inv|bt):  0| 0| 0| 0| runtime: 1398.5 ms | cr: 5593.8
    2053. dt:  0.25 ms | #newton:  1 | ph:  0.0% | #CG/newton: 3081 | ls (cap|max|inv|bt):  0| 0| 0| 0| runtime: 1394.7 ms | cr: 5579.0
    2054. dt:  0.25 ms | #newton:  1 | ph:  0.0% | #CG/newton: 3085 | ls (cap|max|inv|bt):  0| 0| 0| 0| runtime: 1410.6 ms | cr: 5642.6
    2055. dt:  0.25 ms | #newton:  1 | ph:  0.0% | #CG/newton: 3084 | ls (cap|max|inv|bt):  0| 0| 0| 0| runtime: 1390.6 ms | cr: 5562.6
    2056. dt:  0.25 ms | #newton:  1 | ph:  0.0% | #CG/newton: 3084 | ls (cap|max|inv|bt):  0| 0| 0| 0| runtime: 1390.5 ms | cr: 5562.2
    2057. dt:  0.25 ms | #newton:  1 | ph:  0.0% | #CG/newton: 3084 | ls (cap|max|inv|bt):  0| 0| 0| 0| runtime: 1510.4 ms | cr: 6041.6
    2058. dt:  0.25 ms | #newton:  1 | ph:  0.0% | #CG/newton: 3013 | ls (cap|max|inv|bt):  0| 0| 0| 0| runtime: 1373.3 ms | cr: 5493.0
    2059. dt:  0.25 ms | #newton:  1 | ph:  0.0% | #CG/newton: 3014 | ls (cap|max|inv|bt):  0| 0| 0| 0| runtime: 1366.0 ms | cr: 5463.8
    2060. dt:  0.25 ms | #newton:  1 | ph:  0.0% | #CG/newton: 3020 | ls (cap|max|inv|bt):  0| 0| 0| 0| runtime: 1382.7 ms | cr: 5530.7
    2061. dt:  0.25 ms | #newton:  1 | ph:  0.0% | #CG/newton: 3019 | ls (cap|max|inv|bt):  0| 0| 0| 0| runtime: 1355.3 ms | cr: 5421.1
    2062. dt:  0.25 ms | #newton:  1 | ph:  0.0% | #CG/newton: 3017 | ls (cap|max|inv|bt):  0| 0| 0| 0| runtime: 1377.7 ms | cr: 5511.0
    2063. dt:  0.25 ms | #newton:  1 | ph:  0.0% | #CG/newton: 2997 | ls (cap|max|inv|bt):  0| 0| 0| 0| runtime: 1349.5 ms | cr: 5398.0
    2064. dt:  0.25 ms | #newton:  1 | ph:  0.0% | #CG/newton: 3011 | ls (cap|max|inv|bt):  0| 0| 0| 0| runtime: 1347.4 ms | cr: 5389.4
    2065. dt:  0.25 ms | #newton:  1 | ph:  0.0% | #CG/newton: 3020 | ls (cap|max|inv|bt):  0| 0| 0| 0| runtime: 1383.2 ms | cr: 5532.9
    2066. dt:  0.25 ms | #newton:  1 | ph:  0.0% | #CG/newton: 3029 | ls (cap|max|inv|bt):  0| 0| 0| 0| runtime: 1411.0 ms | cr: 5643.9
    2067. dt:  0.25 ms | #newton:  1 | ph:  0.0% | #CG/newton: 2927 | ls (cap|max|inv|bt):  0| 0| 0| 0| runtime: 1348.4 ms | cr: 5393.4
    2068. dt:  0.25 ms | #newton:  1 | ph:  0.0% | #CG/newton: 3012 | ls (cap|max|inv|bt):  0| 0| 0| 0| runtime: 1400.0 ms | cr: 5600.0
    2069. dt:  0.25 ms | #newton:  1 | ph:  0.0% | #CG/newton: 3032 | ls (cap|max|inv|bt):  0| 0| 0| 0| runtime: 1395.9 ms | cr: 5583.7
    2070. dt:  0.25 ms | #newton:  1 | ph:  0.0% | #CG/newton: 3029 | ls (cap|max|inv|bt):  0| 0| 0| 0| runtime: 1534.8 ms | cr: 6139.4
    2071. dt:  0.25 ms | #newton:  1 | ph:  0.0% | #CG/newton: 3034 | ls (cap|max|inv|bt):  0| 0| 0| 0| runtime: 1443.6 ms | cr: 5774.5
    2072. dt:  0.25 ms | #newton:  1 | ph:  0.0% | #CG/newton: 3033 | ls (cap|max|inv|bt):  0| 0| 0| 0| runtime: 1410.9 ms | cr: 5643.6
    2073. dt:  0.25 ms | #newton:  1 | ph:  0.0% | #CG/newton: 3043 | ls (cap|max|inv|bt):  0| 0| 0| 0| runtime: 1402.8 ms | cr: 5611.0
    2074. dt:  0.25 ms | #newton:  1 | ph:  0.0% | #CG/newton: 3269 | ls (cap|max|inv|bt):  0| 0| 0| 0| runtime: 1481.1 ms | cr: 5924.4
    2075. dt:  0.25 ms | #newton:  1 | ph:  0.0% | #CG/newton: 3075 | ls (cap|max|inv|bt):  0| 0| 0| 0| runtime: 1390.2 ms | cr: 5560.9
    2076. dt:  0.25 ms | #newton:  1 | ph:  0.0% | #CG/newton: 3074 | ls (cap|max|inv|bt):  0| 0| 0| 0| runtime: 1379.5 ms | cr: 5518.2
    2077. dt:  0.25 ms | #newton:  1 | ph:  0.0% | #CG/newton: 3067 | ls (cap|max|inv|bt):  0| 0| 0| 0| runtime: 1361.1 ms | cr: 5444.3
    2078. dt:  0.25 ms | #newton:  1 | ph:  0.0% | #CG/newton: 3066 | ls (cap|max|inv|bt):  0| 0| 0| 0| runtime: 1377.2 ms | cr: 5508.6
    2079. dt:  0.25 ms | #newton:  1 | ph:  0.0% | #CG/newton: 3063 | ls (cap|max|inv|bt):  0| 0| 0| 0| runtime: 1364.1 ms | cr: 5456.4
    2080. dt:  0.25 ms | #newton:  1 | ph:  0.0% | #CG/newton: 3059 | ls (cap|max|inv|bt):  0| 0| 0| 0| runtime: 1348.2 ms | cr: 5392.8
    2081. dt:  0.25 ms | #newton:  1 | ph:  0.0% | #CG/newton: 3055 | ls (cap|max|inv|bt):  0| 0| 0| 0| runtime: 1375.7 ms | cr: 5502.9
    2082. dt:  0.25 ms | #newton:  1 | ph:  0.0% | #CG/newton: 3051 | ls (cap|max|inv|bt):  0| 0| 0| 0| runtime: 1393.2 ms | cr: 5572.8
    2083. dt:  0.25 ms | #newton:  1 | ph:  0.0% | #CG/newton: 3051 | ls (cap|max|inv|bt):  0| 0| 0| 0| runtime: 1382.5 ms | cr: 5530.2
    2084. dt:  0.25 ms | #newton:  1 | ph:  0.0% | #CG/newton: 3047 | ls (cap|max|inv|bt):  0| 0| 0| 0| runtime: 1370.6 ms | cr: 5482.2
    2085. dt:  0.25 ms | #newton:  1 | ph:  0.0% | #CG/newton: 3041 | ls (cap|max|inv|bt):  0| 0| 0| 0| runtime: 1373.7 ms | cr: 5494.9
    2086. dt:  0.25 ms | #newton:  1 | ph:  0.0% | #CG/newton: 3040 | ls (cap|max|inv|bt):  0| 0| 0| 0| runtime: 1382.8 ms | cr: 5531.2
    2087. dt:  0.25 ms | #newton:  1 | ph:  0.0% | #CG/newton: 3255 | ls (cap|max|inv|bt):  0| 0| 0| 0| runtime: 1437.5 ms | cr: 5749.9
    2088. dt:  0.25 ms | #newton:  1 | ph:  0.0% | #CG/newton: 3243 | ls (cap|max|inv|bt):  0| 0| 0| 0| runtime: 1454.3 ms | cr: 5817.3
    2089. dt:  0.25 ms | #newton:  1 | ph:  0.0% | #CG/newton: 3435 | ls (cap|max|inv|bt):  0| 0| 0| 0| runtime: 1536.1 ms | cr: 6144.5
    2090. dt:  0.25 ms | #newton:  1 | ph:  0.0% | #CG/newton: 3427 | ls (cap|max|inv|bt):  0| 0| 0| 0| runtime: 1522.8 ms | cr: 6091.3
    2091. dt:  0.25 ms | #newton:  1 | ph:  0.0% | #CG/newton: 1675 | ls (cap|max|inv|bt):  0| 0| 0| 0| runtime:  819.5 ms | cr: 3277.9
    2092. dt:  0.25 ms | #newton:  1 | ph:  0.0% | #CG/newton: 1671 | ls (cap|max|inv|bt):  0| 0| 0| 0| runtime:  769.2 ms | cr: 3076.7
    2093. dt:  0.25 ms | #newton:  1 | ph:  0.0% | #CG/newton: 1663 | ls (cap|max|inv|bt):  0| 0| 0| 0| runtime:  766.7 ms | cr: 3066.9
    2094. dt:  0.25 ms | #newton:  1 | ph:  0.0% | #CG/newton: 1658 | ls (cap|max|inv|bt):  0| 0| 0| 0| runtime:  803.1 ms | cr: 3212.5
    2095. dt:  0.25 ms | #newton:  1 | ph:  0.0% | #CG/newton: 1647 | ls (cap|max|inv|bt):  0| 0| 0| 0| runtime:  775.9 ms | cr: 3103.7
    2096. dt:  0.25 ms | #newton:  1 | ph:  0.0% | #CG/newton: 1641 | ls (cap|max|inv|bt):  0| 0| 0| 0| runtime:  759.2 ms | cr: 3036.9
    2097. dt:  0.25 ms | #newton:  1 | ph:  0.0% | #CG/newton: 3339 | ls (cap|max|inv|bt):  0| 0| 0| 0| runtime: 1420.5 ms | cr: 5681.9
    2098. dt:  0.25 ms | #newton:  1 | ph:  0.0% | #CG/newton: 3125 | ls (cap|max|inv|bt):  0| 0| 0| 0| runtime: 1332.8 ms | cr: 5331.3
    2099. dt:  0.25 ms | #newton:  1 | ph:  0.0% | #CG/newton: 3314 | ls (cap|max|inv|bt):  0| 0| 0| 0| runtime: 1400.0 ms | cr: 5600.2
    2100. dt:  0.25 ms | #newton:  1 | ph:  0.0% | #CG/newton: 3042 | ls (cap|max|inv|bt):  0| 0| 0| 0| runtime: 1300.7 ms | cr: 5202.6
    2101. dt:  0.25 ms | #newton:  1 | ph:  0.0% | #CG/newton: 3060 | ls (cap|max|inv|bt):  0| 0| 0| 0| runtime: 1310.7 ms | cr: 5242.8
    2102. dt:  0.25 ms | #newton:  1 | ph:  0.0% | #CG/newton: 3081 | ls (cap|max|inv|bt):  0| 0| 0| 0| runtime: 1329.7 ms | cr: 5318.8
    2103. dt:  0.25 ms | #newton:  1 | ph:  0.0% | #CG/newton: 3080 | ls (cap|max|inv|bt):  0| 0| 0| 0| runtime: 1317.0 ms | cr: 5268.1
    2104. dt:  0.25 ms | #newton:  1 | ph:  0.0% | #CG/newton: 3281 | ls (cap|max|inv|bt):  0| 0| 0| 0| runtime: 1404.0 ms | cr: 5616.0
    2105. dt:  0.25 ms | #newton:  1 | ph:  0.0% | #CG/newton: 3093 | ls (cap|max|inv|bt):  0| 0| 0| 0| runtime: 1395.6 ms | cr: 5582.3
    2106. dt:  0.25 ms | #newton:  1 | ph:  0.0% | #CG/newton: 3290 | ls (cap|max|inv|bt):  0| 0| 0| 0| runtime: 1485.3 ms | cr: 5941.0
    2107. dt:  0.25 ms | #newton:  1 | ph:  0.0% | #CG/newton: 3283 | ls (cap|max|inv|bt):  0| 0| 0| 0| runtime: 1454.8 ms | cr: 5819.2
    2108. dt:  0.25 ms | #newton:  1 | ph:  0.0% | #CG/newton: 3290 | ls (cap|max|inv|bt):  0| 0| 0| 0| runtime: 1438.2 ms | cr: 5752.6
    2109. dt:  0.25 ms | #newton:  1 | ph:  0.0% | #CG/newton: 3111 | ls (cap|max|inv|bt):  0| 0| 0| 0| runtime: 1354.6 ms | cr: 5418.3
    2110. dt:  0.25 ms | #newton:  1 | ph:  0.0% | #CG/newton: 3301 | ls (cap|max|inv|bt):  0| 0| 0| 0| runtime: 1469.7 ms | cr: 5878.6
    2111. dt:  0.25 ms | #newton:  1 | ph:  0.0% | #CG/newton: 3506 | ls (cap|max|inv|bt):  0| 0| 0| 0| runtime: 1608.2 ms | cr: 6432.9
    2112. dt:  0.25 ms | #newton:  1 | ph:  0.0% | #CG/newton: 3306 | ls (cap|max|inv|bt):  0| 0| 0| 0| runtime: 1492.9 ms | cr: 5971.5
    2113. dt:  0.25 ms | #newton:  1 | ph:  0.0% | #CG/newton: 3303 | ls (cap|max|inv|bt):  0| 0| 0| 0| runtime: 1478.0 ms | cr: 5911.9
    2114. dt:  0.25 ms | #newton:  1 | ph:  0.0% | #CG/newton: 3307 | ls (cap|max|inv|bt):  0| 0| 0| 0| runtime: 1491.8 ms | cr: 5967.1
    2115. dt:  0.25 ms | #newton:  1 | ph:  0.0% | #CG/newton: 3296 | ls (cap|max|inv|bt):  0| 0| 0| 0| runtime: 1497.7 ms | cr: 5990.8
    2116. dt:  0.25 ms | #newton:  1 | ph:  0.0% | #CG/newton: 3313 | ls (cap|max|inv|bt):  0| 0| 0| 0| runtime: 1500.2 ms | cr: 6000.9
    2117. dt:  0.25 ms | #newton:  1 | ph:  0.0% | #CG/newton: 3297 | ls (cap|max|inv|bt):  0| 0| 0| 0| runtime: 1492.3 ms | cr: 5969.1
    2118. dt:  0.25 ms | #newton:  1 | ph:  0.0% | #CG/newton: 3292 | ls (cap|max|inv|bt):  0| 0| 0| 0| runtime: 1498.5 ms | cr: 5993.8
    2119. dt:  0.25 ms | #newton:  1 | ph:  0.0% | #CG/newton: 3287 | ls (cap|max|inv|bt):  0| 0| 0| 0| runtime: 1482.5 ms | cr: 5930.1
    2120. dt:  0.25 ms | #newton:  1 | ph:  0.0% | #CG/newton: 3305 | ls (cap|max|inv|bt):  0| 0| 0| 0| runtime: 1488.1 ms | cr: 5952.2
    2121. dt:  0.25 ms | #newton:  1 | ph:  0.0% | #CG/newton: 3105 | ls (cap|max|inv|bt):  0| 0| 0| 0| runtime: 1403.2 ms | cr: 5612.8
    2122. dt:  0.25 ms | #newton:  1 | ph:  0.0% | #CG/newton: 3301 | ls (cap|max|inv|bt):  0| 0| 0| 0| runtime: 1496.8 ms | cr: 5987.1
    2123. dt:  0.25 ms | #newton:  1 | ph:  0.0% | #CG/newton: 3299 | ls (cap|max|inv|bt):  0| 0| 0| 0| runtime: 1488.7 ms | cr: 5954.8
    2124. dt:  0.25 ms | #newton:  1 | ph:  0.0% | #CG/newton: 3085 | ls (cap|max|inv|bt):  0| 0| 0| 0| runtime: 1399.8 ms | cr: 5599.2
    2125. dt:  0.25 ms | #newton:  1 | ph:  0.0% | #CG/newton: 3294 | ls (cap|max|inv|bt):  0| 0| 0| 0| runtime: 1476.7 ms | cr: 5906.9
    2126. dt:  0.25 ms | #newton:  1 | ph:  0.0% | #CG/newton: 3287 | ls (cap|max|inv|bt):  0| 0| 0| 0| runtime: 1488.0 ms | cr: 5951.9
    2127. dt:  0.25 ms | #newton:  1 | ph:  0.0% | #CG/newton: 3284 | ls (cap|max|inv|bt):  0| 0| 0| 0| runtime: 1481.3 ms | cr: 5925.1
    2128. dt:  0.25 ms | #newton:  1 | ph:  0.0% | #CG/newton: 3282 | ls (cap|max|inv|bt):  0| 0| 0| 0| runtime: 1488.5 ms | cr: 5954.1
    2129. dt:  0.25 ms | #newton:  1 | ph:  0.0% | #CG/newton: 3504 | ls (cap|max|inv|bt):  0| 0| 0| 0| runtime: 1586.4 ms | cr: 6345.7
    2130. dt:  0.25 ms | #newton:  1 | ph:  0.0% | #CG/newton: 3491 | ls (cap|max|inv|bt):  0| 0| 0| 0| runtime: 1565.2 ms | cr: 6260.8
    2131. dt:  0.25 ms | #newton:  1 | ph:  0.0% | #CG/newton: 3495 | ls (cap|max|inv|bt):  0| 0| 0| 0| runtime: 1570.6 ms | cr: 6282.4
    2132. dt:  0.25 ms | #newton:  1 | ph:  0.0% | #CG/newton: 3493 | ls (cap|max|inv|bt):  0| 0| 0| 0| runtime: 1568.5 ms | cr: 6273.9
    2133. dt:  0.25 ms | #newton:  1 | ph:  0.0% | #CG/newton: 3488 | ls (cap|max|inv|bt):  0| 0| 0| 0| runtime: 1565.6 ms | cr: 6262.4
[Frame: 16] Time: 0.533 s
    2134. dt:  0.25 ms | #newton:  1 | ph:  0.0% | #CG/newton: 3487 | ls (cap|max|inv|bt):  0| 0| 0| 0| runtime: 1562.1 ms | cr: 6248.6
    2135. dt:  0.25 ms | #newton:  1 | ph:  0.0% | #CG/newton: 3486 | ls (cap|max|inv|bt):  0| 0| 0| 0| runtime: 1561.1 ms | cr: 6244.4
    2136. dt:  0.25 ms | #newton:  1 | ph:  0.0% | #CG/newton: 3486 | ls (cap|max|inv|bt):  0| 0| 0| 0| runtime: 1576.3 ms | cr: 6305.2
    2137. dt:  0.25 ms | #newton:  1 | ph:  0.0% | #CG/newton: 3487 | ls (cap|max|inv|bt):  0| 0| 0| 0| runtime: 1565.9 ms | cr: 6263.6
    2138. dt:  0.25 ms | #newton:  1 | ph:  0.0% | #CG/newton: 3484 | ls (cap|max|inv|bt):  0| 0| 0| 0| runtime: 1559.9 ms | cr: 6239.7
    2139. dt:  0.25 ms | #newton:  1 | ph:  0.0% | #CG/newton: 3490 | ls (cap|max|inv|bt):  0| 0| 0| 0| runtime: 1565.6 ms | cr: 6262.3
    2140. dt:  0.25 ms | #newton:  1 | ph:  0.0% | #CG/newton: 3490 | ls (cap|max|inv|bt):  0| 0| 0| 0| runtime: 1567.1 ms | cr: 6268.5
    2141. dt:  0.25 ms | #newton:  1 | ph:  0.0% | #CG/newton: 3489 | ls (cap|max|inv|bt):  0| 0| 0| 0| runtime: 1566.0 ms | cr: 6264.0
    2142. dt:  0.25 ms | #newton:  1 | ph:  0.0% | #CG/newton: 3491 | ls (cap|max|inv|bt):  0| 0| 0| 0| runtime: 1573.9 ms | cr: 6295.7
    2143. dt:  0.25 ms | #newton:  1 | ph:  0.0% | #CG/newton: 3493 | ls (cap|max|inv|bt):  0| 0| 0| 0| runtime: 1582.1 ms | cr: 6328.2
    2144. dt:  0.25 ms | #newton:  1 | ph:  0.0% | #CG/newton: 3492 | ls (cap|max|inv|bt):  0| 0| 0| 0| runtime: 1567.9 ms | cr: 6271.6
    2145. dt:  0.25 ms | #newton:  1 | ph:  0.0% | #CG/newton: 3498 | ls (cap|max|inv|bt):  0| 0| 0| 0| runtime: 1572.3 ms | cr: 6289.2
    2146. dt:  0.25 ms | #newton:  1 | ph:  0.0% | #CG/newton: 3694 | ls (cap|max|inv|bt):  0| 0| 0| 0| runtime: 1650.7 ms | cr: 6602.9
    2147. dt:  0.25 ms | #newton:  1 | ph:  0.0% | #CG/newton: 3497 | ls (cap|max|inv|bt):  0| 0| 0| 0| runtime: 1564.4 ms | cr: 6257.6
    2148. dt:  0.25 ms | #newton:  1 | ph:  0.0% | #CG/newton: 3694 | ls (cap|max|inv|bt):  0| 0| 0| 0| runtime: 1642.5 ms | cr: 6570.2
    2149. dt:  0.25 ms | #newton:  1 | ph:  0.0% | #CG/newton: 3696 | ls (cap|max|inv|bt):  0| 0| 0| 0| runtime: 1643.8 ms | cr: 6575.1
    2150. dt:  0.25 ms | #newton:  1 | ph:  0.0% | #CG/newton: 3696 | ls (cap|max|inv|bt):  0| 0| 0| 0| runtime: 1754.3 ms | cr: 7017.0
    2151. dt:  0.25 ms | #newton:  1 | ph:  0.0% | #CG/newton: 3697 | ls (cap|max|inv|bt):  0| 0| 0| 0| runtime: 1643.0 ms | cr: 6572.1
    2152. dt:  0.25 ms | #newton:  1 | ph:  0.0% | #CG/newton: 3523 | ls (cap|max|inv|bt):  0| 0| 0| 0| runtime: 1580.0 ms | cr: 6319.9
    2153. dt:  0.25 ms | #newton:  1 | ph:  0.0% | #CG/newton: 3492 | ls (cap|max|inv|bt):  0| 0| 0| 0| runtime: 1577.0 ms | cr: 6308.1
    2154. dt:  0.25 ms | #newton:  1 | ph:  0.0% | #CG/newton: 3463 | ls (cap|max|inv|bt):  0| 0| 0| 0| runtime: 1549.3 ms | cr: 6197.2
    2155. dt:  0.25 ms | #newton:  1 | ph:  0.0% | #CG/newton: 3494 | ls (cap|max|inv|bt):  0| 0| 0| 0| runtime: 1572.2 ms | cr: 6288.8
    2156. dt:  0.25 ms | #newton:  1 | ph:  0.0% | #CG/newton: 3490 | ls (cap|max|inv|bt):  0| 0| 0| 0| runtime: 1570.2 ms | cr: 6281.0
    2157. dt:  0.25 ms | #newton:  1 | ph:  0.0% | #CG/newton: 3484 | ls (cap|max|inv|bt):  0| 0| 0| 0| runtime: 1572.0 ms | cr: 6288.1
    2158. dt:  0.25 ms | #newton:  1 | ph:  0.0% | #CG/newton: 3478 | ls (cap|max|inv|bt):  0| 0| 0| 0| runtime: 1558.0 ms | cr: 6231.8
    2159. dt:  0.25 ms | #newton:  1 | ph:  0.0% | #CG/newton: 3474 | ls (cap|max|inv|bt):  0| 0| 0| 0| runtime: 1561.9 ms | cr: 6247.5
    2160. dt:  0.25 ms | #newton:  1 | ph:  0.0% | #CG/newton: 3669 | ls (cap|max|inv|bt):  0| 0| 0| 0| runtime: 1646.4 ms | cr: 6585.5
    2161. dt:  0.25 ms | #newton:  1 | ph:  0.0% | #CG/newton: 3683 | ls (cap|max|inv|bt):  0| 0| 0| 0| runtime: 1715.0 ms | cr: 6859.9
    2162. dt:  0.25 ms | #newton:  1 | ph:  0.0% | #CG/newton: 3692 | ls (cap|max|inv|bt):  0| 0| 0| 0| runtime: 1641.4 ms | cr: 6565.6
    2163. dt:  0.25 ms | #newton:  1 | ph:  0.0% | #CG/newton: 3693 | ls (cap|max|inv|bt):  0| 0| 0| 0| runtime: 1633.1 ms | cr: 6532.3
    2164. dt:  0.25 ms | #newton:  1 | ph:  0.0% | #CG/newton: 3683 | ls (cap|max|inv|bt):  0| 0| 0| 0| runtime: 1636.2 ms | cr: 6544.6
    2165. dt:  0.25 ms | #newton:  1 | ph:  0.0% | #CG/newton: 3694 | ls (cap|max|inv|bt):  0| 0| 0| 0| runtime: 1650.7 ms | cr: 6602.8
    2166. dt:  0.25 ms | #newton:  1 | ph:  0.0% | #CG/newton: 3703 | ls (cap|max|inv|bt):  0| 0| 0| 0| runtime: 1647.0 ms | cr: 6588.0
    2167. dt:  0.25 ms | #newton:  1 | ph:  0.0% | #CG/newton: 3707 | ls (cap|max|inv|bt):  0| 0| 0| 0| runtime: 1649.2 ms | cr: 6596.9
    2168. dt:  0.25 ms | #newton:  1 | ph:  0.0% | #CG/newton: 3715 | ls (cap|max|inv|bt):  0| 0| 0| 0| runtime: 1654.7 ms | cr: 6619.0
    2169. dt:  0.25 ms | #newton:  1 | ph:  0.0% | #CG/newton: 3714 | ls (cap|max|inv|bt):  0| 0| 0| 0| runtime: 1651.1 ms | cr: 6604.5
    2170. dt:  0.25 ms | #newton:  1 | ph:  0.0% | #CG/newton: 3541 | ls (cap|max|inv|bt):  0| 0| 0| 0| runtime: 1564.4 ms | cr: 6257.4
    2171. dt:  0.25 ms | #newton:  1 | ph:  0.0% | #CG/newton: 3503 | ls (cap|max|inv|bt):  0| 0| 0| 0| runtime: 1563.5 ms | cr: 6254.1
    2172. dt:  0.25 ms | #newton:  1 | ph:  0.0% | #CG/newton: 3698 | ls (cap|max|inv|bt):  0| 0| 0| 0| runtime: 1643.3 ms | cr: 6573.1
    2173. dt:  0.25 ms | #newton:  1 | ph:  0.0% | #CG/newton: 3708 | ls (cap|max|inv|bt):  0| 0| 0| 0| runtime: 1649.8 ms | cr: 6599.2
    2174. dt:  0.25 ms | #newton:  1 | ph:  0.0% | #CG/newton: 3724 | ls (cap|max|inv|bt):  0| 0| 0| 0| runtime: 1659.1 ms | cr: 6636.2
    2175. dt:  0.25 ms | #newton:  1 | ph:  0.0% | #CG/newton: 3700 | ls (cap|max|inv|bt):  0| 0| 0| 0| runtime: 1632.5 ms | cr: 6529.9
    2176. dt:  0.25 ms | #newton:  1 | ph:  0.0% | #CG/newton: 3723 | ls (cap|max|inv|bt):  0| 0| 0| 0| runtime: 1648.5 ms | cr: 6594.0
    2177. dt:  0.25 ms | #newton:  1 | ph:  0.0% | #CG/newton: 3563 | ls (cap|max|inv|bt):  0| 0| 0| 0| runtime: 1589.4 ms | cr: 6357.6
    2178. dt:  0.25 ms | #newton:  1 | ph:  0.0% | #CG/newton: 3543 | ls (cap|max|inv|bt):  0| 0| 0| 0| runtime: 1603.3 ms | cr: 6413.0
    2179. dt:  0.25 ms | #newton:  1 | ph:  0.0% | #CG/newton: 3542 | ls (cap|max|inv|bt):  0| 0| 0| 0| runtime: 1582.8 ms | cr: 6331.4
    2180. dt:  0.25 ms | #newton:  1 | ph:  0.0% | #CG/newton: 3535 | ls (cap|max|inv|bt):  0| 0| 0| 0| runtime: 1622.2 ms | cr: 6488.7
    2181. dt:  0.25 ms | #newton:  1 | ph:  0.0% | #CG/newton: 3535 | ls (cap|max|inv|bt):  0| 0| 0| 0| runtime: 1567.5 ms | cr: 6270.1
    2182. dt:  0.25 ms | #newton:  1 | ph:  0.0% | #CG/newton: 3521 | ls (cap|max|inv|bt):  0| 0| 0| 0| runtime: 1569.9 ms | cr: 6279.8
    2183. dt:  0.25 ms | #newton:  1 | ph:  0.0% | #CG/newton: 3535 | ls (cap|max|inv|bt):  0| 0| 0| 0| runtime: 1570.3 ms | cr: 6281.4
    2184. dt:  0.25 ms | #newton:  1 | ph:  0.0% | #CG/newton: 3526 | ls (cap|max|inv|bt):  0| 0| 0| 0| runtime: 1568.0 ms | cr: 6271.9
    2185. dt:  0.25 ms | #newton:  1 | ph:  0.0% | #CG/newton: 3525 | ls (cap|max|inv|bt):  0| 0| 0| 0| runtime: 1583.4 ms | cr: 6333.6
    2186. dt:  0.25 ms | #newton:  1 | ph:  0.0% | #CG/newton: 3516 | ls (cap|max|inv|bt):  0| 0| 0| 0| runtime: 1572.5 ms | cr: 6290.1
    2187. dt:  0.25 ms | #newton:  1 | ph:  0.0% | #CG/newton: 3738 | ls (cap|max|inv|bt):  0| 0| 0| 0| runtime: 1651.9 ms | cr: 6607.4
    2188. dt:  0.25 ms | #newton:  1 | ph:  0.0% | #CG/newton: 3508 | ls (cap|max|inv|bt):  0| 0| 0| 0| runtime: 1564.0 ms | cr: 6255.9
    2189. dt:  0.25 ms | #newton:  1 | ph:  0.0% | #CG/newton: 3516 | ls (cap|max|inv|bt):  0| 0| 0| 0| runtime: 1578.4 ms | cr: 6313.5
    2190. dt:  0.25 ms | #newton:  1 | ph:  0.0% | #CG/newton: 3512 | ls (cap|max|inv|bt):  0| 0| 0| 0| runtime: 1560.2 ms | cr: 6240.8
    2191. dt:  0.25 ms | #newton:  1 | ph:  0.0% | #CG/newton: 3515 | ls (cap|max|inv|bt):  0| 0| 0| 0| runtime: 1555.4 ms | cr: 6221.5
    2192. dt:  0.25 ms | #newton:  1 | ph:  0.0% | #CG/newton: 3515 | ls (cap|max|inv|bt):  0| 0| 0| 0| runtime: 1569.3 ms | cr: 6277.3
    2193. dt:  0.25 ms | #newton:  1 | ph:  0.0% | #CG/newton: 3345 | ls (cap|max|inv|bt):  0| 0| 0| 0| runtime: 1491.0 ms | cr: 5963.8
    2194. dt:  0.25 ms | #newton:  1 | ph:  0.0% | #CG/newton: 3541 | ls (cap|max|inv|bt):  0| 0| 0| 0| runtime: 1576.8 ms | cr: 6307.0
    2195. dt:  0.25 ms | #newton:  1 | ph:  0.0% | #CG/newton: 3324 | ls (cap|max|inv|bt):  0| 0| 0| 0| runtime: 1487.5 ms | cr: 5950.0
    2196. dt:  0.25 ms | #newton:  1 | ph:  0.0% | #CG/newton: 3535 | ls (cap|max|inv|bt):  0| 0| 0| 0| runtime: 1602.9 ms | cr: 6411.5
    2197. dt:  0.25 ms | #newton:  1 | ph:  0.0% | #CG/newton: 3538 | ls (cap|max|inv|bt):  0| 0| 0| 0| runtime: 1589.1 ms | cr: 6356.4
    2198. dt:  0.25 ms | #newton:  1 | ph:  0.0% | #CG/newton: 3511 | ls (cap|max|inv|bt):  0| 0| 0| 0| runtime: 1572.7 ms | cr: 6290.7
    2199. dt:  0.25 ms | #newton:  1 | ph:  0.0% | #CG/newton: 3529 | ls (cap|max|inv|bt):  0| 0| 0| 0| runtime: 1579.3 ms | cr: 6317.3
    2200. dt:  0.25 ms | #newton:  1 | ph:  0.0% | #CG/newton: 3521 | ls (cap|max|inv|bt):  0| 0| 0| 0| runtime: 1573.1 ms | cr: 6292.3
    2201. dt:  0.25 ms | #newton:  1 | ph:  0.0% | #CG/newton: 3527 | ls (cap|max|inv|bt):  0| 0| 0| 0| runtime: 1605.1 ms | cr: 6420.2
    2202. dt:  0.25 ms | #newton:  1 | ph:  0.0% | #CG/newton: 3517 | ls (cap|max|inv|bt):  0| 0| 0| 0| runtime: 1572.4 ms | cr: 6289.8
    2203. dt:  0.25 ms | #newton:  1 | ph:  0.0% | #CG/newton: 3517 | ls (cap|max|inv|bt):  0| 0| 0| 0| runtime: 1582.2 ms | cr: 6328.7
    2204. dt:  0.25 ms | #newton:  1 | ph:  0.0% | #CG/newton: 3729 | ls (cap|max|inv|bt):  0| 0| 0| 0| runtime: 1661.5 ms | cr: 6646.0
    2205. dt:  0.25 ms | #newton:  1 | ph:  0.0% | #CG/newton: 3737 | ls (cap|max|inv|bt):  0| 0| 0| 0| runtime: 1662.0 ms | cr: 6648.1
    2206. dt:  0.25 ms | #newton:  1 | ph:  0.0% | #CG/newton: 3558 | ls (cap|max|inv|bt):  0| 0| 0| 0| runtime: 1596.5 ms | cr: 6385.9
    2207. dt:  0.25 ms | #newton:  1 | ph:  0.0% | #CG/newton: 3530 | ls (cap|max|inv|bt):  0| 0| 0| 0| runtime: 1584.3 ms | cr: 6337.2
    2208. dt:  0.25 ms | #newton:  1 | ph:  0.0% | #CG/newton: 3555 | ls (cap|max|inv|bt):  0| 0| 0| 0| runtime: 1580.5 ms | cr: 6321.9
    2209. dt:  0.25 ms | #newton:  2 | ph:  0.0% | #CG/newton: 1774 | ls (cap|max|inv|bt):  0| 0| 0| 0| runtime: 1638.1 ms | cr: 6552.4
    2210. dt:  0.25 ms | #newton:  1 | ph:  0.0% | #CG/newton: 3301 | ls (cap|max|inv|bt):  0| 0| 0| 0| runtime: 1473.6 ms | cr: 5894.2
    2211. dt:  0.25 ms | #newton:  2 | ph:  0.0% | #CG/newton: 1792 | ls (cap|max|inv|bt):  0| 0| 0| 0| runtime: 1669.4 ms | cr: 6677.5
    2212. dt:  0.25 ms | #newton:  1 | ph:  0.0% | #CG/newton: 3367 | ls (cap|max|inv|bt):  0| 0| 0| 0| runtime: 1515.8 ms | cr: 6063.1
    2213. dt:  0.25 ms | #newton:  1 | ph:  0.0% | #CG/newton: 3384 | ls (cap|max|inv|bt):  0| 0| 0| 0| runtime: 1560.4 ms | cr: 6241.6
    2214. dt:  0.25 ms | #newton:  1 | ph:  0.0% | #CG/newton: 3409 | ls (cap|max|inv|bt):  0| 0| 0| 0| runtime: 1525.7 ms | cr: 6102.7
    2215. dt:  0.25 ms | #newton:  1 | ph:  0.0% | #CG/newton: 3385 | ls (cap|max|inv|bt):  0| 0| 0| 0| runtime: 1503.0 ms | cr: 6012.2
    2216. dt:  0.25 ms | #newton:  1 | ph:  0.0% | #CG/newton: 3389 | ls (cap|max|inv|bt):  0| 0| 0| 0| runtime: 1537.9 ms | cr: 6151.7
    2217. dt:  0.25 ms | #newton:  1 | ph:  0.0% | #CG/newton: 3393 | ls (cap|max|inv|bt):  0| 0| 0| 0| runtime: 1526.1 ms | cr: 6104.4
    2218. dt:  0.25 ms | #newton:  1 | ph:  0.0% | #CG/newton: 3395 | ls (cap|max|inv|bt):  0| 0| 0| 0| runtime: 1516.4 ms | cr: 6065.6
    2219. dt:  0.25 ms | #newton:  1 | ph:  0.0% | #CG/newton: 3392 | ls (cap|max|inv|bt):  0| 0| 0| 0| runtime: 1558.6 ms | cr: 6234.5
    2220. dt:  0.25 ms | #newton:  1 | ph:  0.0% | #CG/newton: 3333 | ls (cap|max|inv|bt):  0| 0| 0| 0| runtime: 1500.1 ms | cr: 6000.3
    2221. dt:  0.25 ms | #newton:  1 | ph:  0.0% | #CG/newton: 3366 | ls (cap|max|inv|bt):  0| 0| 0| 0| runtime: 1505.2 ms | cr: 6020.9
    2222. dt:  0.25 ms | #newton:  1 | ph:  0.0% | #CG/newton: 3383 | ls (cap|max|inv|bt):  0| 0| 0| 0| runtime: 1530.9 ms | cr: 6123.4
    2223. dt:  0.25 ms | #newton:  1 | ph:  0.0% | #CG/newton: 3382 | ls (cap|max|inv|bt):  0| 0| 0| 0| runtime: 1517.1 ms | cr: 6068.4
    2224. dt:  0.25 ms | #newton:  1 | ph:  0.0% | #CG/newton: 3378 | ls (cap|max|inv|bt):  0| 0| 0| 0| runtime: 1522.1 ms | cr: 6088.5
    2225. dt:  0.25 ms | #newton:  1 | ph:  0.0% | #CG/newton: 3346 | ls (cap|max|inv|bt):  0| 0| 0| 0| runtime: 1492.8 ms | cr: 5971.4
    2226. dt:  0.25 ms | #newton:  1 | ph:  0.0% | #CG/newton: 3379 | ls (cap|max|inv|bt):  0| 0| 0| 0| runtime: 1511.8 ms | cr: 6047.0
    2227. dt:  0.25 ms | #newton:  1 | ph:  0.0% | #CG/newton: 3378 | ls (cap|max|inv|bt):  0| 0| 0| 0| runtime: 1512.0 ms | cr: 6048.1
    2228. dt:  0.25 ms | #newton:  1 | ph:  0.0% | #CG/newton: 3378 | ls (cap|max|inv|bt):  0| 0| 0| 0| runtime: 1515.4 ms | cr: 6061.4
    2229. dt:  0.25 ms | #newton:  1 | ph:  0.0% | #CG/newton: 3377 | ls (cap|max|inv|bt):  0| 0| 0| 0| runtime: 1514.3 ms | cr: 6057.3
    2230. dt:  0.25 ms | #newton:  1 | ph:  0.0% | #CG/newton: 3365 | ls (cap|max|inv|bt):  0| 0| 0| 0| runtime: 1499.0 ms | cr: 5996.1
    2231. dt:  0.25 ms | #newton:  1 | ph:  0.0% | #CG/newton: 3374 | ls (cap|max|inv|bt):  0| 0| 0| 0| runtime: 1515.8 ms | cr: 6063.1
    2232. dt:  0.25 ms | #newton:  1 | ph:  0.0% | #CG/newton: 3372 | ls (cap|max|inv|bt):  0| 0| 0| 0| runtime: 1515.3 ms | cr: 6061.2
    2233. dt:  0.25 ms | #newton:  1 | ph:  0.0% | #CG/newton: 3339 | ls (cap|max|inv|bt):  0| 0| 0| 0| runtime: 1510.2 ms | cr: 6041.0
    2234. dt:  0.25 ms | #newton:  1 | ph:  0.0% | #CG/newton: 3376 | ls (cap|max|inv|bt):  0| 0| 0| 0| runtime: 1515.0 ms | cr: 6060.1
    2235. dt:  0.25 ms | #newton:  1 | ph:  0.0% | #CG/newton: 3375 | ls (cap|max|inv|bt):  0| 0| 0| 0| runtime: 1509.4 ms | cr: 6037.8
    2236. dt:  0.25 ms | #newton:  1 | ph:  0.0% | #CG/newton: 3373 | ls (cap|max|inv|bt):  0| 0| 0| 0| runtime: 1512.3 ms | cr: 6049.0
    2237. dt:  0.25 ms | #newton:  1 | ph:  0.0% | #CG/newton: 3165 | ls (cap|max|inv|bt):  0| 0| 0| 0| runtime: 1445.8 ms | cr: 5783.2
    2238. dt:  0.25 ms | #newton:  1 | ph:  0.0% | #CG/newton: 3195 | ls (cap|max|inv|bt):  0| 0| 0| 0| runtime: 1453.4 ms | cr: 5813.4
    2239. dt:  0.25 ms | #newton:  1 | ph:  0.0% | #CG/newton: 3373 | ls (cap|max|inv|bt):  0| 0| 0| 0| runtime: 1513.6 ms | cr: 6054.4
    2240. dt:  0.25 ms | #newton:  1 | ph:  0.0% | #CG/newton: 3354 | ls (cap|max|inv|bt):  0| 0| 0| 0| runtime: 1510.5 ms | cr: 6042.1
    2241. dt:  0.25 ms | #newton:  1 | ph:  0.0% | #CG/newton: 3372 | ls (cap|max|inv|bt):  0| 0| 0| 0| runtime: 1520.5 ms | cr: 6082.2
    2242. dt:  0.25 ms | #newton:  1 | ph:  0.0% | #CG/newton: 3371 | ls (cap|max|inv|bt):  0| 0| 0| 0| runtime: 1517.9 ms | cr: 6071.7
    2243. dt:  0.25 ms | #newton:  1 | ph:  0.0% | #CG/newton: 3375 | ls (cap|max|inv|bt):  0| 0| 0| 0| runtime: 1514.4 ms | cr: 6057.6
    2244. dt:  0.25 ms | #newton:  1 | ph:  0.0% | #CG/newton: 3345 | ls (cap|max|inv|bt):  0| 0| 0| 0| runtime: 1509.5 ms | cr: 6037.8
    2245. dt:  0.25 ms | #newton:  1 | ph:  0.0% | #CG/newton: 3388 | ls (cap|max|inv|bt):  0| 0| 0| 0| runtime: 1523.8 ms | cr: 6095.3
    2246. dt:  0.25 ms | #newton:  1 | ph:  0.0% | #CG/newton: 3350 | ls (cap|max|inv|bt):  0| 0| 0| 0| runtime: 1502.9 ms | cr: 6011.7
    2247. dt:  0.25 ms | #newton:  1 | ph:  0.0% | #CG/newton: 3389 | ls (cap|max|inv|bt):  0| 0| 0| 0| runtime: 1525.8 ms | cr: 6103.2
    2248. dt:  0.25 ms | #newton:  1 | ph:  0.0% | #CG/newton: 3376 | ls (cap|max|inv|bt):  0| 0| 0| 0| runtime: 1524.1 ms | cr: 6096.4
    2249. dt:  0.25 ms | #newton:  1 | ph:  0.0% | #CG/newton: 3383 | ls (cap|max|inv|bt):  0| 0| 0| 0| runtime: 1517.9 ms | cr: 6071.7
    2250. dt:  0.25 ms | #newton:  1 | ph:  0.0% | #CG/newton: 3349 | ls (cap|max|inv|bt):  0| 0| 0| 0| runtime: 1504.2 ms | cr: 6016.7
    2251. dt:  0.25 ms | #newton:  1 | ph:  0.0% | #CG/newton: 3378 | ls (cap|max|inv|bt):  0| 0| 0| 0| runtime: 1515.4 ms | cr: 6061.7
    2252. dt:  0.25 ms | #newton:  1 | ph:  0.0% | #CG/newton: 3377 | ls (cap|max|inv|bt):  0| 0| 0| 0| runtime: 1514.0 ms | cr: 6055.9
    2253. dt:  0.25 ms | #newton:  1 | ph:  0.0% | #CG/newton: 3344 | ls (cap|max|inv|bt):  0| 0| 0| 0| runtime: 1489.6 ms | cr: 5958.4
    2254. dt:  0.25 ms | #newton:  1 | ph:  0.0% | #CG/newton: 3348 | ls (cap|max|inv|bt):  0| 0| 0| 0| runtime: 1499.3 ms | cr: 5997.3
    2255. dt:  0.25 ms | #newton:  1 | ph:  0.0% | #CG/newton: 3380 | ls (cap|max|inv|bt):  0| 0| 0| 0| runtime: 1531.3 ms | cr: 6125.2
    2256. dt:  0.25 ms | #newton:  1 | ph:  0.0% | #CG/newton: 3374 | ls (cap|max|inv|bt):  0| 0| 0| 0| runtime: 1521.0 ms | cr: 6083.9
    2257. dt:  0.25 ms | #newton:  1 | ph:  0.0% | #CG/newton: 3545 | ls (cap|max|inv|bt):  0| 0| 0| 0| runtime: 1583.0 ms | cr: 6331.9
    2258. dt:  0.25 ms | #newton:  1 | ph:  0.0% | #CG/newton: 3377 | ls (cap|max|inv|bt):  0| 0| 0| 0| runtime: 1505.2 ms | cr: 6020.6
    2259. dt:  0.25 ms | #newton:  1 | ph:  0.0% | #CG/newton: 3368 | ls (cap|max|inv|bt):  0| 0| 0| 0| runtime: 1540.6 ms | cr: 6162.5
    2260. dt:  0.25 ms | #newton:  1 | ph:  0.0% | #CG/newton: 3367 | ls (cap|max|inv|bt):  0| 0| 0| 0| runtime: 1519.7 ms | cr: 6078.8
    2261. dt:  0.25 ms | #newton:  1 | ph:  0.0% | #CG/newton: 3377 | ls (cap|max|inv|bt):  0| 0| 0| 0| runtime: 1520.4 ms | cr: 6081.8
    2262. dt:  0.25 ms | #newton:  1 | ph:  0.0% | #CG/newton: 3348 | ls (cap|max|inv|bt):  0| 0| 0| 0| runtime: 1511.0 ms | cr: 6044.0
    2263. dt:  0.25 ms | #newton:  1 | ph:  0.0% | #CG/newton: 3372 | ls (cap|max|inv|bt):  0| 0| 0| 0| runtime: 1520.2 ms | cr: 6080.7
    2264. dt:  0.25 ms | #newton:  1 | ph:  0.0% | #CG/newton: 3368 | ls (cap|max|inv|bt):  0| 0| 0| 0| runtime: 1515.1 ms | cr: 6060.5
    2265. dt:  0.25 ms | #newton:  1 | ph:  0.0% | #CG/newton: 3335 | ls (cap|max|inv|bt):  0| 0| 0| 0| runtime: 1504.0 ms | cr: 6016.1
    2266. dt:  0.25 ms | #newton:  1 | ph:  0.0% | #CG/newton: 3569 | ls (cap|max|inv|bt):  0| 0| 0| 0| runtime: 1589.8 ms | cr: 6359.2
[Frame: 17] Time: 0.567 s
    2267. dt:  0.25 ms | #newton:  1 | ph:  0.0% | #CG/newton: 3544 | ls (cap|max|inv|bt):  0| 0| 0| 0| runtime: 1589.7 ms | cr: 6358.6
    2268. dt:  0.25 ms | #newton:  1 | ph:  0.0% | #CG/newton: 3532 | ls (cap|max|inv|bt):  0| 0| 0| 0| runtime: 1557.0 ms | cr: 6228.0
    2269. dt:  0.25 ms | #newton:  1 | ph:  0.0% | #CG/newton: 3571 | ls (cap|max|inv|bt):  0| 0| 0| 0| runtime: 1569.2 ms | cr: 6276.8
    2270. dt:  0.25 ms | #newton:  1 | ph:  0.0% | #CG/newton: 3551 | ls (cap|max|inv|bt):  0| 0| 0| 0| runtime: 1517.8 ms | cr: 6071.2
    2271. dt:  0.25 ms | #newton:  1 | ph:  0.0% | #CG/newton: 3722 | ls (cap|max|inv|bt):  0| 0| 0| 0| runtime: 1637.3 ms | cr: 6549.3
    2272. dt:  0.25 ms | #newton:  1 | ph:  0.0% | #CG/newton: 3671 | ls (cap|max|inv|bt):  0| 0| 0| 0| runtime: 1642.2 ms | cr: 6568.7
    2273. dt:  0.25 ms | #newton:  1 | ph:  0.0% | #CG/newton: 3721 | ls (cap|max|inv|bt):  0| 0| 0| 0| runtime: 1660.0 ms | cr: 6640.0
    2274. dt:  0.25 ms | #newton:  1 | ph:  0.0% | #CG/newton: 3721 | ls (cap|max|inv|bt):  0| 0| 0| 0| runtime: 1659.6 ms | cr: 6638.6
    2275. dt:  0.25 ms | #newton:  1 | ph:  0.0% | #CG/newton: 3711 | ls (cap|max|inv|bt):  0| 0| 0| 0| runtime: 1656.2 ms | cr: 6624.8
    2276. dt:  0.25 ms | #newton:  1 | ph:  0.0% | #CG/newton: 3681 | ls (cap|max|inv|bt):  0| 0| 0| 0| runtime: 1657.0 ms | cr: 6628.0
    2277. dt:  0.25 ms | #newton:  1 | ph:  0.0% | #CG/newton: 3495 | ls (cap|max|inv|bt):  0| 0| 0| 0| runtime: 1568.2 ms | cr: 6272.9
    2278. dt:  0.25 ms | #newton:  1 | ph:  0.0% | #CG/newton: 3691 | ls (cap|max|inv|bt):  0| 0| 0| 0| runtime: 1635.5 ms | cr: 6542.2
    2279. dt:  0.25 ms | #newton:  1 | ph:  0.0% | #CG/newton: 3699 | ls (cap|max|inv|bt):  0| 0| 0| 0| runtime: 1659.0 ms | cr: 6636.1
    2280. dt:  0.25 ms | #newton:  1 | ph:  0.0% | #CG/newton: 3704 | ls (cap|max|inv|bt):  0| 0| 0| 0| runtime: 1646.5 ms | cr: 6586.0
    2281. dt:  0.25 ms | #newton:  1 | ph:  0.0% | #CG/newton: 3708 | ls (cap|max|inv|bt):  0| 0| 0| 0| runtime: 1649.2 ms | cr: 6596.8
    2282. dt:  0.25 ms | #newton:  1 | ph:  0.0% | #CG/newton: 3701 | ls (cap|max|inv|bt):  0| 0| 0| 0| runtime: 1647.0 ms | cr: 6588.0
    2283. dt:  0.25 ms | #newton:  1 | ph:  0.0% | #CG/newton: 3677 | ls (cap|max|inv|bt):  0| 0| 0| 0| runtime: 1640.6 ms | cr: 6562.3
    2284. dt:  0.25 ms | #newton:  1 | ph:  0.0% | #CG/newton: 3699 | ls (cap|max|inv|bt):  0| 0| 0| 0| runtime: 1647.8 ms | cr: 6591.3
    2285. dt:  0.25 ms | #newton:  1 | ph:  0.0% | #CG/newton: 3699 | ls (cap|max|inv|bt):  0| 0| 0| 0| runtime: 1675.4 ms | cr: 6701.8
    2286. dt:  0.25 ms | #newton:  1 | ph:  0.0% | #CG/newton: 3490 | ls (cap|max|inv|bt):  0| 0| 0| 0| runtime: 1571.0 ms | cr: 6284.1
    2287. dt:  0.25 ms | #newton:  1 | ph:  0.0% | #CG/newton: 3696 | ls (cap|max|inv|bt):  0| 0| 0| 0| runtime: 1647.2 ms | cr: 6588.7
    2288. dt:  0.25 ms | #newton:  1 | ph:  0.0% | #CG/newton: 3495 | ls (cap|max|inv|bt):  0| 0| 0| 0| runtime: 1549.3 ms | cr: 6197.2
    2289. dt:  0.25 ms | #newton:  1 | ph:  0.0% | #CG/newton: 3693 | ls (cap|max|inv|bt):  0| 0| 0| 0| runtime: 1646.0 ms | cr: 6584.1
    2290. dt:  0.25 ms | #newton:  1 | ph:  0.0% | #CG/newton: 3668 | ls (cap|max|inv|bt):  0| 0| 0| 0| runtime: 1637.2 ms | cr: 6548.8
    2291. dt:  0.25 ms | #newton:  1 | ph:  0.0% | #CG/newton: 3659 | ls (cap|max|inv|bt):  0| 0| 0| 0| runtime: 1629.8 ms | cr: 6519.3
    2292. dt:  0.25 ms | #newton:  1 | ph:  0.0% | #CG/newton: 3675 | ls (cap|max|inv|bt):  0| 0| 0| 0| runtime: 1649.6 ms | cr: 6598.6
    2293. dt:  0.25 ms | #newton:  1 | ph:  0.0% | #CG/newton: 3675 | ls (cap|max|inv|bt):  0| 0| 0| 0| runtime: 1647.0 ms | cr: 6588.1
    2294. dt:  0.25 ms | #newton:  1 | ph:  0.0% | #CG/newton: 3677 | ls (cap|max|inv|bt):  0| 0| 0| 0| runtime: 1626.2 ms | cr: 6504.8
    2295. dt:  0.25 ms | #newton:  1 | ph:  0.0% | #CG/newton: 3712 | ls (cap|max|inv|bt):  0| 0| 0| 0| runtime: 1642.2 ms | cr: 6568.7
    2296. dt:  0.25 ms | #newton:  1 | ph:  0.0% | #CG/newton: 3710 | ls (cap|max|inv|bt):  0| 0| 0| 0| runtime: 1650.5 ms | cr: 6602.0
    2297. dt:  0.25 ms | #newton:  1 | ph:  0.0% | #CG/newton: 3701 | ls (cap|max|inv|bt):  0| 0| 0| 0| runtime: 1644.0 ms | cr: 6576.1
    2298. dt:  0.25 ms | #newton:  1 | ph:  0.0% | #CG/newton: 3680 | ls (cap|max|inv|bt):  0| 0| 0| 0| runtime: 1646.7 ms | cr: 6586.7
    2299. dt:  0.25 ms | #newton:  1 | ph:  0.0% | #CG/newton: 3677 | ls (cap|max|inv|bt):  0| 0| 0| 0| runtime: 1654.1 ms | cr: 6616.4
    2300. dt:  0.25 ms | #newton:  1 | ph:  0.0% | #CG/newton: 3444 | ls (cap|max|inv|bt):  0| 0| 0| 0| runtime: 1545.2 ms | cr: 6180.8
    2301. dt:  0.25 ms | #newton:  1 | ph:  0.0% | #CG/newton: 3471 | ls (cap|max|inv|bt):  0| 0| 0| 0| runtime: 1556.5 ms | cr: 6226.0
    2302. dt:  0.25 ms | #newton:  1 | ph:  0.0% | #CG/newton: 3493 | ls (cap|max|inv|bt):  0| 0| 0| 0| runtime: 1557.3 ms | cr: 6229.2
    2303. dt:  0.25 ms | #newton:  1 | ph:  0.0% | #CG/newton: 3488 | ls (cap|max|inv|bt):  0| 0| 0| 0| runtime: 1560.6 ms | cr: 6242.3
    2304. dt:  0.25 ms | #newton:  1 | ph:  0.0% | #CG/newton: 3498 | ls (cap|max|inv|bt):  0| 0| 0| 0| runtime: 1565.6 ms | cr: 6262.4
    2305. dt:  0.25 ms | #newton:  1 | ph:  0.0% | #CG/newton: 3696 | ls (cap|max|inv|bt):  0| 0| 0| 0| runtime: 1633.1 ms | cr: 6532.6
    2306. dt:  0.25 ms | #newton:  1 | ph:  0.0% | #CG/newton: 3688 | ls (cap|max|inv|bt):  0| 0| 0| 0| runtime: 1635.5 ms | cr: 6542.2
    2307. dt:  0.25 ms | #newton:  1 | ph:  0.0% | #CG/newton: 3689 | ls (cap|max|inv|bt):  0| 0| 0| 0| runtime: 1650.2 ms | cr: 6600.8
    2308. dt:  0.25 ms | #newton:  1 | ph:  0.0% | #CG/newton: 3436 | ls (cap|max|inv|bt):  0| 0| 0| 0| runtime: 1547.1 ms | cr: 6188.4
    2309. dt:  0.25 ms | #newton:  1 | ph:  0.0% | #CG/newton: 3485 | ls (cap|max|inv|bt):  0| 0| 0| 0| runtime: 1557.3 ms | cr: 6229.4
    2310. dt:  0.25 ms | #newton:  1 | ph:  0.0% | #CG/newton: 3464 | ls (cap|max|inv|bt):  0| 0| 0| 0| runtime: 1548.1 ms | cr: 6192.5
    2311. dt:  0.25 ms | #newton:  1 | ph:  0.0% | #CG/newton: 3438 | ls (cap|max|inv|bt):  0| 0| 0| 0| runtime: 1547.2 ms | cr: 6188.8
    2312. dt:  0.25 ms | #newton:  1 | ph:  0.0% | #CG/newton: 3426 | ls (cap|max|inv|bt):  0| 0| 0| 0| runtime: 1548.2 ms | cr: 6192.9
    2313. dt:  0.25 ms | #newton:  1 | ph:  0.0% | #CG/newton: 3442 | ls (cap|max|inv|bt):  0| 0| 0| 0| runtime: 1550.6 ms | cr: 6202.5
    2314. dt:  0.25 ms | #newton:  1 | ph:  0.0% | #CG/newton: 3450 | ls (cap|max|inv|bt):  0| 0| 0| 0| runtime: 1536.3 ms | cr: 6145.4
    2315. dt:  0.25 ms | #newton:  1 | ph:  0.0% | #CG/newton: 3449 | ls (cap|max|inv|bt):  0| 0| 0| 0| runtime: 1548.3 ms | cr: 6193.2
    2316. dt:  0.25 ms | #newton:  1 | ph:  0.0% | #CG/newton: 3444 | ls (cap|max|inv|bt):  0| 0| 0| 0| runtime: 1544.9 ms | cr: 6179.7
    2317. dt:  0.25 ms | #newton:  1 | ph:  0.0% | #CG/newton: 3432 | ls (cap|max|inv|bt):  0| 0| 0| 0| runtime: 1543.5 ms | cr: 6173.9
    2318. dt:  0.25 ms | #newton:  1 | ph:  0.0% | #CG/newton: 3428 | ls (cap|max|inv|bt):  0| 0| 0| 0| runtime: 1563.5 ms | cr: 6253.9
    2319. dt:  0.25 ms | #newton:  1 | ph:  0.0% | #CG/newton: 3403 | ls (cap|max|inv|bt):  0| 0| 0| 0| runtime: 1539.8 ms | cr: 6159.1
    2320. dt:  0.25 ms | #newton:  1 | ph:  0.0% | #CG/newton: 3431 | ls (cap|max|inv|bt):  0| 0| 0| 0| runtime: 1550.1 ms | cr: 6200.4
    2321. dt:  0.25 ms | #newton:  1 | ph:  0.0% | #CG/newton: 3437 | ls (cap|max|inv|bt):  0| 0| 0| 0| runtime: 1560.0 ms | cr: 6239.8
    2322. dt:  0.25 ms | #newton:  1 | ph:  0.0% | #CG/newton: 3440 | ls (cap|max|inv|bt):  0| 0| 0| 0| runtime: 1552.7 ms | cr: 6210.9
    2323. dt:  0.25 ms | #newton:  1 | ph:  0.0% | #CG/newton: 3446 | ls (cap|max|inv|bt):  0| 0| 0| 0| runtime: 1549.2 ms | cr: 6196.8
    2324. dt:  0.25 ms | #newton:  1 | ph:  0.0% | #CG/newton: 3450 | ls (cap|max|inv|bt):  0| 0| 0| 0| runtime: 1559.1 ms | cr: 6236.6
    2325. dt:  0.25 ms | #newton:  1 | ph:  0.0% | #CG/newton: 3448 | ls (cap|max|inv|bt):  0| 0| 0| 0| runtime: 1550.3 ms | cr: 6201.3
    2326. dt:  0.25 ms | #newton:  1 | ph:  0.0% | #CG/newton: 3443 | ls (cap|max|inv|bt):  0| 0| 0| 0| runtime: 1546.1 ms | cr: 6184.4
    2327. dt:  0.25 ms | #newton:  1 | ph:  0.0% | #CG/newton: 3439 | ls (cap|max|inv|bt):  0| 0| 0| 0| runtime: 1549.2 ms | cr: 6197.0
    2328. dt:  0.25 ms | #newton:  1 | ph:  0.0% | #CG/newton: 3440 | ls (cap|max|inv|bt):  0| 0| 0| 0| runtime: 1548.2 ms | cr: 6192.7
    2329. dt:  0.25 ms | #newton:  1 | ph:  0.0% | #CG/newton: 3377 | ls (cap|max|inv|bt):  0| 0| 0| 0| runtime: 1508.8 ms | cr: 6035.2
    2330. dt:  0.25 ms | #newton:  1 | ph:  0.0% | #CG/newton: 3213 | ls (cap|max|inv|bt):  0| 0| 0| 0| runtime: 1467.5 ms | cr: 5870.1
    2331. dt:  0.25 ms | #newton:  1 | ph:  0.0% | #CG/newton: 3242 | ls (cap|max|inv|bt):  0| 0| 0| 0| runtime: 1465.5 ms | cr: 5861.8
    2332. dt:  0.25 ms | #newton:  1 | ph:  0.0% | #CG/newton: 3242 | ls (cap|max|inv|bt):  0| 0| 0| 0| runtime: 1469.5 ms | cr: 5877.9
    2333. dt:  0.25 ms | #newton:  1 | ph:  0.0% | #CG/newton: 3437 | ls (cap|max|inv|bt):  0| 0| 0| 0| runtime: 1525.4 ms | cr: 6101.4
    2334. dt:  0.25 ms | #newton:  1 | ph:  0.0% | #CG/newton: 3436 | ls (cap|max|inv|bt):  0| 0| 0| 0| runtime: 1556.0 ms | cr: 6223.9
    2335. dt:  0.25 ms | #newton:  1 | ph:  0.0% | #CG/newton: 3434 | ls (cap|max|inv|bt):  0| 0| 0| 0| runtime: 1551.0 ms | cr: 6204.1
    2336. dt:  0.25 ms | #newton:  1 | ph:  0.0% | #CG/newton: 3433 | ls (cap|max|inv|bt):  0| 0| 0| 0| runtime: 1550.7 ms | cr: 6202.7
    2337. dt:  0.25 ms | #newton:  1 | ph:  0.0% | #CG/newton: 3435 | ls (cap|max|inv|bt):  0| 0| 0| 0| runtime: 1562.3 ms | cr: 6249.1
    2338. dt:  0.25 ms | #newton:  1 | ph:  0.0% | #CG/newton: 3432 | ls (cap|max|inv|bt):  0| 0| 0| 0| runtime: 1550.9 ms | cr: 6203.7
    2339. dt:  0.25 ms | #newton:  1 | ph:  0.0% | #CG/newton: 3432 | ls (cap|max|inv|bt):  0| 0| 0| 0| runtime: 1559.5 ms | cr: 6237.8
    2340. dt:  0.25 ms | #newton:  1 | ph:  0.0% | #CG/newton: 3381 | ls (cap|max|inv|bt):  0| 0| 0| 0| runtime: 1557.0 ms | cr: 6227.8
    2341. dt:  0.25 ms | #newton:  1 | ph:  0.0% | #CG/newton: 3417 | ls (cap|max|inv|bt):  0| 0| 0| 0| runtime: 1533.3 ms | cr: 6133.2
    2342. dt:  0.25 ms | #newton:  1 | ph:  0.0% | #CG/newton: 3643 | ls (cap|max|inv|bt):  0| 0| 0| 0| runtime: 1632.8 ms | cr: 6531.2
    2343. dt:  0.25 ms | #newton:  1 | ph:  0.0% | #CG/newton: 3436 | ls (cap|max|inv|bt):  0| 0| 0| 0| runtime: 1532.8 ms | cr: 6131.0
    2344. dt:  0.25 ms | #newton:  1 | ph:  0.0% | #CG/newton: 3239 | ls (cap|max|inv|bt):  0| 0| 0| 0| runtime: 1466.7 ms | cr: 5866.9
    2345. dt:  0.25 ms | #newton:  1 | ph:  0.0% | #CG/newton: 3440 | ls (cap|max|inv|bt):  0| 0| 0| 0| runtime: 1555.3 ms | cr: 6221.4
    2346. dt:  0.25 ms | #newton:  1 | ph:  0.0% | #CG/newton: 3270 | ls (cap|max|inv|bt):  0| 0| 0| 0| runtime: 1476.5 ms | cr: 5906.0
    2347. dt:  0.25 ms | #newton:  1 | ph:  0.0% | #CG/newton: 3474 | ls (cap|max|inv|bt):  0| 0| 0| 0| runtime: 1551.2 ms | cr: 6204.8
    2348. dt:  0.25 ms | #newton:  1 | ph:  0.0% | #CG/newton: 3632 | ls (cap|max|inv|bt):  0| 0| 0| 0| runtime: 1610.8 ms | cr: 6443.0
    2349. dt:  0.25 ms | #newton:  1 | ph:  0.0% | #CG/newton: 3429 | ls (cap|max|inv|bt):  0| 0| 0| 0| runtime: 1531.6 ms | cr: 6126.3
    2350. dt:  0.25 ms | #newton:  1 | ph:  0.0% | #CG/newton: 3431 | ls (cap|max|inv|bt):  0| 0| 0| 0| runtime: 1549.5 ms | cr: 6198.0
    2351. dt:  0.25 ms | #newton:  1 | ph:  0.0% | #CG/newton: 3626 | ls (cap|max|inv|bt):  0| 0| 0| 0| runtime: 1631.2 ms | cr: 6524.8
    2352. dt:  0.25 ms | #newton:  1 | ph:  0.0% | #CG/newton: 3627 | ls (cap|max|inv|bt):  0| 0| 0| 0| runtime: 1616.9 ms | cr: 6467.5
    2353. dt:  0.25 ms | #newton:  1 | ph:  0.0% | #CG/newton: 3630 | ls (cap|max|inv|bt):  0| 0| 0| 0| runtime: 1615.4 ms | cr: 6461.6
    2354. dt:  0.25 ms | #newton:  1 | ph:  0.0% | #CG/newton: 3629 | ls (cap|max|inv|bt):  0| 0| 0| 0| runtime: 1626.6 ms | cr: 6506.6
    2355. dt:  0.25 ms | #newton:  1 | ph:  0.0% | #CG/newton: 3637 | ls (cap|max|inv|bt):  0| 0| 0| 0| runtime: 1633.1 ms | cr: 6532.6
    2356. dt:  0.25 ms | #newton:  1 | ph:  0.0% | #CG/newton: 3640 | ls (cap|max|inv|bt):  0| 0| 0| 0| runtime: 1640.5 ms | cr: 6562.0
    2357. dt:  0.25 ms | #newton:  1 | ph:  0.0% | #CG/newton: 3655 | ls (cap|max|inv|bt):  0| 0| 0| 0| runtime: 1635.1 ms | cr: 6540.3
    2358. dt:  0.25 ms | #newton:  1 | ph:  0.0% | #CG/newton: 3633 | ls (cap|max|inv|bt):  0| 0| 0| 0| runtime: 1631.2 ms | cr: 6524.9
    2359. dt:  0.25 ms | #newton:  1 | ph:  0.0% | #CG/newton: 3636 | ls (cap|max|inv|bt):  0| 0| 0| 0| runtime: 1630.0 ms | cr: 6520.0
    2360. dt:  0.25 ms | #newton:  1 | ph:  0.0% | #CG/newton: 3638 | ls (cap|max|inv|bt):  0| 0| 0| 0| runtime: 1626.8 ms | cr: 6507.2
    2361. dt:  0.25 ms | #newton:  1 | ph:  0.0% | #CG/newton: 3640 | ls (cap|max|inv|bt):  0| 0| 0| 0| runtime: 1620.8 ms | cr: 6483.1
    2362. dt:  0.25 ms | #newton:  1 | ph:  0.0% | #CG/newton: 3641 | ls (cap|max|inv|bt):  0| 0| 0| 0| runtime: 1629.6 ms | cr: 6518.5
    2363. dt:  0.25 ms | #newton:  1 | ph:  0.0% | #CG/newton: 3644 | ls (cap|max|inv|bt):  0| 0| 0| 0| runtime: 1623.7 ms | cr: 6494.7
    2364. dt:  0.25 ms | #newton:  1 | ph:  0.0% | #CG/newton: 3642 | ls (cap|max|inv|bt):  0| 0| 0| 0| runtime: 1635.6 ms | cr: 6542.2
    2365. dt:  0.25 ms | #newton:  1 | ph:  0.0% | #CG/newton: 3648 | ls (cap|max|inv|bt):  0| 0| 0| 0| runtime: 1631.9 ms | cr: 6527.7
    2366. dt:  0.25 ms | #newton:  1 | ph:  0.0% | #CG/newton: 3656 | ls (cap|max|inv|bt):  0| 0| 0| 0| runtime: 1636.9 ms | cr: 6547.6
    2367. dt:  0.25 ms | #newton:  1 | ph:  0.0% | #CG/newton: 3480 | ls (cap|max|inv|bt):  0| 0| 0| 0| runtime: 1576.8 ms | cr: 6307.0
    2368. dt:  0.25 ms | #newton:  1 | ph:  0.0% | #CG/newton: 3482 | ls (cap|max|inv|bt):  0| 0| 0| 0| runtime: 1564.7 ms | cr: 6258.6
    2369. dt:  0.25 ms | #newton:  1 | ph:  0.0% | #CG/newton: 3485 | ls (cap|max|inv|bt):  0| 0| 0| 0| runtime: 1572.0 ms | cr: 6288.1
    2370. dt:  0.25 ms | #newton:  1 | ph:  0.0% | #CG/newton: 3490 | ls (cap|max|inv|bt):  0| 0| 0| 0| runtime: 1561.6 ms | cr: 6246.6
    2371. dt:  0.25 ms | #newton:  1 | ph:  0.0% | #CG/newton: 3492 | ls (cap|max|inv|bt):  0| 0| 0| 0| runtime: 1575.9 ms | cr: 6303.6
    2372. dt:  0.25 ms | #newton:  1 | ph:  0.0% | #CG/newton: 3495 | ls (cap|max|inv|bt):  0| 0| 0| 0| runtime: 1577.1 ms | cr: 6308.2
    2373. dt:  0.25 ms | #newton:  1 | ph:  0.0% | #CG/newton: 3498 | ls (cap|max|inv|bt):  0| 0| 0| 0| runtime: 1775.8 ms | cr: 7103.4
    2374. dt:  0.25 ms | #newton:  1 | ph:  0.0% | #CG/newton: 3507 | ls (cap|max|inv|bt):  0| 0| 0| 0| runtime: 1515.8 ms | cr: 6063.2
    2375. dt:  0.25 ms | #newton:  1 | ph:  0.0% | #CG/newton: 3677 | ls (cap|max|inv|bt):  0| 0| 0| 0| runtime: 1612.4 ms | cr: 6449.8
    2376. dt:  0.25 ms | #newton:  1 | ph:  0.0% | #CG/newton: 3677 | ls (cap|max|inv|bt):  0| 0| 0| 0| runtime: 1632.2 ms | cr: 6528.9
    2377. dt:  0.25 ms | #newton:  1 | ph:  0.0% | #CG/newton: 3678 | ls (cap|max|inv|bt):  0| 0| 0| 0| runtime: 1636.7 ms | cr: 6546.8
    2378. dt:  0.25 ms | #newton:  1 | ph:  0.0% | #CG/newton: 3679 | ls (cap|max|inv|bt):  0| 0| 0| 0| runtime: 1641.3 ms | cr: 6565.2
    2379. dt:  0.25 ms | #newton:  1 | ph:  0.0% | #CG/newton: 3680 | ls (cap|max|inv|bt):  0| 0| 0| 0| runtime: 1653.9 ms | cr: 6615.7
    2380. dt:  0.25 ms | #newton:  1 | ph:  0.0% | #CG/newton: 3681 | ls (cap|max|inv|bt):  0| 0| 0| 0| runtime: 1682.9 ms | cr: 6731.7
    2381. dt:  0.25 ms | #newton:  1 | ph:  0.0% | #CG/newton: 3683 | ls (cap|max|inv|bt):  0| 0| 0| 0| runtime: 1661.0 ms | cr: 6644.0
    2382. dt:  0.25 ms | #newton:  1 | ph:  0.0% | #CG/newton: 3683 | ls (cap|max|inv|bt):  0| 0| 0| 0| runtime: 1650.5 ms | cr: 6601.9
    2383. dt:  0.25 ms | #newton:  1 | ph:  0.0% | #CG/newton: 3682 | ls (cap|max|inv|bt):  0| 0| 0| 0| runtime: 1659.7 ms | cr: 6638.8
    2384. dt:  0.25 ms | #newton:  1 | ph:  0.0% | #CG/newton: 3690 | ls (cap|max|inv|bt):  0| 0| 0| 0| runtime: 1647.3 ms | cr: 6589.2
    2385. dt:  0.25 ms | #newton:  1 | ph:  0.0% | #CG/newton: 3696 | ls (cap|max|inv|bt):  0| 0| 0| 0| runtime: 1651.3 ms | cr: 6605.3
    2386. dt:  0.25 ms | #newton:  1 | ph:  0.0% | #CG/newton: 3696 | ls (cap|max|inv|bt):  0| 0| 0| 0| runtime: 1656.1 ms | cr: 6624.6
    2387. dt:  0.25 ms | #newton:  1 | ph:  0.0% | #CG/newton: 3697 | ls (cap|max|inv|bt):  0| 0| 0| 0| runtime: 1636.7 ms | cr: 6546.9
    2388. dt:  0.25 ms | #newton:  1 | ph:  0.0% | #CG/newton: 3699 | ls (cap|max|inv|bt):  0| 0| 0| 0| runtime: 1642.1 ms | cr: 6568.6
    2389. dt:  0.25 ms | #newton:  1 | ph:  0.0% | #CG/newton: 3486 | ls (cap|max|inv|bt):  0| 0| 0| 0| runtime: 1567.6 ms | cr: 6270.3
    2390. dt:  0.25 ms | #newton:  1 | ph:  0.0% | #CG/newton: 3482 | ls (cap|max|inv|bt):  0| 0| 0| 0| runtime: 1562.2 ms | cr: 6248.8
    2391. dt:  0.25 ms | #newton:  1 | ph:  0.0% | #CG/newton: 3427 | ls (cap|max|inv|bt):  0| 0| 0| 0| runtime: 1534.9 ms | cr: 6139.7
    2392. dt:  0.25 ms | #newton:  1 | ph:  0.0% | #CG/newton: 3472 | ls (cap|max|inv|bt):  0| 0| 0| 0| runtime: 1556.6 ms | cr: 6226.6
    2393. dt:  0.25 ms | #newton:  1 | ph:  0.0% | #CG/newton: 3483 | ls (cap|max|inv|bt):  0| 0| 0| 0| runtime: 1569.6 ms | cr: 6278.5
    2394. dt:  0.25 ms | #newton:  1 | ph:  0.0% | #CG/newton: 3486 | ls (cap|max|inv|bt):  0| 0| 0| 0| runtime: 1569.2 ms | cr: 6276.9
    2395. dt:  0.25 ms | #newton:  1 | ph:  0.0% | #CG/newton: 3487 | ls (cap|max|inv|bt):  0| 0| 0| 0| runtime: 1556.5 ms | cr: 6225.9
    2396. dt:  0.25 ms | #newton:  1 | ph:  0.0% | #CG/newton: 3487 | ls (cap|max|inv|bt):  0| 0| 0| 0| runtime: 1577.7 ms | cr: 6310.7
    2397. dt:  0.25 ms | #newton:  1 | ph:  0.0% | #CG/newton: 3296 | ls (cap|max|inv|bt):  0| 0| 0| 0| runtime: 1491.7 ms | cr: 5966.6
    2398. dt:  0.25 ms | #newton:  1 | ph:  0.0% | #CG/newton: 3495 | ls (cap|max|inv|bt):  0| 0| 0| 0| runtime: 1570.8 ms | cr: 6283.1
    2399. dt:  0.25 ms | #newton:  1 | ph:  0.0% | #CG/newton: 3487 | ls (cap|max|inv|bt):  0| 0| 0| 0| runtime: 1568.0 ms | cr: 6272.1
    2400. dt:  0.25 ms | #newton:  1 | ph:  0.0% | #CG/newton: 3485 | ls (cap|max|inv|bt):  0| 0| 0| 0| runtime: 1568.3 ms | cr: 6273.4
[Frame: 18] Time: 0.600 s
    2401. dt:  0.25 ms | #newton:  1 | ph:  0.0% | #CG/newton: 3453 | ls (cap|max|inv|bt):  0| 0| 0| 0| runtime: 1550.8 ms | cr: 6203.1
    2402. dt:  0.25 ms | #newton:  1 | ph:  0.0% | #CG/newton: 3503 | ls (cap|max|inv|bt):  0| 0| 0| 0| runtime: 1564.4 ms | cr: 6257.6
    2403. dt:  0.25 ms | #newton:  1 | ph:  0.0% | #CG/newton: 3516 | ls (cap|max|inv|bt):  0| 0| 0| 0| runtime: 1572.0 ms | cr: 6288.1
    2404. dt:  0.25 ms | #newton:  1 | ph:  0.0% | #CG/newton: 3512 | ls (cap|max|inv|bt):  0| 0| 0| 0| runtime: 1566.3 ms | cr: 6265.3
    2405. dt:  0.25 ms | #newton:  1 | ph:  0.0% | #CG/newton: 3511 | ls (cap|max|inv|bt):  0| 0| 0| 0| runtime: 1577.0 ms | cr: 6307.9
    2406. dt:  0.25 ms | #newton:  1 | ph:  0.0% | #CG/newton: 3498 | ls (cap|max|inv|bt):  0| 0| 0| 0| runtime: 1562.3 ms | cr: 6249.4
    2407. dt:  0.25 ms | #newton:  1 | ph:  0.0% | #CG/newton: 3494 | ls (cap|max|inv|bt):  0| 0| 0| 0| runtime: 1596.7 ms | cr: 6386.8
    2408. dt:  0.25 ms | #newton:  1 | ph:  0.0% | #CG/newton: 3493 | ls (cap|max|inv|bt):  0| 0| 0| 0| runtime: 1563.7 ms | cr: 6255.0
    2409. dt:  0.25 ms | #newton:  1 | ph:  0.0% | #CG/newton: 3498 | ls (cap|max|inv|bt):  0| 0| 0| 0| runtime: 1570.1 ms | cr: 6280.4
    2410. dt:  0.25 ms | #newton:  1 | ph:  0.0% | #CG/newton: 3496 | ls (cap|max|inv|bt):  0| 0| 0| 0| runtime: 1560.1 ms | cr: 6240.3
    2411. dt:  0.25 ms | #newton:  1 | ph:  0.0% | #CG/newton: 3497 | ls (cap|max|inv|bt):  0| 0| 0| 0| runtime: 1575.1 ms | cr: 6300.4
    2412. dt:  0.25 ms | #newton:  1 | ph:  0.0% | #CG/newton: 3694 | ls (cap|max|inv|bt):  0| 0| 0| 0| runtime: 1647.8 ms | cr: 6591.2
    2413. dt:  0.25 ms | #newton:  1 | ph:  0.0% | #CG/newton: 3694 | ls (cap|max|inv|bt):  0| 0| 0| 0| runtime: 1656.9 ms | cr: 6627.4
    2414. dt:  0.25 ms | #newton:  1 | ph:  0.0% | #CG/newton: 3694 | ls (cap|max|inv|bt):  0| 0| 0| 0| runtime: 1659.4 ms | cr: 6637.4
    2415. dt:  0.25 ms | #newton:  1 | ph:  0.0% | #CG/newton: 3690 | ls (cap|max|inv|bt):  0| 0| 0| 0| runtime: 1667.4 ms | cr: 6669.4
    2416. dt:  0.25 ms | #newton:  1 | ph:  0.0% | #CG/newton: 3689 | ls (cap|max|inv|bt):  0| 0| 0| 0| runtime: 1646.8 ms | cr: 6587.3
    2417. dt:  0.25 ms | #newton:  1 | ph:  0.0% | #CG/newton: 3690 | ls (cap|max|inv|bt):  0| 0| 0| 0| runtime: 1634.2 ms | cr: 6536.6
    2418. dt:  0.25 ms | #newton:  1 | ph:  0.0% | #CG/newton: 3685 | ls (cap|max|inv|bt):  0| 0| 0| 0| runtime: 1645.9 ms | cr: 6583.5
    2419. dt:  0.25 ms | #newton:  1 | ph:  0.0% | #CG/newton: 3686 | ls (cap|max|inv|bt):  0| 0| 0| 0| runtime: 1656.2 ms | cr: 6624.6
    2420. dt:  0.25 ms | #newton:  1 | ph:  0.0% | #CG/newton: 3684 | ls (cap|max|inv|bt):  0| 0| 0| 0| runtime: 1638.2 ms | cr: 6552.9
    2421. dt:  0.25 ms | #newton:  1 | ph:  0.0% | #CG/newton: 3683 | ls (cap|max|inv|bt):  0| 0| 0| 0| runtime: 1650.7 ms | cr: 6602.9
    2422. dt:  0.25 ms | #newton:  1 | ph:  0.0% | #CG/newton: 3682 | ls (cap|max|inv|bt):  0| 0| 0| 0| runtime: 1658.8 ms | cr: 6635.3
    2423. dt:  0.25 ms | #newton:  1 | ph:  0.0% | #CG/newton: 3490 | ls (cap|max|inv|bt):  0| 0| 0| 0| runtime: 1546.0 ms | cr: 6184.2
    2424. dt:  0.25 ms | #newton:  1 | ph:  0.0% | #CG/newton: 3678 | ls (cap|max|inv|bt):  0| 0| 0| 0| runtime: 1651.5 ms | cr: 6606.1
    2425. dt:  0.25 ms | #newton:  1 | ph:  0.0% | #CG/newton: 3491 | ls (cap|max|inv|bt):  0| 0| 0| 0| runtime: 1571.5 ms | cr: 6285.9
    2426. dt:  0.25 ms | #newton:  1 | ph:  0.0% | #CG/newton: 3484 | ls (cap|max|inv|bt):  0| 0| 0| 0| runtime: 1549.2 ms | cr: 6197.0
    2427. dt:  0.25 ms | #newton:  1 | ph:  0.0% | #CG/newton: 3481 | ls (cap|max|inv|bt):  0| 0| 0| 0| runtime: 1556.1 ms | cr: 6224.3
    2428. dt:  0.25 ms | #newton:  1 | ph:  0.0% | #CG/newton: 3477 | ls (cap|max|inv|bt):  0| 0| 0| 0| runtime: 1554.1 ms | cr: 6216.6
    2429. dt:  0.25 ms | #newton:  1 | ph:  0.0% | #CG/newton: 3476 | ls (cap|max|inv|bt):  0| 0| 0| 0| runtime: 1566.9 ms | cr: 6267.5
    2430. dt:  0.25 ms | #newton:  1 | ph:  0.0% | #CG/newton: 3472 | ls (cap|max|inv|bt):  0| 0| 0| 0| runtime: 1566.4 ms | cr: 6265.6
    2431. dt:  0.25 ms | #newton:  1 | ph:  0.0% | #CG/newton: 3468 | ls (cap|max|inv|bt):  0| 0| 0| 0| runtime: 1555.2 ms | cr: 6220.7
    2432. dt:  0.25 ms | #newton:  1 | ph:  0.0% | #CG/newton: 3464 | ls (cap|max|inv|bt):  0| 0| 0| 0| runtime: 1560.1 ms | cr: 6240.5
    2433. dt:  0.25 ms | #newton:  1 | ph:  0.0% | #CG/newton: 3461 | ls (cap|max|inv|bt):  0| 0| 0| 0| runtime: 1555.4 ms | cr: 6221.7
    2434. dt:  0.25 ms | #newton:  1 | ph:  0.0% | #CG/newton: 3457 | ls (cap|max|inv|bt):  0| 0| 0| 0| runtime: 1553.9 ms | cr: 6215.6
    2435. dt:  0.25 ms | #newton:  1 | ph:  0.0% | #CG/newton: 3454 | ls (cap|max|inv|bt):  0| 0| 0| 0| runtime: 1551.0 ms | cr: 6204.1
    2436. dt:  0.25 ms | #newton:  1 | ph:  0.0% | #CG/newton: 3453 | ls (cap|max|inv|bt):  0| 0| 0| 0| runtime: 1554.1 ms | cr: 6216.4
    2437. dt:  0.25 ms | #newton:  1 | ph:  0.0% | #CG/newton: 3449 | ls (cap|max|inv|bt):  0| 0| 0| 0| runtime: 1556.9 ms | cr: 6227.7
    2438. dt:  0.25 ms | #newton:  1 | ph:  0.0% | #CG/newton: 3445 | ls (cap|max|inv|bt):  0| 0| 0| 0| runtime: 1552.9 ms | cr: 6211.4
    2439. dt:  0.25 ms | #newton:  1 | ph:  0.0% | #CG/newton: 3442 | ls (cap|max|inv|bt):  0| 0| 0| 0| runtime: 1552.7 ms | cr: 6210.7
    2440. dt:  0.25 ms | #newton:  1 | ph:  0.0% | #CG/newton: 3437 | ls (cap|max|inv|bt):  0| 0| 0| 0| runtime: 1552.0 ms | cr: 6208.0
    2441. dt:  0.25 ms | #newton:  1 | ph:  0.0% | #CG/newton: 3436 | ls (cap|max|inv|bt):  0| 0| 0| 0| runtime: 1556.3 ms | cr: 6225.1
    2442. dt:  0.25 ms | #newton:  1 | ph:  0.0% | #CG/newton: 3432 | ls (cap|max|inv|bt):  0| 0| 0| 0| runtime: 1563.9 ms | cr: 6255.6
    2443. dt:  0.25 ms | #newton:  1 | ph:  0.0% | #CG/newton: 3414 | ls (cap|max|inv|bt):  0| 0| 0| 0| runtime: 1553.9 ms | cr: 6215.6
    2444. dt:  0.25 ms | #newton:  1 | ph:  0.0% | #CG/newton: 3418 | ls (cap|max|inv|bt):  0| 0| 0| 0| runtime: 1541.1 ms | cr: 6164.5
    2445. dt:  0.25 ms | #newton:  1 | ph:  0.0% | #CG/newton: 3414 | ls (cap|max|inv|bt):  0| 0| 0| 0| runtime: 1533.9 ms | cr: 6135.7
    2446. dt:  0.25 ms | #newton:  1 | ph:  0.0% | #CG/newton: 3380 | ls (cap|max|inv|bt):  0| 0| 0| 0| runtime: 1517.5 ms | cr: 6070.2
    2447. dt:  0.25 ms | #newton:  1 | ph:  0.0% | #CG/newton: 3370 | ls (cap|max|inv|bt):  0| 0| 0| 0| runtime: 1521.2 ms | cr: 6084.9
    2448. dt:  0.25 ms | #newton:  1 | ph:  0.0% | #CG/newton: 3368 | ls (cap|max|inv|bt):  0| 0| 0| 0| runtime: 1515.3 ms | cr: 6061.1
    2449. dt:  0.25 ms | #newton:  1 | ph:  0.0% | #CG/newton: 3368 | ls (cap|max|inv|bt):  0| 0| 0| 0| runtime: 1526.8 ms | cr: 6107.1
    2450. dt:  0.25 ms | #newton:  1 | ph:  0.0% | #CG/newton: 3365 | ls (cap|max|inv|bt):  0| 0| 0| 0| runtime: 1531.3 ms | cr: 6125.3
    2451. dt:  0.25 ms | #newton:  1 | ph:  0.0% | #CG/newton: 3386 | ls (cap|max|inv|bt):  0| 0| 0| 0| runtime: 1521.6 ms | cr: 6086.3
    2452. dt:  0.25 ms | #newton:  1 | ph:  0.0% | #CG/newton: 3412 | ls (cap|max|inv|bt):  0| 0| 0| 0| runtime: 1532.6 ms | cr: 6130.6
    2453. dt:  0.25 ms | #newton:  1 | ph:  0.0% | #CG/newton: 3370 | ls (cap|max|inv|bt):  0| 0| 0| 0| runtime: 1512.4 ms | cr: 6049.8
    2454. dt:  0.25 ms | #newton:  1 | ph:  0.0% | #CG/newton: 3365 | ls (cap|max|inv|bt):  0| 0| 0| 0| runtime: 1518.6 ms | cr: 6074.2
    2455. dt:  0.25 ms | #newton:  1 | ph:  0.0% | #CG/newton: 3369 | ls (cap|max|inv|bt):  0| 0| 0| 0| runtime: 1523.7 ms | cr: 6094.8
    2456. dt:  0.25 ms | #newton:  1 | ph:  0.0% | #CG/newton: 3433 | ls (cap|max|inv|bt):  0| 0| 0| 0| runtime: 1533.8 ms | cr: 6135.1
    2457. dt:  0.25 ms | #newton:  1 | ph:  0.0% | #CG/newton: 3432 | ls (cap|max|inv|bt):  0| 0| 0| 0| runtime: 1480.2 ms | cr: 5920.7
    2458. dt:  0.25 ms | #newton:  1 | ph:  0.0% | #CG/newton: 3433 | ls (cap|max|inv|bt):  0| 0| 0| 0| runtime: 1468.7 ms | cr: 5874.7
    2459. dt:  0.25 ms | #newton:  1 | ph:  0.0% | #CG/newton: 3433 | ls (cap|max|inv|bt):  0| 0| 0| 0| runtime: 1535.8 ms | cr: 6143.0
    2460. dt:  0.25 ms | #newton:  1 | ph:  0.0% | #CG/newton: 3433 | ls (cap|max|inv|bt):  0| 0| 0| 0| runtime: 1538.6 ms | cr: 6154.5
    2461. dt:  0.25 ms | #newton:  1 | ph:  0.0% | #CG/newton: 3438 | ls (cap|max|inv|bt):  0| 0| 0| 0| runtime: 1550.0 ms | cr: 6199.9
    2462. dt:  0.25 ms | #newton:  1 | ph:  0.0% | #CG/newton: 3442 | ls (cap|max|inv|bt):  0| 0| 0| 0| runtime: 1544.6 ms | cr: 6178.4
    2463. dt:  0.25 ms | #newton:  1 | ph:  0.0% | #CG/newton: 3617 | ls (cap|max|inv|bt):  0| 0| 0| 0| runtime: 1614.5 ms | cr: 6458.1
    2464. dt:  0.25 ms | #newton:  1 | ph:  0.0% | #CG/newton: 3617 | ls (cap|max|inv|bt):  0| 0| 0| 0| runtime: 1636.1 ms | cr: 6544.6
    2465. dt:  0.25 ms | #newton:  1 | ph:  0.0% | #CG/newton: 3618 | ls (cap|max|inv|bt):  0| 0| 0| 0| runtime: 1614.1 ms | cr: 6456.3
    2466. dt:  0.25 ms | #newton:  1 | ph:  0.0% | #CG/newton: 3617 | ls (cap|max|inv|bt):  0| 0| 0| 0| runtime: 1596.1 ms | cr: 6384.3
    2467. dt:  0.25 ms | #newton:  1 | ph:  0.0% | #CG/newton: 3615 | ls (cap|max|inv|bt):  0| 0| 0| 0| runtime: 1622.9 ms | cr: 6491.7
    2468. dt:  0.25 ms | #newton:  1 | ph:  0.0% | #CG/newton: 3614 | ls (cap|max|inv|bt):  0| 0| 0| 0| runtime: 1625.0 ms | cr: 6499.8
    2469. dt:  0.25 ms | #newton:  1 | ph:  0.0% | #CG/newton: 3615 | ls (cap|max|inv|bt):  0| 0| 0| 0| runtime: 1630.2 ms | cr: 6520.8
    2470. dt:  0.25 ms | #newton:  1 | ph:  0.0% | #CG/newton: 3614 | ls (cap|max|inv|bt):  0| 0| 0| 0| runtime: 1626.2 ms | cr: 6504.8
    2471. dt:  0.25 ms | #newton:  1 | ph:  0.0% | #CG/newton: 3617 | ls (cap|max|inv|bt):  0| 0| 0| 0| runtime: 1591.1 ms | cr: 6364.4
    2472. dt:  0.25 ms | #newton:  1 | ph:  0.0% | #CG/newton: 3614 | ls (cap|max|inv|bt):  0| 0| 0| 0| runtime: 1613.1 ms | cr: 6452.4
    2473. dt:  0.25 ms | #newton:  1 | ph:  0.0% | #CG/newton: 3615 | ls (cap|max|inv|bt):  0| 0| 0| 0| runtime: 1603.6 ms | cr: 6414.5
    2474. dt:  0.25 ms | #newton:  1 | ph:  0.0% | #CG/newton: 3614 | ls (cap|max|inv|bt):  0| 0| 0| 0| runtime: 1620.3 ms | cr: 6481.3
    2475. dt:  0.25 ms | #newton:  1 | ph:  0.0% | #CG/newton: 3613 | ls (cap|max|inv|bt):  0| 0| 0| 0| runtime: 1609.1 ms | cr: 6436.3
    2476. dt:  0.25 ms | #newton:  1 | ph:  0.0% | #CG/newton: 3615 | ls (cap|max|inv|bt):  0| 0| 0| 0| runtime: 1591.3 ms | cr: 6365.3
    2477. dt:  0.25 ms | #newton:  1 | ph:  0.0% | #CG/newton: 3614 | ls (cap|max|inv|bt):  0| 0| 0| 0| runtime: 1559.2 ms | cr: 6236.8
    2478. dt:  0.25 ms | #newton:  1 | ph:  0.0% | #CG/newton: 3615 | ls (cap|max|inv|bt):  0| 0| 0| 0| runtime: 1622.1 ms | cr: 6488.2
    2479. dt:  0.25 ms | #newton:  1 | ph:  0.0% | #CG/newton: 3612 | ls (cap|max|inv|bt):  0| 0| 0| 0| runtime: 1612.7 ms | cr: 6450.7
    2480. dt:  0.25 ms | #newton:  1 | ph:  0.0% | #CG/newton: 3612 | ls (cap|max|inv|bt):  0| 0| 0| 0| runtime: 1642.8 ms | cr: 6571.1
    2481. dt:  0.25 ms | #newton:  1 | ph:  0.0% | #CG/newton: 3613 | ls (cap|max|inv|bt):  0| 0| 0| 0| runtime: 1626.3 ms | cr: 6505.4
    2482. dt:  0.25 ms | #newton:  1 | ph:  0.0% | #CG/newton: 3613 | ls (cap|max|inv|bt):  0| 0| 0| 0| runtime: 1627.7 ms | cr: 6510.9
    2483. dt:  0.25 ms | #newton:  1 | ph:  0.0% | #CG/newton: 3612 | ls (cap|max|inv|bt):  0| 0| 0| 0| runtime: 1616.1 ms | cr: 6464.2
    2484. dt:  0.25 ms | #newton:  1 | ph:  0.0% | #CG/newton: 3614 | ls (cap|max|inv|bt):  0| 0| 0| 0| runtime: 1608.1 ms | cr: 6432.6
    2485. dt:  0.25 ms | #newton:  1 | ph:  0.0% | #CG/newton: 3613 | ls (cap|max|inv|bt):  0| 0| 0| 0| runtime: 1618.5 ms | cr: 6474.0
    2486. dt:  0.25 ms | #newton:  1 | ph:  0.0% | #CG/newton: 3612 | ls (cap|max|inv|bt):  0| 0| 0| 0| runtime: 1602.4 ms | cr: 6409.7
    2487. dt:  0.25 ms | #newton:  1 | ph:  0.0% | #CG/newton: 3612 | ls (cap|max|inv|bt):  0| 0| 0| 0| runtime: 1626.9 ms | cr: 6507.6
    2488. dt:  0.25 ms | #newton:  1 | ph:  0.0% | #CG/newton: 3613 | ls (cap|max|inv|bt):  0| 0| 0| 0| runtime: 1610.4 ms | cr: 6441.7
    2489. dt:  0.25 ms | #newton:  1 | ph:  0.0% | #CG/newton: 3611 | ls (cap|max|inv|bt):  0| 0| 0| 0| runtime: 1622.5 ms | cr: 6490.2
    2490. dt:  0.25 ms | #newton:  1 | ph:  0.0% | #CG/newton: 3612 | ls (cap|max|inv|bt):  0| 0| 0| 0| runtime: 1649.3 ms | cr: 6597.2
    2491. dt:  0.25 ms | #newton:  1 | ph:  0.0% | #CG/newton: 3614 | ls (cap|max|inv|bt):  0| 0| 0| 0| runtime: 1609.3 ms | cr: 6437.4
    2492. dt:  0.25 ms | #newton:  1 | ph:  0.0% | #CG/newton: 3614 | ls (cap|max|inv|bt):  0| 0| 0| 0| runtime: 1615.7 ms | cr: 6462.9
    2493. dt:  0.25 ms | #newton:  1 | ph:  0.0% | #CG/newton: 3616 | ls (cap|max|inv|bt):  0| 0| 0| 0| runtime: 1629.5 ms | cr: 6517.8
    2494. dt:  0.25 ms | #newton:  1 | ph:  0.0% | #CG/newton: 3616 | ls (cap|max|inv|bt):  0| 0| 0| 0| runtime: 1640.3 ms | cr: 6561.2
    2495. dt:  0.25 ms | #newton:  1 | ph:  0.0% | #CG/newton: 3616 | ls (cap|max|inv|bt):  0| 0| 0| 0| runtime: 1616.0 ms | cr: 6464.0
    2496. dt:  0.25 ms | #newton:  1 | ph:  0.0% | #CG/newton: 3614 | ls (cap|max|inv|bt):  0| 0| 0| 0| runtime: 1621.3 ms | cr: 6485.1
    2497. dt:  0.25 ms | #newton:  1 | ph:  0.0% | #CG/newton: 3617 | ls (cap|max|inv|bt):  0| 0| 0| 0| runtime: 1600.0 ms | cr: 6400.0
    2498. dt:  0.25 ms | #newton:  1 | ph:  0.0% | #CG/newton: 3613 | ls (cap|max|inv|bt):  0| 0| 0| 0| runtime: 1601.2 ms | cr: 6404.9
    2499. dt:  0.25 ms | #newton:  1 | ph:  0.0% | #CG/newton: 3614 | ls (cap|max|inv|bt):  0| 0| 0| 0| runtime: 1625.5 ms | cr: 6502.1
    2500. dt:  0.25 ms | #newton:  1 | ph:  0.0% | #CG/newton: 3616 | ls (cap|max|inv|bt):  0| 0| 0| 0| runtime: 1612.9 ms | cr: 6451.4
    2501. dt:  0.25 ms | #newton:  1 | ph:  0.0% | #CG/newton: 3616 | ls (cap|max|inv|bt):  0| 0| 0| 0| runtime: 1620.1 ms | cr: 6480.5
    2502. dt:  0.25 ms | #newton:  1 | ph:  0.0% | #CG/newton: 3624 | ls (cap|max|inv|bt):  0| 0| 0| 0| runtime: 1621.6 ms | cr: 6486.4
    2503. dt:  0.25 ms | #newton:  1 | ph:  0.0% | #CG/newton: 3624 | ls (cap|max|inv|bt):  0| 0| 0| 0| runtime: 1614.4 ms | cr: 6457.4
    2504. dt:  0.25 ms | #newton:  1 | ph:  0.0% | #CG/newton: 3625 | ls (cap|max|inv|bt):  0| 0| 0| 0| runtime: 1616.9 ms | cr: 6467.4
    2505. dt:  0.25 ms | #newton:  1 | ph:  0.0% | #CG/newton: 3624 | ls (cap|max|inv|bt):  0| 0| 0| 0| runtime: 1613.6 ms | cr: 6454.6
    2506. dt:  0.25 ms | #newton:  1 | ph:  0.0% | #CG/newton: 3629 | ls (cap|max|inv|bt):  0| 0| 0| 0| runtime: 1629.2 ms | cr: 6516.7
    2507. dt:  0.25 ms | #newton:  1 | ph:  0.0% | #CG/newton: 3789 | ls (cap|max|inv|bt):  0| 0| 0| 0| runtime: 1692.3 ms | cr: 6769.4
    2508. dt:  0.25 ms | #newton:  1 | ph:  0.0% | #CG/newton: 3626 | ls (cap|max|inv|bt):  0| 0| 0| 0| runtime: 1637.3 ms | cr: 6549.3
    2509. dt:  0.25 ms | #newton:  1 | ph:  0.0% | #CG/newton: 3623 | ls (cap|max|inv|bt):  0| 0| 0| 0| runtime: 1639.7 ms | cr: 6558.7
    2510. dt:  0.25 ms | #newton:  1 | ph:  0.0% | #CG/newton: 3628 | ls (cap|max|inv|bt):  0| 0| 0| 0| runtime: 1639.0 ms | cr: 6555.8
    2511. dt:  0.25 ms | #newton:  1 | ph:  0.0% | #CG/newton: 3630 | ls (cap|max|inv|bt):  0| 0| 0| 0| runtime: 1647.6 ms | cr: 6590.4
    2512. dt:  0.25 ms | #newton:  1 | ph:  0.0% | #CG/newton: 3640 | ls (cap|max|inv|bt):  0| 0| 0| 0| runtime: 1662.2 ms | cr: 6648.9
    2513. dt:  0.25 ms | #newton:  1 | ph:  0.0% | #CG/newton: 3694 | ls (cap|max|inv|bt):  0| 0| 0| 0| runtime: 1657.5 ms | cr: 6629.9
    2514. dt:  0.25 ms | #newton:  1 | ph:  0.0% | #CG/newton: 3667 | ls (cap|max|inv|bt):  0| 0| 0| 0| runtime: 1634.2 ms | cr: 6537.0
    2515. dt:  0.25 ms | #newton:  1 | ph:  0.0% | #CG/newton: 3825 | ls (cap|max|inv|bt):  0| 0| 0| 0| runtime: 1700.8 ms | cr: 6803.4
    2516. dt:  0.25 ms | #newton:  1 | ph:  0.0% | #CG/newton: 3975 | ls (cap|max|inv|bt):  0| 0| 0| 0| runtime: 1765.5 ms | cr: 7061.9
    2517. dt:  0.25 ms | #newton:  1 | ph:  0.0% | #CG/newton: 3973 | ls (cap|max|inv|bt):  0| 0| 0| 0| runtime: 1759.4 ms | cr: 7037.7
    2518. dt:  0.25 ms | #newton:  1 | ph:  0.0% | #CG/newton: 3970 | ls (cap|max|inv|bt):  0| 0| 0| 0| runtime: 1768.9 ms | cr: 7075.6
    2519. dt:  0.25 ms | #newton:  1 | ph:  0.0% | #CG/newton: 3812 | ls (cap|max|inv|bt):  0| 0| 0| 0| runtime: 1718.5 ms | cr: 6874.0
    2520. dt:  0.25 ms | #newton:  1 | ph:  0.0% | #CG/newton: 3688 | ls (cap|max|inv|bt):  0| 0| 0| 0| runtime: 1646.1 ms | cr: 6584.2
    2521. dt:  0.25 ms | #newton:  2 | ph:  0.0% | #CG/newton: 1915 | ls (cap|max|inv|bt):  0| 0| 0| 0| runtime: 1757.3 ms | cr: 7029.4
    2522. dt:  0.25 ms | #newton:  1 | ph:  0.0% | #CG/newton: 3631 | ls (cap|max|inv|bt):  0| 0| 0| 0| runtime: 1612.3 ms | cr: 6449.0
    2523. dt:  0.25 ms | #newton:  1 | ph:  0.0% | #CG/newton: 3627 | ls (cap|max|inv|bt):  0| 0| 0| 0| runtime: 1618.8 ms | cr: 6475.2
    2524. dt:  0.25 ms | #newton:  1 | ph:  0.0% | #CG/newton: 3638 | ls (cap|max|inv|bt):  0| 0| 0| 0| runtime: 1622.3 ms | cr: 6489.3
    2525. dt:  0.25 ms | #newton:  1 | ph:  0.0% | #CG/newton: 3796 | ls (cap|max|inv|bt):  0| 0| 0| 0| runtime: 1688.4 ms | cr: 6753.6
    2526. dt:  0.25 ms | #newton:  1 | ph:  0.0% | #CG/newton: 3645 | ls (cap|max|inv|bt):  0| 0| 0| 0| runtime: 1631.2 ms | cr: 6524.9
    2527. dt:  0.25 ms | #newton:  1 | ph:  0.0% | #CG/newton: 3642 | ls (cap|max|inv|bt):  0| 0| 0| 0| runtime: 1630.9 ms | cr: 6523.7
    2528. dt:  0.25 ms | #newton:  1 | ph:  0.0% | #CG/newton: 3640 | ls (cap|max|inv|bt):  0| 0| 0| 0| runtime: 1611.9 ms | cr: 6447.6
    2529. dt:  0.25 ms | #newton:  1 | ph:  0.0% | #CG/newton: 3641 | ls (cap|max|inv|bt):  0| 0| 0| 0| runtime: 1621.2 ms | cr: 6484.9
    2530. dt:  0.25 ms | #newton:  1 | ph:  0.0% | #CG/newton: 3659 | ls (cap|max|inv|bt):  0| 0| 0| 0| runtime: 1637.3 ms | cr: 6549.0
    2531. dt:  0.25 ms | #newton:  1 | ph:  0.0% | #CG/newton: 3672 | ls (cap|max|inv|bt):  0| 0| 0| 0| runtime: 1643.0 ms | cr: 6572.1
    2532. dt:  0.25 ms | #newton:  1 | ph:  0.0% | #CG/newton: 3649 | ls (cap|max|inv|bt):  0| 0| 0| 0| runtime: 1623.2 ms | cr: 6493.0
    2533. dt:  0.25 ms | #newton:  1 | ph:  0.0% | #CG/newton: 3656 | ls (cap|max|inv|bt):  0| 0| 0| 0| runtime: 1630.4 ms | cr: 6521.5
[Frame: 19] Time: 0.633 s
    2534. dt:  0.25 ms | #newton:  1 | ph:  0.0% | #CG/newton: 3833 | ls (cap|max|inv|bt):  0| 0| 0| 0| runtime: 1698.6 ms | cr: 6794.5
    2535. dt:  0.25 ms | #newton:  1 | ph:  0.0% | #CG/newton: 3817 | ls (cap|max|inv|bt):  0| 0| 0| 0| runtime: 1682.9 ms | cr: 6731.6
    2536. dt:  0.25 ms | #newton:  1 | ph:  0.0% | #CG/newton: 3828 | ls (cap|max|inv|bt):  0| 0| 0| 0| runtime: 1710.1 ms | cr: 6840.2
    2537. dt:  0.25 ms | #newton:  1 | ph:  0.0% | #CG/newton: 3831 | ls (cap|max|inv|bt):  0| 0| 0| 0| runtime: 1706.4 ms | cr: 6825.5
    2538. dt:  0.25 ms | #newton:  1 | ph:  0.0% | #CG/newton: 3654 | ls (cap|max|inv|bt):  0| 0| 0| 0| runtime: 1625.2 ms | cr: 6500.9
    2539. dt:  0.25 ms | #newton:  1 | ph:  0.0% | #CG/newton: 3655 | ls (cap|max|inv|bt):  0| 0| 0| 0| runtime: 1620.0 ms | cr: 6480.1
    2540. dt:  0.25 ms | #newton:  1 | ph:  0.0% | #CG/newton: 3661 | ls (cap|max|inv|bt):  0| 0| 0| 0| runtime: 1623.6 ms | cr: 6494.2
    2541. dt:  0.25 ms | #newton:  1 | ph:  0.0% | #CG/newton: 3668 | ls (cap|max|inv|bt):  0| 0| 0| 0| runtime: 1633.2 ms | cr: 6532.8
    2542. dt:  0.25 ms | #newton:  1 | ph:  0.0% | #CG/newton: 3827 | ls (cap|max|inv|bt):  0| 0| 0| 0| runtime: 1687.6 ms | cr: 6750.5
    2543. dt:  0.25 ms | #newton:  1 | ph:  0.0% | #CG/newton: 3828 | ls (cap|max|inv|bt):  0| 0| 0| 0| runtime: 1719.4 ms | cr: 6877.5
    2544. dt:  0.25 ms | #newton:  1 | ph:  0.0% | #CG/newton: 3660 | ls (cap|max|inv|bt):  0| 0| 0| 0| runtime: 1633.3 ms | cr: 6533.3
    2545. dt:  0.25 ms | #newton:  1 | ph:  0.0% | #CG/newton: 3476 | ls (cap|max|inv|bt):  0| 0| 0| 0| runtime: 1535.2 ms | cr: 6140.8
    2546. dt:  0.25 ms | #newton:  1 | ph:  0.0% | #CG/newton: 3634 | ls (cap|max|inv|bt):  0| 0| 0| 0| runtime: 1615.3 ms | cr: 6461.1
    2547. dt:  0.25 ms | #newton:  1 | ph:  0.0% | #CG/newton: 3656 | ls (cap|max|inv|bt):  0| 0| 0| 0| runtime: 1641.1 ms | cr: 6564.6
    2548. dt:  0.25 ms | #newton:  1 | ph:  0.0% | #CG/newton: 3836 | ls (cap|max|inv|bt):  0| 0| 0| 0| runtime: 1701.1 ms | cr: 6804.2
    2549. dt:  0.25 ms | #newton:  1 | ph:  0.0% | #CG/newton: 3841 | ls (cap|max|inv|bt):  0| 0| 0| 0| runtime: 1700.4 ms | cr: 6801.5
    2550. dt:  0.25 ms | #newton:  1 | ph:  0.0% | #CG/newton: 3652 | ls (cap|max|inv|bt):  0| 0| 0| 0| runtime: 1636.6 ms | cr: 6546.4
    2551. dt:  0.25 ms | #newton:  1 | ph:  0.0% | #CG/newton: 3619 | ls (cap|max|inv|bt):  0| 0| 0| 0| runtime: 1617.4 ms | cr: 6469.7
    2552. dt:  0.25 ms | #newton:  1 | ph:  0.0% | #CG/newton: 3628 | ls (cap|max|inv|bt):  0| 0| 0| 0| runtime: 1700.6 ms | cr: 6802.3
    2553. dt:  0.25 ms | #newton:  1 | ph:  0.0% | #CG/newton: 3810 | ls (cap|max|inv|bt):  0| 0| 0| 0| runtime: 1693.8 ms | cr: 6775.2
    2554. dt:  0.25 ms | #newton:  1 | ph:  0.0% | #CG/newton: 3792 | ls (cap|max|inv|bt):  0| 0| 0| 0| runtime: 1689.0 ms | cr: 6756.2
    2555. dt:  0.25 ms | #newton:  1 | ph:  0.0% | #CG/newton: 3967 | ls (cap|max|inv|bt):  0| 0| 0| 0| runtime: 1766.8 ms | cr: 7067.2
    2556. dt:  0.25 ms | #newton:  1 | ph:  0.0% | #CG/newton: 3969 | ls (cap|max|inv|bt):  0| 0| 0| 0| runtime: 1747.9 ms | cr: 6991.6
    2557. dt:  0.25 ms | #newton:  1 | ph:  0.0% | #CG/newton: 3815 | ls (cap|max|inv|bt):  0| 0| 0| 0| runtime: 1698.8 ms | cr: 6795.2
    2558. dt:  0.25 ms | #newton:  1 | ph:  0.0% | #CG/newton: 3812 | ls (cap|max|inv|bt):  0| 0| 0| 0| runtime: 1686.8 ms | cr: 6747.3
    2559. dt:  0.25 ms | #newton:  1 | ph:  0.0% | #CG/newton: 3812 | ls (cap|max|inv|bt):  0| 0| 0| 0| runtime: 1705.0 ms | cr: 6819.9
    2560. dt:  0.25 ms | #newton:  1 | ph:  0.0% | #CG/newton: 3802 | ls (cap|max|inv|bt):  0| 0| 0| 0| runtime: 1681.1 ms | cr: 6724.3
    2561. dt:  0.25 ms | #newton:  1 | ph:  0.0% | #CG/newton: 3799 | ls (cap|max|inv|bt):  0| 0| 0| 0| runtime: 1680.3 ms | cr: 6721.4
    2562. dt:  0.25 ms | #newton:  1 | ph:  0.0% | #CG/newton: 3623 | ls (cap|max|inv|bt):  0| 0| 0| 0| runtime: 1639.0 ms | cr: 6555.8
    2563. dt:  0.25 ms | #newton:  1 | ph:  0.0% | #CG/newton: 3804 | ls (cap|max|inv|bt):  0| 0| 0| 0| runtime: 1689.9 ms | cr: 6759.7
    2564. dt:  0.25 ms | #newton:  1 | ph:  0.0% | #CG/newton: 3819 | ls (cap|max|inv|bt):  0| 0| 0| 0| runtime: 1704.3 ms | cr: 6817.2
    2565. dt:  0.25 ms | #newton:  1 | ph:  0.0% | #CG/newton: 3996 | ls (cap|max|inv|bt):  0| 0| 0| 0| runtime: 1764.6 ms | cr: 7058.3
    2566. dt:  0.25 ms | #newton:  1 | ph:  0.0% | #CG/newton: 3976 | ls (cap|max|inv|bt):  0| 0| 0| 0| runtime: 1762.0 ms | cr: 7047.9
    2567. dt:  0.25 ms | #newton:  1 | ph:  0.0% | #CG/newton: 3836 | ls (cap|max|inv|bt):  0| 0| 0| 0| runtime: 1709.7 ms | cr: 6838.9
    2568. dt:  0.25 ms | #newton:  1 | ph:  0.0% | #CG/newton: 3819 | ls (cap|max|inv|bt):  0| 0| 0| 0| runtime: 1710.9 ms | cr: 6843.6
    2569. dt:  0.25 ms | #newton:  1 | ph:  0.0% | #CG/newton: 3823 | ls (cap|max|inv|bt):  0| 0| 0| 0| runtime: 1699.3 ms | cr: 6797.3
    2570. dt:  0.25 ms | #newton:  1 | ph:  0.0% | #CG/newton: 3992 | ls (cap|max|inv|bt):  0| 0| 0| 0| runtime: 1755.9 ms | cr: 7023.5
    2571. dt:  0.25 ms | #newton:  1 | ph:  0.0% | #CG/newton: 4000 | ls (cap|max|inv|bt):  0| 0| 0| 0| runtime: 1776.9 ms | cr: 7107.7
    2572. dt:  0.25 ms | #newton:  1 | ph:  0.0% | #CG/newton: 3996 | ls (cap|max|inv|bt):  0| 0| 0| 0| runtime: 1762.2 ms | cr: 7048.6
    2573. dt:  0.25 ms | #newton:  1 | ph:  0.0% | #CG/newton: 3999 | ls (cap|max|inv|bt):  0| 0| 0| 0| runtime: 1765.3 ms | cr: 7061.2
    2574. dt:  0.25 ms | #newton:  1 | ph:  0.0% | #CG/newton: 3958 | ls (cap|max|inv|bt):  0| 0| 0| 0| runtime: 1758.0 ms | cr: 7032.2
    2575. dt:  0.25 ms | #newton:  1 | ph:  0.0% | #CG/newton: 3963 | ls (cap|max|inv|bt):  0| 0| 0| 0| runtime: 1758.4 ms | cr: 7033.4
    2576. dt:  0.25 ms | #newton:  1 | ph:  0.0% | #CG/newton: 3832 | ls (cap|max|inv|bt):  0| 0| 0| 0| runtime: 1702.3 ms | cr: 6809.1
    2577. dt:  0.25 ms | #newton:  1 | ph:  0.0% | #CG/newton: 3642 | ls (cap|max|inv|bt):  0| 0| 0| 0| runtime: 1614.9 ms | cr: 6459.7
    2578. dt:  0.25 ms | #newton:  1 | ph:  0.0% | #CG/newton: 3632 | ls (cap|max|inv|bt):  0| 0| 0| 0| runtime: 1623.1 ms | cr: 6492.3
    2579. dt:  0.25 ms | #newton:  1 | ph:  0.0% | #CG/newton: 3627 | ls (cap|max|inv|bt):  0| 0| 0| 0| runtime: 1616.5 ms | cr: 6465.9
    2580. dt:  0.25 ms | #newton:  1 | ph:  0.0% | #CG/newton: 3626 | ls (cap|max|inv|bt):  0| 0| 0| 0| runtime: 1629.0 ms | cr: 6515.9
    2581. dt:  0.25 ms | #newton:  1 | ph:  0.0% | #CG/newton: 3625 | ls (cap|max|inv|bt):  0| 0| 0| 0| runtime: 1628.5 ms | cr: 6514.0
    2582. dt:  0.25 ms | #newton:  1 | ph:  0.0% | #CG/newton: 3621 | ls (cap|max|inv|bt):  0| 0| 0| 0| runtime: 1610.7 ms | cr: 6442.8
    2583. dt:  0.25 ms | #newton:  1 | ph:  0.0% | #CG/newton: 3623 | ls (cap|max|inv|bt):  0| 0| 0| 0| runtime: 1631.5 ms | cr: 6526.0
    2584. dt:  0.25 ms | #newton:  1 | ph:  0.0% | #CG/newton: 3622 | ls (cap|max|inv|bt):  0| 0| 0| 0| runtime: 1622.0 ms | cr: 6487.9
    2585. dt:  0.25 ms | #newton:  1 | ph:  0.0% | #CG/newton: 3624 | ls (cap|max|inv|bt):  0| 0| 0| 0| runtime: 1639.0 ms | cr: 6556.1
    2586. dt:  0.25 ms | #newton:  1 | ph:  0.0% | #CG/newton: 3622 | ls (cap|max|inv|bt):  0| 0| 0| 0| runtime: 1616.2 ms | cr: 6464.8
    2587. dt:  0.25 ms | #newton:  1 | ph:  0.0% | #CG/newton: 3620 | ls (cap|max|inv|bt):  0| 0| 0| 0| runtime: 1640.9 ms | cr: 6563.4
    2588. dt:  0.25 ms | #newton:  1 | ph:  0.0% | #CG/newton: 3622 | ls (cap|max|inv|bt):  0| 0| 0| 0| runtime: 1636.5 ms | cr: 6546.0
    2589. dt:  0.25 ms | #newton:  1 | ph:  0.0% | #CG/newton: 3622 | ls (cap|max|inv|bt):  0| 0| 0| 0| runtime: 1632.2 ms | cr: 6528.8
    2590. dt:  0.25 ms | #newton:  1 | ph:  0.0% | #CG/newton: 3620 | ls (cap|max|inv|bt):  0| 0| 0| 0| runtime: 1615.1 ms | cr: 6460.2
    2591. dt:  0.25 ms | #newton:  1 | ph:  0.0% | #CG/newton: 3626 | ls (cap|max|inv|bt):  0| 0| 0| 0| runtime: 1619.3 ms | cr: 6477.3
    2592. dt:  0.25 ms | #newton:  1 | ph:  0.0% | #CG/newton: 3619 | ls (cap|max|inv|bt):  0| 0| 0| 0| runtime: 1618.7 ms | cr: 6474.7
    2593. dt:  0.25 ms | #newton:  1 | ph:  0.0% | #CG/newton: 3621 | ls (cap|max|inv|bt):  0| 0| 0| 0| runtime: 1622.8 ms | cr: 6491.0
    2594. dt:  0.25 ms | #newton:  1 | ph:  0.0% | #CG/newton: 3608 | ls (cap|max|inv|bt):  0| 0| 0| 0| runtime: 1620.5 ms | cr: 6481.9
    2595. dt:  0.25 ms | #newton:  1 | ph:  0.0% | #CG/newton: 3608 | ls (cap|max|inv|bt):  0| 0| 0| 0| runtime: 1615.0 ms | cr: 6459.9
    2596. dt:  0.25 ms | #newton:  1 | ph:  0.0% | #CG/newton: 3607 | ls (cap|max|inv|bt):  0| 0| 0| 0| runtime: 1621.2 ms | cr: 6484.6
    2597. dt:  0.25 ms | #newton:  1 | ph:  0.0% | #CG/newton: 3605 | ls (cap|max|inv|bt):  0| 0| 0| 0| runtime: 1619.7 ms | cr: 6478.6
    2598. dt:  0.25 ms | #newton:  1 | ph:  0.0% | #CG/newton: 3613 | ls (cap|max|inv|bt):  0| 0| 0| 0| runtime: 1614.4 ms | cr: 6457.7
    2599. dt:  0.25 ms | #newton:  1 | ph:  0.0% | #CG/newton: 3608 | ls (cap|max|inv|bt):  0| 0| 0| 0| runtime: 1609.6 ms | cr: 6438.6
    2600. dt:  0.25 ms | #newton:  1 | ph:  0.0% | #CG/newton: 3605 | ls (cap|max|inv|bt):  0| 0| 0| 0| runtime: 1605.6 ms | cr: 6422.3
    2601. dt:  0.25 ms | #newton:  1 | ph:  0.0% | #CG/newton: 3603 | ls (cap|max|inv|bt):  0| 0| 0| 0| runtime: 1622.0 ms | cr: 6487.9
    2602. dt:  0.25 ms | #newton:  1 | ph:  0.0% | #CG/newton: 3602 | ls (cap|max|inv|bt):  0| 0| 0| 0| runtime: 1630.7 ms | cr: 6522.7
    2603. dt:  0.25 ms | #newton:  1 | ph:  0.0% | #CG/newton: 3600 | ls (cap|max|inv|bt):  0| 0| 0| 0| runtime: 1653.4 ms | cr: 6613.6
    2604. dt:  0.25 ms | #newton:  1 | ph:  0.0% | #CG/newton: 3601 | ls (cap|max|inv|bt):  0| 0| 0| 0| runtime: 1609.1 ms | cr: 6436.4
    2605. dt:  0.25 ms | #newton:  1 | ph:  0.0% | #CG/newton: 3596 | ls (cap|max|inv|bt):  0| 0| 0| 0| runtime: 1607.4 ms | cr: 6429.6
    2606. dt:  0.25 ms | #newton:  1 | ph:  0.0% | #CG/newton: 3598 | ls (cap|max|inv|bt):  0| 0| 0| 0| runtime: 1615.5 ms | cr: 6462.0
    2607. dt:  0.25 ms | #newton:  1 | ph:  0.0% | #CG/newton: 3597 | ls (cap|max|inv|bt):  0| 0| 0| 0| runtime: 1616.2 ms | cr: 6464.7
    2608. dt:  0.25 ms | #newton:  1 | ph:  0.0% | #CG/newton: 3599 | ls (cap|max|inv|bt):  0| 0| 0| 0| runtime: 1617.5 ms | cr: 6470.1
    2609. dt:  0.25 ms | #newton:  1 | ph:  0.0% | #CG/newton: 3600 | ls (cap|max|inv|bt):  0| 0| 0| 0| runtime: 1622.3 ms | cr: 6489.1
    2610. dt:  0.25 ms | #newton:  1 | ph:  0.0% | #CG/newton: 3598 | ls (cap|max|inv|bt):  0| 0| 0| 0| runtime: 1617.6 ms | cr: 6470.3
    2611. dt:  0.25 ms | #newton:  1 | ph:  0.0% | #CG/newton: 3598 | ls (cap|max|inv|bt):  0| 0| 0| 0| runtime: 1618.3 ms | cr: 6473.0
    2612. dt:  0.25 ms | #newton:  1 | ph:  0.0% | #CG/newton: 3603 | ls (cap|max|inv|bt):  0| 0| 0| 0| runtime: 1610.3 ms | cr: 6441.4
    2613. dt:  0.25 ms | #newton:  1 | ph:  0.0% | #CG/newton: 3601 | ls (cap|max|inv|bt):  0| 0| 0| 0| runtime: 1608.3 ms | cr: 6433.3
    2614. dt:  0.25 ms | #newton:  1 | ph:  0.0% | #CG/newton: 3600 | ls (cap|max|inv|bt):  0| 0| 0| 0| runtime: 1617.0 ms | cr: 6468.0
    2615. dt:  0.25 ms | #newton:  1 | ph:  0.0% | #CG/newton: 3601 | ls (cap|max|inv|bt):  0| 0| 0| 0| runtime: 1610.3 ms | cr: 6441.2
    2616. dt:  0.25 ms | #newton:  1 | ph:  0.0% | #CG/newton: 3601 | ls (cap|max|inv|bt):  0| 0| 0| 0| runtime: 1614.2 ms | cr: 6456.7
    2617. dt:  0.25 ms | #newton:  1 | ph:  0.0% | #CG/newton: 3601 | ls (cap|max|inv|bt):  0| 0| 0| 0| runtime: 1601.7 ms | cr: 6406.7
    2618. dt:  0.25 ms | #newton:  1 | ph:  0.0% | #CG/newton: 3588 | ls (cap|max|inv|bt):  0| 0| 0| 0| runtime: 1608.6 ms | cr: 6434.4
    2619. dt:  0.25 ms | #newton:  1 | ph:  0.0% | #CG/newton: 3585 | ls (cap|max|inv|bt):  0| 0| 0| 0| runtime: 1604.0 ms | cr: 6416.0
    2620. dt:  0.25 ms | #newton:  1 | ph:  0.0% | #CG/newton: 3594 | ls (cap|max|inv|bt):  0| 0| 0| 0| runtime: 1605.4 ms | cr: 6421.4
    2621. dt:  0.25 ms | #newton:  1 | ph:  0.0% | #CG/newton: 3607 | ls (cap|max|inv|bt):  0| 0| 0| 0| runtime: 1603.1 ms | cr: 6412.5
    2622. dt:  0.25 ms | #newton:  1 | ph:  0.0% | #CG/newton: 3606 | ls (cap|max|inv|bt):  0| 0| 0| 0| runtime: 1615.2 ms | cr: 6460.6
    2623. dt:  0.25 ms | #newton:  1 | ph:  0.0% | #CG/newton: 3610 | ls (cap|max|inv|bt):  0| 0| 0| 0| runtime: 1614.0 ms | cr: 6455.9
    2624. dt:  0.25 ms | #newton:  1 | ph:  0.0% | #CG/newton: 3451 | ls (cap|max|inv|bt):  0| 0| 0| 0| runtime: 1550.0 ms | cr: 6200.1
    2625. dt:  0.25 ms | #newton:  1 | ph:  0.0% | #CG/newton: 3611 | ls (cap|max|inv|bt):  0| 0| 0| 0| runtime: 1608.2 ms | cr: 6432.8
    2626. dt:  0.25 ms | #newton:  1 | ph:  0.0% | #CG/newton: 3607 | ls (cap|max|inv|bt):  0| 0| 0| 0| runtime: 1590.0 ms | cr: 6360.0
    2627. dt:  0.25 ms | #newton:  1 | ph:  0.0% | #CG/newton: 3611 | ls (cap|max|inv|bt):  0| 0| 0| 0| runtime: 1610.5 ms | cr: 6441.9
    2628. dt:  0.25 ms | #newton:  1 | ph:  0.0% | #CG/newton: 3609 | ls (cap|max|inv|bt):  0| 0| 0| 0| runtime: 1655.6 ms | cr: 6622.5
    2629. dt:  0.25 ms | #newton:  1 | ph:  0.0% | #CG/newton: 3612 | ls (cap|max|inv|bt):  0| 0| 0| 0| runtime: 1613.0 ms | cr: 6452.0
    2630. dt:  0.25 ms | #newton:  1 | ph:  0.0% | #CG/newton: 3610 | ls (cap|max|inv|bt):  0| 0| 0| 0| runtime: 1635.5 ms | cr: 6542.1
    2631. dt:  0.25 ms | #newton:  1 | ph:  0.0% | #CG/newton: 3608 | ls (cap|max|inv|bt):  0| 0| 0| 0| runtime: 1612.0 ms | cr: 6448.0
    2632. dt:  0.25 ms | #newton:  1 | ph:  0.0% | #CG/newton: 3811 | ls (cap|max|inv|bt):  0| 0| 0| 0| runtime: 1698.4 ms | cr: 6793.7
    2633. dt:  0.25 ms | #newton:  1 | ph:  0.0% | #CG/newton: 3804 | ls (cap|max|inv|bt):  0| 0| 0| 0| runtime: 1692.8 ms | cr: 6771.2
    2634. dt:  0.25 ms | #newton:  1 | ph:  0.0% | #CG/newton: 3761 | ls (cap|max|inv|bt):  0| 0| 0| 0| runtime: 1669.9 ms | cr: 6679.6
    2635. dt:  0.25 ms | #newton:  1 | ph:  0.0% | #CG/newton: 3952 | ls (cap|max|inv|bt):  0| 0| 0| 0| runtime: 1746.3 ms | cr: 6985.3
    2636. dt:  0.25 ms | #newton:  1 | ph:  0.0% | #CG/newton: 3955 | ls (cap|max|inv|bt):  0| 0| 0| 0| runtime: 1742.8 ms | cr: 6971.0
    2637. dt:  0.25 ms | #newton:  1 | ph:  0.0% | #CG/newton: 3956 | ls (cap|max|inv|bt):  0| 0| 0| 0| runtime: 1747.5 ms | cr: 6990.2
    2638. dt:  0.25 ms | #newton:  1 | ph:  0.0% | #CG/newton: 3947 | ls (cap|max|inv|bt):  0| 0| 0| 0| runtime: 1794.6 ms | cr: 7178.3
    2639. dt:  0.25 ms | #newton:  1 | ph:  0.0% | #CG/newton: 3943 | ls (cap|max|inv|bt):  0| 0| 0| 0| runtime: 1744.5 ms | cr: 6977.9
    2640. dt:  0.25 ms | #newton:  1 | ph:  0.0% | #CG/newton: 3940 | ls (cap|max|inv|bt):  0| 0| 0| 0| runtime: 1738.3 ms | cr: 6953.0
    2641. dt:  0.25 ms | #newton:  1 | ph:  0.0% | #CG/newton: 3941 | ls (cap|max|inv|bt):  0| 0| 0| 0| runtime: 1746.6 ms | cr: 6986.2
    2642. dt:  0.25 ms | #newton:  1 | ph:  0.0% | #CG/newton: 3953 | ls (cap|max|inv|bt):  0| 0| 0| 0| runtime: 1747.0 ms | cr: 6988.0
    2643. dt:  0.25 ms | #newton:  1 | ph:  0.0% | #CG/newton: 3954 | ls (cap|max|inv|bt):  0| 0| 0| 0| runtime: 1746.2 ms | cr: 6984.9
    2644. dt:  0.25 ms | #newton:  1 | ph:  0.0% | #CG/newton: 3953 | ls (cap|max|inv|bt):  0| 0| 0| 0| runtime: 1749.5 ms | cr: 6998.1
    2645. dt:  0.25 ms | #newton:  1 | ph:  0.0% | #CG/newton: 3951 | ls (cap|max|inv|bt):  0| 0| 0| 0| runtime: 1742.1 ms | cr: 6968.3
    2646. dt:  0.25 ms | #newton:  1 | ph:  0.0% | #CG/newton: 3809 | ls (cap|max|inv|bt):  0| 0| 0| 0| runtime: 1691.2 ms | cr: 6764.7
    2647. dt:  0.25 ms | #newton:  1 | ph:  0.0% | #CG/newton: 3778 | ls (cap|max|inv|bt):  0| 0| 0| 0| runtime: 1677.3 ms | cr: 6709.0
    2648. dt:  0.25 ms | #newton:  1 | ph:  0.0% | #CG/newton: 3764 | ls (cap|max|inv|bt):  0| 0| 0| 0| runtime: 1679.3 ms | cr: 6717.3
    2649. dt:  0.25 ms | #newton:  1 | ph:  0.0% | #CG/newton: 3774 | ls (cap|max|inv|bt):  0| 0| 0| 0| runtime: 1668.1 ms | cr: 6672.5
    2650. dt:  0.25 ms | #newton:  1 | ph:  0.0% | #CG/newton: 3606 | ls (cap|max|inv|bt):  0| 0| 0| 0| runtime: 1600.0 ms | cr: 6400.0
    2651. dt:  0.25 ms | #newton:  1 | ph:  0.0% | #CG/newton: 3653 | ls (cap|max|inv|bt):  0| 0| 0| 0| runtime: 1628.4 ms | cr: 6513.5
    2652. dt:  0.25 ms | #newton:  1 | ph:  0.0% | #CG/newton: 3799 | ls (cap|max|inv|bt):  0| 0| 0| 0| runtime: 1682.6 ms | cr: 6730.2
    2653. dt:  0.25 ms | #newton:  1 | ph:  0.0% | #CG/newton: 3806 | ls (cap|max|inv|bt):  0| 0| 0| 0| runtime: 1656.5 ms | cr: 6625.9
    2654. dt:  0.25 ms | #newton:  1 | ph:  0.0% | #CG/newton: 3784 | ls (cap|max|inv|bt):  0| 0| 0| 0| runtime: 1607.1 ms | cr: 6428.6
    2655. dt:  0.25 ms | #newton:  1 | ph:  0.0% | #CG/newton: 3780 | ls (cap|max|inv|bt):  0| 0| 0| 0| runtime: 1610.8 ms | cr: 6443.4
    2656. dt:  0.25 ms | #newton:  1 | ph:  0.0% | #CG/newton: 3780 | ls (cap|max|inv|bt):  0| 0| 0| 0| runtime: 1741.5 ms | cr: 6965.9
    2657. dt:  0.25 ms | #newton:  1 | ph:  0.0% | #CG/newton: 3661 | ls (cap|max|inv|bt):  0| 0| 0| 0| runtime: 1619.5 ms | cr: 6478.1
    2658. dt:  0.25 ms | #newton:  1 | ph:  0.0% | #CG/newton: 3652 | ls (cap|max|inv|bt):  0| 0| 0| 0| runtime: 1637.5 ms | cr: 6550.1
    2659. dt:  0.25 ms | #newton:  1 | ph:  0.0% | #CG/newton: 3461 | ls (cap|max|inv|bt):  0| 0| 0| 0| runtime: 1566.6 ms | cr: 6266.3
    2660. dt:  0.25 ms | #newton:  1 | ph:  0.0% | #CG/newton: 3616 | ls (cap|max|inv|bt):  0| 0| 0| 0| runtime: 1627.9 ms | cr: 6511.5
    2661. dt:  0.25 ms | #newton:  1 | ph:  0.0% | #CG/newton: 3635 | ls (cap|max|inv|bt):  0| 0| 0| 0| runtime: 1635.0 ms | cr: 6540.1
    2662. dt:  0.25 ms | #newton:  1 | ph:  0.0% | #CG/newton: 3623 | ls (cap|max|inv|bt):  0| 0| 0| 0| runtime: 1613.5 ms | cr: 6453.9
    2663. dt:  0.25 ms | #newton:  1 | ph:  0.0% | #CG/newton: 3798 | ls (cap|max|inv|bt):  0| 0| 0| 0| runtime: 1689.2 ms | cr: 6756.8
    2664. dt:  0.25 ms | #newton:  1 | ph:  0.0% | #CG/newton: 3969 | ls (cap|max|inv|bt):  0| 0| 0| 0| runtime: 1753.3 ms | cr: 7013.3
    2665. dt:  0.25 ms | #newton:  1 | ph:  0.0% | #CG/newton: 3963 | ls (cap|max|inv|bt):  0| 0| 0| 0| runtime: 1756.3 ms | cr: 7025.2
    2666. dt:  0.25 ms | #newton:  1 | ph:  0.0% | #CG/newton: 3960 | ls (cap|max|inv|bt):  0| 0| 0| 0| runtime: 1752.7 ms | cr: 7010.9
[Frame: 20] Time: 0.667 s
    2667. dt:  0.25 ms | #newton:  1 | ph:  0.0% | #CG/newton: 3805 | ls (cap|max|inv|bt):  0| 0| 0| 0| runtime: 1701.2 ms | cr: 6804.6
    2668. dt:  0.25 ms | #newton:  1 | ph:  0.0% | #CG/newton: 3782 | ls (cap|max|inv|bt):  0| 0| 0| 0| runtime: 1682.0 ms | cr: 6727.9
    2669. dt:  0.25 ms | #newton:  1 | ph:  0.0% | #CG/newton: 3613 | ls (cap|max|inv|bt):  0| 0| 0| 0| runtime: 1616.7 ms | cr: 6467.0
    2670. dt:  0.25 ms | #newton:  1 | ph:  0.0% | #CG/newton: 3641 | ls (cap|max|inv|bt):  0| 0| 0| 0| runtime: 1620.9 ms | cr: 6483.5
    2671. dt:  0.25 ms | #newton:  1 | ph:  0.0% | #CG/newton: 3806 | ls (cap|max|inv|bt):  0| 0| 0| 0| runtime: 1683.3 ms | cr: 6733.2
    2672. dt:  0.25 ms | #newton:  1 | ph:  0.0% | #CG/newton: 3812 | ls (cap|max|inv|bt):  0| 0| 0| 0| runtime: 1692.1 ms | cr: 6768.5
    2673. dt:  0.25 ms | #newton:  1 | ph:  0.0% | #CG/newton: 3656 | ls (cap|max|inv|bt):  0| 0| 0| 0| runtime: 1641.9 ms | cr: 6567.7
    2674. dt:  0.25 ms | #newton:  1 | ph:  0.0% | #CG/newton: 3652 | ls (cap|max|inv|bt):  0| 0| 0| 0| runtime: 1648.3 ms | cr: 6593.4
    2675. dt:  0.25 ms | #newton:  1 | ph:  0.0% | #CG/newton: 3644 | ls (cap|max|inv|bt):  0| 0| 0| 0| runtime: 1623.2 ms | cr: 6492.7
    2676. dt:  0.25 ms | #newton:  1 | ph:  0.0% | #CG/newton: 3659 | ls (cap|max|inv|bt):  0| 0| 0| 0| runtime: 1624.1 ms | cr: 6496.5
    2677. dt:  0.25 ms | #newton:  1 | ph:  0.0% | #CG/newton: 3463 | ls (cap|max|inv|bt):  0| 0| 0| 0| runtime: 1555.1 ms | cr: 6220.4
    2678. dt:  0.25 ms | #newton:  1 | ph:  0.0% | #CG/newton: 3454 | ls (cap|max|inv|bt):  0| 0| 0| 0| runtime: 1557.6 ms | cr: 6230.4
    2679. dt:  0.25 ms | #newton:  1 | ph:  0.0% | #CG/newton: 3443 | ls (cap|max|inv|bt):  0| 0| 0| 0| runtime: 1549.2 ms | cr: 6196.9
    2680. dt:  0.25 ms | #newton:  1 | ph:  0.0% | #CG/newton: 3436 | ls (cap|max|inv|bt):  0| 0| 0| 0| runtime: 1563.1 ms | cr: 6252.5
    2681. dt:  0.25 ms | #newton:  1 | ph:  0.0% | #CG/newton: 3428 | ls (cap|max|inv|bt):  0| 0| 0| 0| runtime: 1555.1 ms | cr: 6220.4
    2682. dt:  0.25 ms | #newton:  1 | ph:  0.0% | #CG/newton: 3601 | ls (cap|max|inv|bt):  0| 0| 0| 0| runtime: 1603.8 ms | cr: 6415.2
    2683. dt:  0.25 ms | #newton:  1 | ph:  0.0% | #CG/newton: 3601 | ls (cap|max|inv|bt):  0| 0| 0| 0| runtime: 1610.1 ms | cr: 6440.3
    2684. dt:  0.25 ms | #newton:  1 | ph:  0.0% | #CG/newton: 3559 | ls (cap|max|inv|bt):  0| 0| 0| 0| runtime: 1592.9 ms | cr: 6371.4
    2685. dt:  0.25 ms | #newton:  1 | ph:  0.0% | #CG/newton: 3606 | ls (cap|max|inv|bt):  0| 0| 0| 0| runtime: 1610.4 ms | cr: 6441.7
    2686. dt:  0.25 ms | #newton:  1 | ph:  0.0% | #CG/newton: 3608 | ls (cap|max|inv|bt):  0| 0| 0| 0| runtime: 1623.7 ms | cr: 6494.7
    2687. dt:  0.25 ms | #newton:  1 | ph:  0.0% | #CG/newton: 3610 | ls (cap|max|inv|bt):  0| 0| 0| 0| runtime: 1615.6 ms | cr: 6462.2
    2688. dt:  0.25 ms | #newton:  1 | ph:  0.0% | #CG/newton: 3458 | ls (cap|max|inv|bt):  0| 0| 0| 0| runtime: 1540.0 ms | cr: 6160.1
    2689. dt:  0.25 ms | #newton:  1 | ph:  0.0% | #CG/newton: 3606 | ls (cap|max|inv|bt):  0| 0| 0| 0| runtime: 1607.1 ms | cr: 6428.4
    2690. dt:  0.25 ms | #newton:  1 | ph:  0.0% | #CG/newton: 3605 | ls (cap|max|inv|bt):  0| 0| 0| 0| runtime: 1598.2 ms | cr: 6392.8
    2691. dt:  0.25 ms | #newton:  1 | ph:  0.0% | #CG/newton: 3440 | ls (cap|max|inv|bt):  0| 0| 0| 0| runtime: 1546.8 ms | cr: 6187.0
    2692. dt:  0.25 ms | #newton:  1 | ph:  0.0% | #CG/newton: 3604 | ls (cap|max|inv|bt):  0| 0| 0| 0| runtime: 1610.5 ms | cr: 6442.0
    2693. dt:  0.25 ms | #newton:  1 | ph:  0.0% | #CG/newton: 3604 | ls (cap|max|inv|bt):  0| 0| 0| 0| runtime: 1623.4 ms | cr: 6493.6
    2694. dt:  0.25 ms | #newton:  1 | ph:  0.0% | #CG/newton: 3601 | ls (cap|max|inv|bt):  0| 0| 0| 0| runtime: 1604.3 ms | cr: 6417.3
    2695. dt:  0.25 ms | #newton:  1 | ph:  0.0% | #CG/newton: 3603 | ls (cap|max|inv|bt):  0| 0| 0| 0| runtime: 1612.8 ms | cr: 6451.2
    2696. dt:  0.25 ms | #newton:  1 | ph:  0.0% | #CG/newton: 3593 | ls (cap|max|inv|bt):  0| 0| 0| 0| runtime: 1616.8 ms | cr: 6467.1
    2697. dt:  0.25 ms | #newton:  1 | ph:  0.0% | #CG/newton: 3601 | ls (cap|max|inv|bt):  0| 0| 0| 0| runtime: 1614.9 ms | cr: 6459.6
    2698. dt:  0.25 ms | #newton:  1 | ph:  0.0% | #CG/newton: 3589 | ls (cap|max|inv|bt):  0| 0| 0| 0| runtime: 1612.7 ms | cr: 6450.9
    2699. dt:  0.25 ms | #newton:  1 | ph:  0.0% | #CG/newton: 3448 | ls (cap|max|inv|bt):  0| 0| 0| 0| runtime: 1553.9 ms | cr: 6215.4
    2700. dt:  0.25 ms | #newton:  1 | ph:  0.0% | #CG/newton: 3618 | ls (cap|max|inv|bt):  0| 0| 0| 0| runtime: 1616.2 ms | cr: 6464.8
    2701. dt:  0.25 ms | #newton:  1 | ph:  0.0% | #CG/newton: 3598 | ls (cap|max|inv|bt):  0| 0| 0| 0| runtime: 1614.6 ms | cr: 6458.5
    2702. dt:  0.25 ms | #newton:  1 | ph:  0.0% | #CG/newton: 3596 | ls (cap|max|inv|bt):  0| 0| 0| 0| runtime: 1624.4 ms | cr: 6497.8
    2703. dt:  0.25 ms | #newton:  1 | ph:  0.0% | #CG/newton: 3597 | ls (cap|max|inv|bt):  0| 0| 0| 0| runtime: 1606.0 ms | cr: 6424.0
    2704. dt:  0.25 ms | #newton:  1 | ph:  0.0% | #CG/newton: 3609 | ls (cap|max|inv|bt):  0| 0| 0| 0| runtime: 1637.4 ms | cr: 6549.5
    2705. dt:  0.25 ms | #newton:  1 | ph:  0.0% | #CG/newton: 3600 | ls (cap|max|inv|bt):  0| 0| 0| 0| runtime: 1601.3 ms | cr: 6405.3
    2706. dt:  0.25 ms | #newton:  1 | ph:  0.0% | #CG/newton: 3441 | ls (cap|max|inv|bt):  0| 0| 0| 0| runtime: 1540.4 ms | cr: 6161.6
    2707. dt:  0.25 ms | #newton:  1 | ph:  0.0% | #CG/newton: 3431 | ls (cap|max|inv|bt):  0| 0| 0| 0| runtime: 1522.0 ms | cr: 6088.0
    2708. dt:  0.25 ms | #newton:  1 | ph:  0.0% | #CG/newton: 3586 | ls (cap|max|inv|bt):  0| 0| 0| 0| runtime: 1597.2 ms | cr: 6388.7
    2709. dt:  0.25 ms | #newton:  1 | ph:  0.0% | #CG/newton: 3755 | ls (cap|max|inv|bt):  0| 0| 0| 0| runtime: 1674.1 ms | cr: 6696.4
    2710. dt:  0.25 ms | #newton:  1 | ph:  0.0% | #CG/newton: 3729 | ls (cap|max|inv|bt):  0| 0| 0| 0| runtime: 1654.0 ms | cr: 6616.1
    2711. dt:  0.25 ms | #newton:  1 | ph:  0.0% | #CG/newton: 3728 | ls (cap|max|inv|bt):  0| 0| 0| 0| runtime: 1658.9 ms | cr: 6635.6
    2712. dt:  0.25 ms | #newton:  1 | ph:  0.0% | #CG/newton: 3773 | ls (cap|max|inv|bt):  0| 0| 0| 0| runtime: 1681.7 ms | cr: 6727.0
    2713. dt:  0.25 ms | #newton:  1 | ph:  0.0% | #CG/newton: 3928 | ls (cap|max|inv|bt):  0| 0| 0| 0| runtime: 1732.4 ms | cr: 6929.6
    2714. dt:  0.25 ms | #newton:  1 | ph:  0.0% | #CG/newton: 3927 | ls (cap|max|inv|bt):  0| 0| 0| 0| runtime: 1733.0 ms | cr: 6931.8
    2715. dt:  0.25 ms | #newton:  1 | ph:  0.0% | #CG/newton: 3928 | ls (cap|max|inv|bt):  0| 0| 0| 0| runtime: 1742.4 ms | cr: 6969.7
    2716. dt:  0.25 ms | #newton:  1 | ph:  0.0% | #CG/newton: 3926 | ls (cap|max|inv|bt):  0| 0| 0| 0| runtime: 1728.0 ms | cr: 6911.8
    2717. dt:  0.25 ms | #newton:  1 | ph:  0.0% | #CG/newton: 3606 | ls (cap|max|inv|bt):  0| 0| 0| 0| runtime: 1571.3 ms | cr: 6285.4
    2718. dt:  0.25 ms | #newton:  1 | ph:  0.0% | #CG/newton: 3593 | ls (cap|max|inv|bt):  0| 0| 0| 0| runtime: 1607.2 ms | cr: 6428.8
    2719. dt:  0.25 ms | #newton:  1 | ph:  0.0% | #CG/newton: 3582 | ls (cap|max|inv|bt):  0| 0| 0| 0| runtime: 1599.2 ms | cr: 6397.0
    2720. dt:  0.25 ms | #newton:  1 | ph:  0.0% | #CG/newton: 3404 | ls (cap|max|inv|bt):  0| 0| 0| 0| runtime: 1539.1 ms | cr: 6156.6
    2721. dt:  0.25 ms | #newton:  1 | ph:  0.0% | #CG/newton: 3571 | ls (cap|max|inv|bt):  0| 0| 0| 0| runtime: 1601.8 ms | cr: 6407.1
    2722. dt:  0.25 ms | #newton:  1 | ph:  0.0% | #CG/newton: 3573 | ls (cap|max|inv|bt):  0| 0| 0| 0| runtime: 1599.8 ms | cr: 6399.3
    2723. dt:  0.25 ms | #newton:  1 | ph:  0.0% | #CG/newton: 3577 | ls (cap|max|inv|bt):  0| 0| 0| 0| runtime: 1591.3 ms | cr: 6365.0
    2724. dt:  0.25 ms | #newton:  1 | ph:  0.0% | #CG/newton: 3750 | ls (cap|max|inv|bt):  0| 0| 0| 0| runtime: 1671.4 ms | cr: 6685.5
    2725. dt:  0.25 ms | #newton:  1 | ph:  0.0% | #CG/newton: 3571 | ls (cap|max|inv|bt):  0| 0| 0| 0| runtime: 1589.3 ms | cr: 6357.2
    2726. dt:  0.25 ms | #newton:  1 | ph:  0.0% | #CG/newton: 3574 | ls (cap|max|inv|bt):  0| 0| 0| 0| runtime: 1534.4 ms | cr: 6137.5
    2727. dt:  0.25 ms | #newton:  1 | ph:  0.0% | #CG/newton: 3571 | ls (cap|max|inv|bt):  0| 0| 0| 0| runtime: 1605.5 ms | cr: 6421.9
    2728. dt:  0.25 ms | #newton:  1 | ph:  0.0% | #CG/newton: 3572 | ls (cap|max|inv|bt):  0| 0| 0| 0| runtime: 1537.5 ms | cr: 6150.0
    2729. dt:  0.25 ms | #newton:  1 | ph:  0.0% | #CG/newton: 3745 | ls (cap|max|inv|bt):  0| 0| 0| 0| runtime: 1626.7 ms | cr: 6506.9
    2730. dt:  0.25 ms | #newton:  1 | ph:  0.0% | #CG/newton: 3569 | ls (cap|max|inv|bt):  0| 0| 0| 0| runtime: 1609.0 ms | cr: 6435.8
    2731. dt:  0.25 ms | #newton:  1 | ph:  0.0% | #CG/newton: 3568 | ls (cap|max|inv|bt):  0| 0| 0| 0| runtime: 1592.7 ms | cr: 6370.7
    2732. dt:  0.25 ms | #newton:  1 | ph:  0.0% | #CG/newton: 3557 | ls (cap|max|inv|bt):  0| 0| 0| 0| runtime: 1576.0 ms | cr: 6303.9
    2733. dt:  0.25 ms | #newton:  1 | ph:  0.0% | #CG/newton: 3551 | ls (cap|max|inv|bt):  0| 0| 0| 0| runtime: 1580.1 ms | cr: 6320.3
    2734. dt:  0.25 ms | #newton:  1 | ph:  0.0% | #CG/newton: 3550 | ls (cap|max|inv|bt):  0| 0| 0| 0| runtime: 1592.5 ms | cr: 6369.9
    2735. dt:  0.25 ms | #newton:  1 | ph:  0.0% | #CG/newton: 3549 | ls (cap|max|inv|bt):  0| 0| 0| 0| runtime: 1647.4 ms | cr: 6589.7
    2736. dt:  0.25 ms | #newton:  1 | ph:  0.0% | #CG/newton: 3549 | ls (cap|max|inv|bt):  0| 0| 0| 0| runtime: 1639.8 ms | cr: 6559.4
    2737. dt:  0.25 ms | #newton:  1 | ph:  0.0% | #CG/newton: 3553 | ls (cap|max|inv|bt):  0| 0| 0| 0| runtime: 1665.4 ms | cr: 6661.5
    2738. dt:  0.25 ms | #newton:  1 | ph:  0.0% | #CG/newton: 3555 | ls (cap|max|inv|bt):  0| 0| 0| 0| runtime: 1664.0 ms | cr: 6655.9
    2739. dt:  0.25 ms | #newton:  1 | ph:  0.0% | #CG/newton: 3558 | ls (cap|max|inv|bt):  0| 0| 0| 0| runtime: 1661.3 ms | cr: 6645.2
    2740. dt:  0.25 ms | #newton:  1 | ph:  0.0% | #CG/newton: 3562 | ls (cap|max|inv|bt):  0| 0| 0| 0| runtime: 1674.6 ms | cr: 6698.5
    2741. dt:  0.25 ms | #newton:  1 | ph:  0.0% | #CG/newton: 3561 | ls (cap|max|inv|bt):  0| 0| 0| 0| runtime: 1644.1 ms | cr: 6576.5
    2742. dt:  0.25 ms | #newton:  1 | ph:  0.0% | #CG/newton: 3560 | ls (cap|max|inv|bt):  0| 0| 0| 0| runtime: 1650.3 ms | cr: 6601.2
    2743. dt:  0.25 ms | #newton:  1 | ph:  0.0% | #CG/newton: 3568 | ls (cap|max|inv|bt):  0| 0| 0| 0| runtime: 1654.2 ms | cr: 6616.7
    2744. dt:  0.25 ms | #newton:  1 | ph:  0.0% | #CG/newton: 3569 | ls (cap|max|inv|bt):  0| 0| 0| 0| runtime: 1654.9 ms | cr: 6619.5
    2745. dt:  0.25 ms | #newton:  1 | ph:  0.0% | #CG/newton: 3567 | ls (cap|max|inv|bt):  0| 0| 0| 0| runtime: 1681.9 ms | cr: 6727.4
    2746. dt:  0.25 ms | #newton:  1 | ph:  0.0% | #CG/newton: 3569 | ls (cap|max|inv|bt):  0| 0| 0| 0| runtime: 1676.6 ms | cr: 6706.4
    2747. dt:  0.25 ms | #newton:  1 | ph:  0.0% | #CG/newton: 3570 | ls (cap|max|inv|bt):  0| 0| 0| 0| runtime: 1681.9 ms | cr: 6727.6
    2748. dt:  0.25 ms | #newton:  1 | ph:  0.0% | #CG/newton: 3613 | ls (cap|max|inv|bt):  0| 0| 0| 0| runtime: 1669.4 ms | cr: 6677.4
    2749. dt:  0.25 ms | #newton:  1 | ph:  0.0% | #CG/newton: 3573 | ls (cap|max|inv|bt):  0| 0| 0| 0| runtime: 1659.6 ms | cr: 6638.6
    2750. dt:  0.25 ms | #newton:  1 | ph:  0.0% | #CG/newton: 3572 | ls (cap|max|inv|bt):  0| 0| 0| 0| runtime: 1706.3 ms | cr: 6825.3
    2751. dt:  0.25 ms | #newton:  1 | ph:  0.0% | #CG/newton: 3571 | ls (cap|max|inv|bt):  0| 0| 0| 0| runtime: 1692.4 ms | cr: 6769.6
    2752. dt:  0.25 ms | #newton:  1 | ph:  0.0% | #CG/newton: 3569 | ls (cap|max|inv|bt):  0| 0| 0| 0| runtime: 1623.0 ms | cr: 6492.1
    2753. dt:  0.25 ms | #newton:  1 | ph:  0.0% | #CG/newton: 3573 | ls (cap|max|inv|bt):  0| 0| 0| 0| runtime: 1576.4 ms | cr: 6305.6
    2754. dt:  0.25 ms | #newton:  1 | ph:  0.0% | #CG/newton: 3574 | ls (cap|max|inv|bt):  0| 0| 0| 0| runtime: 1565.1 ms | cr: 6260.4
    2755. dt:  0.25 ms | #newton:  1 | ph:  0.0% | #CG/newton: 3575 | ls (cap|max|inv|bt):  0| 0| 0| 0| runtime: 1558.8 ms | cr: 6235.3
    2756. dt:  0.25 ms | #newton:  1 | ph:  0.0% | #CG/newton: 3571 | ls (cap|max|inv|bt):  0| 0| 0| 0| runtime: 1613.5 ms | cr: 6454.1
    2757. dt:  0.25 ms | #newton:  1 | ph:  0.0% | #CG/newton: 3571 | ls (cap|max|inv|bt):  0| 0| 0| 0| runtime: 1654.6 ms | cr: 6618.4
    2758. dt:  0.25 ms | #newton:  1 | ph:  0.0% | #CG/newton: 3575 | ls (cap|max|inv|bt):  0| 0| 0| 0| runtime: 1666.1 ms | cr: 6664.4
    2759. dt:  0.25 ms | #newton:  1 | ph:  0.0% | #CG/newton: 3576 | ls (cap|max|inv|bt):  0| 0| 0| 0| runtime: 1673.0 ms | cr: 6692.0
    2760. dt:  0.25 ms | #newton:  1 | ph:  0.0% | #CG/newton: 3575 | ls (cap|max|inv|bt):  0| 0| 0| 0| runtime: 1653.8 ms | cr: 6615.1
    2761. dt:  0.25 ms | #newton:  1 | ph:  0.0% | #CG/newton: 3578 | ls (cap|max|inv|bt):  0| 0| 0| 0| runtime: 1656.9 ms | cr: 6627.6
    2762. dt:  0.25 ms | #newton:  1 | ph:  0.0% | #CG/newton: 3579 | ls (cap|max|inv|bt):  0| 0| 0| 0| runtime: 1669.1 ms | cr: 6676.5
    2763. dt:  0.25 ms | #newton:  1 | ph:  0.0% | #CG/newton: 3566 | ls (cap|max|inv|bt):  0| 0| 0| 0| runtime: 1641.7 ms | cr: 6566.7
    2764. dt:  0.25 ms | #newton:  1 | ph:  0.0% | #CG/newton: 3584 | ls (cap|max|inv|bt):  0| 0| 0| 0| runtime: 1523.3 ms | cr: 6093.2
    2765. dt:  0.25 ms | #newton:  1 | ph:  0.0% | #CG/newton: 3586 | ls (cap|max|inv|bt):  0| 0| 0| 0| runtime: 1580.0 ms | cr: 6319.8
    2766. dt:  0.25 ms | #newton:  1 | ph:  0.0% | #CG/newton: 3592 | ls (cap|max|inv|bt):  0| 0| 0| 0| runtime: 1606.1 ms | cr: 6424.6
    2767. dt:  0.25 ms | #newton:  1 | ph:  0.0% | #CG/newton: 3593 | ls (cap|max|inv|bt):  0| 0| 0| 0| runtime: 1575.7 ms | cr: 6302.7
    2768. dt:  0.25 ms | #newton:  1 | ph:  0.0% | #CG/newton: 3589 | ls (cap|max|inv|bt):  0| 0| 0| 0| runtime: 1591.4 ms | cr: 6365.7
    2769. dt:  0.25 ms | #newton:  1 | ph:  0.0% | #CG/newton: 3412 | ls (cap|max|inv|bt):  0| 0| 0| 0| runtime: 1502.6 ms | cr: 6010.5
    2770. dt:  0.25 ms | #newton:  1 | ph:  0.0% | #CG/newton: 3583 | ls (cap|max|inv|bt):  0| 0| 0| 0| runtime: 1574.3 ms | cr: 6297.0
    2771. dt:  0.25 ms | #newton:  1 | ph:  0.0% | #CG/newton: 3584 | ls (cap|max|inv|bt):  0| 0| 0| 0| runtime: 1584.6 ms | cr: 6338.6
    2772. dt:  0.25 ms | #newton:  1 | ph:  0.0% | #CG/newton: 3584 | ls (cap|max|inv|bt):  0| 0| 0| 0| runtime: 1593.8 ms | cr: 6375.0
    2773. dt:  0.25 ms | #newton:  1 | ph:  0.0% | #CG/newton: 3585 | ls (cap|max|inv|bt):  0| 0| 0| 0| runtime: 1582.0 ms | cr: 6327.8
    2774. dt:  0.25 ms | #newton:  1 | ph:  0.0% | #CG/newton: 3582 | ls (cap|max|inv|bt):  0| 0| 0| 0| runtime: 1615.9 ms | cr: 6463.6
    2775. dt:  0.25 ms | #newton:  1 | ph:  0.0% | #CG/newton: 3584 | ls (cap|max|inv|bt):  0| 0| 0| 0| runtime: 1593.1 ms | cr: 6372.6
    2776. dt:  0.25 ms | #newton:  1 | ph:  0.0% | #CG/newton: 3583 | ls (cap|max|inv|bt):  0| 0| 0| 0| runtime: 1563.7 ms | cr: 6254.8
    2777. dt:  0.25 ms | #newton:  1 | ph:  0.0% | #CG/newton: 3583 | ls (cap|max|inv|bt):  0| 0| 0| 0| runtime: 1568.6 ms | cr: 6274.2
    2778. dt:  0.25 ms | #newton:  1 | ph:  0.0% | #CG/newton: 3582 | ls (cap|max|inv|bt):  0| 0| 0| 0| runtime: 1569.6 ms | cr: 6278.5
    2779. dt:  0.25 ms | #newton:  1 | ph:  0.0% | #CG/newton: 3584 | ls (cap|max|inv|bt):  0| 0| 0| 0| runtime: 1636.3 ms | cr: 6545.3
    2780. dt:  0.25 ms | #newton:  1 | ph:  0.0% | #CG/newton: 3583 | ls (cap|max|inv|bt):  0| 0| 0| 0| runtime: 1607.3 ms | cr: 6429.2
    2781. dt:  0.25 ms | #newton:  1 | ph:  0.0% | #CG/newton: 3582 | ls (cap|max|inv|bt):  0| 0| 0| 0| runtime: 1627.4 ms | cr: 6509.8
    2782. dt:  0.25 ms | #newton:  1 | ph:  0.0% | #CG/newton: 3584 | ls (cap|max|inv|bt):  0| 0| 0| 0| runtime: 1609.5 ms | cr: 6437.9
    2783. dt:  0.25 ms | #newton:  1 | ph:  0.0% | #CG/newton: 3583 | ls (cap|max|inv|bt):  0| 0| 0| 0| runtime: 1607.3 ms | cr: 6429.4
    2784. dt:  0.25 ms | #newton:  1 | ph:  0.0% | #CG/newton: 3585 | ls (cap|max|inv|bt):  0| 0| 0| 0| runtime: 1572.8 ms | cr: 6291.0
    2785. dt:  0.25 ms | #newton:  1 | ph:  0.0% | #CG/newton: 3584 | ls (cap|max|inv|bt):  0| 0| 0| 0| runtime: 1572.3 ms | cr: 6289.4
    2786. dt:  0.25 ms | #newton:  1 | ph:  0.0% | #CG/newton: 3418 | ls (cap|max|inv|bt):  0| 0| 0| 0| runtime: 1522.4 ms | cr: 6089.7
    2787. dt:  0.25 ms | #newton:  1 | ph:  0.0% | #CG/newton: 3581 | ls (cap|max|inv|bt):  0| 0| 0| 0| runtime: 1547.3 ms | cr: 6189.3
    2788. dt:  0.25 ms | #newton:  1 | ph:  0.0% | #CG/newton: 3585 | ls (cap|max|inv|bt):  0| 0| 0| 0| runtime: 1561.6 ms | cr: 6246.4
    2789. dt:  0.25 ms | #newton:  1 | ph:  0.0% | #CG/newton: 3583 | ls (cap|max|inv|bt):  0| 0| 0| 0| runtime: 1554.6 ms | cr: 6218.5
    2790. dt:  0.25 ms | #newton:  1 | ph:  0.0% | #CG/newton: 3585 | ls (cap|max|inv|bt):  0| 0| 0| 0| runtime: 1562.1 ms | cr: 6248.2
    2791. dt:  0.25 ms | #newton:  1 | ph:  0.0% | #CG/newton: 3581 | ls (cap|max|inv|bt):  0| 0| 0| 0| runtime: 1577.1 ms | cr: 6308.5
    2792. dt:  0.25 ms | #newton:  1 | ph:  0.0% | #CG/newton: 3582 | ls (cap|max|inv|bt):  0| 0| 0| 0| runtime: 1626.9 ms | cr: 6507.7
    2793. dt:  0.25 ms | #newton:  1 | ph:  0.0% | #CG/newton: 3583 | ls (cap|max|inv|bt):  0| 0| 0| 0| runtime: 1626.7 ms | cr: 6506.8
    2794. dt:  0.25 ms | #newton:  1 | ph:  0.0% | #CG/newton: 3581 | ls (cap|max|inv|bt):  0| 0| 0| 0| runtime: 1620.1 ms | cr: 6480.6
    2795. dt:  0.25 ms | #newton:  1 | ph:  0.0% | #CG/newton: 3582 | ls (cap|max|inv|bt):  0| 0| 0| 0| runtime: 1617.4 ms | cr: 6469.6
    2796. dt:  0.25 ms | #newton:  1 | ph:  0.0% | #CG/newton: 3583 | ls (cap|max|inv|bt):  0| 0| 0| 0| runtime: 1605.8 ms | cr: 6423.1
    2797. dt:  0.25 ms | #newton:  1 | ph:  0.0% | #CG/newton: 3578 | ls (cap|max|inv|bt):  0| 0| 0| 0| runtime: 1608.0 ms | cr: 6432.2
    2798. dt:  0.25 ms | #newton:  1 | ph:  0.0% | #CG/newton: 3580 | ls (cap|max|inv|bt):  0| 0| 0| 0| runtime: 1606.5 ms | cr: 6425.9
    2799. dt:  0.25 ms | #newton:  1 | ph:  0.0% | #CG/newton: 3581 | ls (cap|max|inv|bt):  0| 0| 0| 0| runtime: 1603.3 ms | cr: 6413.1
    2800. dt:  0.25 ms | #newton:  1 | ph:  0.0% | #CG/newton: 3581 | ls (cap|max|inv|bt):  0| 0| 0| 0| runtime: 1604.5 ms | cr: 6418.0
[Frame: 21] Time: 0.700 s
    2801. dt:  0.25 ms | #newton:  1 | ph:  0.0% | #CG/newton: 3580 | ls (cap|max|inv|bt):  0| 0| 0| 0| runtime: 1605.6 ms | cr: 6422.2
    2802. dt:  0.25 ms | #newton:  1 | ph:  0.0% | #CG/newton: 3581 | ls (cap|max|inv|bt):  0| 0| 0| 0| runtime: 1599.7 ms | cr: 6399.0
    2803. dt:  0.25 ms | #newton:  1 | ph:  0.0% | #CG/newton: 3581 | ls (cap|max|inv|bt):  0| 0| 0| 0| runtime: 1544.0 ms | cr: 6175.8
    2804. dt:  0.25 ms | #newton:  1 | ph:  0.0% | #CG/newton: 3581 | ls (cap|max|inv|bt):  0| 0| 0| 0| runtime: 1584.2 ms | cr: 6337.0
    2805. dt:  0.25 ms | #newton:  1 | ph:  0.0% | #CG/newton: 3579 | ls (cap|max|inv|bt):  0| 0| 0| 0| runtime: 1614.9 ms | cr: 6459.5
    2806. dt:  0.25 ms | #newton:  1 | ph:  0.0% | #CG/newton: 3579 | ls (cap|max|inv|bt):  0| 0| 0| 0| runtime: 1635.3 ms | cr: 6541.4
    2807. dt:  0.25 ms | #newton:  1 | ph:  0.0% | #CG/newton: 3579 | ls (cap|max|inv|bt):  0| 0| 0| 0| runtime: 1625.3 ms | cr: 6501.3
    2808. dt:  0.25 ms | #newton:  1 | ph:  0.0% | #CG/newton: 3576 | ls (cap|max|inv|bt):  0| 0| 0| 0| runtime: 1614.9 ms | cr: 6459.7
    2809. dt:  0.25 ms | #newton:  1 | ph:  0.0% | #CG/newton: 3579 | ls (cap|max|inv|bt):  0| 0| 0| 0| runtime: 1624.1 ms | cr: 6496.4
    2810. dt:  0.25 ms | #newton:  1 | ph:  0.0% | #CG/newton: 3578 | ls (cap|max|inv|bt):  0| 0| 0| 0| runtime: 1603.7 ms | cr: 6414.8
    2811. dt:  0.25 ms | #newton:  1 | ph:  0.0% | #CG/newton: 3576 | ls (cap|max|inv|bt):  0| 0| 0| 0| runtime: 1608.2 ms | cr: 6432.7
    2812. dt:  0.25 ms | #newton:  1 | ph:  0.0% | #CG/newton: 3579 | ls (cap|max|inv|bt):  0| 0| 0| 0| runtime: 1605.1 ms | cr: 6420.4
    2813. dt:  0.25 ms | #newton:  1 | ph:  0.0% | #CG/newton: 3579 | ls (cap|max|inv|bt):  0| 0| 0| 0| runtime: 1593.0 ms | cr: 6372.1
    2814. dt:  0.25 ms | #newton:  1 | ph:  0.0% | #CG/newton: 3579 | ls (cap|max|inv|bt):  0| 0| 0| 0| runtime: 1546.1 ms | cr: 6184.3
    2815. dt:  0.25 ms | #newton:  1 | ph:  0.0% | #CG/newton: 3579 | ls (cap|max|inv|bt):  0| 0| 0| 0| runtime: 1609.3 ms | cr: 6437.2
    2816. dt:  0.25 ms | #newton:  1 | ph:  0.0% | #CG/newton: 3578 | ls (cap|max|inv|bt):  0| 0| 0| 0| runtime: 1621.6 ms | cr: 6486.2
    2817. dt:  0.25 ms | #newton:  1 | ph:  0.0% | #CG/newton: 3577 | ls (cap|max|inv|bt):  0| 0| 0| 0| runtime: 1603.9 ms | cr: 6415.4
    2818. dt:  0.25 ms | #newton:  1 | ph:  0.0% | #CG/newton: 3579 | ls (cap|max|inv|bt):  0| 0| 0| 0| runtime: 1545.2 ms | cr: 6180.8
    2819. dt:  0.25 ms | #newton:  1 | ph:  0.0% | #CG/newton: 3579 | ls (cap|max|inv|bt):  0| 0| 0| 0| runtime: 1536.6 ms | cr: 6146.3
    2820. dt:  0.25 ms | #newton:  1 | ph:  0.0% | #CG/newton: 3577 | ls (cap|max|inv|bt):  0| 0| 0| 0| runtime: 1527.1 ms | cr: 6108.4
    2821. dt:  0.25 ms | #newton:  1 | ph:  0.0% | #CG/newton: 3577 | ls (cap|max|inv|bt):  0| 0| 0| 0| runtime: 1538.3 ms | cr: 6153.3
    2822. dt:  0.25 ms | #newton:  1 | ph:  0.0% | #CG/newton: 3576 | ls (cap|max|inv|bt):  0| 0| 0| 0| runtime: 1536.7 ms | cr: 6146.9
    2823. dt:  0.25 ms | #newton:  1 | ph:  0.0% | #CG/newton: 3580 | ls (cap|max|inv|bt):  0| 0| 0| 0| runtime: 1531.9 ms | cr: 6127.4
    2824. dt:  0.25 ms | #newton:  1 | ph:  0.0% | #CG/newton: 3576 | ls (cap|max|inv|bt):  0| 0| 0| 0| runtime: 1515.0 ms | cr: 6059.9
    2825. dt:  0.25 ms | #newton:  1 | ph:  0.0% | #CG/newton: 3577 | ls (cap|max|inv|bt):  0| 0| 0| 0| runtime: 1538.4 ms | cr: 6153.5
    2826. dt:  0.25 ms | #newton:  1 | ph:  0.0% | #CG/newton: 3576 | ls (cap|max|inv|bt):  0| 0| 0| 0| runtime: 1573.0 ms | cr: 6292.0
    2827. dt:  0.25 ms | #newton:  1 | ph:  0.0% | #CG/newton: 3575 | ls (cap|max|inv|bt):  0| 0| 0| 0| runtime: 1534.6 ms | cr: 6138.5
    2828. dt:  0.25 ms | #newton:  1 | ph:  0.0% | #CG/newton: 3576 | ls (cap|max|inv|bt):  0| 0| 0| 0| runtime: 1541.5 ms | cr: 6166.0
    2829. dt:  0.25 ms | #newton:  1 | ph:  0.0% | #CG/newton: 3578 | ls (cap|max|inv|bt):  0| 0| 0| 0| runtime: 1525.6 ms | cr: 6102.4
    2830. dt:  0.25 ms | #newton:  1 | ph:  0.0% | #CG/newton: 3578 | ls (cap|max|inv|bt):  0| 0| 0| 0| runtime: 1545.5 ms | cr: 6182.1
    2831. dt:  0.25 ms | #newton:  1 | ph:  0.0% | #CG/newton: 3574 | ls (cap|max|inv|bt):  0| 0| 0| 0| runtime: 1514.4 ms | cr: 6057.7
    2832. dt:  0.25 ms | #newton:  1 | ph:  0.0% | #CG/newton: 3576 | ls (cap|max|inv|bt):  0| 0| 0| 0| runtime: 1519.0 ms | cr: 6076.0
    2833. dt:  0.25 ms | #newton:  1 | ph:  0.0% | #CG/newton: 3575 | ls (cap|max|inv|bt):  0| 0| 0| 0| runtime: 1530.8 ms | cr: 6123.4
    2834. dt:  0.25 ms | #newton:  1 | ph:  0.0% | #CG/newton: 3577 | ls (cap|max|inv|bt):  0| 0| 0| 0| runtime: 1546.8 ms | cr: 6187.2
    2835. dt:  0.25 ms | #newton:  1 | ph:  0.0% | #CG/newton: 3577 | ls (cap|max|inv|bt):  0| 0| 0| 0| runtime: 1535.8 ms | cr: 6143.4
    2836. dt:  0.25 ms | #newton:  1 | ph:  0.0% | #CG/newton: 3571 | ls (cap|max|inv|bt):  0| 0| 0| 0| runtime: 1526.3 ms | cr: 6105.3
    2837. dt:  0.25 ms | #newton:  1 | ph:  0.0% | #CG/newton: 3574 | ls (cap|max|inv|bt):  0| 0| 0| 0| runtime: 1508.9 ms | cr: 6035.7
    2838. dt:  0.25 ms | #newton:  1 | ph:  0.0% | #CG/newton: 3575 | ls (cap|max|inv|bt):  0| 0| 0| 0| runtime: 1518.2 ms | cr: 6072.6
    2839. dt:  0.25 ms | #newton:  1 | ph:  0.0% | #CG/newton: 3572 | ls (cap|max|inv|bt):  0| 0| 0| 0| runtime: 1641.0 ms | cr: 6563.9
    2840. dt:  0.25 ms | #newton:  1 | ph:  0.0% | #CG/newton: 3574 | ls (cap|max|inv|bt):  0| 0| 0| 0| runtime: 1578.1 ms | cr: 6312.5
    2841. dt:  0.25 ms | #newton:  1 | ph:  0.0% | #CG/newton: 3575 | ls (cap|max|inv|bt):  0| 0| 0| 0| runtime: 1532.5 ms | cr: 6130.1
    2842. dt:  0.25 ms | #newton:  1 | ph:  0.0% | #CG/newton: 3575 | ls (cap|max|inv|bt):  0| 0| 0| 0| runtime: 1620.8 ms | cr: 6483.0
    2843. dt:  0.25 ms | #newton:  1 | ph:  0.0% | #CG/newton: 3575 | ls (cap|max|inv|bt):  0| 0| 0| 0| runtime: 1607.7 ms | cr: 6430.7
    2844. dt:  0.25 ms | #newton:  1 | ph:  0.0% | #CG/newton: 3573 | ls (cap|max|inv|bt):  0| 0| 0| 0| runtime: 1615.8 ms | cr: 6463.1
    2845. dt:  0.25 ms | #newton:  1 | ph:  0.0% | #CG/newton: 3574 | ls (cap|max|inv|bt):  0| 0| 0| 0| runtime: 1610.8 ms | cr: 6443.2
    2846. dt:  0.25 ms | #newton:  1 | ph:  0.0% | #CG/newton: 3572 | ls (cap|max|inv|bt):  0| 0| 0| 0| runtime: 1589.2 ms | cr: 6356.6
    2847. dt:  0.25 ms | #newton:  1 | ph:  0.0% | #CG/newton: 3571 | ls (cap|max|inv|bt):  0| 0| 0| 0| runtime: 1575.2 ms | cr: 6300.8
    2848. dt:  0.25 ms | #newton:  1 | ph:  0.0% | #CG/newton: 3573 | ls (cap|max|inv|bt):  0| 0| 0| 0| runtime: 1576.3 ms | cr: 6305.3
    2849. dt:  0.25 ms | #newton:  1 | ph:  0.0% | #CG/newton: 3567 | ls (cap|max|inv|bt):  0| 0| 0| 0| runtime: 1572.0 ms | cr: 6287.9
    2850. dt:  0.25 ms | #newton:  1 | ph:  0.0% | #CG/newton: 3572 | ls (cap|max|inv|bt):  0| 0| 0| 0| runtime: 1587.7 ms | cr: 6351.0
    2851. dt:  0.25 ms | #newton:  1 | ph:  0.0% | #CG/newton: 3577 | ls (cap|max|inv|bt):  0| 0| 0| 0| runtime: 1583.0 ms | cr: 6332.2
    2852. dt:  0.25 ms | #newton:  1 | ph:  0.0% | #CG/newton: 3735 | ls (cap|max|inv|bt):  0| 0| 0| 0| runtime: 1630.4 ms | cr: 6521.5
    2853. dt:  0.25 ms | #newton:  1 | ph:  0.0% | #CG/newton: 3582 | ls (cap|max|inv|bt):  0| 0| 0| 0| runtime: 1621.9 ms | cr: 6487.5
    2854. dt:  0.25 ms | #newton:  1 | ph:  0.0% | #CG/newton: 3727 | ls (cap|max|inv|bt):  0| 0| 0| 0| runtime: 1731.5 ms | cr: 6926.1
    2855. dt:  0.25 ms | #newton:  1 | ph:  0.0% | #CG/newton: 3729 | ls (cap|max|inv|bt):  0| 0| 0| 0| runtime: 1655.6 ms | cr: 6622.6
    2856. dt:  0.25 ms | #newton:  1 | ph:  0.0% | #CG/newton: 3902 | ls (cap|max|inv|bt):  0| 0| 0| 0| runtime: 1728.4 ms | cr: 6913.8
    2857. dt:  0.25 ms | #newton:  1 | ph:  0.0% | #CG/newton: 3902 | ls (cap|max|inv|bt):  0| 0| 0| 0| runtime: 1734.4 ms | cr: 6937.6
    2858. dt:  0.25 ms | #newton:  1 | ph:  0.0% | #CG/newton: 3903 | ls (cap|max|inv|bt):  0| 0| 0| 0| runtime: 1684.3 ms | cr: 6737.2
    2859. dt:  0.25 ms | #newton:  1 | ph:  0.0% | #CG/newton: 3907 | ls (cap|max|inv|bt):  0| 0| 0| 0| runtime: 1670.3 ms | cr: 6681.2
    2860. dt:  0.25 ms | #newton:  1 | ph:  0.0% | #CG/newton: 3906 | ls (cap|max|inv|bt):  0| 0| 0| 0| runtime: 1715.9 ms | cr: 6863.5
    2861. dt:  0.25 ms | #newton:  1 | ph:  0.0% | #CG/newton: 3904 | ls (cap|max|inv|bt):  0| 0| 0| 0| runtime: 1734.9 ms | cr: 6939.5
    2862. dt:  0.25 ms | #newton:  1 | ph:  0.0% | #CG/newton: 3906 | ls (cap|max|inv|bt):  0| 0| 0| 0| runtime: 1747.4 ms | cr: 6989.4
    2863. dt:  0.25 ms | #newton:  1 | ph:  0.0% | #CG/newton: 3907 | ls (cap|max|inv|bt):  0| 0| 0| 0| runtime: 1753.0 ms | cr: 7012.2
    2864. dt:  0.25 ms | #newton:  1 | ph:  0.0% | #CG/newton: 3903 | ls (cap|max|inv|bt):  0| 0| 0| 0| runtime: 1739.1 ms | cr: 6956.3
    2865. dt:  0.25 ms | #newton:  1 | ph:  0.0% | #CG/newton: 3903 | ls (cap|max|inv|bt):  0| 0| 0| 0| runtime: 1743.3 ms | cr: 6973.1
    2866. dt:  0.25 ms | #newton:  1 | ph:  0.0% | #CG/newton: 3899 | ls (cap|max|inv|bt):  0| 0| 0| 0| runtime: 1757.3 ms | cr: 7029.2
    2867. dt:  0.25 ms | #newton:  1 | ph:  0.0% | #CG/newton: 3898 | ls (cap|max|inv|bt):  0| 0| 0| 0| runtime: 1753.9 ms | cr: 7015.5
    2868. dt:  0.25 ms | #newton:  1 | ph:  0.0% | #CG/newton: 3896 | ls (cap|max|inv|bt):  0| 0| 0| 0| runtime: 1734.3 ms | cr: 6937.2
    2869. dt:  0.25 ms | #newton:  1 | ph:  0.0% | #CG/newton: 3899 | ls (cap|max|inv|bt):  0| 0| 0| 0| runtime: 1754.4 ms | cr: 7017.7
    2870. dt:  0.25 ms | #newton:  1 | ph:  0.0% | #CG/newton: 3906 | ls (cap|max|inv|bt):  0| 0| 0| 0| runtime: 1755.6 ms | cr: 7022.5
    2871. dt:  0.25 ms | #newton:  1 | ph:  0.0% | #CG/newton: 3911 | ls (cap|max|inv|bt):  0| 0| 0| 0| runtime: 1749.8 ms | cr: 6999.4
    2872. dt:  0.25 ms | #newton:  1 | ph:  0.0% | #CG/newton: 3929 | ls (cap|max|inv|bt):  0| 0| 0| 0| runtime: 1739.4 ms | cr: 6957.5
    2873. dt:  0.25 ms | #newton:  1 | ph:  0.0% | #CG/newton: 4105 | ls (cap|max|inv|bt):  0| 0| 0| 0| runtime: 1811.8 ms | cr: 7247.1
    2874. dt:  0.25 ms | #newton:  1 | ph:  0.0% | #CG/newton: 4110 | ls (cap|max|inv|bt):  0| 0| 0| 0| runtime: 1817.2 ms | cr: 7268.8
    2875. dt:  0.25 ms | #newton:  1 | ph:  0.0% | #CG/newton: 4103 | ls (cap|max|inv|bt):  0| 0| 0| 0| runtime: 1824.6 ms | cr: 7298.5
    2876. dt:  0.25 ms | #newton:  1 | ph:  0.0% | #CG/newton: 4092 | ls (cap|max|inv|bt):  0| 0| 0| 0| runtime: 1811.4 ms | cr: 7245.7
    2877. dt:  0.25 ms | #newton:  1 | ph:  0.0% | #CG/newton: 3901 | ls (cap|max|inv|bt):  0| 0| 0| 0| runtime: 1674.9 ms | cr: 6699.7
    2878. dt:  0.25 ms | #newton:  1 | ph:  0.0% | #CG/newton: 3888 | ls (cap|max|inv|bt):  0| 0| 0| 0| runtime: 1705.9 ms | cr: 6823.6
    2879. dt:  0.25 ms | #newton:  1 | ph:  0.0% | #CG/newton: 3909 | ls (cap|max|inv|bt):  0| 0| 0| 0| runtime: 1752.3 ms | cr: 7009.0
    2880. dt:  0.25 ms | #newton:  1 | ph:  0.0% | #CG/newton: 4088 | ls (cap|max|inv|bt):  0| 0| 0| 0| runtime: 1808.3 ms | cr: 7233.4
    2881. dt:  0.25 ms | #newton:  1 | ph:  0.0% | #CG/newton: 3916 | ls (cap|max|inv|bt):  0| 0| 0| 0| runtime: 1732.1 ms | cr: 6928.4
    2882. dt:  0.25 ms | #newton:  1 | ph:  0.0% | #CG/newton: 3758 | ls (cap|max|inv|bt):  0| 0| 0| 0| runtime: 1676.6 ms | cr: 6706.3
    2883. dt:  0.25 ms | #newton:  1 | ph:  0.0% | #CG/newton: 3749 | ls (cap|max|inv|bt):  0| 0| 0| 0| runtime: 1665.1 ms | cr: 6660.4
    2884. dt:  0.25 ms | #newton:  1 | ph:  0.0% | #CG/newton: 3894 | ls (cap|max|inv|bt):  0| 0| 0| 0| runtime: 1727.2 ms | cr: 6908.7
    2885. dt:  0.25 ms | #newton:  1 | ph:  0.0% | #CG/newton: 3874 | ls (cap|max|inv|bt):  0| 0| 0| 0| runtime: 1724.2 ms | cr: 6896.8
    2886. dt:  0.25 ms | #newton:  1 | ph:  0.0% | #CG/newton: 3906 | ls (cap|max|inv|bt):  0| 0| 0| 0| runtime: 1730.4 ms | cr: 6921.6
    2887. dt:  0.25 ms | #newton:  1 | ph:  0.0% | #CG/newton: 3917 | ls (cap|max|inv|bt):  0| 0| 0| 0| runtime: 1757.6 ms | cr: 7030.5
    2888. dt:  0.25 ms | #newton:  1 | ph:  0.0% | #CG/newton: 3921 | ls (cap|max|inv|bt):  0| 0| 0| 0| runtime: 1694.6 ms | cr: 6778.5
    2889. dt:  0.25 ms | #newton:  1 | ph:  0.0% | #CG/newton: 3929 | ls (cap|max|inv|bt):  0| 0| 0| 0| runtime: 1775.0 ms | cr: 7100.1
    2890. dt:  0.25 ms | #newton:  1 | ph:  0.0% | #CG/newton: 3920 | ls (cap|max|inv|bt):  0| 0| 0| 0| runtime: 1720.4 ms | cr: 6881.8
    2891. dt:  0.25 ms | #newton:  1 | ph:  0.0% | #CG/newton: 3921 | ls (cap|max|inv|bt):  0| 0| 0| 0| runtime: 1742.6 ms | cr: 6970.5
    2892. dt:  0.25 ms | #newton:  1 | ph:  0.0% | #CG/newton: 3914 | ls (cap|max|inv|bt):  0| 0| 0| 0| runtime: 1728.9 ms | cr: 6915.5
    2893. dt:  0.25 ms | #newton:  1 | ph:  0.0% | #CG/newton: 3901 | ls (cap|max|inv|bt):  0| 0| 0| 0| runtime: 1742.7 ms | cr: 6970.7
    2894. dt:  0.25 ms | #newton:  1 | ph:  0.0% | #CG/newton: 3896 | ls (cap|max|inv|bt):  0| 0| 0| 0| runtime: 1728.7 ms | cr: 6914.7
    2895. dt:  0.25 ms | #newton:  1 | ph:  0.0% | #CG/newton: 3919 | ls (cap|max|inv|bt):  0| 0| 0| 0| runtime: 1723.7 ms | cr: 6894.8
    2896. dt:  0.25 ms | #newton:  1 | ph:  0.0% | #CG/newton: 4124 | ls (cap|max|inv|bt):  0| 0| 0| 0| runtime: 1817.0 ms | cr: 7268.1
    2897. dt:  0.25 ms | #newton:  1 | ph:  0.0% | #CG/newton: 4116 | ls (cap|max|inv|bt):  0| 0| 0| 0| runtime: 1807.7 ms | cr: 7230.8
    2898. dt:  0.25 ms | #newton:  1 | ph:  0.0% | #CG/newton: 4294 | ls (cap|max|inv|bt):  0| 0| 0| 0| runtime: 1921.5 ms | cr: 7685.9
    2899. dt:  0.25 ms | #newton:  1 | ph:  0.0% | #CG/newton: 4120 | ls (cap|max|inv|bt):  0| 0| 0| 0| runtime: 1819.1 ms | cr: 7276.3
    2900. dt:  0.25 ms | #newton:  1 | ph:  0.0% | #CG/newton: 3916 | ls (cap|max|inv|bt):  0| 0| 0| 0| runtime: 1731.3 ms | cr: 6925.1
    2901. dt:  0.25 ms | #newton:  1 | ph:  0.0% | #CG/newton: 3906 | ls (cap|max|inv|bt):  0| 0| 0| 0| runtime: 1717.6 ms | cr: 6870.4
    2902. dt:  0.25 ms | #newton:  1 | ph:  0.0% | #CG/newton: 3925 | ls (cap|max|inv|bt):  0| 0| 0| 0| runtime: 1729.0 ms | cr: 6915.9
    2903. dt:  0.25 ms | #newton:  1 | ph:  0.0% | #CG/newton: 4136 | ls (cap|max|inv|bt):  0| 0| 0| 0| runtime: 1764.5 ms | cr: 7058.1
    2904. dt:  0.25 ms | #newton:  1 | ph:  0.0% | #CG/newton: 3923 | ls (cap|max|inv|bt):  0| 0| 0| 0| runtime: 1680.3 ms | cr: 6721.3
    2905. dt:  0.25 ms | #newton:  1 | ph:  0.0% | #CG/newton: 3914 | ls (cap|max|inv|bt):  0| 0| 0| 0| runtime: 1691.4 ms | cr: 6765.7
    2906. dt:  0.25 ms | #newton:  1 | ph:  0.0% | #CG/newton: 3899 | ls (cap|max|inv|bt):  0| 0| 0| 0| runtime: 1666.3 ms | cr: 6665.1
    2907. dt:  0.25 ms | #newton:  1 | ph:  0.0% | #CG/newton: 3891 | ls (cap|max|inv|bt):  0| 0| 0| 0| runtime: 1675.1 ms | cr: 6700.6
    2908. dt:  0.25 ms | #newton:  1 | ph:  0.0% | #CG/newton: 3889 | ls (cap|max|inv|bt):  0| 0| 0| 0| runtime: 1664.3 ms | cr: 6657.1
    2909. dt:  0.25 ms | #newton:  1 | ph:  0.0% | #CG/newton: 3895 | ls (cap|max|inv|bt):  0| 0| 0| 0| runtime: 1688.1 ms | cr: 6752.5
    2910. dt:  0.25 ms | #newton:  1 | ph:  0.0% | #CG/newton: 3894 | ls (cap|max|inv|bt):  0| 0| 0| 0| runtime: 1659.1 ms | cr: 6636.4
    2911. dt:  0.25 ms | #newton:  1 | ph:  0.0% | #CG/newton: 3897 | ls (cap|max|inv|bt):  0| 0| 0| 0| runtime: 1669.2 ms | cr: 6676.8
    2912. dt:  0.25 ms | #newton:  1 | ph:  0.0% | #CG/newton: 3897 | ls (cap|max|inv|bt):  0| 0| 0| 0| runtime: 1656.1 ms | cr: 6624.4
    2913. dt:  0.25 ms | #newton:  1 | ph:  0.0% | #CG/newton: 3908 | ls (cap|max|inv|bt):  0| 0| 0| 0| runtime: 1667.5 ms | cr: 6670.2
    2914. dt:  0.25 ms | #newton:  1 | ph:  0.0% | #CG/newton: 3897 | ls (cap|max|inv|bt):  0| 0| 0| 0| runtime: 1681.6 ms | cr: 6726.5
    2915. dt:  0.25 ms | #newton:  1 | ph:  0.0% | #CG/newton: 3894 | ls (cap|max|inv|bt):  0| 0| 0| 0| runtime: 1670.3 ms | cr: 6681.2
    2916. dt:  0.25 ms | #newton:  1 | ph:  0.0% | #CG/newton: 3890 | ls (cap|max|inv|bt):  0| 0| 0| 0| runtime: 1688.2 ms | cr: 6752.7
    2917. dt:  0.25 ms | #newton:  1 | ph:  0.0% | #CG/newton: 3885 | ls (cap|max|inv|bt):  0| 0| 0| 0| runtime: 1670.2 ms | cr: 6680.9
    2918. dt:  0.25 ms | #newton:  1 | ph:  0.0% | #CG/newton: 3892 | ls (cap|max|inv|bt):  0| 0| 0| 0| runtime: 1654.6 ms | cr: 6618.3
    2919. dt:  0.25 ms | #newton:  1 | ph:  0.0% | #CG/newton: 3898 | ls (cap|max|inv|bt):  0| 0| 0| 0| runtime: 1674.6 ms | cr: 6698.6
    2920. dt:  0.25 ms | #newton:  1 | ph:  0.0% | #CG/newton: 3911 | ls (cap|max|inv|bt):  0| 0| 0| 0| runtime: 1675.8 ms | cr: 6703.1
    2921. dt:  0.25 ms | #newton:  1 | ph:  0.0% | #CG/newton: 3919 | ls (cap|max|inv|bt):  0| 0| 0| 0| runtime: 1695.2 ms | cr: 6780.7
    2922. dt:  0.25 ms | #newton:  1 | ph:  0.0% | #CG/newton: 3918 | ls (cap|max|inv|bt):  0| 0| 0| 0| runtime: 1688.0 ms | cr: 6752.1
    2923. dt:  0.25 ms | #newton:  1 | ph:  0.0% | #CG/newton: 3896 | ls (cap|max|inv|bt):  0| 0| 0| 0| runtime: 1730.8 ms | cr: 6923.4
    2924. dt:  0.25 ms | #newton:  1 | ph:  0.0% | #CG/newton: 3891 | ls (cap|max|inv|bt):  0| 0| 0| 0| runtime: 1695.2 ms | cr: 6780.6
    2925. dt:  0.25 ms | #newton:  1 | ph:  0.0% | #CG/newton: 3908 | ls (cap|max|inv|bt):  0| 0| 0| 0| runtime: 1701.3 ms | cr: 6805.2
    2926. dt:  0.25 ms | #newton:  1 | ph:  0.0% | #CG/newton: 4077 | ls (cap|max|inv|bt):  0| 0| 0| 0| runtime: 1754.9 ms | cr: 7019.7
    2927. dt:  0.25 ms | #newton:  1 | ph:  0.0% | #CG/newton: 4069 | ls (cap|max|inv|bt):  0| 0| 0| 0| runtime: 1732.8 ms | cr: 6931.3
    2928. dt:  0.25 ms | #newton:  1 | ph:  0.0% | #CG/newton: 4068 | ls (cap|max|inv|bt):  0| 0| 0| 0| runtime: 1733.5 ms | cr: 6934.0
    2929. dt:  0.25 ms | #newton:  1 | ph:  0.0% | #CG/newton: 4275 | ls (cap|max|inv|bt):  0| 0| 0| 0| runtime: 1860.5 ms | cr: 7442.1
    2930. dt:  0.25 ms | #newton:  1 | ph:  0.0% | #CG/newton: 4088 | ls (cap|max|inv|bt):  0| 0| 0| 0| runtime: 1763.2 ms | cr: 7053.0
    2931. dt:  0.25 ms | #newton:  1 | ph:  0.0% | #CG/newton: 3920 | ls (cap|max|inv|bt):  0| 0| 0| 0| runtime: 1675.7 ms | cr: 6702.9
    2932. dt:  0.25 ms | #newton:  1 | ph:  0.0% | #CG/newton: 4123 | ls (cap|max|inv|bt):  0| 0| 0| 0| runtime: 1766.7 ms | cr: 7066.8
    2933. dt:  0.25 ms | #newton:  1 | ph:  0.0% | #CG/newton: 4106 | ls (cap|max|inv|bt):  0| 0| 0| 0| runtime: 1747.3 ms | cr: 6989.0
[Frame: 22] Time: 0.733 s
    2934. dt:  0.25 ms | #newton:  2 | ph:  0.0% | #CG/newton: 2057 | ls (cap|max|inv|bt):  0| 0| 0| 0| runtime: 1828.1 ms | cr: 7312.2
    2935. dt:  0.25 ms | #newton:  1 | ph:  0.0% | #CG/newton: 4318 | ls (cap|max|inv|bt):  0| 0| 0| 0| runtime: 1835.4 ms | cr: 7341.4
    2936. dt:  0.25 ms | #newton:  1 | ph:  0.0% | #CG/newton: 4113 | ls (cap|max|inv|bt):  0| 0| 0| 0| runtime: 1785.7 ms | cr: 7142.8
    2937. dt:  0.25 ms | #newton:  1 | ph:  0.0% | #CG/newton: 4294 | ls (cap|max|inv|bt):  0| 0| 0| 0| runtime: 1893.1 ms | cr: 7572.4
    2938. dt:  0.25 ms | #newton:  1 | ph:  0.0% | #CG/newton: 3926 | ls (cap|max|inv|bt):  0| 0| 0| 0| runtime: 1742.0 ms | cr: 6967.9
    2939. dt:  0.25 ms | #newton:  1 | ph:  0.0% | #CG/newton: 3896 | ls (cap|max|inv|bt):  0| 0| 0| 0| runtime: 1738.2 ms | cr: 6953.0
    2940. dt:  0.25 ms | #newton:  1 | ph:  0.0% | #CG/newton: 4309 | ls (cap|max|inv|bt):  0| 0| 0| 0| runtime: 1889.0 ms | cr: 7556.0
    2941. dt:  0.25 ms | #newton:  1 | ph:  0.0% | #CG/newton: 4101 | ls (cap|max|inv|bt):  0| 0| 0| 0| runtime: 1806.8 ms | cr: 7227.0
    2942. dt:  0.25 ms | #newton:  1 | ph:  0.0% | #CG/newton: 3911 | ls (cap|max|inv|bt):  0| 0| 0| 0| runtime: 1741.9 ms | cr: 6967.8
    2943. dt:  0.25 ms | #newton:  1 | ph:  0.0% | #CG/newton: 3921 | ls (cap|max|inv|bt):  0| 0| 0| 0| runtime: 1734.0 ms | cr: 6935.9
    2944. dt:  0.25 ms | #newton:  1 | ph:  0.0% | #CG/newton: 3916 | ls (cap|max|inv|bt):  0| 0| 0| 0| runtime: 1741.9 ms | cr: 6967.5
    2945. dt:  0.25 ms | #newton:  1 | ph:  0.0% | #CG/newton: 3904 | ls (cap|max|inv|bt):  0| 0| 0| 0| runtime: 1727.2 ms | cr: 6908.9
    2946. dt:  0.25 ms | #newton:  1 | ph:  0.0% | #CG/newton: 3895 | ls (cap|max|inv|bt):  0| 0| 0| 0| runtime: 1689.6 ms | cr: 6758.2
    2947. dt:  0.25 ms | #newton:  1 | ph:  0.0% | #CG/newton: 3892 | ls (cap|max|inv|bt):  0| 0| 0| 0| runtime: 1702.3 ms | cr: 6809.1
    2948. dt:  0.25 ms | #newton:  1 | ph:  0.0% | #CG/newton: 3895 | ls (cap|max|inv|bt):  0| 0| 0| 0| runtime: 1705.3 ms | cr: 6821.1
    2949. dt:  0.25 ms | #newton:  1 | ph:  0.0% | #CG/newton: 3891 | ls (cap|max|inv|bt):  0| 0| 0| 0| runtime: 1717.2 ms | cr: 6868.7
    2950. dt:  0.25 ms | #newton:  1 | ph:  0.0% | #CG/newton: 3891 | ls (cap|max|inv|bt):  0| 0| 0| 0| runtime: 1719.8 ms | cr: 6879.3
    2951. dt:  0.25 ms | #newton:  1 | ph:  0.0% | #CG/newton: 3888 | ls (cap|max|inv|bt):  0| 0| 0| 0| runtime: 1727.2 ms | cr: 6908.8
    2952. dt:  0.25 ms | #newton:  1 | ph:  0.0% | #CG/newton: 3737 | ls (cap|max|inv|bt):  0| 0| 0| 0| runtime: 1671.1 ms | cr: 6684.6
    2953. dt:  0.25 ms | #newton:  1 | ph:  0.0% | #CG/newton: 3890 | ls (cap|max|inv|bt):  0| 0| 0| 0| runtime: 1735.4 ms | cr: 6941.6
    2954. dt:  0.25 ms | #newton:  1 | ph:  0.0% | #CG/newton: 3712 | ls (cap|max|inv|bt):  0| 0| 0| 0| runtime: 1661.3 ms | cr: 6645.3
    2955. dt:  0.25 ms | #newton:  1 | ph:  0.0% | #CG/newton: 3706 | ls (cap|max|inv|bt):  0| 0| 0| 0| runtime: 1657.7 ms | cr: 6630.8
    2956. dt:  0.25 ms | #newton:  1 | ph:  0.0% | #CG/newton: 3896 | ls (cap|max|inv|bt):  0| 0| 0| 0| runtime: 1735.8 ms | cr: 6943.3
    2957. dt:  0.25 ms | #newton:  1 | ph:  0.0% | #CG/newton: 3896 | ls (cap|max|inv|bt):  0| 0| 0| 0| runtime: 1725.3 ms | cr: 6901.1
    2958. dt:  0.25 ms | #newton:  1 | ph:  0.0% | #CG/newton: 3900 | ls (cap|max|inv|bt):  0| 0| 0| 0| runtime: 1724.9 ms | cr: 6899.7
    2959. dt:  0.25 ms | #newton:  1 | ph:  0.0% | #CG/newton: 3900 | ls (cap|max|inv|bt):  0| 0| 0| 0| runtime: 1734.3 ms | cr: 6937.3
    2960. dt:  0.25 ms | #newton:  1 | ph:  0.0% | #CG/newton: 3897 | ls (cap|max|inv|bt):  0| 0| 0| 0| runtime: 1726.5 ms | cr: 6906.2
    2961. dt:  0.25 ms | #newton:  1 | ph:  0.0% | #CG/newton: 3717 | ls (cap|max|inv|bt):  0| 0| 0| 0| runtime: 1668.4 ms | cr: 6673.5
    2962. dt:  0.25 ms | #newton:  1 | ph:  0.0% | #CG/newton: 3691 | ls (cap|max|inv|bt):  0| 0| 0| 0| runtime: 1646.2 ms | cr: 6584.8
    2963. dt:  0.25 ms | #newton:  1 | ph:  0.0% | #CG/newton: 3900 | ls (cap|max|inv|bt):  0| 0| 0| 0| runtime: 1738.6 ms | cr: 6954.6
    2964. dt:  0.25 ms | #newton:  1 | ph:  0.0% | #CG/newton: 3901 | ls (cap|max|inv|bt):  0| 0| 0| 0| runtime: 1725.2 ms | cr: 6900.7
    2965. dt:  0.25 ms | #newton:  1 | ph:  0.0% | #CG/newton: 3903 | ls (cap|max|inv|bt):  0| 0| 0| 0| runtime: 1741.7 ms | cr: 6966.8
    2966. dt:  0.25 ms | #newton:  1 | ph:  0.0% | #CG/newton: 3901 | ls (cap|max|inv|bt):  0| 0| 0| 0| runtime: 1728.6 ms | cr: 6914.5
    2967. dt:  0.25 ms | #newton:  1 | ph:  0.0% | #CG/newton: 3887 | ls (cap|max|inv|bt):  0| 0| 0| 0| runtime: 1723.9 ms | cr: 6895.5
    2968. dt:  0.25 ms | #newton:  1 | ph:  0.0% | #CG/newton: 3901 | ls (cap|max|inv|bt):  0| 0| 0| 0| runtime: 1772.6 ms | cr: 7090.6
    2969. dt:  0.25 ms | #newton:  1 | ph:  0.0% | #CG/newton: 3900 | ls (cap|max|inv|bt):  0| 0| 0| 0| runtime: 1731.0 ms | cr: 6923.8
    2970. dt:  0.25 ms | #newton:  1 | ph:  0.0% | #CG/newton: 3900 | ls (cap|max|inv|bt):  0| 0| 0| 0| runtime: 1720.7 ms | cr: 6882.7
    2971. dt:  0.25 ms | #newton:  1 | ph:  0.0% | #CG/newton: 3903 | ls (cap|max|inv|bt):  0| 0| 0| 0| runtime: 1743.5 ms | cr: 6974.0
    2972. dt:  0.25 ms | #newton:  1 | ph:  0.0% | #CG/newton: 3902 | ls (cap|max|inv|bt):  0| 0| 0| 0| runtime: 1748.0 ms | cr: 6992.0
    2973. dt:  0.25 ms | #newton:  1 | ph:  0.0% | #CG/newton: 3901 | ls (cap|max|inv|bt):  0| 0| 0| 0| runtime: 1732.2 ms | cr: 6928.6
    2974. dt:  0.25 ms | #newton:  1 | ph:  0.0% | #CG/newton: 3901 | ls (cap|max|inv|bt):  0| 0| 0| 0| runtime: 1725.1 ms | cr: 6900.4
    2975. dt:  0.25 ms | #newton:  1 | ph:  0.0% | #CG/newton: 3903 | ls (cap|max|inv|bt):  0| 0| 0| 0| runtime: 1732.4 ms | cr: 6929.6
    2976. dt:  0.25 ms | #newton:  1 | ph:  0.0% | #CG/newton: 3903 | ls (cap|max|inv|bt):  0| 0| 0| 0| runtime: 1744.2 ms | cr: 6976.8
    2977. dt:  0.25 ms | #newton:  1 | ph:  0.0% | #CG/newton: 3905 | ls (cap|max|inv|bt):  0| 0| 0| 0| runtime: 1748.3 ms | cr: 6993.3
    2978. dt:  0.25 ms | #newton:  1 | ph:  0.0% | #CG/newton: 3905 | ls (cap|max|inv|bt):  0| 0| 0| 0| runtime: 1748.0 ms | cr: 6992.0
    2979. dt:  0.25 ms | #newton:  1 | ph:  0.0% | #CG/newton: 3904 | ls (cap|max|inv|bt):  0| 0| 0| 0| runtime: 1750.5 ms | cr: 7001.8
    2980. dt:  0.25 ms | #newton:  1 | ph:  0.0% | #CG/newton: 3906 | ls (cap|max|inv|bt):  0| 0| 0| 0| runtime: 1749.2 ms | cr: 6996.9
    2981. dt:  0.25 ms | #newton:  1 | ph:  0.0% | #CG/newton: 3907 | ls (cap|max|inv|bt):  0| 0| 0| 0| runtime: 1736.8 ms | cr: 6947.3
    2982. dt:  0.25 ms | #newton:  1 | ph:  0.0% | #CG/newton: 3907 | ls (cap|max|inv|bt):  0| 0| 0| 0| runtime: 1736.9 ms | cr: 6947.6
    2983. dt:  0.25 ms | #newton:  1 | ph:  0.0% | #CG/newton: 3746 | ls (cap|max|inv|bt):  0| 0| 0| 0| runtime: 1665.6 ms | cr: 6662.3
    2984. dt:  0.25 ms | #newton:  1 | ph:  0.0% | #CG/newton: 3751 | ls (cap|max|inv|bt):  0| 0| 0| 0| runtime: 1669.8 ms | cr: 6679.1
    2985. dt:  0.25 ms | #newton:  1 | ph:  0.0% | #CG/newton: 3737 | ls (cap|max|inv|bt):  0| 0| 0| 0| runtime: 1668.8 ms | cr: 6675.3
    2986. dt:  0.25 ms | #newton:  1 | ph:  0.0% | #CG/newton: 3737 | ls (cap|max|inv|bt):  0| 0| 0| 0| runtime: 1635.3 ms | cr: 6541.1
    2987. dt:  0.25 ms | #newton:  1 | ph:  0.0% | #CG/newton: 3737 | ls (cap|max|inv|bt):  0| 0| 0| 0| runtime: 1665.6 ms | cr: 6662.5
    2988. dt:  0.25 ms | #newton:  1 | ph:  0.0% | #CG/newton: 3742 | ls (cap|max|inv|bt):  0| 0| 0| 0| runtime: 1679.0 ms | cr: 6716.1
    2989. dt:  0.25 ms | #newton:  1 | ph:  0.0% | #CG/newton: 3753 | ls (cap|max|inv|bt):  0| 0| 0| 0| runtime: 1688.8 ms | cr: 6755.4
    2990. dt:  0.25 ms | #newton:  1 | ph:  0.0% | #CG/newton: 3915 | ls (cap|max|inv|bt):  0| 0| 0| 0| runtime: 1744.1 ms | cr: 6976.4
    2991. dt:  0.25 ms | #newton:  1 | ph:  0.0% | #CG/newton: 3913 | ls (cap|max|inv|bt):  0| 0| 0| 0| runtime: 1735.0 ms | cr: 6940.0
    2992. dt:  0.25 ms | #newton:  1 | ph:  0.0% | #CG/newton: 3705 | ls (cap|max|inv|bt):  0| 0| 0| 0| runtime: 1641.4 ms | cr: 6565.5
    2993. dt:  0.25 ms | #newton:  1 | ph:  0.0% | #CG/newton: 3908 | ls (cap|max|inv|bt):  0| 0| 0| 0| runtime: 1726.4 ms | cr: 6905.6
    2994. dt:  0.25 ms | #newton:  1 | ph:  0.0% | #CG/newton: 3924 | ls (cap|max|inv|bt):  0| 0| 0| 0| runtime: 1745.0 ms | cr: 6980.1
    2995. dt:  0.25 ms | #newton:  1 | ph:  0.0% | #CG/newton: 3753 | ls (cap|max|inv|bt):  0| 0| 0| 0| runtime: 1665.7 ms | cr: 6662.9
    2996. dt:  0.25 ms | #newton:  1 | ph:  0.0% | #CG/newton: 3921 | ls (cap|max|inv|bt):  0| 0| 0| 0| runtime: 1723.1 ms | cr: 6892.4
    2997. dt:  0.25 ms | #newton:  1 | ph:  0.0% | #CG/newton: 3924 | ls (cap|max|inv|bt):  0| 0| 0| 0| runtime: 1734.5 ms | cr: 6938.1
    2998. dt:  0.25 ms | #newton:  1 | ph:  0.0% | #CG/newton: 4086 | ls (cap|max|inv|bt):  0| 0| 0| 0| runtime: 1809.1 ms | cr: 7236.5
    2999. dt:  0.25 ms | #newton:  1 | ph:  0.0% | #CG/newton: 4274 | ls (cap|max|inv|bt):  0| 0| 0| 0| runtime: 1876.0 ms | cr: 7503.9
    3000. dt:  0.25 ms | #newton:  1 | ph:  0.0% | #CG/newton: 4097 | ls (cap|max|inv|bt):  0| 0| 0| 0| runtime: 1805.5 ms | cr: 7221.9
    3001. dt:  0.25 ms | #newton:  1 | ph:  0.0% | #CG/newton: 4076 | ls (cap|max|inv|bt):  0| 0| 0| 0| runtime: 1795.2 ms | cr: 7181.0
    3002. dt:  0.25 ms | #newton:  1 | ph:  0.0% | #CG/newton: 3903 | ls (cap|max|inv|bt):  0| 0| 0| 0| runtime: 1723.9 ms | cr: 6895.8
    3003. dt:  0.25 ms | #newton:  1 | ph:  0.0% | #CG/newton: 3905 | ls (cap|max|inv|bt):  0| 0| 0| 0| runtime: 1716.2 ms | cr: 6864.7
    3004. dt:  0.25 ms | #newton:  1 | ph:  0.0% | #CG/newton: 4100 | ls (cap|max|inv|bt):  0| 0| 0| 0| runtime: 1801.5 ms | cr: 7206.1
    3005. dt:  0.25 ms | #newton:  1 | ph:  0.0% | #CG/newton: 4107 | ls (cap|max|inv|bt):  0| 0| 0| 0| runtime: 1817.4 ms | cr: 7269.4
    3006. dt:  0.25 ms | #newton:  1 | ph:  0.0% | #CG/newton: 4093 | ls (cap|max|inv|bt):  0| 0| 0| 0| runtime: 1810.9 ms | cr: 7243.6
    3007. dt:  0.25 ms | #newton:  1 | ph:  0.0% | #CG/newton: 4090 | ls (cap|max|inv|bt):  0| 0| 0| 0| runtime: 1802.7 ms | cr: 7210.8
    3008. dt:  0.25 ms | #newton:  2 | ph:  0.0% | #CG/newton: 1956 | ls (cap|max|inv|bt):  0| 0| 0| 0| runtime: 1812.5 ms | cr: 7250.0
    3009. dt:  0.25 ms | #newton:  1 | ph:  0.0% | #CG/newton: 3902 | ls (cap|max|inv|bt):  0| 0| 0| 0| runtime: 1718.4 ms | cr: 6873.4
    3010. dt:  0.25 ms | #newton:  1 | ph:  0.0% | #CG/newton: 3712 | ls (cap|max|inv|bt):  0| 0| 0| 0| runtime: 1646.5 ms | cr: 6585.8
    3011. dt:  0.25 ms | #newton:  1 | ph:  0.0% | #CG/newton: 3719 | ls (cap|max|inv|bt):  0| 0| 0| 0| runtime: 1653.0 ms | cr: 6612.2
    3012. dt:  0.25 ms | #newton:  1 | ph:  0.0% | #CG/newton: 3911 | ls (cap|max|inv|bt):  0| 0| 0| 0| runtime: 1727.6 ms | cr: 6910.4
    3013. dt:  0.25 ms | #newton:  1 | ph:  0.0% | #CG/newton: 3579 | ls (cap|max|inv|bt):  0| 0| 0| 0| runtime: 1600.5 ms | cr: 6401.8
    3014. dt:  0.25 ms | #newton:  1 | ph:  0.0% | #CG/newton: 3707 | ls (cap|max|inv|bt):  0| 0| 0| 0| runtime: 1647.9 ms | cr: 6591.4
    3015. dt:  0.25 ms | #newton:  1 | ph:  0.0% | #CG/newton: 3739 | ls (cap|max|inv|bt):  0| 0| 0| 0| runtime: 1652.1 ms | cr: 6608.4
    3016. dt:  0.25 ms | #newton:  1 | ph:  0.0% | #CG/newton: 3914 | ls (cap|max|inv|bt):  0| 0| 0| 0| runtime: 1807.0 ms | cr: 7228.2
    3017. dt:  0.25 ms | #newton:  1 | ph:  0.0% | #CG/newton: 3910 | ls (cap|max|inv|bt):  0| 0| 0| 0| runtime: 1731.5 ms | cr: 6925.8
    3018. dt:  0.25 ms | #newton:  1 | ph:  0.0% | #CG/newton: 3908 | ls (cap|max|inv|bt):  0| 0| 0| 0| runtime: 1723.4 ms | cr: 6893.7
    3019. dt:  0.25 ms | #newton:  1 | ph:  0.0% | #CG/newton: 3909 | ls (cap|max|inv|bt):  0| 0| 0| 0| runtime: 1728.7 ms | cr: 6915.0
    3020. dt:  0.25 ms | #newton:  1 | ph:  0.0% | #CG/newton: 3902 | ls (cap|max|inv|bt):  0| 0| 0| 0| runtime: 1729.9 ms | cr: 6919.8
    3021. dt:  0.25 ms | #newton:  1 | ph:  0.0% | #CG/newton: 3897 | ls (cap|max|inv|bt):  0| 0| 0| 0| runtime: 1719.5 ms | cr: 6877.8
    3022. dt:  0.25 ms | #newton:  1 | ph:  0.0% | #CG/newton: 3896 | ls (cap|max|inv|bt):  0| 0| 0| 0| runtime: 1708.2 ms | cr: 6832.8
    3023. dt:  0.25 ms | #newton:  1 | ph:  0.0% | #CG/newton: 3897 | ls (cap|max|inv|bt):  0| 0| 0| 0| runtime: 1683.8 ms | cr: 6735.1
    3024. dt:  0.25 ms | #newton:  1 | ph:  0.0% | #CG/newton: 3892 | ls (cap|max|inv|bt):  0| 0| 0| 0| runtime: 1677.5 ms | cr: 6710.0
    3025. dt:  0.25 ms | #newton:  1 | ph:  0.0% | #CG/newton: 3862 | ls (cap|max|inv|bt):  0| 0| 0| 0| runtime: 1666.8 ms | cr: 6667.2
    3026. dt:  0.25 ms | #newton:  1 | ph:  0.0% | #CG/newton: 3895 | ls (cap|max|inv|bt):  0| 0| 0| 0| runtime: 1694.8 ms | cr: 6779.4
    3027. dt:  0.25 ms | #newton:  1 | ph:  0.0% | #CG/newton: 3696 | ls (cap|max|inv|bt):  0| 0| 0| 0| runtime: 1603.5 ms | cr: 6413.9
    3028. dt:  0.25 ms | #newton:  1 | ph:  0.0% | #CG/newton: 3896 | ls (cap|max|inv|bt):  0| 0| 0| 0| runtime: 1714.5 ms | cr: 6857.9
    3029. dt:  0.25 ms | #newton:  1 | ph:  0.0% | #CG/newton: 3909 | ls (cap|max|inv|bt):  0| 0| 0| 0| runtime: 1817.9 ms | cr: 7271.8
    3030. dt:  0.25 ms | #newton:  1 | ph:  0.0% | #CG/newton: 3911 | ls (cap|max|inv|bt):  0| 0| 0| 0| runtime: 1728.1 ms | cr: 6912.5
    3031. dt:  0.25 ms | #newton:  1 | ph:  0.0% | #CG/newton: 3916 | ls (cap|max|inv|bt):  0| 0| 0| 0| runtime: 1709.0 ms | cr: 6836.0
    3032. dt:  0.25 ms | #newton:  1 | ph:  0.0% | #CG/newton: 4074 | ls (cap|max|inv|bt):  0| 0| 0| 0| runtime: 1717.9 ms | cr: 6871.7
    3033. dt:  0.25 ms | #newton:  1 | ph:  0.0% | #CG/newton: 4065 | ls (cap|max|inv|bt):  0| 0| 0| 0| runtime: 1712.7 ms | cr: 6850.8
    3034. dt:  0.25 ms | #newton:  1 | ph:  0.0% | #CG/newton: 4064 | ls (cap|max|inv|bt):  0| 0| 0| 0| runtime: 1778.5 ms | cr: 7113.9
    3035. dt:  0.25 ms | #newton:  1 | ph:  0.0% | #CG/newton: 3919 | ls (cap|max|inv|bt):  0| 0| 0| 0| runtime: 1722.4 ms | cr: 6889.7
    3036. dt:  0.25 ms | #newton:  1 | ph:  0.0% | #CG/newton: 3898 | ls (cap|max|inv|bt):  0| 0| 0| 0| runtime: 1716.5 ms | cr: 6866.2
    3037. dt:  0.25 ms | #newton:  1 | ph:  0.0% | #CG/newton: 3700 | ls (cap|max|inv|bt):  0| 0| 0| 0| runtime: 1640.8 ms | cr: 6563.0
    3038. dt:  0.25 ms | #newton:  1 | ph:  0.0% | #CG/newton: 3697 | ls (cap|max|inv|bt):  0| 0| 0| 0| runtime: 1681.4 ms | cr: 6725.6
    3039. dt:  0.25 ms | #newton:  1 | ph:  0.0% | #CG/newton: 3897 | ls (cap|max|inv|bt):  0| 0| 0| 0| runtime: 1726.1 ms | cr: 6904.2
    3040. dt:  0.25 ms | #newton:  1 | ph:  0.0% | #CG/newton: 3901 | ls (cap|max|inv|bt):  0| 0| 0| 0| runtime: 1718.8 ms | cr: 6875.1
    3041. dt:  0.25 ms | #newton:  1 | ph:  0.0% | #CG/newton: 3904 | ls (cap|max|inv|bt):  0| 0| 0| 0| runtime: 1723.0 ms | cr: 6892.1
    3042. dt:  0.25 ms | #newton:  1 | ph:  0.0% | #CG/newton: 3906 | ls (cap|max|inv|bt):  0| 0| 0| 0| runtime: 1726.8 ms | cr: 6907.3
    3043. dt:  0.25 ms | #newton:  1 | ph:  0.0% | #CG/newton: 3900 | ls (cap|max|inv|bt):  0| 0| 0| 0| runtime: 1730.7 ms | cr: 6922.7
    3044. dt:  0.25 ms | #newton:  1 | ph:  0.0% | #CG/newton: 3901 | ls (cap|max|inv|bt):  0| 0| 0| 0| runtime: 1728.8 ms | cr: 6915.3
    3045. dt:  0.25 ms | #newton:  1 | ph:  0.0% | #CG/newton: 3714 | ls (cap|max|inv|bt):  0| 0| 0| 0| runtime: 1650.0 ms | cr: 6600.1
    3046. dt:  0.25 ms | #newton:  1 | ph:  0.0% | #CG/newton: 3708 | ls (cap|max|inv|bt):  0| 0| 0| 0| runtime: 1593.9 ms | cr: 6375.8
    3047. dt:  0.25 ms | #newton:  1 | ph:  0.0% | #CG/newton: 3704 | ls (cap|max|inv|bt):  0| 0| 0| 0| runtime: 1629.3 ms | cr: 6517.1
    3048. dt:  0.25 ms | #newton:  1 | ph:  0.0% | #CG/newton: 3712 | ls (cap|max|inv|bt):  0| 0| 0| 0| runtime: 1656.6 ms | cr: 6626.5
    3049. dt:  0.25 ms | #newton:  1 | ph:  0.0% | #CG/newton: 3697 | ls (cap|max|inv|bt):  0| 0| 0| 0| runtime: 1642.5 ms | cr: 6570.1
    3050. dt:  0.25 ms | #newton:  1 | ph:  0.0% | #CG/newton: 3713 | ls (cap|max|inv|bt):  0| 0| 0| 0| runtime: 1660.4 ms | cr: 6641.6
    3051. dt:  0.25 ms | #newton:  1 | ph:  0.0% | #CG/newton: 3715 | ls (cap|max|inv|bt):  0| 0| 0| 0| runtime: 1670.0 ms | cr: 6679.8
    3052. dt:  0.25 ms | #newton:  1 | ph:  0.0% | #CG/newton: 3713 | ls (cap|max|inv|bt):  0| 0| 0| 0| runtime: 1657.2 ms | cr: 6628.8
    3053. dt:  0.25 ms | #newton:  1 | ph:  0.0% | #CG/newton: 3678 | ls (cap|max|inv|bt):  0| 0| 0| 0| runtime: 1626.9 ms | cr: 6507.6
    3054. dt:  0.25 ms | #newton:  1 | ph:  0.0% | #CG/newton: 3692 | ls (cap|max|inv|bt):  0| 0| 0| 0| runtime: 1637.8 ms | cr: 6551.3
    3055. dt:  0.25 ms | 
    Penetration couldn't be avoided. Contact stiffness hardened from 1.0e+08 to 2.0e+08.
